id,url,name,title,business_size,employment_page_url,start_time,end_time,recruit_type,target,direct_apply,is_receive_applicant,view_count,favorite_count,homepage_count,resumes_count,company_group_id,chat_id,role_count,roles,image_url,content_image_count,content_image_urls,attached_file_url,created_at,opened_at,first_seen
99513,https://jasoseol.com/recruit/99513,SGI서울보증,2026년 신입사원(4급) 채용,big_business,https://sgic.recruiter.co.kr/career/recruit,2025-08-19T10:00:00.000+09:00,2025-09-04T17:00:00.000+09:00,0,0,False,False,141578,3486,3262,2378,2563,6454,8,금융일반_경영 | 금융일반_경제 | 금융일반_법학 | 금융일반_통계 | 전산 | 전문자격_공인회계사·변호사·보험계리사 | 지방인재_경영·경제·법학(택1) | 취업지원_경영·경제·통계·법학·전산(택1),https://daoift3qrrnil.cloudfront.net/company_groups/images/000/002/563/webp/RASP4_%EB%A9%94%EC%9D%B8%EB%A1%9C%EA%B3%A0_%EC%9C%A0%EC%83%89_%281%29.webp?1684485925,1,https://daoift3qrrnil.cloudfront.net/content_images/images/000/319/567/webp/%EC%9B%B9%ED%94%8C%EB%9D%BC%EC%9D%B4%EC%96%B4%28%EC%B1%84%EC%9A%A9%29_SGI%EC%84%9C%EC%9A%B8%EB%B3%B4%EC%A6%9D_%EC%B5%9C%EC%A2%85-1.webp?1755160531,,2025-08-14T17:38:00.000+09:00,2025-08-19T10:00:07.000+09:00,2026-08-31
99557,https://jasoseol.com/recruit/99557,GS네오텍,2025년 하반기 경력.신입사원 채용,big_business,https://www.gsneotek.com/job_openings/?q=YToxOntzOjEyOiJrZXl3b3JkX3R5cGUiO3M6MzoiYWxsIjt9&bmode=view&idx=167354283&t=board,2025-08-18T00:00:00.000+09:00,2025-09-07T23:59:00.000+09:00,0,4,False,False,45477,1128,2783,1246,1771,5662,14,[Contact Center] AI 컨택센터 기술제안/컨설팅 | [Contact Center] 컨택센터 Project Manager | [Contact Center] 모바일 통화관리 시스템 개발 | [Cloud] Datadog Engineer | [Cloud] Solutions Architect | [Cloud] AI Research Engineer | [IT개발] 플랫폼 | [IT개발] 솔루션 | [경영지원] 경영정보(사내IT인프라) | [Cloud] Datadog Engineer | [Cloud] Solutions Architect | [Cloud] AI Research Engineer | [IT개발] 플랫폼 | [IT개발] 솔루션,https://daoift3qrrnil.cloudfront.net/company_groups/images/000/001/771/webp/943577_20170413145028_596_0001.webp?1684485593,1,https://daoift3qrrnil.cloudfront.net/content_images/images/000/320/256/webp/GS%EB%84%A4%EC%98%A4%ED%85%8D_%ED%95%98%EB%B0%98%EA%B8%B0_%EA%B2%BD%EB%A0%A5%EC%8B%A0%EC%9E%85_%EA%B3%B5%EA%B0%9C%EC%B1%84%EC%9A%A9.webp?1755742737,,2025-08-19T11:43:09.000+09:00,2025-08-19T11:48:33.000+09:00,2026-08-31
99571,https://jasoseol.com/recruit/99571,LX인터내셔널,2025년 하반기 신입사원 채용 (채용연계형 인턴십),big_business,https://apply.lxcareers.com/app/job/RetrieveJobNoticesDetail.rpi?jobNoticeId=16508,2025-09-01T01:00:00.000+09:00,2025-09-21T23:00:00.000+09:00,0,4,False,False,75871,2437,2940,1551,58,3949,4,해외영업 | 자원 개발 | 인프라 / 에너지 사업 | 재경,https://daoift3qrrnil.cloudfront.net/company_groups/images/000/000/058/webp/sns_lxinternational.webp?1698992522,1,https://daoift3qrrnil.cloudfront.net/content_images/images/000/320/021/webp/LX%EC%9D%B8%ED%84%B0%EB%82%B4%EC%85%94%EB%84%90_%ED%95%98%EB%B0%98%EA%B8%B0_%EC%8B%A0%EC%9E%85%EC%B1%84%EC%9A%A9_%EC%95%88%EB%82%B4.webp?1755646516,,2025-08-20T09:04:58.000+09:00,2025-08-20T09:04:00.000+09:00,2026-08-31
99574,https://jasoseol.com/recruit/99574,KT sat,2025 하반기 신입사원 공개채용,big_business,https://kt.recruiter.co.kr/app/jobnotice/list?recruitNoticeResumeType=RESUME_TEMPLATE,2025-08-20T11:00:00.000+09:00,2025-09-07T23:59:00.000+09:00,0,0,False,False,60389,1099,1254,724,956,4847,3,위성통신 서비스기획 | 사업 제안/수행 | 위성운영,https://daoift3qrrnil.cloudfront.net/company_groups/images/000/000/956/webp/%E1%84%8F%E1%85%A6%E1%84%8B%E1%85%B5%E1%84%90%E1%85%B5%E1%84%89%E1%85%A6%E1%87%80.webp?1684485295,1,https://daoift3qrrnil.cloudfront.net/content_images/images/000/320/046/webp/2025%EB%85%84_%ED%95%98%EB%B0%98%EA%B8%B0_%EC%8B%A0%EC%9E%85%EC%B1%84%EC%9A%A9_%EA%B3%B5%EA%B3%A0%EB%AC%B8.webp?1755651637,,2025-08-20T10:01:22.000+09:00,2025-08-20T11:00:37.000+09:00,2026-08-31
99590,https://jasoseol.com/recruit/99590,HJ중공업,2025년 신입사원 공개채용,big_business,https://career.hjsc.co.kr/,2025-08-22T09:00:00.000+09:00,2025-09-05T23:59:00.000+09:00,0,0,False,False,163828,2723,4114,2482,1991,5882,12,건축 | 토목 | 기계 | 전기 | 안전 | 전산 | 행정_부동산 | 행정_재무 | 행정_법무 | 행정_홍보 | 행정_노무 | 행정_일반행정,https://daoift3qrrnil.cloudfront.net/company_groups/images/000/001/991/webp/%EC%97%90%EC%9D%B4%EC%B9%98%EC%A0%9C%EC%9D%B4%EC%A4%91%EA%B3%B5%EC%97%85-%EA%B1%B4%EC%84%A4%EB%B6%80%EB%AC%B8_0003265742_185x72.webp?1684485686,1,https://daoift3qrrnil.cloudfront.net/content_images/images/000/320/296/webp/HJ%EC%A4%91%EA%B3%B5%EC%97%85_%EA%B3%B5%EA%B3%A0%EB%AC%B8.webp?1755756696,,2025-08-21T15:14:23.000+09:00,2025-08-22T09:00:19.000+09:00,2026-08-31
99601,https://jasoseol.com/recruit/99601,현대로템,2025 신입사원 집중 채용,big_business,https://hyundai-rotem-2025recruit.com/?utm_source=jasoseol&utm_medium=cpc,2025-08-25T00:00:00.000+09:00,2025-09-07T23:59:00.000+09:00,0,0,False,False,284636,8354,19179,8980,3887,10224,44,디펜스솔루션(DS글로벌사업1실)_사업관리 | 디펜스솔루션(체계공학실)_R&D기획/운영 (기술홍보/자원) | 디펜스솔루션(체계공학실)_체계시험평가 | 디펜스솔루션(체계공학실)_체계시험평가_전자파 | 디펜스솔루션(체계공학실)_EMC | 디펜스솔루션(체계공학실)_RAM | 디펜스솔루션(미래기술연구센터)_AI Engineer | 디펜스솔루션(유무인복합체계실)_무인차량 완성차 설계 및 개발 | 디펜스솔루션(유무인복합체계실)_통신장치 개발 | 디펜스솔루션(유무인복합체계실)_응용SW 개발 | 디펜스솔루션(유무인복합체계실)_전장시스템 개발 | 디펜스솔루션(유무인복합체계실)_BSA 개발 | 디펜스솔루션(항공우주개발센터)_덕티드 램제트 엔진 개발 | 디펜스솔루션(기동체계개발실)_체계배치설계 | 레일솔루션(유럽/아중동권역사업실)_해외영업_유럽 | 레일솔루션(미주권역실)_해외영업_북/남미 | 레일솔루션(아태권역사업실)_해외영업_북아프리카 | 레일솔루션(아태권역사업실)_PM (Project Management) | 레일솔루션(RS사업기획실)_원가관리 | 레일솔루션(플랫폼개발실)_교육 관리 | 레일솔루션(완성차개발실)_차체설계 | 레일솔루션(완성차개발실)_의장설계 | 레일솔루션(완성차개발실)_기계설계 | 레일솔루션(핵심기술개발실)_구조해석/시험 | 레일솔루션(핵심기술개발실)_주행장치설계/동특성 해석 | 레일솔루션(신호통신연구실)_시스템 개발 | 레일솔루션(신호통신연구실)_열차제어시스템 개발 | 레일솔루션(신호통신연구실)_열차제어시스템 설계 | 레일솔루션(전장시스템개발센터)_추진시스템 개발 | 레일솔루션(연구소 직속)_AI 알고리즘 개발 | 에코플랜트-스마트물류사업실_차량제어 개발 | 재경-경영관리실_경영분석 | 재경-경영관리실_해외지사관리 | 재경-경영관리실_원가관리 | 재경-원가기획실_원가기획 | 경영지원-안전경영지원실_인프라기획(건축) | 경영지원-ICT추진실_네트워크 기획/운영 | 경영지원-인사실_인사관리 | 생산기술-방산생산기술실_IPS요소개발(지상무기체계) | 품질-철차CS실_본선 시운전 | DS사업-DS국내사업실_전차 체계개발PM | DS사업-DS원가센터_방산원가 | 구매-DS구매실_구매/자재조달 | 생산기술-방산생산기술실_생산기술(전기전자),https://daoift3qrrnil.cloudfront.net/company_groups/images/000/003/887/webp/data.webp?1684486436,1,https://daoift3qrrnil.cloudfront.net/content_images/images/000/321/054/webp/25%ED%95%98_08_%ED%98%84%EB%8C%80%EB%A1%9C%ED%85%9C_%EC%8B%A0%EC%9E%85%EC%A7%91%EC%A4%91%EC%B1%84%EC%9A%A9_%EC%9B%B9%ED%94%8C%EB%9D%BC%EC%9D%B4%EC%96%B4_FINAL.webp?1756252208,,2025-08-22T10:26:41.000+09:00,2025-08-25T00:00:19.000+09:00,2026-08-31
99607,https://jasoseol.com/recruit/99607,행복나래,"구매, IT, 법무 신입/경력 채용",big_business,https://happynarae.saramin.co.kr/main/index,2025-08-25T00:00:00.000+09:00,2025-09-03T23:59:00.000+09:00,0,0,False,False,39325,656,843,450,2669,6969,3,구매 | IT | 법무,https://daoift3qrrnil.cloudfront.net/company_groups/images/000/002/669/webp/happynarae.webp?1684485962,1,https://daoift3qrrnil.cloudfront.net/content_images/images/000/321/483/webp/%ED%96%89%EB%B3%B5%EB%82%98%EB%9E%982.webp?1756363868,,2025-08-22T13:59:20.000+09:00,2025-08-25T00:00:19.000+09:00,2026-08-31
99613,https://jasoseol.com/recruit/99613,BNK금융그룹,"2025년 신입행원 채용(부산은행, 경남은행)",big_business,https://bnkfg.recruiter.co.kr/career/home,2025-08-25T12:00:00.000+09:00,2025-09-08T17:00:00.000+09:00,0,0,False,False,60722,2114,3327,2953,11453,15237,9,경남은행_일반(지역전형) | 경남은행_일반(비지역전형) | 경남은행_D-IT(지역전형) | 경남은행_D-IT(비지역전형) | 부산은행_일반(지역전형) | 부산은행_일반(비지역전형) | 부산은행_D-IT(지역전형) | 부산은행_D-IT(비지역전형) | 부산은행_전문,https://daoift3qrrnil.cloudfront.net/company_groups/images/000/011/453/webp/BNK%EA%B8%88%EC%9C%B5%EA%B7%B8%EB%A3%B9_%EB%A1%9C%EA%B3%A0.webp?1684488011,1,https://daoift3qrrnil.cloudfront.net/content_images/images/000/320/508/webp/BNK%E1%84%80%E1%85%B3%E1%86%B7%E1%84%8B%E1%85%B2%E1%86%BC%E1%84%80%E1%85%B3%E1%84%85%E1%85%AE%E1%86%B8_20250820_111815_%281%29.webp?1755842641,,2025-08-22T15:04:49.000+09:00,2025-08-25T12:00:25.000+09:00,2026-08-31
99617,https://jasoseol.com/recruit/99617,한국투자증권,FY2025 일반 공채(신입사원 5급),big_business,https://koreainvestment-recruit.com/,2025-08-25T00:00:00.000+09:00,2025-10-01T17:00:00.000+09:00,0,0,False,False,320195,6235,7018,4573,43,3934,13,PB | IB | PF | 운용 | Wholesale_국내법인대상 | Wholesale_해외법인대상 | 퇴직연금 | 리서치 | 경영관리 | 글로벌 | 리스크관리 | IT/Digital_개발/운영 | IT/Digital_디지털/데이터,https://daoift3qrrnil.cloudfront.net/company_groups/images/000/000/043/webp/_2977543_%ED%95%9C%EA%B5%AD%ED%88%AC%EC%9E%90%EC%A6%9D%EA%B6%8C_%EA%B5%AD%EB%AC%B8CI.webp?1684484619,2,https://daoift3qrrnil.cloudfront.net/content_images/images/000/326/721/webp/%ED%95%9C%EA%B5%AD%ED%88%AC%EC%9E%90%EC%A6%9D%EA%B6%8C_CEO_%EC%B1%84%EC%9A%A9%EC%84%A4%EB%AA%85%ED%9A%8C_%EC%9B%B9%EA%B3%B5%EA%B3%A0%EB%AC%B8_7%EC%B0%A8%28%EC%84%A4%EB%AA%85%ED%9A%8CX%29.webp?1758873006 | https://daoift3qrrnil.cloudfront.net/content_images/images/000/323/728/webp/%EC%9D%80%ED%96%89%EA%B6%8C_%EC%9B%A8%EB%B9%84%EB%82%98_%EC%B1%84%EC%9A%A9%EA%B3%B5%EA%B3%A0_%ED%95%98%EB%8B%A8_%EB%B0%B0%EB%84%88-1.webp?1757488243,,2025-08-22T16:07:10.000+09:00,2025-08-25T00:00:20.000+09:00,2026-08-31
99634,https://jasoseol.com/recruit/99634,한화손해보험,2025 하반기 서무직 채용,big_business,https://m.site.naver.com/1PdtG,2025-08-22T16:00:00.000+09:00,2025-09-01T15:00:00.000+09:00,0,4,False,False,21962,407,202,200,1806,5697,1,지점총무/고객센터 및 사무지원,https://daoift3qrrnil.cloudfront.net/company_groups/images/000/001/806/webp/jss_hashed_8fc724d11e71c4db1235_20260330T144240_%ED%95%9C%ED%99%94%EC%86%90%EB%B3%B4_%EB%A1%9C%EA%B3%A0.webp?1774849360,1,https://daoift3qrrnil.cloudfront.net/content_images/images/000/320/682/webp/2025_%ED%95%98%EB%B0%98%EA%B8%B0_%ED%95%9C%ED%99%94%EC%86%90%ED%95%B4%EB%B3%B4%ED%97%98_%EC%84%9C%EB%AC%B4%EC%A7%81_%EC%B1%84%EC%9A%A9_%EC%9B%B9%ED%94%8C%EB%9D%BC%EC%9D%B4%EC%96%B4_FINAL.webp?1756085357,,2025-08-25T11:42:53.000+09:00,2025-08-25T11:43:39.000+09:00,2026-08-31
99652,https://jasoseol.com/recruit/99652,삼성에스원,2025년 하반기 3급 신입사원 채용 공고,big_business,https://www.samsungcareers.com/hr/?no=20608,2025-08-27T10:00:00.000+09:00,2025-09-03T17:00:00.000+09:00,0,0,False,False,92695,952,1382,709,971,4862,7,영업마케팅 | 부동산임대관리 / 마케팅 | 빌딩시설관리(FM) | SI기술 | 연구개발(SW) | IT | 경영지원,https://daoift3qrrnil.cloudfront.net/company_groups/images/000/000/971/webp/jss_hashed_28f7c871ca9d85b3bbf4_20250826T153038_CI.webp?1756189839,2,https://daoift3qrrnil.cloudfront.net/content_images/images/000/321/411/webp/250828_%EC%97%90%EC%8A%A4%EC%9B%90_%EA%B3%B5%EA%B3%A0%EB%AC%B8.webp?1756348522 | https://d1kh1cvi0j04lg.cloudfront.net/1756717482-0901_noyoungwoo.png,,2025-08-25T18:21:51.000+09:00,2025-08-27T10:06:40.000+09:00,2026-08-31
99653,https://jasoseol.com/recruit/99653,한화오션,대규모 신입채용&채용전환형 인턴십,big_business,https://recruit-hanwhaocean.com/?utm_source=JSS&utm_medium=notice,2025-09-01T00:00:00.000+09:00,2025-09-30T14:00:00.000+09:00,0,0,False,False,359095,9403,18441,8202,61,3952,38,기본성능연구_성능최적화연구 | 기본성능연구_구조/진동소음연구 | 에너지솔루션연구_액화가스저장연구 | 스마트솔루션연구_스마트야드연구 | 스마트솔루션연구_제어지능화연구 | 제조혁신연구_생산자동화연구 | 제조혁신연구_용접기술연구 | 제조혁신연구_도장공정연구 | 기술컨설팅_기술경영 | 기술컨설팅_기술지원 | 설계_기본설계 | 설계_의장설계(기계) | 설계_의장설계(전기) | 설계_의장설계(프로세스) | 설계_의장설계(안전) | 설계_의장설계(선실) | 설계_종합/구조설계(선체) | 설계_종합/구조설계(해양) | 설계_플랜트설계(기계) | 설계_플랜트설계(전기) | 설계_플랜트설계(프로세스) | 설계_플렌트설계(건축) | 생산관리_생산관리 | 생산관리_시운전 | 생산관리_품질관리 | 생산관리_공무 | HSE_환경안전 | 시공_플랜트시공(기계) | 시공_플랜트시공(전기) | 시공_플랜트시공(건축) | 사업관리_프로젝트관리 | 경영지원_영업 | 경영지원_구매 | 경영지원_사업기획 | 경영지원_IT | 경영지원_금융/회계 | 경영지원_상생협력 | 경영지원_HR,https://daoift3qrrnil.cloudfront.net/company_groups/images/000/000/061/webp/1015936_778977_4919.webp?1698910466,2,https://daoift3qrrnil.cloudfront.net/content_images/images/000/326/162/webp/%EC%9B%B9%ED%94%8C%EB%9D%BC%EC%9D%B4%EC%96%B4_%EC%8B%A0%EC%9E%85%EC%B1%84%EC%9A%A9_%EA%B5%AD%EB%82%B4%EB%8C%80_%EC%B1%84%EC%9A%A9%EC%84%A4%EB%AA%85%ED%9A%8C%EC%B6%94%EA%B0%80.webp?1758614807 | https://daoift3qrrnil.cloudfront.net/content_images/images/000/324/787/webp/0916_LG_%EA%B3%B5%EA%B3%A0_%ED%95%98%EB%8B%A8_%EB%B0%B0%EB%84%88.webp?1758009360,,2025-08-26T09:56:39.000+09:00,2025-08-26T09:58:19.000+09:00,2026-08-31
99654,https://jasoseol.com/recruit/99654,현대카드/현대커머셜,2025 신입 인재 모집,big_business,https://careerhyundai.recruiter.co.kr/career/home,2025-09-01T10:00:00.000+09:00,2025-09-15T10:00:00.000+09:00,0,0,False,False,182826,6310,6223,5041,14210,18429,1,General(통합모집),https://daoift3qrrnil.cloudfront.net/company_groups/images/000/014/210/webp/%ED%98%84%EB%8C%80%EC%B9%B4%EB%93%9C_%EB%A1%9C%EA%B3%A0.webp?1684488657,2,https://daoift3qrrnil.cloudfront.net/content_images/images/000/321/352/webp/2025_%ED%98%84%EB%8C%80%EC%B9%B4%EB%93%9C___%ED%98%84%EB%8C%80%EC%BB%A4%EB%A8%B8%EC%85%9C_%EC%8B%A0%EC%9E%85_%EC%9D%B8%EC%9E%AC_%EB%AA%A8%EC%A7%91_%EC%B1%84%EC%9A%A9_%EA%B3%B5%EA%B3%A0%EB%AC%B8.webp?1756341200 | https://daoift3qrrnil.cloudfront.net/content_images/images/000/323/711/webp/%EC%9D%80%ED%96%89%EA%B6%8C_%EC%9B%A8%EB%B9%84%EB%82%98_%EC%B1%84%EC%9A%A9%EA%B3%B5%EA%B3%A0_%ED%95%98%EB%8B%A8_%EB%B0%B0%EB%84%88-1.webp?1757485902,,2025-08-26T10:13:32.000+09:00,2025-09-01T10:00:06.000+09:00,2026-08-31
99655,https://jasoseol.com/recruit/99655,삼성물산(상사),25년 하반기 신입사원 공개채용,big_business,https://job.incruit.com/jobdb_info/jobpost.asp?job=2508250004091&handle=1DD7233785B636D6F6CAC4AEB1955722F8D619B38662986C11983F187716AC45,2025-08-27T10:30:00.000+09:00,2025-09-03T17:00:00.000+09:00,0,0,False,False,83729,1092,1817,743,14034,17440,3,영업 | 기술영업 | 경영지원,https://daoift3qrrnil.cloudfront.net/company_groups/images/000/014/034/webp/%EC%82%BC%EC%84%B1%EB%AC%BC%EC%82%B0%EC%83%81%EC%82%AC%EB%A1%9C%EA%B3%A0.webp?1725342243,2,https://daoift3qrrnil.cloudfront.net/content_images/images/000/320/901/webp/%EC%82%BC%EC%84%B1%EB%AC%BC%EC%82%B0%28%EC%83%81%EC%82%AC%29_%EA%B3%B5%EA%B3%A0%EB%AC%B8_%281%29.webp?1756176012 | https://d1kh1cvi0j04lg.cloudfront.net/1756717482-0901_noyoungwoo.png,,2025-08-26T11:04:53.000+09:00,2025-08-27T10:10:19.000+09:00,2026-08-31
99659,https://jasoseol.com/recruit/99659,삼성물산(리조트),2025년 하반기 3급 신입사원 채용 공고,big_business,https://www.samsungcareers.com/hr/?no=20610,2025-08-27T10:00:00.000+09:00,2025-09-03T17:00:00.000+09:00,0,0,False,False,87363,1082,1273,849,14033,17439,5,영업마케팅 | 조경시공 | 파크기획 | 경영지원(일반) | 경영지원(재무),https://daoift3qrrnil.cloudfront.net/company_groups/images/000/014/033/webp/1681166622_%EC%82%BC%EC%84%B1%EB%AC%BC%EC%82%B0%28%EC%A3%BC%29_185x72.webp?1684488620,2,https://daoift3qrrnil.cloudfront.net/content_images/images/000/320/921/webp/25%EB%85%84-%ED%95%98%EB%B0%98%EA%B8%B0-3%EA%B8%89-%EC%B1%84%EC%9A%A9%ED%8F%AC%EC%8A%A4%ED%84%B0%28%EC%82%AC%EC%A0%84%EB%B0%B0%ED%8F%AC%29.webp?1756181579 | https://d1kh1cvi0j04lg.cloudfront.net/1756717482-0901_noyoungwoo.png,,2025-08-26T13:13:23.000+09:00,2025-08-27T10:22:24.000+09:00,2026-08-31
99661,https://jasoseol.com/recruit/99661,쎄트렉아이,"2025 하반기 신입 채용, SI Future-Ship 모집",big_business,https://satreci.recruiter.co.kr/,2025-09-01T10:00:00.000+09:00,2025-09-14T23:59:00.000+09:00,0,0,False,False,119937,2431,5980,1984,3926,10263,11,SW-우주부문 | SW-지상부문 | HW(기계)-우주부문 | HW(광학)-우주부문 | HW(전자)-우주부문 | HW(제작)-우주부문 | SE(시스템)-우주부문 | 관리직-인사 | 관리직-기획 | 관리직-품질 | 관리직-보안,https://daoift3qrrnil.cloudfront.net/company_groups/images/000/003/926/webp/%EC%B5%9C%EC%A2%85CI_%EC%9A%A9%EB%9F%89_%EC%A4%84%EC%9D%B8%EB%B2%84%EC%A0%84.webp?1684486451,1,https://daoift3qrrnil.cloudfront.net/content_images/images/000/320/925/webp/%EC%8E%84%ED%8A%B8%EB%A0%89%EC%95%84%EC%9D%B4_25_%ED%95%98_%EC%B1%84%EC%9A%A9%EA%B3%B5%EA%B3%A0_ver1.webp?1756182165,,2025-08-26T13:24:40.000+09:00,2025-08-26T14:12:39.000+09:00,2026-08-31
99677,https://jasoseol.com/recruit/99677,삼성서울병원,2025년 하반기 3급 신입사원 채용,big_business,https://www.samsungcareers.com/hr/?no=20569,2025-08-27T10:00:00.000+09:00,2025-09-03T17:00:00.000+09:00,0,0,False,False,26647,865,686,531,114,4005,1,경영지원직,https://daoift3qrrnil.cloudfront.net/company_groups/images/000/000/114/webp/%EC%82%BC%EC%84%B1%EC%84%9C%EC%9A%B8%EB%B3%91%EC%9B%90.webp?1684484641,2,https://daoift3qrrnil.cloudfront.net/content_images/images/000/321/060/webp/25%EB%85%84_%ED%95%98%EB%B0%98%EA%B8%B0_%EA%B2%BD%EC%98%81%EC%A7%80%EC%9B%90%EC%A7%81_%EC%B1%84%EC%9A%A9%ED%99%8D%EB%B3%B4_%ED%8F%AC%EC%8A%A4%ED%84%B0-1.webp?1756253609 | https://d1kh1cvi0j04lg.cloudfront.net/1756717482-0901_noyoungwoo.png,,2025-08-27T09:15:14.000+09:00,2025-08-27T10:03:04.000+09:00,2026-08-31
99678,https://jasoseol.com/recruit/99678,삼성생명,2025 하반기 신입사원 채용,big_business,https://www.samsunglife-recruit.com/,2025-08-27T10:00:00.000+09:00,2025-09-03T17:00:00.000+09:00,0,0,False,False,107347,1838,2098,1754,3501,9837,7,영업마케팅 | 상품계리 | 보험지원 | 자산운용 | 투자자산관리 | 디지털 서비스 기획/운영 | IT 서비스 기획/운영,https://daoift3qrrnil.cloudfront.net/company_groups/images/000/003/501/webp/%EC%82%BC%EC%84%B1%EC%83%9D%EB%AA%85ci.webp?1694392912,2,https://daoift3qrrnil.cloudfront.net/content_images/images/000/321/079/webp/25%ED%95%98_%EC%82%BC%EC%84%B1%EC%83%9D%EB%AA%85_%EC%9B%B9%ED%94%8C%EB%9D%BC%EC%9D%B4%EC%96%B4_F.webp?1756255703 | https://d1kh1cvi0j04lg.cloudfront.net/1756717482-0901_noyoungwoo.png,,2025-08-27T09:48:05.000+09:00,2025-08-27T10:01:29.000+09:00,2026-08-31
99680,https://jasoseol.com/recruit/99680,삼성웰스토리,2025년 하반기 3급 신입사원 채용 공고,big_business,https://www.samsungcareers.com/hr/?no=20558,2025-08-27T10:00:00.000+09:00,2025-09-03T17:00:00.000+09:00,0,0,False,False,73615,758,699,590,113,4004,4,경영지원 | 수주영업 | 구매 | 안전관리,https://daoift3qrrnil.cloudfront.net/company_groups/images/000/000/113/webp/%EC%82%BC%EC%84%B1%EC%9B%B0%EC%8A%A4%ED%86%A0%EB%A6%AC_JPG.webp?1694398927,2,https://daoift3qrrnil.cloudfront.net/content_images/images/000/321/231/webp/250821_%EC%82%BC%EC%84%B1%EC%9B%B0%EC%8A%A4%ED%86%A0%EB%A6%AC_%EA%B3%B5%EA%B3%A0%EB%AC%B8_%283%29.webp?1756269798 | https://d1kh1cvi0j04lg.cloudfront.net/1756717482-0901_noyoungwoo.png,,2025-08-27T10:04:05.000+09:00,2025-08-27T10:10:20.000+09:00,2026-08-31
99681,https://jasoseol.com/recruit/99681,삼성증권,2025년 하반기 3급 신입사원 채용 공고,big_business,https://www.samsungcareers.com/hr/?no=20686,2025-08-27T10:00:00.000+09:00,2025-09-03T17:00:00.000+09:00,0,0,False,False,88309,1237,1532,1056,133,4024,7,WM | IB(기업금융) | Global Markets (운용) | Global Markets (세일즈) | 리서치 | IT 서비스 기획/운영 | 디지털 서비스 기획/운영,https://daoift3qrrnil.cloudfront.net/company_groups/images/000/000/133/webp/%EB%94%94%EC%A7%80%ED%84%B8%29%EC%82%BC%EC%84%B1%EC%A6%9D%EA%B6%8CCI_%EA%B5%AD%EB%AC%B8.webp?1684484644,2,https://daoift3qrrnil.cloudfront.net/content_images/images/000/321/125/webp/image.webp?1756258170 | https://d1kh1cvi0j04lg.cloudfront.net/1756717482-0901_noyoungwoo.png,https://daoift3qrrnil.cloudfront.net/employment_companies/guidebooks/000/099/681/original/%28%EC%82%BC%EC%84%B1%EC%A6%9D%EA%B6%8C%29_25%ED%95%98_%EC%A7%81%EB%AC%B4_%EC%83%81%EC%84%B8_%EC%A0%95%EB%B3%B4_2508.pdf,2025-08-27T10:13:28.000+09:00,2025-08-27T10:24:40.000+09:00,2026-08-31
99682,https://jasoseol.com/recruit/99682,삼성디스플레이,2025년 하반기 3급 신입사원 채용 공고,big_business,https://www.samsungcareers.com/hr/?no=20593,2025-08-27T10:00:00.000+09:00,2025-09-03T17:00:00.000+09:00,0,0,False,False,51578,1491,2314,1417,135,4026,5,연구개발 | 공정기술 | 경영지원 | 경영지원(재무) | 영업마케팅,https://daoift3qrrnil.cloudfront.net/company_groups/images/000/000/135/webp/%EC%82%BC%EC%84%B1%EB%94%94%EC%8A%A4%ED%94%8C%EB%A0%88%EC%9D%B4_%EB%A1%9C%EA%B3%A0%28601%29.webp?1684484645,2,https://daoift3qrrnil.cloudfront.net/content_images/images/000/321/112/webp/20250827_101221.webp?1756257207 | https://d1kh1cvi0j04lg.cloudfront.net/1756717482-0901_noyoungwoo.png,,2025-08-27T10:13:50.000+09:00,2025-08-27T10:22:45.000+09:00,2026-08-31
99683,https://jasoseol.com/recruit/99683,삼성E&A,2025년 하반기 3급 신입사원 채용 공고,big_business,https://www.samsungcareers.com/hr/?no=20613,2025-08-27T10:00:00.000+09:00,2025-09-03T17:00:00.000+09:00,0,0,False,False,98750,1211,1695,1217,129,4020,6,기술직(사업관리/조달/품질) | 기술직(설계) | 기술직(시공관리) | 안전관리직 | 경영지원직 | 경영지원직(재무),https://daoift3qrrnil.cloudfront.net/company_groups/images/000/000/129/webp/20240828_53ccc7a63a2a447cb97f90ccea2bca8c.webp?1725420778,2,https://daoift3qrrnil.cloudfront.net/content_images/images/000/321/256/webp/%EC%82%BC%EC%84%B1E_A.webp?1756271467 | https://d1kh1cvi0j04lg.cloudfront.net/1756717482-0901_noyoungwoo.png,,2025-08-27T10:13:57.000+09:00,2025-08-27T10:25:00.000+09:00,2026-08-31
99684,https://jasoseol.com/recruit/99684,삼성전자 DS부문,2025년 하반기 3급 신입사원 채용 공고 (DS부문),big_business,https://www.samsungcareers.com/hr/?no=20604,2025-08-27T10:00:00.000+09:00,2025-09-03T17:00:00.000+09:00,0,0,False,False,124024,2790,6401,5072,14664,18467,22,[메모리사업부]회로설계 | [메모리사업부]평가및분석 | [메모리사업부]반도체공정설계 | [메모리사업부]반도체공정기술 | [메모리사업부]패키지개발 | [메모리사업부]설비기술 | [메모리사업부]생산관리 | [CTO_반도체연구소]반도체공정설계 | [CTO_반도체연구소]반도체공정기술 | [글로벌제조&인프라총괄]평가및분석 | [글로벌제조&인프라총괄]반도체공정기술 | [글로벌제조&인프라총괄]기구개발 | [글로벌제조&인프라총괄]설비기술 | [글로벌제조&인프라총괄]SW개발 | [글로벌제조&인프라총괄]안전보건 | [TSP총괄]평가및분석 | [TSP총괄]반도체공정기술 | [TSP총괄]패키지개발 | [TSP총괄]설비기술 | [TSP총괄]SW개발 | [AI센터]신호및시스템설계 | [AI센터]SW개발,https://daoift3qrrnil.cloudfront.net/company_groups/images/000/014/664/webp/Samsung_Orig_Wordmark_BLACK_RGB_%281%29.webp?1694583104,2,https://daoift3qrrnil.cloudfront.net/content_images/images/000/321/110/webp/screencapture-samsungcareers-hr-2025-08-27-10_11_35.webp?1756257197 | https://d1kh1cvi0j04lg.cloudfront.net/1756717482-0901_noyoungwoo.png,,2025-08-27T10:14:43.000+09:00,2025-08-27T10:31:47.000+09:00,2026-08-31
99685,https://jasoseol.com/recruit/99685,삼성화재,2025년 하반기 3급 신입사원 채용 공고,big_business,https://www.samsungcareers.com/hr/?no=20600,2025-08-27T10:00:00.000+09:00,2025-09-03T17:00:00.000+09:00,0,0,False,False,89462,1448,1180,1252,134,4025,7,영업관리 | 손해사정 | 상품개발·계리 | 계약심사(언더라이팅) | 글로벌 사업 기획/운영 | 자산운용 | 디지털 서비스 기획/운영,https://daoift3qrrnil.cloudfront.net/company_groups/images/000/000/134/webp/%EC%82%BC%EC%84%B1%ED%99%94%EC%9E%AC_05_%EC%82%BC%EC%84%B1%ED%99%94%EC%9E%ACCI_%EA%B5%AD%EB%AC%B8_%ED%88%AC%EB%AA%85%EB%B0%B0%EA%B2%BD.webp?1684484644,3,https://daoift3qrrnil.cloudfront.net/content_images/images/000/321/268/webp/%E2%91%A0_2025%EB%85%84_%ED%95%98%EB%B0%98%EA%B8%B0_%EC%82%BC%EC%84%B1%ED%99%94%EC%9E%AC_%EC%8B%A0%EC%9E%85%EC%82%AC%EC%9B%90_%EC%B1%84%EC%9A%A9_%EA%B3%B5%EA%B3%A0%EB%AC%B8_%EC%A7%81%EB%AC%B4%EC%86%8C%EA%B0%9C%EC%9E%90%EB%A3%8C_%ED%95%A9%EB%B3%B8.webp?1756273861 | https://daoift3qrrnil.cloudfront.net/content_images/images/000/321/269/webp/%E2%91%A1_2025%EB%85%84_%ED%95%98%EB%B0%98%EA%B8%B0_%EC%82%BC%EC%84%B1%ED%99%94%EC%9E%AC_%EC%8B%A0%EC%9E%85%EC%82%AC%EC%9B%90_%EC%B1%84%EC%9A%A9_%EC%98%A8%EB%9D%BC%EC%9D%B8%EC%84%A4%EB%AA%85%ED%9A%8C.webp?1756273868 | https://d1kh1cvi0j04lg.cloudfront.net/1756717482-0901_noyoungwoo.png,,2025-08-27T10:22:58.000+09:00,2025-08-27T10:22:58.000+09:00,2026-08-31
99686,https://jasoseol.com/recruit/99686,삼성전자 DX부문,2025년 하반기 3급 신입사원 채용 공고 (DX부문),big_business,https://www.samsungcareers.com/hr/?no=20682,2025-08-27T10:00:00.000+09:00,2025-09-03T17:00:00.000+09:00,0,0,False,False,121154,3877,7626,5922,14665,18468,33,DA사업부_회로설계 | DA사업부_애플리케이션 개발 | DA사업부_시스템 소프트웨어 | DA사업부_기구개발 | DA사업부_생산기술 | DA사업부_B2C 영업 | DA사업부_SCM/물류 | Global CS센터_품질 | Global CS센터_서비스 | Global EHS실_환경안전 | MX사업부_시스템 소프트웨어 | MX사업부_인공지능 | MX사업부_B2C 영업 | MX사업부_구매 | MX사업부_회로설계 | Samsung Research_인공지능 | 네트워크사업부_B2B 영업 | 네트워크사업부_구매 | 네트워크사업부_시스템 개발 | 네트워크사업부_애플리케이션 개발 | 네트워크사업부_서버 소프트웨어 | 생산기술연구소_인공지능 | 생산기술연구소_제조 소프트웨어 | 생산기술연구소_회로설계 | 영상디스플레이사업부_시스템 소프트웨어 | 영상디스플레이사업부_제품/서비스 마케팅 | 영상디스플레이사업부_B2B 영업 | 영상디스플레이사업부_B2C 영업 | 영상디스플레이사업부_애플리케이션 개발 | 영상디스플레이사업부_회로설계 | 한국총괄_국내영업마케팅 | 전사직속-부문 공통_비주얼 인터랙션 디자인 | 전사직속-부문 공통_재무,https://daoift3qrrnil.cloudfront.net/company_groups/images/000/014/665/webp/Samsung_Orig_Wordmark_BLUE_RGB.webp?1684488773,2,https://daoift3qrrnil.cloudfront.net/content_images/images/000/321/121/webp/%EC%82%BC%EC%84%B1%EC%A0%84%EC%9E%90dx_250827.webp?1756257898 | https://d1kh1cvi0j04lg.cloudfront.net/1756717482-0901_noyoungwoo.png,,2025-08-27T10:26:45.000+09:00,2025-08-27T11:04:45.000+09:00,2026-08-31
99687,https://jasoseol.com/recruit/99687,삼성바이오로직스,2025년 하반기 3급 신입사원 채용 공고,big_business,https://www.samsungcareers.com/hr/?no=20640,2025-08-27T10:00:00.000+09:00,2025-09-03T17:00:00.000+09:00,0,0,False,False,40377,742,570,834,116,4007,2,공정엔지니어링직 | 경영지원직(재무),https://daoift3qrrnil.cloudfront.net/company_groups/images/000/000/116/webp/%EC%82%BC%EC%84%B1%EB%B0%94%EC%9D%B4%EC%98%A4%EB%A1%9C%EC%A7%81%EC%8A%A4.webp?1684484641,2,https://daoift3qrrnil.cloudfront.net/content_images/images/000/321/711/webp/%EC%82%BC%EC%84%B1%EB%B0%94%EC%9D%B4%EC%98%A4%EB%A1%9C%EC%A7%81%EC%8A%A4_250827.webp?1756446392 | https://d1kh1cvi0j04lg.cloudfront.net/1756717482-0901_noyoungwoo.png,,2025-08-27T10:28:02.000+09:00,2025-08-27T10:42:09.000+09:00,2026-08-31
99688,https://jasoseol.com/recruit/99688,삼성중공업,2025년 하반기 3급 신입사원 채용 공고,big_business,https://www.samsungcareers.com/hr/?no=20618,2025-08-27T10:00:00.000+09:00,2025-09-03T17:00:00.000+09:00,0,0,False,False,63025,1181,2062,1149,132,4023,9,기본설계 | 해양설계 | 공정관리 | 구매 | PM | R&D | 자동화솔루션 | 해외영업 | 경영지원,https://daoift3qrrnil.cloudfront.net/company_groups/images/000/000/132/webp/%EC%82%BC%EC%84%B1%EC%A4%91%EA%B3%B5%EC%97%85.webp?1684484644,2,https://daoift3qrrnil.cloudfront.net/content_images/images/000/321/254/webp/%EC%82%BC%EC%84%B1%EC%A4%91%EA%B3%B5%EC%97%85.webp?1756271337 | https://d1kh1cvi0j04lg.cloudfront.net/1756717482-0901_noyoungwoo.png,,2025-08-27T10:29:26.000+09:00,2025-08-27T10:43:07.000+09:00,2026-08-31
99689,https://jasoseol.com/recruit/99689,삼성물산(패션),2025년 하반기 신입사원 채용 공고,big_business,https://www.samsungcareers.com/subsid/detail/E7A#none,2025-08-27T10:00:00.000+09:00,2025-09-03T17:00:00.000+09:00,0,0,False,False,83097,949,1131,877,14032,17438,8,상품기획 | Retail영업 | 경영지원(재무) | 패션디자이너(남성복) | 패션디자이너(캐쥬얼) | 모델리스트 | VMD | 그래픽디자이너(3D),https://daoift3qrrnil.cloudfront.net/company_groups/images/000/014/032/webp/1681166622_%EC%82%BC%EC%84%B1%EB%AC%BC%EC%82%B0%28%EC%A3%BC%29_185x72.webp?1684488620,2,https://daoift3qrrnil.cloudfront.net/content_images/images/000/321/844/webp/%28%EC%82%BC%EC%84%B1%EB%AC%BC%EC%82%B0_%ED%8C%A8%EC%85%98%EB%B6%80%EB%AC%B8%2925%ED%95%98Poster_250827_%282%29.webp?1756461659 | https://d1kh1cvi0j04lg.cloudfront.net/1756717482-0901_noyoungwoo.png,,2025-08-27T10:36:34.000+09:00,2025-08-27T10:41:09.000+09:00,2026-08-31
99690,https://jasoseol.com/recruit/99690,제일기획,2025년 하반기 3급 신입사원 채용 공고,big_business,https://www.samsungcareers.com/hr/?no=20517,2025-08-27T10:00:00.000+09:00,2025-09-03T17:00:00.000+09:00,0,0,False,False,32967,861,1286,787,118,4009,6,기획직 | 플랫폼기획직 | 데이터기획직 | 제작직(Art) | 제작직(CW) | 소프트웨어직,https://daoift3qrrnil.cloudfront.net/company_groups/images/000/000/118/webp/imgres.webp?1684484642,3,https://daoift3qrrnil.cloudfront.net/content_images/images/000/321/183/webp/%E1%84%89%E1%85%B3%E1%84%8F%E1%85%B3%E1%84%85%E1%85%B5%E1%86%AB%E1%84%89%E1%85%A3%E1%86%BA_2025-08-27_%E1%84%8B%E1%85%A9%E1%84%8C%E1%85%A5%E1%86%AB_11.20.16.webp?1756261239 | https://daoift3qrrnil.cloudfront.net/content_images/images/000/321/184/webp/IMG_5669.webp?1756261313 | https://d1kh1cvi0j04lg.cloudfront.net/1756717482-0901_noyoungwoo.png,,2025-08-27T10:45:35.000+09:00,2025-08-27T10:57:47.000+09:00,2026-08-31
99691,https://jasoseol.com/recruit/99691,삼성바이오에피스,2025년 하반기 3급 신입사원 채용 공고,big_business,https://www.samsungcareers.com/hr/?no=20636,2025-08-27T00:00:00.000+09:00,2025-09-03T17:00:00.000+09:00,0,0,False,False,21829,640,383,402,115,4006,2,연구개발 | 경영지원,https://daoift3qrrnil.cloudfront.net/company_groups/images/000/000/115/webp/Lettermark_%EA%B5%AD%EB%AC%B8_%EC%84%B8%EB%A1%9C.webp?1725413104,2,https://daoift3qrrnil.cloudfront.net/content_images/images/000/321/153/webp/image.webp?1756259306 | https://d1kh1cvi0j04lg.cloudfront.net/1756717482-0901_noyoungwoo.png,,2025-08-27T10:49:01.000+09:00,2025-08-27T10:52:32.000+09:00,2026-08-31
99692,https://jasoseol.com/recruit/99692,삼성자산운용,2025년 하반기 3급 신입사원 채용 공고,big_business,https://www.samsungcareers.com/hr/?no=20602,2025-08-27T10:00:00.000+09:00,2025-09-03T17:00:00.000+09:00,0,0,False,False,15857,417,195,197,1065,4956,2,자산운용 | 영업마케팅,https://daoift3qrrnil.cloudfront.net/company_groups/images/000/001/065/webp/jss_hashed_ab4cd046eeb140012dbf_20250901T133345_%28B%EA%B7%B8%EB%A3%B9%29%EC%82%BC%EC%84%B1%EC%9E%90%EC%82%B0%EC%9A%B4%EC%9A%A9CI_%EA%B5%AD%EB%AC%B8_%EB%94%94%EC%A7%80%ED%84%B8%EC%A0%84%EC%9A%A9.webp?1756701228,2,https://daoift3qrrnil.cloudfront.net/content_images/images/000/321/817/webp/2025%EB%85%84_%ED%95%98%EB%B0%98%EA%B8%B0_3%EA%B8%89_%EC%8B%A0%EC%9E%85%EC%82%AC%EC%9B%90_%EC%B1%84%EC%9A%A9_%EA%B3%B5%EA%B3%A0-1.webp?1756458312 | https://d1kh1cvi0j04lg.cloudfront.net/1756717482-0901_noyoungwoo.png,,2025-08-27T10:54:59.000+09:00,2025-08-27T10:54:59.000+09:00,2026-08-31
99694,https://jasoseol.com/recruit/99694,삼성카드,2025년 하반기 3급 신입사원 채용 공고,big_business,https://www.samsungcareers.com/hr/?no=20547,2025-08-27T10:00:00.000+09:00,2025-09-03T17:00:00.000+09:00,0,0,False,False,51953,1909,2495,1553,1756,5647,3,영업/마케팅 | 데이터분석 | IT 서비스 기획/운영,https://daoift3qrrnil.cloudfront.net/company_groups/images/000/001/756/webp/%EC%82%BC%EC%84%B1%EC%B9%B4%EB%93%9C%EB%A1%9C%EA%B3%A0%28%EC%88%98%EC%A0%95%29.webp?1684485590,2,https://daoift3qrrnil.cloudfront.net/content_images/images/000/321/166/webp/FireShot_Capture_050_-_SAMSUNG_CAREERS_-__www.samsungcareers.com_.webp?1756260184 | https://d1kh1cvi0j04lg.cloudfront.net/1756717482-0901_noyoungwoo.png,,2025-08-27T11:04:01.000+09:00,2025-08-27T11:04:02.000+09:00,2026-08-31
99695,https://jasoseol.com/recruit/99695,삼성전자 DX부문,Full-time opportunity for international students (DX),big_business,https://www.samsungcareers.com/hr/?no=20666,2025-08-27T10:00:00.000+09:00,2025-09-03T17:00:00.000+09:00,0,0,False,False,16453,130,125,40,14665,18468,23,Digital Appliance Business_System Software | Digital Appliance Business_Mechanical R&D | Digital Appliance Business_B2C Sales | Digital Appliance Business_Application Development | Digital Appliance Business_Circuit Design | Mobile eXperience Business_Artificial Intelligence | Mobile eXperience Business_System Software | Mobile eXperience Business_B2C Sales | Mobile eXperience Business_Circuit Design | Samsung Research_Artificial Intelligence | Network Business_B2C Sales | Network Business_Application Development | Network Business_System Development | Network Business_Server Software | Global Technology Research_Artificial Intelligence | Global Technology Research_Manufacturing Software | Global Technology Research_Circuit Design | Visual Display Business_System Software | Visual Display Business_Product/Service Marketing | Visual Display Business_B2C Sales | Visual Display Business_B2B Sales | Visual Display Business_Application Development | Visual Display Business_Circuit Design,https://daoift3qrrnil.cloudfront.net/company_groups/images/000/014/665/webp/Samsung_Orig_Wordmark_BLUE_RGB.webp?1684488773,2,https://daoift3qrrnil.cloudfront.net/content_images/images/000/321/173/webp/%EC%8A%A4%ED%81%AC%EB%A6%B0%EC%83%B7_27-8-2025_105618_www.samsungcareers.com.webp?1756260687 | https://d1kh1cvi0j04lg.cloudfront.net/1756717482-0901_noyoungwoo.png,,2025-08-27T11:04:28.000+09:00,2025-08-27T11:14:49.000+09:00,2026-08-31
99697,https://jasoseol.com/recruit/99697,삼성SDI,2025년 하반기 3급 신입사원 채용 공고,big_business,https://www.samsungcareers.com/hr/?no=20704,2025-08-27T10:00:00.000+09:00,2025-09-03T17:00:00.000+09:00,0,0,False,False,43970,838,1562,832,820,4711,1,기술,https://daoift3qrrnil.cloudfront.net/company_groups/images/000/000/820/webp/116FF3414E10B2450C.webp?1684485272,2,https://daoift3qrrnil.cloudfront.net/content_images/images/000/321/176/webp/FireShot_Capture_025_-_SAMSUNG_CAREERS_-__www.samsungcareers.com_.webp?1756260865 | https://d1kh1cvi0j04lg.cloudfront.net/1756717482-0901_noyoungwoo.png,,2025-08-27T11:15:20.000+09:00,2025-08-27T11:17:20.000+09:00,2026-08-31
99698,https://jasoseol.com/recruit/99698,삼성전자 DS부문,Full-time opportunity for international students (DS),big_business,https://www.samsungcareers.com/hr/?no=20590,2025-08-27T10:00:00.000+09:00,2025-09-03T17:00:00.000+09:00,0,0,False,False,18913,146,74,27,14664,18467,4,Circuit Design | Process Design | Process Technology | Software R&D,https://daoift3qrrnil.cloudfront.net/company_groups/images/000/014/664/webp/Samsung_Orig_Wordmark_BLACK_RGB_%281%29.webp?1694583104,2,https://daoift3qrrnil.cloudfront.net/content_images/images/000/321/178/webp/screencapture-samsungcareers-hr-2025-08-27-11_14_24.webp?1756261013 | https://d1kh1cvi0j04lg.cloudfront.net/1756717482-0901_noyoungwoo.png,,2025-08-27T11:17:44.000+09:00,2025-08-27T11:28:11.000+09:00,2026-08-31
99702,https://jasoseol.com/recruit/99702,삼성전기,2025년 하반기 3급 신입사원 채용 공고,big_business,https://www.samsungcareers.com/hr/?no=20572,2025-08-27T10:00:00.000+09:00,2025-09-03T17:00:00.000+09:00,0,0,False,False,40084,735,1509,828,138,4029,1,연구개발직,https://daoift3qrrnil.cloudfront.net/company_groups/images/000/000/138/webp/%EC%82%BC%EC%84%B1%EC%A0%84%EA%B8%B0_%EA%B5%AD%EB%AC%B8%EB%A1%9C%EA%B3%A0.webp?1684484645,2,https://daoift3qrrnil.cloudfront.net/content_images/images/000/321/187/webp/%EC%8A%A4%ED%81%AC%EB%A6%B0%EC%83%B7_27-8-2025_11262_www.samsungcareers.com.webp?1756261584 | https://d1kh1cvi0j04lg.cloudfront.net/1756717482-0901_noyoungwoo.png,,2025-08-27T11:27:06.000+09:00,2025-08-27T11:29:37.000+09:00,2026-08-31
99705,https://jasoseol.com/recruit/99705,삼성물산(건설),2025년 하반기 3급 신입사원 채용 공고,big_business,https://www.samsungcareers.com/hr/?no=20629,2025-08-27T10:00:00.000+09:00,2025-09-03T17:00:00.000+09:00,0,0,False,False,43831,958,1974,958,14029,17435,10,기술직(건축):건축 | 기술직(건축):기계 | 기술직(건축):전기전자 | 기술직(플랜트):기계 | 기술직(플랜트):전기전자 | 기술직(주택):건축 | 기술직(반도체 생산설비):기계 | 기술직(반도체 생산설비):전기전자 | 기술직(IT기획/운영) | 경영지원직(일반),https://daoift3qrrnil.cloudfront.net/company_groups/images/000/014/029/webp/%EC%82%BC%EC%84%B1%EB%AC%BC%EC%82%B0%EA%B1%B4%EC%84%A4CI.webp?1684488619,2,https://daoift3qrrnil.cloudfront.net/content_images/images/000/321/247/webp/unnamed_attachment_2.webp?1756270689 | https://d1kh1cvi0j04lg.cloudfront.net/1756717482-0901_noyoungwoo.png,,2025-08-27T11:54:27.000+09:00,2025-08-27T11:59:47.000+09:00,2026-08-31
99721,https://jasoseol.com/recruit/99721,기아,2025 하반기 집중 채용,big_business,https://career.kia.com/main/main.kc?utm_source=jasoseol&utm_medium=button&utm_campaign=kia_recruit_2025_h2,2025-09-01T13:00:00.000+09:00,2025-09-15T13:00:00.000+09:00,0,4,False,False,367810,13349,32009,15393,1690,5581,44,경영지원_경영지원 | 경영지원_생산-경영지원 (AutoLand화성) | 경영지원_생산-안전관리 (AutoLand화성) | 경영지원_안전전략 수립 및 제도 기획 | 사업/기획_PR컨텐츠 기획 | 사업/기획_고객경험 | 사업/기획_국내사업 | 사업/기획_글로벌사업 | 사업/기획_상품기획 | 사업/기획_특수사업-군용 및 상용사업 해외영업 | 사업/기획_해외 서비스 기술/기획 | 생산/제조_구매/부품개발 | 생산/제조_상용차 전자 부품 구매/개발 | 생산/제조_생산-생산운영 및 공정기술 (AutoLand광명) | 생산/제조_생산-생산운영 및 공정기술 (AutoLand광주) | 생산/제조_생산-생산운영 및 공정기술 (AutoLand화성) | 생산/제조_생산-생산운영 및 공정기술 (파워트레인) | 생산/제조_생산기술-신차개발/자동화설비기술 | 생산/제조_신차품질 | 생산/제조_품질보증 및 안전품질기획 | 연구개발_특수사업-개발설계 | IT_Machine Learning Engineer | 외국인_사업/기획_고객경험 | 외국인_사업/기획_글로벌사업 | 외국인_사업/기획_CRM 글로벌 확산 지원 | 외국인_사업/기획_ESG 관련 글로벌 소재사 비즈니스 협업 | 외국인_사업/기획_Strategic Business Planning | 외국인_사업/기획_기아 글로벌 디지털 고객 플랫폼 (Web/App)운영 | 외국인_사업/기획_기아 브랜드 특화 앱(차량용) 기획 | 외국인_사업/기획_안전품질보증 분석/기획 | 외국인_사업/기획_일본 모빌리티 시장 분석 | 외국인_사업/기획_지정학 리스크 대응 및 규제 관련 전략 수립 | 외국인_생산/제조_차량 사이버보안품질 | 외국인_생산/제조_배터리원소재 공급사 발굴 | 장애인_경영지원_생산-교육기획 및 운영(AutoLand광주) | 장애인_경영지원_생산-안전/보건관리(AutoLand광주) | 장애인_경영지원_생산-안전/환경관리(AutoLand광명) | 장애인_경영지원_생산-자재관리(AutoLand화성) | 장애인_사업/기획_PBV 디지털/온라인 채널 기획 | 장애인_사업/기획_고객경험 | 장애인_사업/기획_글로벌사업 | 장애인_사업/기획_모빌리티 신소재 전략 | 장애인_사업/기획_생산-데이터분석 (AutoLand광명) | 장애인_생산/제조_SW품질,https://daoift3qrrnil.cloudfront.net/company_groups/images/000/001/690/webp/%EA%B8%B0%EC%95%84_%EB%A1%9C%EA%B3%A0.webp?1684485564,2,https://daoift3qrrnil.cloudfront.net/content_images/images/000/321/605/webp/%EA%B8%B0%EC%95%84_250829__.webp?1756429310 | https://daoift3qrrnil.cloudfront.net/content_images/images/000/323/131/webp/0905_%E1%84%80%E1%85%B5%E1%84%8B%E1%85%A1_%E1%84%8B%E1%85%B0%E1%84%87%E1%85%B5%E1%84%82%E1%85%A1_%E1%84%8E%E1%85%A2%E1%84%8B%E1%85%AD%E1%86%BC%E1%84%80%E1%85%A9%E1%86%BC%E1%84%80%E1%85%A9_%E1%84%92%E1%85%A1%E1%84%83%E1%85%A1%E1%86%AB_%E1%84%87%E1%85%A2%E1%84%82%E1%85%A5.webp?1757122990,,2025-08-27T16:38:17.000+09:00,2025-08-27T16:38:17.000+09:00,2026-08-31
99725,https://jasoseol.com/recruit/99725,현대모비스,2025 하반기 연구장학생 모집,big_business,https://careers.mobis.com/jobs?search=%EC%97%B0%EA%B5%AC%EC%9E%A5%ED%95%99%EC%83%9D,2025-09-01T14:00:00.000+09:00,2025-09-12T12:00:00.000+09:00,0,0,False,False,58819,390,1115,98,27,3918,1,전력반도체 개발,https://daoift3qrrnil.cloudfront.net/company_groups/images/000/000/027/webp/img_%285%29.webp?1698989843,1,https://daoift3qrrnil.cloudfront.net/content_images/images/000/321/333/webp/250826_Poster_Scholarship-01.webp?1756284310,,2025-08-27T17:45:26.000+09:00,2025-09-01T12:50:04.000+09:00,2026-08-31
99728,https://jasoseol.com/recruit/99728,하나은행,2025년 하반기 신입행원 채용,big_business,https://hanabank.recruiter.co.kr,2025-08-29T00:00:00.000+09:00,2025-09-17T18:00:00.000+09:00,0,0,False,False,182305,6036,7709,5705,242,4133,7,종합금융 | ICT | 디지털/AI | 지역인재(영남) | 지역인재(충청) | 지역인재(호남) | 지역인재(강원),https://daoift3qrrnil.cloudfront.net/company_groups/images/000/000/242/webp/%ED%95%98%EB%82%98%EC%9D%80%ED%96%89_%EB%A1%9C%EA%B3%A0_%281%29.webp?1701312380,2,https://daoift3qrrnil.cloudfront.net/content_images/images/000/323/387/webp/250828_%E1%84%92%E1%85%A1%E1%84%82%E1%85%A1%E1%84%8B%E1%85%B3%E1%86%AB%E1%84%92%E1%85%A2%E1%86%BC_%E1%84%8B%E1%85%B5%E1%86%AB%E1%84%89%E1%85%A1%E1%84%87%E1%85%AE_2025%E1%84%82%E1%85%A7%E1%86%AB_%E1%84%92%E1%85%A1%E1%84%87%E1%85%A1%E1%86%AB%E1%84%80%E1%85%B5_%E1%84%8E%E1%85%A2%E1%84%8B%E1%85%AD%E1%86%BC%E1%84%80%E1%85%A9%E1%86%BC%E1%84%80%E1%85%A9_%E1%84%8B%E1%85%B0%E1%86%B8%E1%84%91%E1%85%A6%E1%84%8B%E1%85%B5%E1%84%8C%E1%85%B5_%E1%84%8E%E1%85%AC%E1%84%8C%E1%85%A9%E1%86%BC_large.webp?1757375141 | https://daoift3qrrnil.cloudfront.net/content_images/images/000/323/366/webp/%E1%84%8B%E1%85%B3%E1%86%AB%E1%84%92%E1%85%A2%E1%86%BC%E1%84%80%E1%85%AF%E1%86%AB_%E1%84%8B%E1%85%B0%E1%84%87%E1%85%B5%E1%84%82%E1%85%A1_%E1%84%8E%E1%85%A2%E1%84%8B%E1%85%AD%E1%86%BC%E1%84%80%E1%85%A9%E1%86%BC%E1%84%80%E1%85%A9_%E1%84%92%E1%85%A1%E1%84%83%E1%85%A1%E1%86%AB_%E1%84%87%E1%85%A2%E1%84%82%E1%85%A5.webp?1757322696,,2025-08-28T09:16:36.000+09:00,2025-08-29T17:37:49.000+09:00,2026-08-31
99734,https://jasoseol.com/recruit/99734,한국후지필름비즈니스이노베이션,2025년도 하반기 신입사원 공개 채용,big_business,https://fujifilm.recruiter.co.kr/,2025-08-29T00:00:00.000+09:00,2025-09-14T23:59:00.000+09:00,0,0,False,False,95190,983,1555,654,1565,5456,7,Sales Representative | Service Engineer | Graphic Communication System Analyst | Pre-sales | IT Managed Service | Solution 개발 | Business Solution Specialist,https://daoift3qrrnil.cloudfront.net/company_groups/images/000/001/565/webp/%ED%9B%84%EC%A7%80%ED%95%84%EB%A6%84-M%ED%85%8D%EC%8A%A4%ED%8A%B8%EB%B0%B0%EB%84%8802.webp?1704435929,1,https://daoift3qrrnil.cloudfront.net/content_images/images/000/323/186/webp/250908_%E1%84%92%E1%85%A1%E1%86%AB%E1%84%80%E1%85%AE%E1%86%A8%E1%84%92%E1%85%AE%E1%84%8C%E1%85%B5%E1%84%91%E1%85%B5%E1%86%AF%E1%84%85%E1%85%B3%E1%86%B7%E1%84%87%E1%85%B5%E1%84%8C%E1%85%B3%E1%84%82%E1%85%B5%E1%84%89%E1%85%B3%E1%84%8B%E1%85%B5%E1%84%82%E1%85%A9%E1%84%87%E1%85%A6%E1%84%8B%E1%85%B5%E1%84%89%E1%85%A7%E1%86%AB_%E1%84%80%E1%85%A9%E1%86%BC%E1%84%80%E1%85%A9%E1%84%86%E1%85%AE%E1%86%AB.webp?1757294329,,2025-08-28T11:21:57.000+09:00,2025-08-29T00:00:19.000+09:00,2026-08-31
99736,https://jasoseol.com/recruit/99736,유니클로,2025 신입사원(UMC) 채용,big_business,https://uniqlo.scout.co.kr/jobInfo/?strt=6,2025-09-15T10:00:00.000+09:00,2025-09-30T15:00:00.000+09:00,0,0,False,False,115561,991,872,715,2682,7032,1,유니클로 점장 후보직,https://daoift3qrrnil.cloudfront.net/company_groups/images/000/002/682/webp/%EC%9C%A0%EB%8B%88%ED%81%B4%EB%A1%9Cci.webp?1684485967,1,https://daoift3qrrnil.cloudfront.net/content_images/images/000/321/572/webp/25%ED%95%98_%EC%9C%A0%EB%8B%88%ED%81%B4%EB%A1%9C_%ED%95%98%EB%B0%98%EA%B8%B0_%EC%B1%84%EC%9A%A9_%EC%9B%B9%ED%94%8C%EB%9D%BC%EC%9D%B4%EC%96%B4_V5.webp?1756425619,,2025-08-28T11:30:56.000+09:00,2025-09-15T10:00:07.000+09:00,2026-08-31
99748,https://jasoseol.com/recruit/99748,LG전자,2025 하반기 신입사원 채용,big_business,https://www.lge-recruit.com/?utm_source=jasoseolb&utm_medium=CPC&utm_campaign=CPC,2025-08-29T09:00:00.000+09:00,2025-09-22T11:00:00.000+09:00,0,0,False,False,212105,8787,21174,7708,789,4680,10,HS사업본부_기계 | HS사업본부_전기전자 | ES사업본부_기계 | VS사업본부_전기전자 | 생산기술원_로봇 | 생산기술원_기계 | 생산기술원_생산기술 | 생산기술원_전기전자 | 생산기술원_소재/재료 | 한국영업본부_영업/마케팅,https://daoift3qrrnil.cloudfront.net/company_groups/images/000/000/789/webp/LG%EC%A0%84%EC%9E%90_%EB%A1%9C%EA%B3%A0_%ED%95%9C%EA%B8%80_2.webp?1684485267,2,https://daoift3qrrnil.cloudfront.net/content_images/images/000/321/501/webp/13_LG%EC%A0%84%EC%9E%90_%EC%8B%A0%EC%9E%85%EC%82%AC%EC%9B%90_%EC%B1%84%EC%9A%A9_%EC%9B%B9%ED%94%8C%EB%9D%BC%EC%9D%B4%EC%96%B4_1000x2500.webp?1756367677 | https://daoift3qrrnil.cloudfront.net/content_images/images/000/324/782/webp/0916_LG_%EA%B3%B5%EA%B3%A0_%ED%95%98%EB%8B%A8_%EB%B0%B0%EB%84%88.webp?1758009072,,2025-08-28T16:57:41.000+09:00,2025-08-29T09:00:01.000+09:00,2026-08-31
99749,https://jasoseol.com/recruit/99749,LG전자,2025 하반기 산학장학생 채용,big_business,https://linktr.ee/lge_recruiting,2025-09-01T09:00:00.000+09:00,2025-09-22T11:00:00.000+09:00,0,0,False,False,77916,1823,3578,593,789,4680,20,HS사업부_Hardware R&D | HS사업부_Material R&D | HS사업부_Mechanical R&D | VS사업부_Software R&D | VS사업부_Hardware R&D | VS사업부_IT/Communication R&D | VS사업부_Material R&D | VS사업부_Mechanical R&D | VS사업부_Production R&D | ES사업부_Software R&D | ES사업부_Hardware R&D | ES사업부_Material R&D | ES사업부_Mechanical R&D | ES사업부_Production R&D | CTO부문_SW_Security | 생산기술원_Software R&D | 생산기술원_Hardware R&D | 생산기술원_Material R&D | 생산기술원_Mechanical R&D | 생산기술원_Production R&D,https://daoift3qrrnil.cloudfront.net/company_groups/images/000/000/789/webp/LG%EC%A0%84%EC%9E%90_%EB%A1%9C%EA%B3%A0_%ED%95%9C%EA%B8%80_2.webp?1684485267,2,https://daoift3qrrnil.cloudfront.net/content_images/images/000/321/503/webp/2_LG%EC%A0%84%EC%9E%90_%EC%82%B0%ED%95%99%EC%9E%A5%ED%95%99%EC%83%9D_%EC%9B%B9%ED%94%8C%EB%9D%BC%EC%9D%B4%EC%96%B4_2_%EC%9E%90%EC%86%8C%EC%84%A4%EB%8B%B7%EC%BB%B4_V5.webp?1756368034 | https://daoift3qrrnil.cloudfront.net/content_images/images/000/324/783/webp/0916_LG_%EA%B3%B5%EA%B3%A0_%ED%95%98%EB%8B%A8_%EB%B0%B0%EB%84%88.webp?1758009184,,2025-08-28T17:03:09.000+09:00,2025-09-01T09:00:14.000+09:00,2026-08-31
99751,https://jasoseol.com/recruit/99751,LG CNS,2025 하반기 신입사원 채용,big_business,https://careers.lg.com/apply?c=CNS,2025-09-01T00:00:00.000+09:00,2025-09-18T18:00:00.000+09:00,0,0,False,False,238818,5044,13140,4864,57,3948,9,AI | Robotics | Consulting | Cloud Application Modernization | DX Engineer | Architecture | Smart Factory | Smart Logistics  | ERP,https://daoift3qrrnil.cloudfront.net/company_groups/images/000/000/057/webp/LG-CNS.webp?1698992433,2,https://daoift3qrrnil.cloudfront.net/content_images/images/000/324/369/webp/LG_CNS_2025_%ED%95%98%EB%B0%98%EA%B8%B0_%EC%8B%A0%EC%9E%85%EA%B3%B5%EC%B1%84_%EC%9B%B9%ED%94%8C%EB%9D%BC%EC%9D%B4%EC%96%B4_%EC%B6%94%EA%B0%80_%EC%88%98%EC%A0%95%EB%B3%B8.webp?1757908924 | https://daoift3qrrnil.cloudfront.net/content_images/images/000/324/784/webp/0916_LG_%EA%B3%B5%EA%B3%A0_%ED%95%98%EB%8B%A8_%EB%B0%B0%EB%84%88.webp?1758009232,,2025-08-28T17:29:51.000+09:00,2025-09-01T00:00:02.000+09:00,2026-08-31
99759,https://jasoseol.com/recruit/99759,포스코,2025년 하반기 대졸 신입사원 채용,big_business,https://poscorecruit.careerlink.kr/?utm_source=jasoseol&utm_medium=CPC&utm_campaign=CPC,2025-09-01T10:00:00.000+09:00,2025-09-17T15:00:00.000+09:00,0,0,False,False,186289,7073,9835,6039,14,3905,9,생산기술 | 설비기술 | 공정기술 | 마케팅 | 구매(원료) | 구매(설비자재) | 구매(협력계약) | 재무 | HR / 총무,https://daoift3qrrnil.cloudfront.net/company_groups/images/000/000/014/webp/posco_%EC%A0%95%EB%B0%A9%ED%98%95.webp?1698989367,3,https://daoift3qrrnil.cloudfront.net/content_images/images/000/321/766/webp/%ED%8F%AC%EC%8A%A4%EC%BD%94_25%ED%95%98_%EA%B2%BD%EB%A0%A5_%EC%B1%84%EC%9A%A9_%EC%9E%90%EC%86%8C%EC%84%A4_%EA%B4%91%EA%B3%A0_%EC%83%81%EB%8B%A8_%EC%86%8C%EC%9E%AC_4%EC%B0%A8_%281%29.webp?1756453883 | https://daoift3qrrnil.cloudfront.net/content_images/images/000/321/767/webp/%ED%8F%AC%EC%8A%A4%EC%BD%94_25%ED%95%98_%EC%8B%A0%EC%9E%85%EC%82%AC%EC%9B%90_%EC%B1%84%EC%9A%A9_%EC%9B%B9%ED%94%8C%EB%9D%BC%EC%9D%B4%EC%96%B4_2%EC%B0%A8__.webp?1756453890 | https://daoift3qrrnil.cloudfront.net/content_images/images/000/323/132/webp/0905_%E1%84%80%E1%85%B5%E1%84%8B%E1%85%A1_%E1%84%8B%E1%85%B0%E1%84%87%E1%85%B5%E1%84%82%E1%85%A1_%E1%84%8E%E1%85%A2%E1%84%8B%E1%85%AD%E1%86%BC%E1%84%80%E1%85%A9%E1%86%BC%E1%84%80%E1%85%A9_%E1%84%92%E1%85%A1%E1%84%83%E1%85%A1%E1%86%AB_%E1%84%87%E1%85%A2%E1%84%82%E1%85%A5.webp?1757123076,,2025-08-29T09:45:09.000+09:00,2025-09-01T10:00:06.000+09:00,2026-08-31
99760,https://jasoseol.com/recruit/99760,KB국민은행,2025년 하반기 신입행원 채용,big_business,https://kbstar.incruit.com/main.asp#section1,2025-08-29T09:00:00.000+09:00,2025-09-09T18:00:00.000+09:00,0,0,False,False,229293,5984,11051,7443,2439,6330,13,UB_기업고객금융/고객자산관리 | UB_지역인재(부산/울산/경남) | UB_지역인재(대구/경북) | UB_지역인재(대전/세종/충청) | UB_지역인재(광주/호남) | UB_지역인재(강원) | UB_지역인재(제주) | 전역장교 | 공인회계사(KICPA) | IT | IT_플랫폼개발 | 보훈 | 특성화고,https://daoift3qrrnil.cloudfront.net/company_groups/images/000/002/439/webp/jss_hashed_7effe82abbf4675447e7_20260616T083908_KB_Signature_row_kr_3-removebg-preview.webp?1781566753,1,https://daoift3qrrnil.cloudfront.net/content_images/images/000/321/599/webp/%EC%99%B8%EB%B6%80_kb%EA%B5%AD%EB%AF%BC%EC%9D%80%ED%96%89_%281%29.webp?1756428282,,2025-08-29T09:48:27.000+09:00,2025-08-29T10:28:48.000+09:00,2026-08-31
99768,https://jasoseol.com/recruit/99768,DB그룹,2025년 하반기 신입사원 공개채용,big_business,https://dbgroup.recruiter.co.kr/career/home,2025-09-01T09:00:00.000+09:00,2025-10-10T17:00:00.000+09:00,0,0,False,False,237423,11208,17256,11385,30,3921,34,"[DB손해보험]영업관리 | [DB손해보험]보상관리 | [DB손해보험]상품업무, U/W | [DB손해보험]자산운용, 리스크관리 | [DB손해보험]경영지원 | [DB생명]종합직 | [DB생명]상품계리 | [DB생명]자산운용 | [DB생명]IT | [DB생명]AI | [DB증권]본사영업 | [DB증권]리서치 | [DB증권]본사관리 | [DB증권]IT | [DB자산운용]글로벌펀드 운용 | [DB자산운용]상품관리 | [DB자산운용]재무회계 | [DB저축은행]기업금융 | [DB저축은행]경영지원 | [DB캐피탈]기업금융 | [DB Inc.]S/W엔지니어(보험·금융계열사) | [DB Inc.]S/W엔지니어(대외 프로젝트) | [DB Inc.]S/W엔지니어(DX) | [DB Inc.]Infra엔지니어(보험·금융계열사) | [DB Inc.]Infra엔지니어(정보보안) | [DB Inc.]Infra엔지니어(제조계열사) | [DB Inc.]EPC 사업관리 | [DB Inc.]IDC 시설관리 | [DB하이텍]기술기획 | [DB하이텍]소자 | [DB하이텍]PDK | [DB하이텍]설계 | [DB하이텍]공정기술 | [DB하이텍]구매",https://daoift3qrrnil.cloudfront.net/company_groups/images/000/000/030/webp/%E1%84%83%E1%85%B5%E1%84%87%E1%85%B5.webp?1684484614,2,https://daoift3qrrnil.cloudfront.net/content_images/images/000/321/632/webp/DB%EA%B7%B8%EB%A3%B9_%EA%B3%B5%EA%B3%A0%EB%AC%B8_%281%29.webp?1756435625 | https://daoift3qrrnil.cloudfront.net/content_images/images/000/324/790/webp/0916_LG_%EA%B3%B5%EA%B3%A0_%ED%95%98%EB%8B%A8_%EB%B0%B0%EB%84%88.webp?1758009656,,2025-08-29T11:51:00.000+09:00,2025-09-01T09:00:14.000+09:00,2026-08-31
99769,https://jasoseol.com/recruit/99769,한화시스템/방산부문,2025년 하반기 학/석사 신입사원 채용,big_business,https://www.hanwhasystems-recruit.co.kr/?utm_source=jasoseol&utm_medium=cpc&utm_campaign=cpc,2025-09-01T09:00:00.000+09:00,2025-09-17T15:00:00.000+09:00,0,0,False,False,261309,6312,10902,4872,13786,17494,10,System Engineering | HW | SW | 기계 | 전원 | 광학 | 영업 | HR | 기획 | 재무,https://daoift3qrrnil.cloudfront.net/company_groups/images/000/013/786/webp/news_1640566741_1067121_m_1.webp?1684488566,2,https://daoift3qrrnil.cloudfront.net/content_images/images/000/324/731/webp/%ED%95%9C%ED%99%94%EC%8B%9C%EC%8A%A4%ED%85%9C_%EB%B0%A9%EC%82%B0_%EA%B3%B5%EA%B3%A0%EB%AC%B8%EC%88%98%EC%A0%95.webp?1758003839 | https://daoift3qrrnil.cloudfront.net/content_images/images/000/323/134/webp/0905_%E1%84%80%E1%85%B5%E1%84%8B%E1%85%A1_%E1%84%8B%E1%85%B0%E1%84%87%E1%85%B5%E1%84%82%E1%85%A1_%E1%84%8E%E1%85%A2%E1%84%8B%E1%85%AD%E1%86%BC%E1%84%80%E1%85%A9%E1%86%BC%E1%84%80%E1%85%A9_%E1%84%92%E1%85%A1%E1%84%83%E1%85%A1%E1%86%AB_%E1%84%87%E1%85%A2%E1%84%82%E1%85%A5.webp?1757123223,,2025-08-29T13:16:31.000+09:00,2025-09-01T09:00:14.000+09:00,2026-08-31
99770,https://jasoseol.com/recruit/99770,금호석유화학그룹,2025 하반기 신입사원 공개채용,big_business,https://kkpc-recruit2025.com/,2025-09-01T09:00:00.000+09:00,2025-09-12T17:00:00.000+09:00,0,0,False,False,177517,5117,7611,5169,5803,12188,27,IR_금호석유화학 | 물류_금호석유화학 | 물류_금호미쓰이화학 | 인사/총무_금호미쓰이화학 | 기획_금호폴리켐 | 재무회계_금호석유화학 | 시스템 관리_금호석유화학 | 정보보안_금호석유화학 | 해외영업_금호석유화학 | 국내영업_금호석유화학 | 생산_금호석유화학(울산) | 생산_금호석유화학(여수) | 생산_금호피앤비화학 | 생산_금호미쓰이화학 | 품질_금호석유화학 | 환경_금호석유호학 | 안전_금호폴리켐 | 설비(기계)_금호석유화학(울산) | 설비(기계)_금호석유화학(여수) | 설비(기계)_금호폴리켐 | 고무 연구개발(Solution)_금호석유호학 | 수지 연구개발(수지종합)_금호석유화학 | 수지 연구개발(수지 Comp.)_금호석유화학 | 라텍스 연구개발(Emulsion)_금호석유화학 | 신소재연구/수지개발_금호피앤비화학 | 신소재 재료 및 부품 개발_금호폴리켐 | 고객기술지원_금호폴리켐,https://daoift3qrrnil.cloudfront.net/company_groups/images/000/005/803/webp/%EC%8A%AC%EB%A1%9C%EA%B1%B4%EC%A1%B0%ED%95%A9_%EA%B5%AD%EB%AC%B8_%EC%8B%9C%EA%B7%B8%EB%8B%88%EC%B2%984.webp?1684487110,1,https://daoift3qrrnil.cloudfront.net/content_images/images/000/321/772/webp/%EA%B8%88%ED%98%B8%EC%84%9D%EC%9C%A0%ED%99%94%ED%95%99%EA%B7%B8%EB%A3%B9_%EC%9B%B9%EA%B3%B5%EA%B3%A0%EB%AC%B8_V3.webp?1756454609,,2025-08-29T13:19:44.000+09:00,2025-09-01T09:00:14.000+09:00,2026-08-31
99771,https://jasoseol.com/recruit/99771,HL그룹,2025 하반기 신입사원 채용,big_business,https://hlgroup-recruit.com/,2025-09-01T09:00:00.000+09:00,2025-09-21T23:59:00.000+09:00,0,0,False,False,307039,9815,26490,11564,14131,17545,28,"[HL홀딩스]물류 | [HL홀딩스]해외영업 | [HL홀딩스]IT | [HL홀딩스]경영지원 | [HL디앤아이한라]건축 | [HL디앤아이한라]전기 | [HL디앤아이한라]설비 | [HL디앤아이한라]토목 | [HL디앤아이한라]개발 | [HL디앤아이한라]경영지원(회계, 기획, 현장관리, 인사) | [HL만도]R&D | [HL만도]품질 | [HL만도]생산 | [HL만도]구매 | [HL만도]영업/마케팅 | [HL만도]회계/경영관리 | [HL만도]HR | [HL클레무브]R&D | [HL클레무브]회계 | [HL클레무브]HR | [HL클레무브]영업 | [HL클레무브]구매 | [만도브로제]R&D | [만도브로제]영업 | [만도브로제]생산 | [만도브로제]품질 | [HL로보틱스]R&D(자율주행로봇 SW 개발) | [HL로보틱스]R&D(자율주행로봇 HW 개발)",https://daoift3qrrnil.cloudfront.net/company_groups/images/000/014/131/webp/jss_hashed_b127dad858cdebcf4744_20250915T153821_66cb7c87-e10f-410e-bf37-45e2d9d94780.webp?1757918302,2,https://daoift3qrrnil.cloudfront.net/content_images/images/000/325/410/webp/HL%EA%B7%B8%EB%A3%B9_%EA%B3%B5%EA%B3%A0%EB%AC%B8%EC%88%98%EC%A0%95_250918.webp?1758154868 | https://daoift3qrrnil.cloudfront.net/content_images/images/000/324/786/webp/0916_LG_%EA%B3%B5%EA%B3%A0_%ED%95%98%EB%8B%A8_%EB%B0%B0%EB%84%88.webp?1758009305,,2025-08-29T13:39:54.000+09:00,2025-09-01T09:00:14.000+09:00,2026-08-31
99773,https://jasoseol.com/recruit/99773,한화시스템/ICT,2025년 하반기 신입사원 채용,big_business,https://hanwhasystems-ict-recruit.co.kr/,2025-09-01T11:00:00.000+09:00,2025-09-28T23:59:00.000+09:00,0,0,False,False,322047,5552,9106,4417,14089,17498,7,서비스 개발・운영 | 인프라 구축・운영 | AI 엔지니어 | 정보 보안 | 재무/회계 | 구매 | 전략기획,https://daoift3qrrnil.cloudfront.net/company_groups/images/000/014/089/webp/news_1640566741_1067121_m_1.webp?1684488634,1,https://daoift3qrrnil.cloudfront.net/content_images/images/000/326/320/webp/%ED%95%9C%ED%99%94%EC%8B%9C%EC%8A%A4%ED%85%9C_ICT%EB%B6%80%EB%AC%B8_%EA%B3%B5%EA%B3%A0%EB%AC%B8%EC%88%98%EC%A0%95_250924.webp?1758698539,,2025-08-29T13:44:30.000+09:00,2025-09-01T11:00:18.000+09:00,2026-08-31
99777,https://jasoseol.com/recruit/99777,롯데케미칼,2025년 9월 신입사원 채용 일반전형,big_business,https://recruit.lotte.co.kr/apply/announcement/detail/21659315?compcd=?id=bookmark10013,2025-09-03T10:00:00.000+09:00,2025-09-16T23:00:00.000+09:00,0,4,False,False,147963,3346,6549,2984,2642,6816,13,재무 | 회계 | 관세 | DT | AI | 상품기획 | 영업관리 | AD(기술영업) | 연구개발 | 생산관리 | 품질관리 | SCM | 소재디자인,https://daoift3qrrnil.cloudfront.net/company_groups/images/000/002/642/webp/open-uri20220723-4581-1xyf18g.webp?1684485952,1,https://daoift3qrrnil.cloudfront.net/content_images/images/000/321/973/webp/%EC%B2%A8%EB%B6%801._%EB%A1%AF%EB%8D%B0%EC%BC%80%EB%AF%B8%EC%B9%BC_%EA%B3%B5%EA%B3%A0_%28%EC%8B%A0%EC%9E%85_%EC%9D%BC%EB%B0%98%29_250901_%281%29.webp?1756690720,,2025-08-29T14:40:24.000+09:00,2025-08-29T14:40:24.000+09:00,2026-08-31
99778,https://jasoseol.com/recruit/99778,두산 사업부문,2025년 하반기 신입사원·채용연계형 인턴·산학장학생 채용,big_business,https://www.doosan-recruit2025.com/,2025-09-01T00:00:00.000+09:00,2025-09-19T18:00:00.000+09:00,0,0,False,False,228518,6787,11523,5699,26,3917,16,[두산VCC]재무 | [두산VCC]회계 | [두산VCC]AI 전략기획 및 개발 | [두산VCC]HR | [두산전자]R&D(제품개발) | [두산전자]R&D(연구개발) | [두산전자]생산/생산기술 | [두산전자]품질 | [두산전자]영업/마케팅 | [두산전자]FA | [두산전자]전략 | [두산전자]AI | [두산디지털이노베이션]AI | [두산전자]R&D(제품개발) | [두산전자]R&D(연구개발) | [두산전자]AI,https://daoift3qrrnil.cloudfront.net/company_groups/images/000/000/026/webp/doosan_ci.webp?1727052972,2,https://daoift3qrrnil.cloudfront.net/content_images/images/000/322/432/webp/%28%EC%B5%9C%EC%A2%85%29_%EC%9B%B9%EA%B3%B5%EA%B3%A0%EB%AC%B8_0903.webp?1756862027 | https://daoift3qrrnil.cloudfront.net/content_images/images/000/323/135/webp/0905_%E1%84%80%E1%85%B5%E1%84%8B%E1%85%A1_%E1%84%8B%E1%85%B0%E1%84%87%E1%85%B5%E1%84%82%E1%85%A1_%E1%84%8E%E1%85%A2%E1%84%8B%E1%85%AD%E1%86%BC%E1%84%80%E1%85%A9%E1%86%BC%E1%84%80%E1%85%A9_%E1%84%92%E1%85%A1%E1%84%83%E1%85%A1%E1%86%AB_%E1%84%87%E1%85%A2%E1%84%82%E1%85%A5.webp?1757123268,,2025-08-29T15:34:37.000+09:00,2025-09-01T00:00:00.000+09:00,2026-08-31
99781,https://jasoseol.com/recruit/99781,포스코인터내셔널,2025 하반기 신입사원 채용,big_business,https://poscorecruit.careerlink.kr/?utm_source=jasoseol&utm_medium=CPC&utm_campaign=CPC,2025-09-01T10:00:00.000+09:00,2025-09-17T15:00:00.000+09:00,0,0,False,False,90853,2852,3347,1947,59,3950,11,전력거래 | LNG사업 | 계전엔지니어 | 기계엔지니어 | 영업 | 탐사평가 | 저류평가 | 생산평가 | 자원경제 | 가스생산설비엔지니어 | 시추엔지니어,https://daoift3qrrnil.cloudfront.net/company_groups/images/000/000/059/webp/%ED%8F%AC%EC%8A%A4%EC%BD%94%EC%9D%B8%ED%84%B0%EB%82%B4%EC%85%94%EB%84%90_CI_jpg.webp?1698910453,2,https://daoift3qrrnil.cloudfront.net/content_images/images/000/321/749/webp/%ED%8F%AC%EC%8A%A4%EC%BD%94%EC%9D%B8%ED%84%B0%EB%82%B4%EC%85%94%EB%84%90_25%ED%95%98_%EC%8B%A0%EC%9E%85%EC%82%AC%EC%9B%90_%EC%B1%84%EC%9A%A9_%EC%9B%B9%ED%94%8C%EB%9D%BC%EC%9D%B4%EC%96%B4_4%EC%B0%A8_%EC%95%88%EC%A0%84%EA%B8%B0%ED%9A%8DXver.webp?1756452610 | https://daoift3qrrnil.cloudfront.net/content_images/images/000/323/133/webp/0905_%E1%84%80%E1%85%B5%E1%84%8B%E1%85%A1_%E1%84%8B%E1%85%B0%E1%84%87%E1%85%B5%E1%84%82%E1%85%A1_%E1%84%8E%E1%85%A2%E1%84%8B%E1%85%AD%E1%86%BC%E1%84%80%E1%85%A9%E1%86%BC%E1%84%80%E1%85%A9_%E1%84%92%E1%85%A1%E1%84%83%E1%85%A1%E1%86%AB_%E1%84%87%E1%85%A2%E1%84%82%E1%85%A5.webp?1757123149,,2025-08-29T16:31:01.000+09:00,2025-09-01T10:00:06.000+09:00,2026-08-31
99784,https://jasoseol.com/recruit/99784,LG생활건강,2025년 마케팅/영업/R&D 신입 채용,big_business,https://careers.lg.com/apply?c=LGHH,2025-09-01T09:00:00.000+09:00,2025-09-15T23:00:00.000+09:00,0,0,False,False,79623,3760,3900,2771,21,3912,7,브랜드마케팅 (화장품) | 브랜드마케팅 (생활용품) | 영업관리 (화장품) | 영업관리 (생활용품) | Skin Longevity 연구 | 탈모/두피 연구 | Beauty Device 연구,https://daoift3qrrnil.cloudfront.net/company_groups/images/000/000/021/webp/2560px-LG_Household___Health_Care_logo_%28korean%29.svg.webp?1698989473,1,https://daoift3qrrnil.cloudfront.net/content_images/images/000/321/938/webp/25%ED%95%98_08_LG%EC%83%9D%ED%99%9C%EA%B1%B4%EA%B0%95_%EA%B3%B5%EA%B3%A0%EB%AC%B8_v6.webp?1756685359,,2025-08-29T16:45:13.000+09:00,2025-09-01T09:00:14.000+09:00,2026-08-31
99785,https://jasoseol.com/recruit/99785,현대위아,"신입, 연구장학생 ,경력 모집",big_business,https://hyundai-wia.recruiter.co.kr/career/apply,2025-09-01T10:00:00.000+09:00,2025-09-15T10:00:00.000+09:00,0,0,False,False,164193,3786,10723,3866,25,3916,49,"대졸_해석/시험_시스템 성능평가, 내구/신뢰성·시험법 개발 | 대졸_해석/시험_열관리 공조시스템 시험 | 대졸_해석/시험_열관리 공조시스템(1D) 선행해석/검증 | 대졸_해석/시험_열관리 공조시스템(3D) 구조해석/검증 | 대졸_설계/제어_냉각수/냉매 모듈 개발 | 대졸_설계/제어_HVAC/쿨링모듈 시스템 열교환기 개발 | 대졸_연구지원_공조시스템 설계원가 분석 | 대졸_구동개발_모빌리티 부품 선행개발 | 대졸_구동개발_구동부품 평가검증·TDP개발 | 대졸_샤시개발_등속조인트 설계 | 대졸_샤시개발_샤시부품 평가 | 대졸_샤시개발_차량부품 재료 시험평가·개발 | 대졸_제어 SW·검증_구동/샤시 시스템  제어 SW 개발 | 대졸_제어 SW·검증_제어 검증 | 대졸_제어 SW·검증_차량 성능 튜닝 및  평가 | 대졸_특수개발_무기체계 기계 설계 | 대졸_특수개발_무기체계 제어 SW 설계 | 연구장학생_TMS(열관리, 공조) 설계 및 제어 | 연구장학생_TMS(열관리, 공조) 해석 및 시험 | 연구장학생_차량부품연구 설계 및 제어 | 연구장학생_차량부품연구 해석 및 시험 | 연구장학생_모빌리티솔루션 스마트팩토리 | 연구장학생_모빌리티솔루션 로봇 제어 | 연구장학생_방위산업 설계 및 제어 | 연구장학생_방위산업 해석 | 연구장학생_방위산업 기타 | TMS 설계/제어_HVAC 모듈 설계 | TMS 설계/제어_열관리 제어기 HW개발 | TMS 설계/제어_열관리 제어기 SW 개발 | TMS 설계/제어_열관리 제어기 전장/기구 개발 | TMS 설계/제어_전장시스템 엔지니어 | TMS 설계/제어_고전압 전력변환기 BSW개발 | TMS 설계/제어_모터 제어 SW 설계 | ICT | TMS 시험 | TMS 품질 | 차량부품 설계_모빌리티부품 선행개발 | 차량부품 설계_등속조인트(CVJ) 설계 및 개발 | 차량부품 설계_엑츄에이터 설계 및 개발 | 차량부품 제어_구동/샤시 제어시스템 엔지니어 | 차량부품 제어_전략변환시스템 PM | 차량부품 제어_프로세스 엔지니어 | 차량부품 제어_인버터(제어기) 회로 개발 | 차량부품 제어_전력변환 제어시스템 모터제어 SW 개발 | 차량부품 제어_모빌리티 AI/ML SW 개발 | 차량부품 제어_규동/샤시 시스템 성능 평가 및 캘리브레이션 | 특수개발_방산 IPS(통합지원체계) 개발 | 특수개발_해상 무기체계 연구개발 (설계/제어SW) | 특수개발_방산 무기체계 연구개발 (기계설계/SW설계)",https://daoift3qrrnil.cloudfront.net/company_groups/images/000/000/025/webp/Hyundai_Wia_logo.webp?1698989579,1,https://daoift3qrrnil.cloudfront.net/content_images/images/000/321/762/webp/2026_%ED%86%B5%ED%95%A9%EA%B3%B5%EA%B3%A0_%281%29-1.webp?1756453686,,2025-08-29T16:51:09.000+09:00,2025-09-01T10:00:06.000+09:00,2026-08-31
99802,https://jasoseol.com/recruit/99802,한화엔진,2025 하반기 학/석사 신입사원 채용,big_business,https://hanwhaengine-recruit.com/,2025-09-01T00:00:00.000+09:00,2025-09-30T23:59:00.000+09:00,0,0,False,False,119011,3355,6391,2661,6782,13180,11,경영기획 | 재무 | 엔진영업 | 프로젝트 엔지니어링 | AM영업 | 생산기술 | 시운전기술 | 엔진설계 | 제어설계 | 제어시스템 개발 (R&D) | 품질,https://daoift3qrrnil.cloudfront.net/company_groups/images/000/006/782/webp/ci_%281%29.webp?1741051727,1,https://daoift3qrrnil.cloudfront.net/content_images/images/000/325/654/webp/%EC%9B%B9%EA%B3%B5%EA%B3%A0%EB%AC%B8_%EB%A7%88%EA%B0%90%EC%9D%BC%EC%9E%90%EB%B3%80%EA%B2%BD_V2.webp?1758254808,,2025-09-01T13:09:48.000+09:00,2025-09-01T13:09:48.000+09:00,2026-08-31
99804,https://jasoseol.com/recruit/99804,HD현대,25년 하반기 대졸 신입사원 모집,big_business,https://hd-recruit2025.com/,2025-09-01T00:00:00.000+09:00,2025-09-22T15:00:00.000+09:00,0,0,False,False,365339,11847,25447,11948,14460,18148,62,[HD한국조선해양] 선박영업 | [HD한국조선해양] 시스템장비설계 | [HD한국조선해양] 홍보 | [HD한국조선해양] AI전략 | [HD한국조선해양] 기술경영 | [HD현대중공업] 조선_기본설계 | [HD현대중공업] 조선_상세설계 | [HD현대중공업] 조선_생산관리 | [HD현대중공업] 조선_생산지원 | [HD현대중공업] 해양에너지_해양설계 | [HD현대중공업] 해양에너지_발사체설계 | [HD현대중공업] 특수선_설계 | [HD현대중공업] 엔진기계_영업 | [HD현대중공업] 엔진기계_설계 | [HD현대중공업] 엔진기계_생산관리 | [HD현대중공업] 엔진기계_품질 | [HD현대중공업] 엔진기계_기획 | [HD현대중공업] 경영_HR | [HD현대중공업] 경영_구매 | [HD현대중공업] 경영_안전 | [HD현대중공업] 경영_자산운영 | [HD현대중공업] 경영_재경 | [HD현대중공업] 경영_DT | [HD현대삼호] 설계 | [HD현대삼호] 공무 | [HD현대삼호] 사업기획 | [HD현대삼호] 품질 | [HD현대삼호] ICT/DT | [HD현대삼호] 생산관리 | [HD현대삼호] 정보보안 | [HD현대삼호] HRD | [HD현대삼호] 재무 | [HD현대마린솔루션] 영업 | [HD현대마린솔루션] 물류 | [HD현대마린솔루션] 스마트케어(보증) | [HD현대마린솔루션] DT설계 | [HD현대마린솔루션] 디지털기술 | [HD현대마린솔루션] ICT | [HD현대일렉트릭] 전기설계 | [HD현대일렉트릭] 구조설계 | [HD현대일렉트릭] 품질경영 | [HD현대일렉트릭] 품질관리 | [HD현대일렉트릭] 영업 | [HD현대일렉트릭] 재경 | [HD현대일렉트릭] 구매 | [HD현대일렉트릭] HR | [HD현대일렉트릭] 안전/환경 | [HD현대사이트솔루션] 제어시스템개발 | [HD현대사이트솔루션] 생산관리(산업차량) | [HD현대사이트솔루션] 자재관리(산업차량) | [HD현대사이트솔루션] 자재운영(컴포넌트) | [HD현대사이트솔루션] 품질(컴포넌트) | [HD현대인프라코어] 전기전자개발 | [HD현대인프라코어] 생산관리(엔진)_군산 | [HD현대인프라코어] 생산관리(엔진)_인천 | [HD현대인프라코어] 생산기술(엔진)_군산 | [HD현대인프라코어] 생산기술(엔진)_인천 | [HD현대인프라코어] 자재관리/물류 | [HD현대인프라코어] 제품시험(엔진) | [HD현대인프라코어] 품질(엔진) | [HD현대오일뱅크] 공정기술 생산기획 | [HD현대오일뱅크] 설비기술,https://daoift3qrrnil.cloudfront.net/company_groups/images/000/014/460/webp/FireShot_Capture_2208_-_HD%ED%98%84%EB%8C%80_-_%EB%82%98%EB%AC%B4%EC%9C%84%ED%82%A4_-_namu.wiki.webp?1684488718,2,https://daoift3qrrnil.cloudfront.net/content_images/images/000/322/045/webp/%E2%98%852025_%ED%95%98%EB%B0%98%EA%B8%B0_HD%ED%98%84%EB%8C%80_%EC%8B%A0%EC%9E%85%EC%B1%84%EC%9A%A9_%EA%B3%B5%EA%B3%A0%EB%AC%B8_0901.webp?1756702279 | https://daoift3qrrnil.cloudfront.net/content_images/images/000/324/788/webp/0916_LG_%EA%B3%B5%EA%B3%A0_%ED%95%98%EB%8B%A8_%EB%B0%B0%EB%84%88.webp?1758009424,,2025-09-01T13:57:32.000+09:00,2025-09-01T14:24:15.000+09:00,2026-08-31
99805,https://jasoseol.com/recruit/99805,롯데그룹,3·6·9·12 예측가능한 채용(9월),big_business,https://lotte-36912recruit.com/,2025-09-03T10:00:00.000+09:00,2025-09-23T23:00:00.000+09:00,0,0,False,False,266831,6116,13671,7245,74,3965,36,[롯데GRS] 식품안전 | [롯데GRS] HR | [롯데GRS] 마케팅 | [롯데월드] 어트랙션정비 | [롯데월드] 건축 | [롯데면세점] 영업/마케팅 | [롯데면세점] 재경 | [롯데이노베이트] 소프트웨어(렌탈IS) | [롯데이노베이트] 소프트웨어(홈쇼핑IS) | [롯데이노베이트] 인프라(칠성IS) | [롯데이노베이트] NLP AI (AI기술팀) | [롯데웰푸드] 영업관리(푸드) | [롯데웰푸드] 제품개발 | [롯데중앙연구소] 제품개발(주류) | [롯데중앙연구소] 식품안전(유통관리) | [롯데이네오스화학] 회계/세무 | [롯데엠시시] 안전환경 | [롯데호텔] 재무 | [롯데호텔] 호텔서비스 | [롯데면세점] UX기획 | [롯데백화점] 쇼핑몰MD/콘텐츠기획 | [롯데백화점] VIP서비스기획 | [롯데백화점] 브랜딩MKT | [롯데백화점] 아트콘텐츠 | [롯데백화점] 신선직매입 | [롯데백화점] IT기획 | [롯데백화점] 온라인전략 | [롯데월드] 디자인(인테리어) | [롯데하이마트] DATA | [롯데하이마트] AI | [롯데하이마트] 오프라인마케팅 | [롯데하이마트] 온라인마케팅 | [롯데호텔] DX | [롯데월드] ICT전략 | [롯데월드] CRM기획 | [롯데홈쇼핑] 영업,https://daoift3qrrnil.cloudfront.net/company_groups/images/000/000/074/webp/jss_hashed_37a8ea8f70e803adea35_20260831T091514_%EB%A1%AF%EB%8D%B0_%EB%A1%9C%EA%B3%A0.webp?1788135314,1,https://daoift3qrrnil.cloudfront.net/content_images/images/000/322/455/webp/_NHR__2025_%ED%95%98%EB%B0%98%EA%B8%B0_%EB%A1%AF%EB%8D%B0%EA%B7%B8%EB%A3%B9_9%EC%9B%94_%EC%B1%84%EC%9A%A9_%EC%9B%B9%ED%94%8C%EB%9D%BC%EC%9D%B4%EC%96%B4%28ver7%29_250903%28%EC%88%98%EC%A0%95%29_%281%29.webp?1756864487,,2025-09-01T14:07:33.000+09:00,2025-09-03T10:00:19.000+09:00,2026-08-31
99815,https://jasoseol.com/recruit/99815,유진투자선물,글로벌비즈니스팀 신입사원 채용,big_business,https://eugene.recruiter.co.kr/app/jobnotice/view?systemKindCode=MRS2&jobnoticeSn=227011,2025-09-01T08:00:00.000+09:00,2025-09-14T23:59:00.000+09:00,0,0,False,False,9607,117,76,45,4155,10492,1,해외파생상품 영업사원,https://daoift3qrrnil.cloudfront.net/company_groups/images/000/004/155/webp/813161_20160620130424_425_0001.webp?1684486545,1,https://eugene.recruiter.co.kr/upload/331673/image/202509/3492008c-1a1d-45c1-a079-58185046b7ce.jpg,,2025-09-01T16:15:53.000+09:00,2025-09-01T16:19:00.000+09:00,2026-08-31
99817,https://jasoseol.com/recruit/99817,현대건설,2025년 하반기 신입사원 채용,big_business,https://recruit.hdec.co.kr/,2025-09-01T00:00:00.000+09:00,2025-09-29T23:59:00.000+09:00,0,0,False,False,166622,5049,8574,4202,35,3926,17,토목사업_설계 | 토목사업_토목 | 건축/주택사업_건축 | 건축/주택사업_설비 | 건축/주택사업_전기 | 건축/주택사업_토목 | 플랜트사업_기계 | 플랜트사업_화공 | 플랜트사업_전기 | NewEnergy사업_원자력 | NewEnergy사업_기계 | NewEnergy사업_화공 | NewEnergy사업_전기 | NewEnergy사업_토목 | NewEnergy사업_건축 | 지원본부_경영일반 | 안전,https://daoift3qrrnil.cloudfront.net/company_groups/images/000/000/035/webp/jss_hashed_f5ffcebd61f45d885904_20250923T113924_%ED%98%84%EB%8C%80%EC%97%94%EC%A7%80%EB%8B%88%EC%96%B4%EB%A7%81_%ED%98%84%EB%8C%80%EA%B1%B4%EC%84%A4_%EB%A1%9C%EA%B3%A0.webp?1758595164,2,https://daoift3qrrnil.cloudfront.net/content_images/images/000/322/142/webp/%EB%A9%94%EC%9D%B8%EA%B3%B5%EA%B3%A0_%ED%98%84%EB%8C%80%EA%B1%B4%EC%84%A4_%EC%8B%A0%EC%9E%85%EC%82%AC%EC%9B%90_%EC%B1%84%EC%9A%A9.webp?1756711350 | https://daoift3qrrnil.cloudfront.net/content_images/images/000/324/795/webp/0916_LG_%EA%B3%B5%EA%B3%A0_%ED%95%98%EB%8B%A8_%EB%B0%B0%EB%84%88.webp?1758010073,,2025-09-01T16:26:42.000+09:00,2025-09-01T16:31:49.000+09:00,2026-08-31
99821,https://jasoseol.com/recruit/99821,현대그룹,2025 하반기 신입 매니저 채용,big_business,https://connect-hyundai.com/,2025-09-02T00:00:00.000+09:00,2025-09-23T23:59:00.000+09:00,0,0,False,False,236115,6912,11515,5269,13200,16512,24,현대엘리베이터_R&D_제어시스템개발 | 현대엘리베이터_R&D_전력변환장치개발 | 현대엘리베이터_R&D_기계개발 | 현대엘리베이터_R&D_모듈러구조개발 | 현대엘리베이터_R&D_모듈러시스템개발 | 현대엘리베이터_설계_양산개발PM | 현대엘리베이터_설계_전기설계 | 현대엘리베이터_품질_품질기술 | 현대엘리베이터_품질_인증 | 현대엘리베이터_SCM공정관리 | 현대엘리베이터_구매전략 | 현대엘리베이터_연구기술관리 | 현대엘리베이터_영업_제품영업 | 현대엘리베이터_영업_해외영업 | 현대엘리베이터_경영관리 | 현대엘리베이터_대외협력 | 현대무벡스_설계_전기설계 | 현대무벡스_설계_기계설계 | 현대무벡스_설계_시스템설계 | 현대무벡스_전기PE | 현대무벡스_기계PE | 현대무벡스_AI개발 | 현대무벡스_해외영업 | 현대무벡스_글로벌마케팅,https://daoift3qrrnil.cloudfront.net/company_groups/images/000/013/200/webp/%EB%8B%A4%EC%9A%B4%EB%A1%9C%EB%93%9C_%281%29.webp?1699939245,1,https://daoift3qrrnil.cloudfront.net/content_images/images/000/322/166/webp/25%ED%95%98_08_%ED%98%84%EB%8C%80%EA%B7%B8%EB%A3%B9_%EC%9B%B9%ED%94%8C%EB%9D%BC%EC%9D%B4%EC%96%B4_v4.webp?1756713065,,2025-09-01T16:55:07.000+09:00,2025-09-02T00:00:00.000+09:00,2026-08-31
99822,https://jasoseol.com/recruit/99822,삼양그룹,2025년 9월 신입사원 수시채용,big_business,https://recruit-samyang.com/,2025-09-03T00:00:00.000+09:00,2025-09-21T23:59:00.000+09:00,0,0,False,False,66812,1843,2407,1230,3252,9469,6,[대졸신입/Junior Career]설비관리 | [대졸신입/Junior Career]안전관리 | [대졸신입/Junior Career]시각디자인 | [Global Talent/Junior Career]설비구매 | [Global Talent/Junior Career]포장재구매 | [전문연구요원]친환경 소재 R&D(석사),https://daoift3qrrnil.cloudfront.net/company_groups/images/000/003/252/webp/SAMYANG_LOGOTYPE_PRIMARY_VERSION_RGB_POSITIVE.webp?1728027832,1,https://daoift3qrrnil.cloudfront.net/content_images/images/000/322/167/webp/2025-9%EC%9B%94-%EC%88%98%EC%8B%9C%EC%B1%84%EC%9A%A9-%EA%B3%B5%EA%B3%A0%EB%AC%B8.webp?1756713347,,2025-09-01T16:59:21.000+09:00,2025-09-03T00:00:02.000+09:00,2026-08-31
99823,https://jasoseol.com/recruit/99823,NH투자증권,2026- 2027년 해외대 신입사원 채용,big_business,https://nhqv-recruit2025.com/?utm_source=jasoseol&utm_medium=cpc,2025-09-01T17:00:00.000+09:00,2025-09-19T17:00:00.000+09:00,0,0,False,False,98230,604,424,238,5534,11921,4,IB 기업금융 | IB 대체투자 | 본사영업 | 리서치,https://daoift3qrrnil.cloudfront.net/company_groups/images/000/005/534/webp/NH_Investment___Securities_Logo_%28KOR%29.svg.webp?1700632237,1,https://daoift3qrrnil.cloudfront.net/content_images/images/000/323/008/webp/NH%E1%84%90%E1%85%AE%E1%84%8C%E1%85%A1%E1%84%8C%E1%85%B3%E1%86%BC%E1%84%80%E1%85%AF%E1%86%AB_25%E1%84%92%E1%85%A1_%E1%84%92%E1%85%A2%E1%84%8B%E1%85%AC%E1%84%83%E1%85%A2_%E1%84%8B%E1%85%B0%E1%86%B8%E1%84%91%E1%85%B3%E1%86%AF%E1%84%85%E1%85%A1%E1%84%8B%E1%85%B5%E1%84%8B%E1%85%A5_0905_F.webp?1757047675,,2025-09-01T17:38:26.000+09:00,2025-09-01T17:42:09.000+09:00,2026-08-31
99827,https://jasoseol.com/recruit/99827,코카콜라음료,양산공장 품질보증(QA) 신입사원 채용,big_business,https://careers.lg.com,2025-09-01T08:00:00.000+09:00,2025-09-10T23:00:00.000+09:00,0,4,False,False,19780,285,472,176,1741,5632,1,품질보증(QA),https://daoift3qrrnil.cloudfront.net/company_groups/images/000/001/741/webp/%E1%84%89%E1%85%B3%E1%84%8F%E1%85%B3%E1%84%85%E1%85%B5%E1%86%AB%E1%84%89%E1%85%A3%E1%86%BA_2021-04-12_%E1%84%8B%E1%85%A9%E1%84%92%E1%85%AE_2.12.50.webp?1684485582,1,https://daoift3qrrnil.cloudfront.net/content_images/images/000/322/241/webp/_%EC%BD%94%EC%B9%B4%EC%BD%9C%EB%9D%BC%EC%9D%8C%EB%A3%8C__%EC%96%91%EC%82%B0%EA%B3%B5%EC%9E%A5_%ED%92%88%EC%A7%88%EB%B3%B4%EC%A6%9D%28QA%29_%EC%B1%84%EC%9A%A9%EA%B3%B5%EA%B3%A0%EB%AC%B8%28%EC%9E%90%EC%86%8C%EC%84%A4%EB%8B%B7%EC%BB%B4%29.webp?1756770999,,2025-09-02T08:59:13.000+09:00,2025-09-02T08:59:49.000+09:00,2026-08-31
99830,https://jasoseol.com/recruit/99830,비씨카드,2025년 하반기 신입 채용,big_business,https://recruit.kt.com/careers/226090,2025-09-05T00:00:00.000+09:00,2025-09-14T23:59:00.000+09:00,0,0,False,False,87149,4434,5954,4071,1386,5277,3,Biz(일반) | Biz(보훈특별채용) | AX/DX,https://daoift3qrrnil.cloudfront.net/company_groups/images/000/001/386/webp/art_1625036198761_a042ff.webp?1699328076,1,https://daoift3qrrnil.cloudfront.net/content_images/images/000/322/270/webp/FireShot_Capture_086_-__-___.webp?1756775339,,2025-09-02T10:16:40.000+09:00,2025-09-05T00:00:19.000+09:00,2026-08-31
99833,https://jasoseol.com/recruit/99833,우리자산운용,2025년 하반기 신입사원 공개채용,big_business,http://wooriam.incruit.com/hire/viewhire.asp?projectid=102,2025-09-03T09:00:00.000+09:00,2025-09-13T23:59:00.000+09:00,0,0,False,False,87676,961,551,456,13241,16559,2,채권 | ETF,https://daoift3qrrnil.cloudfront.net/company_groups/images/000/013/241/webp/SEO_img_1200X630_02.webp?1699497278,2,https://daoift3qrrnil.cloudfront.net/content_images/images/000/322/314/webp/%EC%9A%B0%EB%A6%AC%EC%9E%90%EC%82%B0%EC%9A%B4%EC%9A%A9_%EA%B3%B5%EA%B3%A0%EB%AC%B8.webp?1756781463 | https://daoift3qrrnil.cloudfront.net/content_images/images/000/323/713/webp/%EC%9D%80%ED%96%89%EA%B6%8C_%EC%9B%A8%EB%B9%84%EB%82%98_%EC%B1%84%EC%9A%A9%EA%B3%B5%EA%B3%A0_%ED%95%98%EB%8B%A8_%EB%B0%B0%EB%84%88-1.webp?1757486096,,2025-09-02T11:51:41.000+09:00,2025-09-03T09:00:02.000+09:00,2026-08-31
99839,https://jasoseol.com/recruit/99839,한화비전,2025 한화그룹 기계/서비스 부문 핵심인재 채용,big_business,https://hanwha-machineryservice.com/jobs/RC20250822020017,2025-09-01T00:00:00.000+09:00,2025-09-17T23:59:00.000+09:00,0,0,False,False,53807,1345,6244,930,2557,6448,4,한화비전_Core Track_ 한화비전 전략인재 | 한화비전_Future Track_한화비전 AI연구원 | 한화비전_Future Track_한화비전 Front/Back End Engineer | 한화비전_Future Track_한화비전 Edge Device/Window Application SW Engineer,https://daoift3qrrnil.cloudfront.net/company_groups/images/000/002/557/webp/News-Hanwha-Vision_thumbnail-1-600x405.webp?1684485922,1,https://daoift3qrrnil.cloudfront.net/content_images/images/000/322/331/webp/%ED%95%9C%ED%99%94%EA%B8%B0%EA%B3%84%EC%84%9C%EB%B9%84%EC%8A%A4_%EB%B9%84%EC%A0%84.webp?1756787656,,2025-09-02T13:35:10.000+09:00,2025-09-02T14:42:38.000+09:00,2026-08-31
99840,https://jasoseol.com/recruit/99840,한화세미텍,2025 기계/서비스 부문 핵심인재 채용,big_business,https://hanwha-machineryservice.com/jobs/RC20250828020216,2025-09-01T00:00:00.000+09:00,2025-09-17T23:59:00.000+09:00,0,0,False,False,50525,1100,5339,768,15736,20489,4,한화세미텍_core track_한화세미텍 전략인재 | 한화세미텍_Future Track_한화세미텍 기계 시스템 설계 | 한화세미텍_Future Track_한화세미텍 시스템 제어 설계 | 한화세미텍_Future Track_한화세미텍 반도체 패키징 공정 개발,https://daoift3qrrnil.cloudfront.net/company_groups/images/000/015/736/webp/jss_hashed_09ffaaa8f4727dd73c52_20250902T133723_1739171955017_69.webp?1756787845,1,https://daoift3qrrnil.cloudfront.net/content_images/images/000/322/334/webp/%ED%95%9C%ED%99%94%EA%B8%B0%EA%B3%84%EC%84%9C%EB%B9%84%EC%8A%A4_%EC%84%B8%EB%AF%B8%ED%85%8D.webp?1756787789,,2025-09-02T13:37:24.000+09:00,2025-09-02T14:43:13.000+09:00,2026-08-31
99841,https://jasoseol.com/recruit/99841,한화 모멘텀부문,2025 기계/서비스 부문 핵심인재 채용,big_business,https://hanwha-machineryservice.com/jobs/RC20250822020018,2025-09-01T00:00:00.000+09:00,2025-09-17T23:59:00.000+09:00,0,0,False,False,44232,1080,4595,727,14221,17721,2,한화모멘텀_Core Track_ 한화모멘텀 전략인재 | 한화모멘텀_Future Track_한화모멘텀 이차전지 소재/공정 개발,https://daoift3qrrnil.cloudfront.net/company_groups/images/000/014/221/webp/18150_16001_3250.webp?1684488660,1,https://daoift3qrrnil.cloudfront.net/content_images/images/000/322/335/webp/%ED%95%9C%ED%99%94%EA%B8%B0%EA%B3%84%EC%84%9C%EB%B9%84%EC%8A%A4_%EB%AA%A8%EB%A9%98%ED%85%80.webp?1756787935,,2025-09-02T13:39:13.000+09:00,2025-09-02T14:43:33.000+09:00,2026-08-31
99842,https://jasoseol.com/recruit/99842,한화호텔앤드리조트,2025 기계/서비스 부문 핵심인재 채용,big_business,https://hanwha-machineryservice.com/jobs/RC20250822020015,2025-09-01T00:00:00.000+09:00,2025-09-17T23:59:00.000+09:00,0,0,False,False,21176,707,1083,336,1112,5003,1,한화호텔앤드리조트_Core Track_한화호텔앤드리조트 전략인재,https://daoift3qrrnil.cloudfront.net/company_groups/images/000/001/112/webp/671163790_6065.webp?1699325021,1,https://daoift3qrrnil.cloudfront.net/content_images/images/000/322/336/webp/%ED%95%9C%ED%99%94%EA%B8%B0%EA%B3%84%EC%84%9C%EB%B9%84%EC%8A%A4_%ED%98%B8%ED%85%94%EC%95%A4%EB%93%9C%EB%A6%AC%EC%A1%B0%ED%8A%B8.webp?1756787978,,2025-09-02T13:40:00.000+09:00,2025-09-02T14:43:54.000+09:00,2026-08-31
99845,https://jasoseol.com/recruit/99845,한화갤러리아,2025 기계/서비스 부문 핵심인재 채용,big_business,https://hanwha-machineryservice.com/jobs/RC20250822020019,2025-09-01T00:00:00.000+09:00,2025-09-17T23:59:00.000+09:00,0,0,False,False,28524,679,1346,380,2519,6410,1,한화갤러리아 _Core Track_한화갤러리아 전략인재,https://daoift3qrrnil.cloudfront.net/company_groups/images/000/002/519/webp/__ED_95_9C_ED_99_94_EA_B0_A4_EB_9F_AC_EB_A6_AC_EC_95_84__CI__EA_B5_AD_EB_AC_B8.webp?1684485908,1,https://daoift3qrrnil.cloudfront.net/content_images/images/000/322/354/webp/%EC%9B%B9%EA%B3%B5%EA%B3%A0%EB%AC%B8_V3.webp?1756791474,,2025-09-02T14:38:29.000+09:00,2025-09-02T14:44:20.000+09:00,2026-08-31
99849,https://jasoseol.com/recruit/99849,코오롱생명과학,2025년 하반기 정기채용,big_business,https://dream.kolon.com/,2025-09-03T00:00:00.000+09:00,2025-09-16T23:59:00.000+09:00,0,0,False,False,69450,853,1156,688,2460,6351,11,[코오롱생명과학]Chemical 분석평가 | [코오롱생명과학]공정개발 | [코오롱생명과학]임상개발 | [코오롱생명과학]임상개발 | [코오롱생명과학]안전관리 | [코오롱생명과학]생산기술 | [코오롱생명과학]QA DI | [코오롱생명과학]품질관리 | [코오롱바이오텍]QC | [코오롱바이오텍]MSAT | [코오롱바이오텍]MSAT,https://daoift3qrrnil.cloudfront.net/company_groups/images/000/002/460/webp/qg9p8u_qfew-1kki2i0_logo.webp?1684485881,2,https://daoift3qrrnil.cloudfront.net/content_images/images/000/322/365/webp/_%EC%BD%94%EC%98%A4%EB%A1%B1%EC%83%9D%EB%AA%85%EA%B3%BC%ED%95%99__2025%EB%85%84_%ED%95%98%EB%B0%98%EA%B8%B0_%EC%A0%95%EA%B8%B0%EC%B1%84%EC%9A%A9_%EA%B3%B5%EA%B3%A0%EB%AC%B8_%281%29.webp?1756795583 | https://daoift3qrrnil.cloudfront.net/content_images/images/000/324/793/webp/0916_LG_%EA%B3%B5%EA%B3%A0_%ED%95%98%EB%8B%A8_%EB%B0%B0%EB%84%88.webp?1758009940,,2025-09-02T15:50:47.000+09:00,2025-09-03T00:00:02.000+09:00,2026-08-31
99852,https://jasoseol.com/recruit/99852,현대해상화재보험,2025 대졸 신입사원 채용,big_business,https://hi.recruiter.co.kr/career/jobs/82794,2025-09-12T09:00:00.000+09:00,2025-09-29T18:00:00.000+09:00,0,0,False,False,235352,4336,5265,3679,2118,6009,7,디지털/데이터분석 | IT/정보보호 | 보험계리/수리 | 자산운용 | 기업보험 | 점포영업관리 | 손해사정,https://daoift3qrrnil.cloudfront.net/company_groups/images/000/002/118/webp/714466042_2217.webp?1699946701,2,https://daoift3qrrnil.cloudfront.net/content_images/images/000/323/726/webp/2025%EB%85%84_%EB%8C%80%EC%A1%B8_%EC%8B%A0%EC%9E%85%EC%82%AC%EC%9B%90_%EC%B1%84%EC%9A%A9%28Key_Visual_%EC%A0%81%EC%9A%A9%29_3.%EC%B1%84%EC%9A%A9%ED%99%88%ED%8E%98%EC%9D%B4%EC%A7%80_%EB%AA%A8%EC%A7%91%EC%9A%94%EA%B0%95_%281%29.webp?1757487868 | https://daoift3qrrnil.cloudfront.net/content_images/images/000/323/752/webp/%EC%9D%80%ED%96%89%EA%B6%8C_%EC%9B%A8%EB%B9%84%EB%82%98_%EC%B1%84%EC%9A%A9%EA%B3%B5%EA%B3%A0_%ED%95%98%EB%8B%A8_%EB%B0%B0%EB%84%88-1.webp?1757489910,,2025-09-02T16:06:40.000+09:00,2025-09-12T09:00:00.000+09:00,2026-08-31
99859,https://jasoseol.com/recruit/99859,GS건설,2025년 하반기 신입사원 모집,big_business,https://gsenc.recruiter.co.kr/career/apply?utm_source=jasoseol&utm_medium=banner&utm_campaign=2509gsenc&utm_content=pluspack,2025-09-08T00:00:00.000+09:00,2025-09-21T23:00:00.000+09:00,0,0,False,False,156251,5799,9853,5031,175,4066,40,조달_토건구매 | 데이터_AI Engineer | 데이터_Data 기획 | 데이터_Solution(IT System) 운영기획 | 플랜트_사업기획 | 플랜트_사업관리 | 플랜트_계약관리 | 플랜트_HVAC견적 | 플랜트_견적(전기/계장) | 플랜트_영업 | 플랜트_환경사업관리 | 플랜트_환경민자운영 | 건축·주택_주택영업 | 인프라_견적(Grid) | 신사업_신사업기획 | 신사업_투자리서치 | 개발사업_국내개발 | 안전_현장안전 | 플랜트_SMP시공 | 플랜트_E&I시공 | 플랜트_시운전 | 건축·주택_건축시공 | 건축·주택_전기시공 | 건축·주택_설비시공 | 인프라_토목시공 | 플랜트_공정안전 | 플랜트_공정설계 | 플랜트_발전설계(기계) | 플랜트_발전설계(계장) | 플랜트_환경설계 | 플랜트_기계설계(Combustion) | 플랜트_건축설계 | 인프라_설계(Grid) | Prefab사업_모듈러건축설계 | 재무_현장관리 | 재무_재무 | 미래기술_BIM | 미래기술_인프라구조R&D | 미래기술_상하수도R&D | 미래기술_터널 및 지하공간 R&D,https://daoift3qrrnil.cloudfront.net/company_groups/images/000/000/175/webp/224ECE4952E325910A.webp?1698998157,2,https://daoift3qrrnil.cloudfront.net/content_images/images/000/323/203/webp/0908_GS%EA%B1%B4%EC%84%A4_%EC%9B%B9%ED%94%8C%EB%9D%BC%EC%9D%B4%EC%96%B4_v4.webp?1757296033 | https://daoift3qrrnil.cloudfront.net/content_images/images/000/324/792/webp/0916_LG_%EA%B3%B5%EA%B3%A0_%ED%95%98%EB%8B%A8_%EB%B0%B0%EB%84%88.webp?1758009892,,2025-09-02T17:22:02.000+09:00,2025-09-03T15:37:32.000+09:00,2026-08-31
99874,https://jasoseol.com/recruit/99874,하나카드,2025년 신입직원 채용,big_business,https://hanacard.incruit.com/,2025-09-05T15:00:00.000+09:00,2025-09-19T17:00:00.000+09:00,0,0,False,False,145765,4694,5908,3413,6950,13351,1,카드업 일반,https://daoift3qrrnil.cloudfront.net/company_groups/images/000/006/950/webp/425059_251176_1747.webp?1700202194,2,https://daoift3qrrnil.cloudfront.net/content_images/images/000/322/628/webp/%EC%9D%B8%ED%81%AC%EB%A3%A8%ED%8A%B8_%ED%95%98%EB%82%98%EC%B9%B4%EB%93%9C_%EC%B1%84%EC%9A%A9_%EA%B3%B5%EA%B3%A0%EB%AC%B8_%281%29.webp?1756945639 | https://daoift3qrrnil.cloudfront.net/content_images/images/000/323/750/webp/%EC%9D%80%ED%96%89%EA%B6%8C_%EC%9B%A8%EB%B9%84%EB%82%98_%EC%B1%84%EC%9A%A9%EA%B3%B5%EA%B3%A0_%ED%95%98%EB%8B%A8_%EB%B0%B0%EB%84%88-1.webp?1757489707,,2025-09-03T15:27:39.000+09:00,2025-09-05T15:00:27.000+09:00,2026-08-31
99877,https://jasoseol.com/recruit/99877,LG에너지솔루션,2025년 9월 신입사원 수시채용,big_business,https://careers.lg.com/apply/detail?id=1000807,2025-09-03T15:00:00.000+09:00,2025-09-10T23:00:00.000+09:00,0,0,False,False,111739,2908,10299,3728,11672,15474,52,"[자동차전지개발센터] Cell개발(각형전지) | [자동차전지개발센터] 공정기술(각형전지) | [자동차전지개발센터] 설비기술(각형전지) | [ESS전지사업부] Cell개발 | [ESS전지사업부] Pack개발 | [ESS전지사업부] BMS HW | [ESS전지사업부] BMS SW | [ESS전지사업부] System개발 | [소형전지사업부] 원통형Cell개발 | [소형전지사업부] 파우치형Cell개발 | [소형전지사업부] 원통형Pack개발 | [소형전지사업부] 생산운영(Cell) | [소형전지사업부] 설비관리(전극) | [소형전지사업부] 수주/양산영업 | [CTO] 양극재기술 | [CTO] 소재기술 | [CTO] Cell기반기술 | [CTO] Pack/Module설계 | [CTO] Pack/Module 안전성 선행 설계 | [CTO] 시뮬레이션 | [CTO] BMS HW개발 | [CTO] BMS SW개발 | [CTO] BMS 알고리즘 개발 | [CTO] Data Engineering 개발 | [CTO] Data Engineering 검증 | [CTO] BMS 기능안전 | [CTO] 차세대전지_Pack System 선행개발 | [CTO] 차세대전지_패키징 폼팩터 개발 | [CTO] 차세대전지_황화물전고체전지 | [CTO] 바이폴라전지 | [CPO] 설비기술(전극) | [CPO] 공정기술(전극) | [CPO] 제품기술(전극) | [CPO] 생산기술기획 | [CPO] 제품기술(파우치) | [CPO] 설비기술(파우치) | [CPO] 공정기술(파우치) | [CPO] 검사기술(원통형) | [CPO] 제품기술(원통형) | [CPO] 공정기술(원통형.조립/와인더) | [CPO] 공정기술(원통형.활성화) | [CPO] 설비기술(원통형) | [CPO] 원통형DX | [CPO] 요소기술(용접) | [CPO] 제조지능화(원격기술) | [CPO] 공정기술(Pack) | [CPO] 설비기술(Pack, 제어) | [CPO] 기술전략 | [CDO] 제조DX솔루션 | [CDO] 예지보전(FDC) | [CDO] 자동보정 | [CDO] 품질DX",https://daoift3qrrnil.cloudfront.net/company_groups/images/000/011/672/webp/LG%EC%97%90%EB%84%88%EC%A7%80%EC%86%94%EB%A3%A8%EC%85%98_CI-01.webp?1684488078,1,https://daoift3qrrnil.cloudfront.net/content_images/images/000/322/550/webp/%EC%A0%9C%EB%AA%A9_%EC%97%86%EC%9D%8C-1_%283%29.webp?1756881364,,2025-09-03T15:42:42.000+09:00,2025-09-03T16:20:48.000+09:00,2026-08-31
99918,https://jasoseol.com/recruit/99918,kt cloud,2025년 신입사원 공개채용,big_business,https://career.ktcloud.com/,2025-09-08T00:00:00.000+09:00,2025-09-24T17:00:00.000+09:00,0,0,False,False,134322,3645,5588,3183,13315,16644,7,IT직군_SW 개발 | IT직군_Cloud 보안 | IT직군_IT 인프라 운영 | Biz직군_영업/컨설팅 | Biz직군_사업관리 | Engineer직군_DC기술 | Staff직군_경영기획,https://daoift3qrrnil.cloudfront.net/company_groups/images/000/013/315/webp/kt_cloud_CI_01_%28Positive%29.webp?1695778397,1,https://daoift3qrrnil.cloudfront.net/content_images/images/000/322/788/webp/%28%EC%B5%9C%EC%A2%85%29_ktcloud_recruit_2nd.webp?1756972136,,2025-09-04T16:50:47.000+09:00,2025-09-08T00:00:10.000+09:00,2026-08-31
99919,https://jasoseol.com/recruit/99919,카카오,2026 신입크루 공채,big_business,http://www.kakaocorp.com/page/group/recruitment?t_src=jasoseol&t_ch=banner,2025-09-08T14:00:00.000+09:00,2025-09-28T23:59:00.000+09:00,0,0,False,False,212534,9956,18490,12378,2940,8204,58,카카오_Tech_Tech 공통 | 카카오_Service & Business_MD | 카카오_Service & Business_AI 서비스 기획 | 카카오_Design_Product Design | 카카오_Staff_PR | 카카오_Staff_재무 | 카카오_Staff_HR | 카카오게임즈_테크_기술PM | 카카오게임즈_테크_DBA | 카카오게임즈_테크_데이터 | 카카오게임즈_테크_서비스개발 | 카카오게임즈_서비스비즈_플랫폼/서비스기획 | 카카오게임즈_서비스비즈_PC/콘솔 PM | 카카오게임즈_서비스비즈_운영PM | 카카오게임즈_서비스비즈_캐주얼 모바일 | 카카오게임즈_서비스비즈_수집형·서브컬쳐 모바일 | 카카오게임즈_서비스비즈_마케팅 | 카카오게임즈_서비스비즈_사업지원 | 카카오게임즈_서비스비즈_MMORPG 모바일 | 카카오게임즈_스태프_GA | 카카오게임즈_스태프_대외협력 | 카카오게임즈_스태프_재무 | 카카오게임즈_스태프_HR | 카카오모빌리티_Backend Engineer | 카카오모빌리티_Android Engineer | 카카오모빌리티_Data Engineer | 카카오모빌리티_Data Analytics Engineer | 카카오모빌리티_사업기획자 | 카카오뱅크_서버 개발자 | 카카오엔터테인먼트_Biz & Service_음악 콘텐츠 계약 관리/정산 | 카카오엔터테인먼트_Biz & Service_디지털컨텐츠 운영/관리 | 카카오엔터테인먼트_Biz & Service_티케팅 기획/운영 | 카카오엔터테인먼트_Biz & Service_음악 마케팅 | 카카오엔터테인먼트_Biz & Service_멜론(Melon) 사업 마케팅 | 카카오엔터테인먼트_Biz & Service_멜론(Melon) 브랜드/서비스 마케팅 | 카카오엔터테인먼트_Biz & Service_멜론(Melon) 서비스기획 | 카카오엔터테인먼트_Biz & Service_멜론(Melon) 음악DB 기획/운영 | 카카오엔터테인먼트_Biz & Service_카카오페이지 Growth & CRM | 카카오엔터테인먼트_Biz & Service_카카오페이지·웹툰 콘텐츠마케팅 | 카카오엔터테인먼트_Biz & Service_베리즈(Berriz) 플랫폼기획 | 카카오엔터테인먼트_Biz & Service_IP 커머스 사업 | 카카오엔터테인먼트_Biz & Service_광고사업 | 카카오엔터테인먼트_Tech_AI Research Scientist | 카카오엔터테인먼트_Tech_Soft Engineering | 카카오엔터테인먼트_Tech_AI 서비스기획 | 카카오엔터테인먼트_Corporate_회계/세무 | 카카오엔터테인먼트_Corporate_투자전략/IR | 카카오엔터테인먼트_Corporate_경영기획 | 카카오엔터테인먼트_Corporate_HRM | 카카오엔터테인먼트_Corporate_HRD/OD | 카카오페이_테크_BE | 카카오페이_테크_FE | 카카오페이_프로덕트 매니저 | 카카오페이_스탭_HR | 카카오페이_스탭_재무 | 카카오페이_비즈니스_플랫폼비즈 | 카카오페이_비즈니스_보험 | 카카오페이_비즈니스_마케팅,https://daoift3qrrnil.cloudfront.net/company_groups/images/000/002/940/webp/kakao_ci_screen.webp?1684486061,2,https://daoift3qrrnil.cloudfront.net/content_images/images/000/323/086/webp/%E2%98%85%EC%B9%B4%EC%B9%B4%EC%98%A4%EA%B7%B8%EB%A3%B9_%EC%8B%A0%EC%9E%85%ED%81%AC%EB%A3%B9_%EA%B3%B5%EC%B1%84_%EC%9B%B9%EA%B3%B5%EA%B3%A0%EB%AC%B8.webp?1757058052 | https://daoift3qrrnil.cloudfront.net/content_images/images/000/323/470/webp/%E1%84%83%E1%85%A9%E1%84%85%E1%85%B5%E1%84%91%E1%85%B5%E1%84%8B%E1%85%A6%E1%86%B7_%E1%84%8F%E1%85%A1%E1%84%8F%E1%85%A1%E1%84%8B%E1%85%A9_%E1%84%80%E1%85%A9%E1%86%BC%E1%84%80%E1%85%A9_%E1%84%92%E1%85%A1%E1%84%83%E1%85%A1%E1%86%AB_%E1%84%87%E1%85%A2%E1%84%82%E1%85%A5.webp?1757393028,,2025-09-04T17:02:39.000+09:00,2025-09-08T14:00:13.000+09:00,2026-08-31
99928,https://jasoseol.com/recruit/99928,GS리테일,2025 하반기 신입사원 공개채용,big_business,https://gsretail.recruiter.co.kr/career/job,2025-09-05T12:00:00.000+09:00,2025-09-19T17:00:00.000+09:00,0,0,False,False,96208,2359,2434,2059,904,4795,5,"편의점(일반)_편의점 영업관리(OFC) | 편의점(스펙초월)_편의점 영업관리(OFC) | 편의점(캠퍼스리크루팅)_편의점 영업관리(OFC) | 수퍼_수퍼 점포영업담당 | 홈쇼핑_MD, PD",https://daoift3qrrnil.cloudfront.net/company_groups/images/000/000/904/webp/%EC%84%B8%EB%A1%9C%EC%A1%B0%ED%95%A9_GSRetail_%281%29.webp?1684485284,1,https://daoift3qrrnil.cloudfront.net/content_images/images/000/323/019/webp/25%ED%95%98_GS%EB%A6%AC%ED%85%8C%EC%9D%BC_%EC%8B%A0%EC%9E%85%EC%B1%84%EC%9A%A9_%EA%B3%B5%EA%B3%A0%EB%AC%B8%28%EA%B3%B5%ED%86%B5%29_%EC%B5%9C%EC%A2%85_%282%29_QR_%EC%B1%84%EC%9A%A9%EC%82%AC%EC%9D%B4%ED%8A%B8.webp?1757049601,,2025-09-05T09:52:46.000+09:00,2025-09-05T13:43:49.000+09:00,2026-08-31
99934,https://jasoseol.com/recruit/99934,LS그룹,신입/경력 수시 채용 ,big_business,https://litt.ly/ls_careers,2025-09-08T00:00:00.000+09:00,2025-09-28T23:59:00.000+09:00,0,0,False,False,177477,2964,7197,2105,14058,17465,23,[LS전선]전기/전자 | [LS전선]재료/분석/신뢰성 | [LS전선]기계 | [LS전선]금속/복합재료 | [LS전선]초전도 | [LS Mtron]연구개발_트랙터 유압 개발 | [LS Mtron]HR | [LS Mtron]해외영업 | [LS Mtron]법인지원 | [LS Mtron]S&OP | [LS Mtron]제품 디자인 | [LS Mtron]연구개발_트랙터 엔진 시험 및 성능 개발 | [LS Mtron]품질_트랙터 해외법인 품질 대응 | [LS Mtron]품질_트랙터 부품 품질관리 | [LS Mtron]영업 | [LS Mtron]신사업_경력 10년이상 | [LS Mtron]신사업_경력 5년 이상 | [LS Mtron]제품개발설계 | [LS Mtron]품질_방산품 품질관리 및 품질보증 | [LS E-Link]안전관리 | [LS E-Link]사업개발 | [LS E-Link]IT전산 | [LS E-Link]경영지원,https://daoift3qrrnil.cloudfront.net/company_groups/images/000/014/058/webp/LS_group_CI.webp?1684488624,1,https://daoift3qrrnil.cloudfront.net/content_images/images/000/324/414/webp/_LS%EA%B7%B8%EB%A3%B9__9%EC%9B%94_%ED%86%B5%ED%95%A9_%EC%B1%84%EC%9A%A9_LS%EA%B7%B8%EB%A3%B9_%ED%86%B5%ED%95%A9%28%EC%9A%94%EC%95%BD%29%EC%9B%B9%ED%94%8C%EB%9D%BC%EC%9D%B4%EC%96%B4_v5.webp?1757915888,,2025-09-05T11:32:20.000+09:00,2025-09-08T00:00:10.000+09:00,2026-08-31
99939,https://jasoseol.com/recruit/99939,드림라인,네트워크 기술 신입사원 모집,big_business,https://www.saramin.co.kr/zf_user/jobs/relay/view?isMypage=no&rec_idx=51742090&recommend_ids=eJxVjrsRw1AIBKtxzvE4PrEKUf9dGDsQKCDY2VmACEjPncAnLsLNqLhL9I9wkbTHMvOgBk26nlZLwad1ZZqO9XJbNiNwdivH1%2BZkLWttB0P6jRxLi%2BBGr3UXxfJ1iMfq1e5VURAZFPYvP%2FwCFGE%2F2w%3D%3D&view_type=mail_landing&gz=1&relayNonce=382a40e37fd6d45b310f&immediately_apply_layer_open=n#seq=0,2025-09-05T13:26:00.000+09:00,2025-09-17T16:16:28.000+09:00,0,4,False,False,5283,58,79,19,2937,8192,1,네트워크 기술,https://daoift3qrrnil.cloudfront.net/company_groups/images/000/002/937/webp/%EB%93%9C%EB%A6%BC%EB%9D%BC%EC%9D%B8_CI_%28%EB%B0%94%ED%83%95%ED%88%AC%EB%AA%85_%EA%B2%80%EC%9D%80%EC%83%89%EA%B8%80%EC%94%A8%29.webp?1684486060,1,https://daoift3qrrnil.cloudfront.net/content_images/images/000/323/002/webp/%EC%9E%90%EC%86%8C%EC%84%A4%EB%8B%B7%EC%BB%B4_%EB%84%A4%ED%8A%B8%EC%9B%8C%ED%81%AC%EA%B8%B0%EC%88%A0%ED%8C%80_%EA%B3%B5%EA%B3%A0%28%EC%8B%A0%EC%9E%852%29.webp?1757046592,,2025-09-05T13:36:04.000+09:00,2025-09-05T13:36:42.000+09:00,2026-08-31
99972,https://jasoseol.com/recruit/99972,CJ제일제당(식품/공통부문),Future Marketer League,big_business,https://cjleague.kr/,2025-09-10T11:00:00.000+09:00,2025-09-24T17:00:00.000+09:00,0,0,False,False,12929,209,80,63,15773,20545,2,Product Marketing | Digital Marketing,https://daoift3qrrnil.cloudfront.net/company_groups/images/000/015/773/webp/jss_hashed_74f35ab9a1bd6d2f0908_20251020T175724_CJ%EC%A0%9C%EC%9D%BC%EC%A0%9C%EB%8B%B9%28%EC%A3%BC%29_1675051483_185x72.webp?1760950644,1,https://daoift3qrrnil.cloudfront.net/content_images/images/000/323/581/webp/CJ%EC%A0%9C%EC%9D%BC%EC%A0%9C%EB%8B%B9_%ED%93%A8%EB%A7%88%EB%A6%AC3%EA%B8%B0_%EC%9B%B9%ED%94%8C%EB%9D%BC%EC%9D%B4%EC%96%B4_%EC%B5%9C%EC%A2%85.webp?1757461433,,2025-09-08T16:41:10.000+09:00,2025-09-10T11:00:00.000+09:00,2026-08-31
99976,https://jasoseol.com/recruit/99976,아마존웹서비스,2026 신입 채용,big_business,https://amazon.jobs/en/search?base_query=auta-kr&loc_query=,2025-09-08T16:25:00.000+09:00,2025-11-07T23:59:00.000+09:00,1,4,False,False,70000,987,761,262,5006,11389,2,"Professional Services 신입사원, A2C | Demand Generation Representatives(Sales) 신입사원",https://daoift3qrrnil.cloudfront.net/company_groups/images/000/005/006/webp/Amazon-Web-Services-AWS-Logo-Transparent-PNG.webp?1709600298,1,https://daoift3qrrnil.cloudfront.net/business_employment_companies/images/000/048/664/original/AWS_logo_RGB.png?1757316921,,2025-09-08T17:08:45.000+09:00,2025-09-08T17:14:32.000+09:00,2026-08-31
99980,https://jasoseol.com/recruit/99980,한화에어로스페이스,2025년 하반기 신입사원 채용(정규직/채용연계형 인턴),big_business,https://hanwhaaerospace-recruit.com/?utm_source=jasoseol&utm_medium=cpc_page&utm_campaign=hanwhaaerospace_3Q_recruit&utm_id=2025_hanwhaaerospace_3Q_recruit,2025-09-15T15:00:00.000+09:00,2025-10-14T10:00:00.000+09:00,0,0,False,False,378722,12085,31640,10989,4216,10553,14,R&D | 제조/생산기술 | 품질 | 구매 | 사업관리 | 재무 | 경영관리 | 방산원가 | 인사 | 안전/환경 | R&D | 사업관리 | 재무 | 인사,https://daoift3qrrnil.cloudfront.net/company_groups/images/000/004/216/webp/news-p.v1.20221031.6c2eb1acddb1475d8522211403fe576e_P1.webp?1700665842,1,https://daoift3qrrnil.cloudfront.net/content_images/images/000/325/584/webp/25%ED%95%98_09_%ED%95%9C%ED%99%94%EC%97%90%EC%96%B4%EB%A1%9C%EC%8A%A4%ED%8E%98%EC%9D%B4%EC%8A%A4_%EC%9B%B9%ED%94%8C%EB%9D%BC%EC%9D%B4%EC%96%B4_V10.webp?1758238014,,2025-09-09T09:44:05.000+09:00,2025-09-09T09:50:06.000+09:00,2026-08-31
99984,https://jasoseol.com/recruit/99984,CJ 4DPLEX,2025 하반기 신입사원 모집,big_business,https://recruit.cj.net/recruit/ko/recruit/recruit/detail.fo?zz_jo_num=8411,2025-09-10T11:00:00.000+09:00,2025-09-24T17:00:00.000+09:00,0,0,False,False,52767,610,612,407,4919,11302,6,SCREENX PD | 글로벌 배급 | IMC 마케팅 | ALT콘텐츠 마케팅 | 상품 기획 | 재무,https://daoift3qrrnil.cloudfront.net/company_groups/images/000/004/919/webp/640px-CJ_4DPLEX_logo.webp?1700662198,1,https://daoift3qrrnil.cloudfront.net/content_images/images/000/325/466/webp/%ED%8F%AC%EB%94%94%ED%94%8C%EB%A0%89%EC%8A%A4_%EA%B3%B5%EA%B3%A0%EC%9D%B4%EB%AF%B8%EC%A7%80_0918_%EC%8D%B8%EB%84%A4%EC%9D%BC%EC%88%98%EC%A0%95.webp?1758171238,,2025-09-09T13:11:29.000+09:00,2025-09-10T11:00:11.000+09:00,2026-08-31
99989,https://jasoseol.com/recruit/99989,CJ올리브네트웍스,2025 하반기 신입사원 모집,big_business,https://recruit.cj.net/recruit/ko/recruit/recruit/detail.fo?zz_jo_num=8410,2025-09-10T11:00:00.000+09:00,2025-09-24T17:00:00.000+09:00,0,0,False,False,132963,2183,4589,1910,736,4627,10,BUSINESS SYSTEM ENGINEER | ERP SYSTEM ENGINEER | SOFTWARE ENGINEER | SECURITY ENGINEER | AI ENGINEER | DATA ENGINEER | CLOUD SERVICE ENGINEER | NETWORK SERVICE ENGINEER | INFRA SERVICE ENGINEER  | 인사 ,https://daoift3qrrnil.cloudfront.net/company_groups/images/000/000/736/webp/ci_Bioetc._01.webp?1699318022,1,https://daoift3qrrnil.cloudfront.net/content_images/images/000/325/471/webp/%E1%84%8B%E1%85%A9%E1%86%AF%E1%84%85%E1%85%B5%E1%84%87%E1%85%B3%E1%84%82%E1%85%A6%E1%84%90%E1%85%B3%E1%84%8B%E1%85%AF%E1%86%A8%E1%84%89%E1%85%B3_%E1%84%80%E1%85%A9%E1%86%BC%E1%84%80%E1%85%A9%E1%84%8B%E1%85%B5%E1%84%86%E1%85%B5%E1%84%8C%E1%85%B5_0918_%E1%84%8A%E1%85%A5%E1%86%B7%E1%84%82%E1%85%A6%E1%84%8B%E1%85%B5%E1%86%AF%E1%84%89%E1%85%AE%E1%84%8C%E1%85%A5%E1%86%BC.webp?1758171672,,2025-09-09T16:01:09.000+09:00,2025-09-10T11:00:11.000+09:00,2026-08-31
99990,https://jasoseol.com/recruit/99990,이지스자산운용,제10기 신입사원 공개채용,big_business,https://igisam.recruiter.co.kr/career/jobs/83087,2025-09-11T00:00:00.000+09:00,2025-09-30T23:59:00.000+09:00,0,0,False,False,31093,1142,770,673,7432,13841,1,공통,https://daoift3qrrnil.cloudfront.net/company_groups/images/000/007/432/webp/pqpj0w_b9gd-2rxef2_logo.webp?1700199747,2,https://daoift3qrrnil.cloudfront.net/content_images/images/000/323/521/webp/%EC%9D%B4%EC%A7%80%EC%8A%A4%EC%9E%90%EC%82%B0%EC%9A%B4%EC%9A%A9_%EC%B1%84%EC%9A%A9%EA%B3%B5%EA%B3%A0_%ED%8F%AC%EC%8A%A4%ED%84%B0%28%EA%B3%A0%ED%95%B4%EC%83%81%EB%8F%84%29.webp?1757402412 | https://daoift3qrrnil.cloudfront.net/content_images/images/000/323/742/webp/%EC%9D%80%ED%96%89%EA%B6%8C_%EC%9B%A8%EB%B9%84%EB%82%98_%EC%B1%84%EC%9A%A9%EA%B3%B5%EA%B3%A0_%ED%95%98%EB%8B%A8_%EB%B0%B0%EB%84%88-1.webp?1757489395,,2025-09-09T16:20:35.000+09:00,2025-09-11T00:00:08.000+09:00,2026-08-31
99992,https://jasoseol.com/recruit/99992,CJ CGV,2025 하반기 신입사원 모집,big_business,https://recruit.cj.net/,2025-09-10T11:00:00.000+09:00,2025-09-24T17:00:00.000+09:00,0,0,False,False,142478,1401,1087,880,96,3987,5,재무 | 마케팅 | 콘텐츠기획 | 미디어광고영업 | 미디어상품기획,https://daoift3qrrnil.cloudfront.net/company_groups/images/000/000/096/webp/%E1%84%89%E1%85%B3%E1%84%8F%E1%85%B3%E1%84%85%E1%85%B5%E1%86%AB%E1%84%89%E1%85%A3%E1%86%BA_2017-05-02_%E1%84%8B%E1%85%A9%E1%84%92%E1%85%AE_12.01.10.webp?1684484637,1,https://daoift3qrrnil.cloudfront.net/content_images/images/000/325/472/webp/CGV_%E1%84%80%E1%85%A9%E1%86%BC%E1%84%80%E1%85%A9%E1%84%8B%E1%85%B5%E1%84%86%E1%85%B5%E1%84%8C%E1%85%B5_0918_%E1%84%8A%E1%85%A5%E1%86%B7%E1%84%82%E1%85%A6%E1%84%8B%E1%85%B5%E1%86%AF%E1%84%89%E1%85%AE%E1%84%8C%E1%85%A5%E1%86%BC.webp?1758171850,,2025-09-09T16:48:08.000+09:00,2025-09-10T11:00:11.000+09:00,2026-08-31
99993,https://jasoseol.com/recruit/99993,현대모비스,2025 하반기 신입채용,big_business,https://careers.mobis.com/,2025-09-08T10:00:00.000+09:00,2025-09-23T10:00:00.000+09:00,0,0,False,False,211022,8863,22823,10074,27,3918,40,전장BU_SW/로직_전방 영상 객체 인식 로직 개발 | 전장BU_SW/로직_BCU 시스템 개발 | 샤시안전BU_HW_조향 시스템/기구 | 샤시안전BU_HW_조향 전장 기구 | 샤시안전BU_HW_조향 전장 회로 | 샤시안전BU_HW_안전제어기 회로 | 샤시안전BU_SW/로직_조향 로직 | 샤시안전BU_SW/로직_안전제어기 SW | 샤시안전BU_R&D_안전제어기 시스템 | 샤시안전BU_R&D_조향 시작품 개발 | 샤시안전BU_영업/마케팅_제동 영업 | 서비스부품BU_HW_전장용품설계 | 서비스부품BU_품질_서비스부품품질 보증 | 서비스부품BU_물류_국내 재고기획 및 협력사 발주/납입관리 | 서비스부품BU_지원_데이터 분석 및 서비스부품운영시스템 개발 | 서비스부품BU_지원_노무관리 및 협력사관리 | 구매담당_구매/구매개발_구매원가분석 | 구매담당_구매/구매개발_램프부품구매 | 구매담당_구매/구매개발_원부자재구매 | 구매담당_구매/구매개발_상생협력추진 | 구매담당_구매/구매개발_배터리부품개발 | 구매담당_구매/구매개발_글로벌구매관리 | 품질담당_품질_품질 정보분석 | 품질담당_품질_IVI 시스템 평가 | 품질담당_품질_전동화 PV검증/평가(EMC) | 품질담당_품질_전동화 PV검증/평가(NVH) | 품질담당_품질_에어백시스템 신차품질 | 품질담당_품질_에어백시스템 품질보증 | 품질담당_품질_IVI/표시장치 품질보증 | 생산개발담당_생산_생산기술_조향부품 | 생산개발담당_생산_생산기술_제동부품 | 생산개발담당_생산_생산기술_제어기 | 기획담당_기획_전략기획 | 기획담당_기획_사업개발 | 기획담당_기획_사업관리 | 재경담당_재경_사전원가 | 경영지원담당_지원_생성형 AI서비스 연구/개발 | 경영지원담당_지원_AI/ML 데이터분석 | 법무담당_법무_컴플라이언스 | 안전보건담당_지원_안전보건관리,https://daoift3qrrnil.cloudfront.net/company_groups/images/000/000/027/webp/img_%285%29.webp?1698989843,1,https://daoift3qrrnil.cloudfront.net/content_images/images/000/326/013/webp/_7%EC%B0%A8_%ED%98%84%EB%8C%80%EB%AA%A8%EB%B9%84%EC%8A%A4_%EC%8B%A0%EC%9E%85%EA%B3%B5%EA%B3%A0_%EC%9B%B9%ED%94%8C%EB%9D%BC%EC%9D%B4%EC%96%B4%28%EA%B0%80%EB%A1%9C1200%29.webp?1758530900,,2025-09-09T16:50:57.000+09:00,2025-09-09T17:37:18.000+09:00,2026-08-31
99994,https://jasoseol.com/recruit/99994,CJ프레시웨이,2025 하반기 신입사원 모집,big_business,https://recruit.cj.net/recruit/ko/recruit/recruit/detail.fo?zz_jo_num=8414,2025-09-10T11:00:00.000+09:00,2025-09-24T17:00:00.000+09:00,0,0,False,False,85247,1540,2189,1492,279,4170,16,영업 | FS수주영업(Food Service) | MD | 글로벌MD | 식품R&D | 데이터분석 | 정보보안 | 물류기획 | 물류운영 | FS기획(Food Service) | 식품분석 | 품질보증 | 전략기획 | 리스크관리 | 사업관리 | 자금,https://daoift3qrrnil.cloudfront.net/company_groups/images/000/000/279/webp/kuk202111100365.webp?1698998673,1,https://daoift3qrrnil.cloudfront.net/content_images/images/000/325/460/webp/%E1%84%91%E1%85%B3%E1%84%85%E1%85%A6%E1%84%89%E1%85%B5%E1%84%8B%E1%85%B0%E1%84%8B%E1%85%B5_%E1%84%80%E1%85%A9%E1%86%BC%E1%84%80%E1%85%A9%E1%84%8B%E1%85%B5%E1%84%86%E1%85%B5%E1%84%8C%E1%85%B5_0918_%E1%84%8A%E1%85%A5%E1%86%B7%E1%84%82%E1%85%A6%E1%84%8B%E1%85%B5%E1%86%AF%E1%84%89%E1%85%AE%E1%84%8C%E1%85%A5%E1%86%BC.webp?1758170875,,2025-09-09T17:24:12.000+09:00,2025-09-10T11:00:11.000+09:00,2026-08-31
99998,https://jasoseol.com/recruit/99998,CJ제일제당(식품/공통부문),2025 하반기 식품/공통부문 신입사원 모집,big_business,https://recruit.cj.net/recruit/ko/recruit/recruit/detail.fo?zz_jo_num=8430,2025-09-10T11:00:00.000+09:00,2025-09-24T17:00:00.000+09:00,0,0,False,False,118439,3073,3531,3016,15773,20545,15,[R&D전형] R&D(식품) | [경영관리 전형] 경영관리 | [일반전형] 정보보안 | [일반전형] 온라인마케팅 | [일반전형] 콘텐츠마케팅 | [일반전형] HR | [일반전형] GLOBAL SALES | [일반전형] E-COMMERCE SALES | [일반전형] FOOD SALES(B2C/B2B) | [일반전형] 구매 | [일반전형] 곡물구매 | [일반전형] 생산기술 | [일반전형] QA/QC(서울/수도권) | [일반전형] QA/QC(충청) | [일반전형] 공무,https://daoift3qrrnil.cloudfront.net/company_groups/images/000/015/773/webp/jss_hashed_74f35ab9a1bd6d2f0908_20251020T175724_CJ%EC%A0%9C%EC%9D%BC%EC%A0%9C%EB%8B%B9%28%EC%A3%BC%29_1675051483_185x72.webp?1760950644,1,https://daoift3qrrnil.cloudfront.net/content_images/images/000/325/457/webp/CJ%EA%B7%B8%EB%A3%B9%28%EC%A0%9C%EC%9D%BC%EC%A0%9C%EB%8B%B9_%EC%8B%9D%ED%92%88%29_%EB%A7%88%EB%8D%94%EA%B3%B5%EA%B3%A0_200x-100.webp?1758170339,,2025-09-10T08:49:13.000+09:00,2025-09-10T11:00:00.000+09:00,2026-08-31
100001,https://jasoseol.com/recruit/100001,CJ대한통운(건설부문),2025 하반기 신입사원 모집,big_business,https://recruit.cj.net/recruit/ko/recruit/recruit/detail.fo?zz_jo_num=8419,2025-09-10T11:00:00.000+09:00,2025-09-24T17:00:00.000+09:00,0,0,False,False,67683,1356,1913,1178,14048,17455,9,건축시공 | 설비시공 | 전기시공 | 토목시공 | 안전관리 | 건축견적 | 환경영업 | 재무 | 인사,https://daoift3qrrnil.cloudfront.net/company_groups/images/000/014/048/webp/CJ%EB%8C%80%ED%95%9C%ED%86%B5%EC%9A%B4%28%EC%A3%BC%29-%EA%B1%B4%EC%84%A4%EB%B6%80%EB%AC%B8_1672046698_185x72_%281%29.webp?1684488623,1,https://daoift3qrrnil.cloudfront.net/content_images/images/000/325/455/webp/%E1%84%83%E1%85%A2%E1%84%92%E1%85%A1%E1%86%AB%E1%84%90%E1%85%A9%E1%86%BC%E1%84%8B%E1%85%AE%E1%86%AB%E1%84%80%E1%85%A5%E1%86%AB%E1%84%89%E1%85%A5%E1%86%AF_%E1%84%80%E1%85%A9%E1%86%BC%E1%84%80%E1%85%A9%E1%84%8B%E1%85%B5%E1%84%86%E1%85%B5%E1%84%8C%E1%85%B5_0918_%E1%84%8A%E1%85%A5%E1%86%B7%E1%84%82%E1%85%A6%E1%84%8B%E1%85%B5%E1%86%AF%E1%84%89%E1%85%AE%E1%84%8C%E1%85%A5%E1%86%BC.webp?1758170106,,2025-09-10T09:47:14.000+09:00,2025-09-10T11:00:11.000+09:00,2026-08-31
100002,https://jasoseol.com/recruit/100002,CJ제일제당(BIO),2025 하반기 신입사원 모집,big_business,https://recruit.cj.net/recruit/ko/recruit/recruit/detail.fo?zz_jo_num=8425,2025-09-10T11:00:00.000+09:00,2025-09-24T17:00:00.000+09:00,0,0,False,False,46582,1137,1259,825,14064,17471,8,[일반] GLOBAL SALES&MARKETING | [일반] SCM | [일반] 생산기술 | [R&D] 발효 | [R&D] 정제 | [R&D] AI | [R&D] 분석 | [R&D] REGULATORY SCIENCES,https://daoift3qrrnil.cloudfront.net/company_groups/images/000/014/064/webp/CJ_CheilJedang_Horizontal_%28KOR%29.webp?1694404097,1,https://daoift3qrrnil.cloudfront.net/content_images/images/000/325/458/webp/CJ%EA%B7%B8%EB%A3%B9%28%EC%A0%9C%EC%9D%BC%EC%A0%9C%EB%8B%B9_%EB%B0%94%EC%9D%B4%EC%98%A4%29_%EB%A7%88%EB%8D%94%EA%B3%B5%EA%B3%A0_200x-100.webp?1758170619,,2025-09-10T09:48:45.000+09:00,2025-09-10T11:00:11.000+09:00,2026-08-31
100003,https://jasoseol.com/recruit/100003,CJ대한통운,2025 하반기 신입사원 모집,big_business,https://recruit.cj.net/recruit/ko/recruit/recruit/detail.fo?zz_jo_num=8422,2025-09-10T11:00:00.000+09:00,2025-09-24T17:00:00.000+09:00,0,0,False,False,83983,1165,1966,1019,98,3989,6,일반전형_SCM | 일반전형_로봇/자동화 | 일반전형_AI・빅데이터 최적화 | 일반전형_재무/회계 | 글로벌 TRACK_글로벌SCM | 글로벌 TRACK_글로벌 사업관리/재무,https://daoift3qrrnil.cloudfront.net/company_groups/images/000/000/098/webp/_CJ2018_CJ_Logistics_CI_%EA%B5%AD%EB%AC%B8_%EA%B0%80%EB%A1%9C%ED%98%95.webp?1684484638,1,https://daoift3qrrnil.cloudfront.net/content_images/images/000/325/454/webp/cj%EB%8C%80%ED%95%9C%ED%86%B5%EC%9A%B4_%EB%A7%88%EB%8D%94_%EA%B3%B5%EA%B3%A0%EC%9D%B4%EB%AF%B8%EC%A7%80_0918_%EC%8D%B8%EB%84%A4%EC%9D%BC%EC%88%98%EC%A0%95_%281%29.webp?1758169965,,2025-09-10T09:48:52.000+09:00,2025-09-10T11:00:11.000+09:00,2026-08-31
100004,https://jasoseol.com/recruit/100004,CJ올리브영,2025 하반기 신입사원 모집,big_business,https://recruit.cj.net/recruit/ko/recruit/recruit/detail.fo?zz_jo_num=8432,2025-09-10T11:00:00.000+09:00,2025-09-24T17:00:00.000+09:00,0,0,False,False,104589,4111,5850,4986,11055,14863,28,MD | 상품개발BM | 운영BM | 면세영업 | 브랜딩전략 | 콘텐츠마케팅 | PB마케팅 | 상품마케팅 | 제휴마케팅 | 상품디자인 | 비주얼디자인 | VMD | 인테리어 | SCM | 백엔드개발 | 프론트엔드개발 | SRE | 서비스기획 | MD전략 | 온라인플랫폼전략 | 사업관리 | RA | 인사(HRM) | 글로벌MD(글로벌 전형) | 미주영업(글로벌 전형) | 아시아마케팅(글로벌 전형) | 미주마케팅(글로벌 전형) | 글로벌SCM(글로벌 전형),https://daoift3qrrnil.cloudfront.net/company_groups/images/000/011/055/webp/CJ_OliveYoung_Horizontal_Full_Color.webp?1727680574,1,https://daoift3qrrnil.cloudfront.net/content_images/images/000/325/464/webp/cj%EA%B7%B8%EB%A3%B9%28%EC%98%AC%EB%A6%AC%EB%B8%8C%EC%98%81%29_%EA%B3%B5%EA%B3%A0%EC%9D%B4%EB%AF%B8%EC%A7%80_0918.webp?1758171095,,2025-09-10T09:54:16.000+09:00,2025-09-10T11:00:11.000+09:00,2026-08-31
100005,https://jasoseol.com/recruit/100005,CJ ENM(엔터테인먼트),2025 하반기 신입사원 모집,big_business,https://recruit.cj.net/recruit/ko/recruit/recruit/detail.fo?zz_jo_num=8418,2025-09-10T11:00:00.000+09:00,2025-09-24T17:00:00.000+09:00,0,0,False,False,61029,1871,3409,2137,14059,17466,12,CREATOR-예능 제작PD | CREATOR-음악 제작PD | CREATOR-드라마 프로듀서 | 일반/글로벌-AI 콘텐츠 제작 | 일반/글로벌-콘텐츠마케팅(Mnet) | 일반/글로벌-플랫폼 사업운영 | 일반/글로벌-백엔드개발 | 일반/글로벌-iOS개발 | 일반/글로벌-데이터분석 | 일반/글로벌-전략기획 | 일반/글로벌-글로벌공연사업 | 일반/글로벌-글로벌음악제작,https://daoift3qrrnil.cloudfront.net/company_groups/images/000/014/059/webp/05._CJ_ENM%28E_M%29.webp?1684488624,1,https://daoift3qrrnil.cloudfront.net/content_images/images/000/325/456/webp/ENM%E1%84%8B%E1%85%A6%E1%86%AB%E1%84%90%E1%85%A5%E1%84%90%E1%85%A6%E1%84%8B%E1%85%B5%E1%86%AB%E1%84%86%E1%85%A5%E1%86%AB%E1%84%90%E1%85%B3%28%E1%84%86%E1%85%A1%E1%84%83%E1%85%A5%29_%E1%84%80%E1%85%A9%E1%86%BC%E1%84%80%E1%85%A9%E1%84%8B%E1%85%B5%E1%84%86%E1%85%B5%E1%84%8C%E1%85%B5_0918_%E1%84%8A%E1%85%A5%E1%86%B7%E1%84%82%E1%85%A6%E1%84%8B%E1%85%B5%E1%86%AF%E1%84%89%E1%85%AE%E1%84%8C%E1%85%A5%E1%86%BC.webp?1758170260,,2025-09-10T09:57:19.000+09:00,2025-09-10T11:00:11.000+09:00,2026-08-31
100006,https://jasoseol.com/recruit/100006,CJ푸드빌,2025 하반기 신입사원 모집,big_business,https://recruit.cj.net/recruit/ko/recruit/recruit/detail.fo?zz_jo_num=8413,2025-09-10T11:00:00.000+09:00,2025-09-24T17:00:00.000+09:00,0,0,False,False,48149,1687,1553,1393,1265,5156,15,프랜차이즈 영업 | 글로벌사업관리/운영지원 | 베이커리 마케팅 | STORE MANAGER | 외식 마케팅 | 외식 상품기획 | 외식R&D | 브랜드전략 | SCM운영 | 음)생산기술 | 음)생산관리 | 재무운영 | 전략기획 | IT전략/기획 | 인사(조직문화),https://daoift3qrrnil.cloudfront.net/company_groups/images/000/001/265/webp/CJ%ED%91%B8%EB%93%9C%EB%B9%8C-CI.webp?1684485389,1,https://daoift3qrrnil.cloudfront.net/content_images/images/000/325/465/webp/%E1%84%91%E1%85%AE%E1%84%83%E1%85%B3%E1%84%87%E1%85%B5%E1%86%AF_%E1%84%80%E1%85%A9%E1%86%BC%E1%84%80%E1%85%A9%E1%84%8B%E1%85%B5%E1%84%86%E1%85%B5%E1%84%8C%E1%85%B5_0918_%E1%84%8A%E1%85%A5%E1%86%B7%E1%84%82%E1%85%A6%E1%84%8B%E1%85%B5%E1%86%AF%E1%84%89%E1%85%AE%E1%84%8C%E1%85%A5%E1%86%BC.webp?1758171208,,2025-09-10T10:10:43.000+09:00,2025-09-10T11:00:11.000+09:00,2026-08-31
100007,https://jasoseol.com/recruit/100007,CJ ENM(커머스부문),2025 하반기 신입사원 모집,big_business,https://recruit.cj.net/recruit/ko/recruit/recruit/detail.fo?zz_jo_num=8415,2025-09-10T11:00:00.000+09:00,2025-09-24T17:00:00.000+09:00,0,0,False,False,38085,1195,846,767,97,3988,7,패션 MD | 일반MD | 콘텐츠 제작PD | 글로벌(MD) | 글로벌(PD) | 퍼포먼스마케팅 | 재무,https://daoift3qrrnil.cloudfront.net/company_groups/images/000/000/097/webp/%E2%98%85CJ-ENM-%EB%A1%9C%EA%B3%A0.webp?1684484638,1,https://daoift3qrrnil.cloudfront.net/content_images/images/000/325/463/webp/CJ%E1%84%80%E1%85%B3%E1%84%85%E1%85%AE%E1%86%B8%28ENM%E1%84%8F%E1%85%A5%E1%84%86%E1%85%A5%E1%84%89%E1%85%B3%29_%E1%84%80%E1%85%A9%E1%86%BC%E1%84%80%E1%85%A9%E1%84%8B%E1%85%B5%E1%84%86%E1%85%B5%E1%84%8C%E1%85%B5_0918_%E1%84%8A%E1%85%A5%E1%86%B7%E1%84%82%E1%85%A6%E1%84%8B%E1%85%B5%E1%86%AF%E1%84%89%E1%85%AE%E1%84%8C%E1%85%A5%E1%86%BC.webp?1758171074,,2025-09-10T10:14:46.000+09:00,2025-09-10T11:00:11.000+09:00,2026-08-31
100015,https://jasoseol.com/recruit/100015,키움증권,2025년 하반기 대졸 신입사원 공개채용,big_business,https://kiwoom.saramin.co.kr/,2025-09-15T10:00:00.000+09:00,2025-09-28T23:00:00.000+09:00,0,0,False,False,137311,4163,5331,3338,236,4127,7,리스크 투자심사 | 경영관리 | WM | IT | S&T | IB | 리서치,https://daoift3qrrnil.cloudfront.net/company_groups/images/000/000/236/webp/%ED%82%A4%EC%9B%80%EC%A6%9D%EA%B6%8C_%EB%A1%9C%EA%B3%A0.webp?1684484676,2,https://daoift3qrrnil.cloudfront.net/content_images/images/000/324/474/webp/%ED%82%A4%EC%9B%80%EC%A6%9D%EA%B6%8C%28%EC%84%A4%EB%AA%85%ED%9A%8Cx%29_%EB%B2%84%EC%A0%84_%EB%A7%81%ED%81%AC%EC%B6%94%EA%B0%80.webp?1757924954 | https://daoift3qrrnil.cloudfront.net/content_images/images/000/323/719/webp/%EC%9D%80%ED%96%89%EA%B6%8C_%EC%9B%A8%EB%B9%84%EB%82%98_%EC%B1%84%EC%9A%A9%EA%B3%B5%EA%B3%A0_%ED%95%98%EB%8B%A8_%EB%B0%B0%EB%84%88-1.webp?1757486505,,2025-09-10T14:00:57.000+09:00,2025-09-15T10:00:07.000+09:00,2026-08-31
100016,https://jasoseol.com/recruit/100016,두산건설,2025년 하반기 신입사원 공개채용,big_business,https://doosanenc.recruiter.co.kr/career/home,2025-09-19T10:00:00.000+09:00,2025-10-01T18:00:00.000+09:00,0,0,False,False,161130,2516,3634,2106,1959,5850,9,건축시공 | 기계시공 | 전기시공 | 토목시공 | 안전 | 현장관리 | 영업 | 재무 | 경영지원(노무사),https://daoift3qrrnil.cloudfront.net/company_groups/images/000/001/959/webp/%EB%91%90%EC%82%B0%EA%B1%B4%EC%84%A4-CI.webp?1697178289,1,https://daoift3qrrnil.cloudfront.net/content_images/images/000/327/047/webp/%EB%91%90%EC%82%B0%EA%B1%B4%EC%84%A4_2025_%ED%95%98%EB%B0%98%EA%B8%B0_%EA%B3%B5%EA%B0%9C%EC%B1%84%EC%9A%A9_%282%29.webp?1759195040,,2025-09-10T14:03:40.000+09:00,2025-09-19T10:00:17.000+09:00,2026-08-31
100017,https://jasoseol.com/recruit/100017,신한은행,2025년 하반기 일반직 신입행원 채용,big_business,https://shinhan.recruiter.co.kr/career/jobs/83061,2025-09-10T14:30:00.000+09:00,2025-09-22T14:00:00.000+09:00,0,0,False,False,160745,3659,4080,3807,164,4055,4,개인/기업금융-일반 | 개인/기업금융-일반-강원 | 개인/기업금융-일반-충북/충남/대전/세종 | 개인/기업금융-일반-전북/전남/광주,https://daoift3qrrnil.cloudfront.net/company_groups/images/000/000/164/webp/2._%EC%9D%80%ED%96%89_%EA%B5%AD%EB%AC%B8_%EC%83%81%ED%95%98%EC%A1%B0%ED%95%A9_Blue.webp?1684484653,2,https://daoift3qrrnil.cloudfront.net/content_images/images/000/323/688/webp/%EC%B1%84%EC%9A%A9_%EA%B3%B5%EA%B3%A0_%EC%9D%BC%EB%B0%98%EC%A7%81_%EC%8B%A0%EC%9E%85_%ED%96%89%EC%9B%90_%E2%80%932025_%ED%95%98%EB%B0%98%EA%B8%B0.webp?1757482784 | https://daoift3qrrnil.cloudfront.net/content_images/images/000/323/693/webp/%E1%84%8B%E1%85%B3%E1%86%AB%E1%84%92%E1%85%A2%E1%86%BC%E1%84%80%E1%85%AF%E1%86%AB_%E1%84%8B%E1%85%B0%E1%84%87%E1%85%B5%E1%84%82%E1%85%A1_%E1%84%8E%E1%85%A2%E1%84%8B%E1%85%AD%E1%86%BC%E1%84%80%E1%85%A9%E1%86%BC%E1%84%80%E1%85%A9_%E1%84%92%E1%85%A1%E1%84%83%E1%85%A1%E1%86%AB_%E1%84%87%E1%85%A2%E1%84%82%E1%85%A5-1.webp?1757483819,,2025-09-10T14:43:16.000+09:00,2025-09-10T14:44:30.000+09:00,2026-08-31
100025,https://jasoseol.com/recruit/100025,KB증권,2025년 4급 신입직원 공개채용,big_business,https://kbsec.recruiter.co.kr/,2025-09-11T10:00:00.000+09:00,2025-09-25T17:00:00.000+09:00,0,0,False,False,157744,4889,6518,4148,3013,8538,6,IB | S&T(Sales&Trading) | PB | IT | AI | 디지털,https://daoift3qrrnil.cloudfront.net/company_groups/images/000/003/013/webp/KB%EC%A6%9D%EA%B6%8C%EB%A1%9C%EA%B3%A0.webp?1698908374,1,https://daoift3qrrnil.cloudfront.net/content_images/images/000/323/758/webp/_NHR__2025_KB%EC%A6%9D%EA%B6%8C_%EB%8C%80%EC%A1%B8_%EC%8B%A0%EC%9E%85%EC%A7%81%EC%9B%90_%EA%B3%B5%EA%B0%9C%EC%B1%84%EC%9A%A9_%EC%9B%B9%ED%94%8C%EB%9D%BC%EC%9D%B4%EC%96%B4%28ver2%29_250910.webp?1757490527,,2025-09-10T16:49:38.000+09:00,2025-09-11T10:00:18.000+09:00,2026-08-31
100037,https://jasoseol.com/recruit/100037,수협,25년도 하반기 전국 일괄공개채용 공고,big_business,https://job.incruit.com/jobdb_info/jobpost.asp?job=2509100000797,2025-09-11T09:53:00.000+09:00,2025-09-25T23:59:00.000+09:00,0,4,False,False,41086,950,2053,917,6514,12903,58,"(서울) 근해안강망수협 일반관리계(장애인) | (서울) 냉동냉장수협 일반관리계 | (경인) 경인서부수협 일반관리계 | (경인) 경기수협 일반관리계 | (경인) 영흥수협 일반관리계 | (강원) 강원고성군수협 일반관리계 | (강원) 강릉시수협 일반관리계 | (강원) 삼척수협 일반관리계 | (강원) 속초시수협 일반관리계 | (강원) 속초시수협 기술계 | (강원) 속초시수협 기술계 | (강원) 양양군수협 일반관리계 | (강원) 동해시수협 일반관리계 | (충청) 서산수협 일반관리계 | (충청) 태안남부수협 일반관리계 | (충청) 서천군수협 일반관리계 | (전북) 군산시수협 일반관리계 | (전북) 김제수협 일반관리계 | (전남) 진도군수협 일반관리계 | (전남) 서남해수어류양식수협 일반관리계 | (전남) 신안군수협 일반관리계 | (전남) 여수수협 일반관리계 | (전남) 여수수협 기술계 | (전남) 목포수협 일반관리계 | (전남) 완도금일수협 일반관리계 | (전남) 고흥군수협 일반관리계 | (전남) 고흥군수협 일반관리계 (보훈) | (전남) 나로도수협 일반관리계 | (전남) 장흥군수협 일반관리계 | (전남) 제3,4구잠수기수협 일반관리계 | (전남) 전남동부수협 일반관리계 | (전남) 근해유망수협 일반관리계 | (전남) 영광군수협 일반관리계 | (전남) 영광군수협 기능계 | (전남) 신안군수협 기술계 | (경북) 울진후포수협 일반관리계 | (경북) 영덕북부수협 일반관리계 | (경북) 동해구기선저인망수협 일반관리계 | (경북) 울진죽변수협 일반관리계 | (경북) 울진죽변수협 일반관리계 (보훈) | (경북) 경주시수협 일반관리계 | (경북) 포항수협 일반관리계 | (경북) 강구수협 일반관리계 | (경남) 하동군수협 일반관리계 | (경남) 멍게수하식수협 일반관리계 | (경남) 굴수하식수협 일반관리계 | (경남) 진해수협 일반관리계 | (경남) 진해수협 일반관리계 (보훈) | (경남) 진해수협 기능계 | (경남) 창원서부수협 일반관리계 | (경남) 삼천포수협 일반관리계 | (부산) 제1,2구잠수기수협 일반관리계 | (부산) 대형선망수협 기술계 | (부산) 서남구기선저인망수협 일반관리계 | (부산) 경남정치망수협 일반관리계 | (제주) 서귀포수협 일반관리계 | (제주) 모슬포수협 일반관리계 | (제주) 제주어류양식수협 일반관리계",https://daoift3qrrnil.cloudfront.net/company_groups/images/000/006/514/webp/img_%2848%29.webp?1700202656,1,https://daoift3qrrnil.cloudfront.net/content_images/images/000/323/876/webp/%EC%88%98%ED%98%91_%EA%B3%B5%EA%B3%A0.webp?1757554295,,2025-09-11T13:14:10.000+09:00,2025-09-11T13:21:51.000+09:00,2026-08-31
100046,https://jasoseol.com/recruit/100046,GS EPS,'25년 하반기 신입/경력 수시채용,big_business,https://gseps.recruiter.co.kr/app/jobnotice/view?systemKindCode=MRS2&jobnoticeSn=227696,2025-09-09T11:15:00.000+09:00,2025-09-21T23:59:00.000+09:00,0,4,False,False,29440,371,561,237,1169,5060,5,전기(LNG) | 제어(Bio) | 기계(LNG) | 전기(LNG) | 정보보안,https://daoift3qrrnil.cloudfront.net/company_groups/images/000/001/169/webp/open-uri20211002-23236-1y7g09d.webp?1684485351,1,https://daoift3qrrnil.cloudfront.net/content_images/images/000/323/903/webp/GS_EPS_%EC%9D%B4%EB%AF%B8%EC%A7%80%EC%8B%9C%EC%95%88_%281%29.webp?1757557324,,2025-09-11T15:04:35.000+09:00,2025-09-11T15:11:00.000+09:00,2026-08-31
100070,https://jasoseol.com/recruit/100070,KT sat,2025년 하반기 신입사원(영업AM) 공개채용,big_business,https://kt.recruiter.co.kr/career/jobs/83670,2025-09-12T10:00:00.000+09:00,2025-09-21T23:59:00.000+09:00,0,0,False,False,41230,262,249,123,956,4847,1,영업AM,https://daoift3qrrnil.cloudfront.net/company_groups/images/000/000/956/webp/%E1%84%8F%E1%85%A6%E1%84%8B%E1%85%B5%E1%84%90%E1%85%B5%E1%84%89%E1%85%A6%E1%87%80.webp?1684485295,1,https://daoift3qrrnil.cloudfront.net/content_images/images/000/324/052/webp/2025%EB%85%84_%ED%95%98%EB%B0%98%EA%B8%B0_%EC%8B%A0%EC%9E%85%EC%B1%84%EC%9A%A9_%EA%B3%B5%EA%B3%A0%EB%AC%B8%28%EC%B6%94%EA%B0%80%29.webp?1757642450,,2025-09-12T11:01:54.000+09:00,2025-09-12T11:03:15.000+09:00,2026-08-31
100073,https://jasoseol.com/recruit/100073,신세계그룹,2026년 신입사원 모집,big_business,https://job.shinsegae.com/,2025-09-19T10:00:00.000+09:00,2025-10-13T18:00:00.000+09:00,0,0,False,False,344713,10109,31753,11969,2565,6456,41,[신세계] 매입/영업 | [신세계] 마케팅 | [신세계] 경영지원 | [이마트] MD | [이마트] 경영지원 | [스타벅스] 브랜드 커뮤니케이션 | [스타벅스] 영업기획 | [스타벅스] 스토어디자인 | [스타벅스] 음료기획/개발 | [스타벅스] 푸드기획 | [스타벅스] 정보보호 | [스타벅스] 데이터 | [스타벅스] 전략기획 | [스타벅스] 이커머스 | [스타벅스] 플랫폼 사업기획 | [스타벅스] CRM | [스타벅스] 점포개발기획 | [신세계프라퍼티] 부동산개발 | [신세계프라퍼티] 공간디자인 | [신세계프라퍼티] 리징 | [신세계프라퍼티] 경영지원 | [신세계디에프] 경영지원 | [신세계디에프] 영업/마케팅 | [신세계디에프] 매입 | [신세계아이앤씨] 프로그래머 | [신세계아이앤씨] 서버/NW | [신세계아이앤씨]  SAP | [신세계아이앤씨] 클라우드 | [신세계아이앤씨] 경영지원 (인사부문) | [신세계아이앤씨] 경영지원 (재무부문) | [신세계아이앤씨] 정보보호 | [신세계센트럴] 경영지원 | [신세계푸드] 영업 | [신세계푸드] 매입 | [신세계푸드] 지원 | [SSG.COM] Merchandising_온라인MD | [SSG.COM] Corporate Support_재무 | [SSG.COM] Corporate Support_마케팅 | [SSG.COM] Corporate Support_인사 | [신세계라이브쇼핑] MD | [신세계라이브쇼핑] PD,https://daoift3qrrnil.cloudfront.net/company_groups/images/000/002/565/webp/%E1%84%89%E1%85%B5%E1%86%AB.webp?1684485925,1,https://daoift3qrrnil.cloudfront.net/content_images/images/000/324/109/webp/%28%EB%B0%9C%EC%A3%BC%EC%9A%A9%29%EC%8B%A0%EC%84%B8%EA%B3%84%EA%B7%B8%EB%A3%B9_%EC%B1%84%EC%9A%A9-%ED%99%8D%EB%B3%B4-%ED%8F%AC%EC%8A%A4%ED%84%B0_F.webp?1757652821,,2025-09-12T13:54:45.000+09:00,2025-09-19T10:00:17.000+09:00,2026-08-31
100081,https://jasoseol.com/recruit/100081,HS효성그룹,2025년 하반기 신입공채,big_business,https://hyosung.recruiter.co.kr/app/jobnotice/view?systemKindCode=MRS2&jobnoticeSn=227777,2025-09-15T00:00:00.000+09:00,2025-09-28T23:59:00.000+09:00,0,0,False,False,223388,4792,8587,4175,15752,20508,18,[㈜HS효성]영업 | [㈜HS효성]전지소재 연구 | [㈜HS효성]섬유연구 | [㈜HS효성]유제연구 | [HS효성첨단소재㈜]타이어보강재 해외영업 | [HS효성첨단소재㈜]자동차용 카매트 국내영업 | [HS효성첨단소재㈜]탄소재료 영업관리 | [HS효성첨단소재㈜]타이어보강재 Technical Marketing | [HS효성첨단소재㈜]카매트/카페트 품질관리 | [HS효성첨단소재㈜]ESG 경영 | [HS효성첨단소재㈜]브랜드 마케팅 | [HS효성첨단소재㈜]사업장 인사/노사 관리 | [HS효성첨단소재㈜]생산데이터 분석 | [HS효성첨단소재㈜]AI 및 딥러닝 개발 | [HS효성첨단소재㈜]IT기획 | [HS효성인포메이션시스템㈜]영업 | [HS효성인포메이션시스템㈜]기술영업 | [HS효성인포메이션시스템㈜]기술지원,https://daoift3qrrnil.cloudfront.net/company_groups/images/000/015/752/webp/jss_hashed_1017fef3a211cdb3761f_20250912T152509_ee836042-d262-4d07-af69-4ef272ed2257.png.webp?1757658312,1,https://daoift3qrrnil.cloudfront.net/content_images/images/000/325/731/webp/%EC%9B%B9%EA%B3%B5%EA%B3%A0%EB%AC%B8_V7.webp?1758262991,,2025-09-12T15:25:09.000+09:00,2025-09-15T00:00:08.000+09:00,2026-08-31
100090,https://jasoseol.com/recruit/100090,한화손해보험,2025 하반기 신입사원 모집,big_business,https://recruit-hwgeneralins.com/,2025-09-15T11:00:00.000+09:00,2025-09-29T15:00:00.000+09:00,0,0,False,False,115255,2172,1603,1396,1806,5697,1,영업관리,https://daoift3qrrnil.cloudfront.net/company_groups/images/000/001/806/webp/jss_hashed_8fc724d11e71c4db1235_20260330T144240_%ED%95%9C%ED%99%94%EC%86%90%EB%B3%B4_%EB%A1%9C%EA%B3%A0.webp?1774849360,1,https://daoift3qrrnil.cloudfront.net/content_images/images/000/324/447/webp/25%E1%84%92%E1%85%A1_%E1%84%92%E1%85%A1%E1%86%AB%E1%84%92%E1%85%AA%E1%84%89%E1%85%A9%E1%86%AB%E1%84%92%E1%85%A2%E1%84%87%E1%85%A9%E1%84%92%E1%85%A5%E1%86%B7_%E1%84%8B%E1%85%B0%E1%86%B8%E1%84%91%E1%85%B3%E1%86%AF%E1%84%85%E1%85%A1%E1%84%8B%E1%85%B5%E1%84%8B%E1%85%A5_0912_F.webp?1757919882,,2025-09-15T09:36:26.000+09:00,2025-09-15T11:35:21.000+09:00,2026-08-31
100091,https://jasoseol.com/recruit/100091,현대제철,2025년 하반기 신규채용,big_business,https://hyundai-steel.recruiter.co.kr/career/apply,2025-09-15T13:00:00.000+09:00,2025-09-29T13:00:00.000+09:00,0,0,False,False,87811,2296,3768,1764,49,3940,16,생산관리 | 생산기술 | 기계정비 | 전기정비 | 토건 | 보안관리 | 탄소저감 원료 활용 기술개발 | 탄소저감 공정설계 연구(에너지) | 탄소저감 공정 기술개발(제선) | 탄소저감 강판개발 | 안전(방사선 취급감독 자격자) | 정보시스템 보안성 검토 | 공장 생산망 보안시스템 관리 | 이상징후 탐지시스템 관리 | 탄소저감 공정 설계 연구(전기로) | 탄소저감 강판개발,https://daoift3qrrnil.cloudfront.net/company_groups/images/000/000/049/webp/img_%286%29.webp?1698992258,2,https://daoift3qrrnil.cloudfront.net/content_images/images/000/324/347/webp/%EC%9B%B9%ED%94%8C%EB%9D%BC%EC%9D%B4%EC%96%B4%EC%9D%B4%EB%AF%B8%EC%A7%80_%EC%83%81%EB%8B%A8_v1.2_250912.webp?1757902601 | https://daoift3qrrnil.cloudfront.net/content_images/images/000/324/346/webp/%EC%9B%B9%ED%94%8C%EB%9D%BC%EC%9D%B4%EC%96%B4%EC%9D%B4%EB%AF%B8%EC%A7%80_%ED%95%98%EB%8B%A8_v1.4_250912.webp?1757902601,,2025-09-15T11:19:47.000+09:00,2025-09-15T13:00:19.000+09:00,2026-08-31
100100,https://jasoseol.com/recruit/100100,NHN,IDC 운영자 (광주),big_business,https://careers.nhn.com/,2025-09-15T16:10:00.000+09:00,2025-10-23T15:25:33.000+09:00,1,4,False,False,8010,53,86,15,154,4045,1,[NHN Enterprise] IDC 운영자 (광주),https://daoift3qrrnil.cloudfront.net/company_groups/images/000/000/154/webp/jss_hashed_19a2587bbf9a37b6c377_20251230T140207_NHN_Cloud_Logo.webp?1787812699,1,https://daoift3qrrnil.cloudfront.net/business_employment_companies/images/000/048/745/original/jss_hashed_c97d6682314e7dcbb20c_20250915T155612_NHN_CI_Black.png?1757920334,,2025-09-15T16:19:27.000+09:00,2025-09-15T16:20:01.000+09:00,2026-08-31
100101,https://jasoseol.com/recruit/100101,iM증권,2025년 신입사원 채용,big_business,https://imfnsec.recruiter.co.kr/career/jobs/83662,2025-09-16T10:00:00.000+09:00,2025-09-30T17:00:00.000+09:00,0,4,False,False,172759,3813,5360,3147,15655,20381,5,경영전략 | 영업지원 | IT | 리스크 | Retail영업,https://daoift3qrrnil.cloudfront.net/company_groups/images/000/015/655/webp/jss_hashed_3269fe15b9b62487b5aa_20250620T132522_1._iM_%EC%A6%9D%EA%B6%8C.webp?1750393522,1,https://daoift3qrrnil.cloudfront.net/content_images/images/000/324/517/webp/2025%EB%85%84_%EC%8B%A0%EC%9E%85%EC%82%AC%EC%9B%90_%EC%B1%84%EC%9A%A9_%EA%B3%B5%EA%B3%A0.webp?1757979967,,2025-09-15T17:04:45.000+09:00,2025-09-15T17:04:45.000+09:00,2026-08-31
100103,https://jasoseol.com/recruit/100103,NH농협생명,2025년 하반기 5급 신규직원 채용,big_business,https://nhlife.saramin.co.kr/service/nhlife/3657/applicant/apply/recruit_default.asp,2025-09-22T16:00:00.000+09:00,2025-09-30T17:00:00.000+09:00,0,0,False,False,149177,3348,3803,2653,1728,5619,8,5급 일반직_일반 | 5급 일반직_보훈(제한경쟁) | 5급 일반직_계리·상품 | 5급 일반직_농축협교육 | 5급 일반직_자산운용 | 5급 일반직_고객지원 | 5급 전산직_IT | 5급 전산직_보안,https://daoift3qrrnil.cloudfront.net/company_groups/images/000/001/728/webp/%E1%84%82%E1%85%A9%E1%86%BC%E1%84%92%E1%85%A7%E1%86%B8%E1%84%89%E1%85%A2%E1%86%BC%E1%84%86%E1%85%A7%E1%86%BC.webp?1684485578,1,https://daoift3qrrnil.cloudfront.net/content_images/images/000/325/970/webp/%28%EA%B3%B5%EA%B3%A0%EB%AC%B8%29_%EB%86%8D%ED%98%91%EC%83%9D%EB%AA%85%EB%B3%B4%ED%97%98_2025%EB%85%84_%ED%95%98%EB%B0%98%EA%B8%B0_5%EA%B8%89_%EC%8B%A0%EA%B7%9C%EC%A7%81%EC%9B%90_%EC%B1%84%EC%9A%A9_%EA%B3%B5%EA%B3%A0%EB%AC%B8_%EC%B5%9C%EC%A2%85_%282%29.webp?1758523651,,2025-09-15T17:37:07.000+09:00,2025-09-19T18:04:45.000+09:00,2026-08-31
100108,https://jasoseol.com/recruit/100108,한국자금중개,2025년 하반기 신입·경력직원 공개채용,big_business,https://www.jobkorea.co.kr/Recruit/GI_Read/47683356?Oem_Code=C1&logpath=1&stext=%ED%95%9C%EA%B5%AD%EC%9E%90%EA%B8%88%EC%A4%91%EA%B0%9C&listno=1&sc=630&rt=A,2025-09-17T00:00:00.000+09:00,2025-10-01T17:00:00.000+09:00,0,0,False,False,99754,581,1100,377,4382,10765,2,IT | IT,https://daoift3qrrnil.cloudfront.net/company_groups/images/000/004/382/webp/data.webp?1684486630,1,https://daoift3qrrnil.cloudfront.net/content_images/images/000/324/975/webp/%ED%95%9C%EA%B5%AD%EC%9E%90%EA%B8%88%EC%A4%91%EA%B0%9C___%EC%B1%84%EC%9A%A9%EA%B3%B5%EA%B3%A0%28%EC%B5%9C%EC%A2%85__0917%29.webp?1758076608,,2025-09-16T09:43:03.000+09:00,2025-09-17T00:00:03.000+09:00,2026-08-31
100109,https://jasoseol.com/recruit/100109,SK머티리얼즈,2025년 하반기 신입 채용,big_business,https://careers.sk-materials.com/,2025-09-16T09:00:00.000+09:00,2025-09-29T18:00:00.000+09:00,0,4,False,False,39525,386,755,203,4646,11029,2,반도체용 Photo Resist 개발 | 반도체 ALD/CVD용 Precursor 개발,https://daoift3qrrnil.cloudfront.net/company_groups/images/000/004/646/webp/ocisklogo.webp?1684486710,1,https://daoift3qrrnil.cloudfront.net/content_images/images/000/324/540/webp/%EC%8B%A0%EC%9E%85_%EA%B3%B5%EA%B0%9C%EC%B1%84%EC%9A%A9_%284%29.webp?1757984100,,2025-09-16T10:14:19.000+09:00,2025-09-16T10:14:55.000+09:00,2026-08-31
100120,https://jasoseol.com/recruit/100120,GS칼텍스,2025년 하반기 신입/경력사원 채용,big_business,https://recruit2025-gxcaltex.com/,2025-09-17T08:00:00.000+09:00,2025-09-30T23:59:00.000+09:00,0,0,False,False,128215,4006,3989,2731,2500,6391,6,Supply&Trading | 윤활유 | 재무 | Retail/Commercial 영업 | Retail 시설기획/관리 | 재무,https://daoift3qrrnil.cloudfront.net/company_groups/images/000/002/500/webp/data.webp?1689045040,1,https://daoift3qrrnil.cloudfront.net/content_images/images/000/324/619/webp/25%ED%95%98_GS%EC%B9%BC%ED%85%8D%EC%8A%A4_%EC%8B%A0%EC%9E%85%EA%B2%BD%EB%A0%A5%EC%B1%84%EC%9A%A9_%EC%9B%B9%ED%94%8C%EB%9D%BC%EC%9D%B4%EC%96%B4_V2.webp?1757990426,,2025-09-16T11:44:02.000+09:00,2025-09-17T08:00:09.000+09:00,2026-08-31
100160,https://jasoseol.com/recruit/100160,우리카드,2025년 하반기 신입사원 채용 ,big_business,https://wooricard.careerlink.kr/jobs/RC20250901020286,2025-09-19T10:00:00.000+09:00,2025-09-29T18:00:00.000+09:00,0,0,False,False,137619,5646,6774,4537,2051,5942,2,일반 | 디지털/IT,https://daoift3qrrnil.cloudfront.net/company_groups/images/000/002/051/webp/%EC%9A%B0%EB%A6%AC%EC%B9%B4%EB%93%9C_CI.webp?1695791320,1,https://daoift3qrrnil.cloudfront.net/content_images/images/000/325/586/webp/25%E1%84%92%E1%85%A1_%E1%84%8B%E1%85%AE%E1%84%85%E1%85%B5%E1%84%8F%E1%85%A1%E1%84%83%E1%85%B3_%E1%84%92%E1%85%A1%E1%84%87%E1%85%A1%E1%86%AB%E1%84%80%E1%85%B5_%E1%84%8E%E1%85%A2%E1%84%8B%E1%85%AD%E1%86%BC_%E1%84%80%E1%85%A9%E1%86%BC%E1%84%80%E1%85%A9.webp?1758239550,,2025-09-18T15:31:11.000+09:00,2025-09-19T10:00:17.000+09:00,2026-08-31
100171,https://jasoseol.com/recruit/100171,KCC실리콘,대죽공장 신입사원 채용,big_business,https://recruit.kccworld.co.kr/recruit/recruitMain.do?SiteType=C,2025-09-19T09:47:00.000+09:00,2025-09-25T23:59:00.000+09:00,0,4,False,False,22965,398,772,334,12220,16073,2,"안전관리 (산업안전, 공정안전) | 생산관리",https://daoift3qrrnil.cloudfront.net/company_groups/images/000/012/220/webp/kcc%EC%8B%A4%EB%A6%AC%EC%BD%98_ci.webp?1684488257,1,https://daoift3qrrnil.cloudfront.net/content_images/images/000/325/613/webp/%EB%8C%80%EC%A3%BD.webp?1758243291,,2025-09-19T10:01:29.000+09:00,2025-09-19T10:01:53.000+09:00,2026-08-31
100177,https://jasoseol.com/recruit/100177,비바리퍼블리카(토스),Ads ML Engineer 신입 집중 채용,big_business,https://toss.im/career/job-detail?job_id=6543804003&gh_src=070a623a3us&utm_source=linkedin&utm_medium=display&utm_campaign=2509_ml_junior,2025-09-17T00:00:00.000+09:00,2025-11-16T23:59:00.000+09:00,1,4,False,False,5979,146,179,63,11256,15043,1,ML Engineer,https://daoift3qrrnil.cloudfront.net/company_groups/images/000/011/256/webp/icon-toss-logo_%281%29.webp?1684487963,1,https://daoift3qrrnil.cloudfront.net/content_images/images/000/325/651/webp/Group_1000004817.webp?1758253051,,2025-09-19T13:41:02.000+09:00,2025-09-19T13:45:56.000+09:00,2026-08-31
100179,https://jasoseol.com/recruit/100179,KB손해보험,2025 하반기 4급 신입사원 공개채용,big_business,https://kbinsure.recruiter.co.kr/app/jobnotice/view?systemKindCode=MRS2&jobnoticeSn=228931,2025-09-22T16:00:00.000+09:00,2025-10-12T23:00:00.000+09:00,0,0,False,False,177118,5701,6982,4431,2426,6317,6,DT(디지털기술) | 일반보험 | 경영지원 | 영업관리 | 자동차보상 | 상품/계리,https://daoift3qrrnil.cloudfront.net/company_groups/images/000/002/426/webp/KB%EC%86%90%ED%95%B4%EB%B3%B4%ED%97%98_ci_wordmark-topdown.webp?1697079152,1,https://daoift3qrrnil.cloudfront.net/content_images/images/000/326/400/webp/%28%EC%8D%B8%EB%84%A4%EC%9D%BC_%EC%9D%B4%EB%AF%B8%EC%A7%80_%EC%82%BD%EC%9E%85%29KB%EC%86%90%ED%95%B4%EB%B3%B4%ED%97%98_25%ED%95%98_4%EA%B8%89_%EC%8B%A0%EC%9E%85%EC%82%AC%EC%9B%90_%EA%B3%B5%EA%B0%9C%EC%B1%84%EC%9A%A9_%EC%9B%B9%ED%94%8C%EB%9D%BC%EC%9D%B4%EC%96%B4.webp?1758773643,,2025-09-19T13:48:47.000+09:00,2025-09-22T16:20:33.000+09:00,2026-08-31
100185,https://jasoseol.com/recruit/100185,SK하이닉스,2025 하반기 신입사원 채용,big_business,https://2025-skhynix-recruit.co.kr/,2025-09-22T00:00:00.000+09:00,2025-10-01T17:00:00.000+09:00,0,0,False,False,310124,10524,25944,14131,1511,5402,35,"[이천]설계 | [이천]소자 | [이천]Product Engineering | [이천]Application Engineering | [이천]R&D 공정 | [이천]IT | [이천]PKG개발 | [이천]양산기술(Package&TEST) | [이천]기반기술(Infra Tech) | [이천]양산기술 | [이천]양산관리 | [이천]SHE(안전) | [이천]SHE(보건) | [이천]SHE(환경/화학물질관리) | [이천]SHE(P&S기술) | [이천]Utility 기술(공조/배기,배관) | [이천]Utility 기술(Gas, Chemical, 수처리) | [이천]Utility 기술(전기, 제어) | [이천]Utility 기술(건축, BIM/5D) | [이천/분당]Solution HW | [이천/서울]상품기획/마케팅/영업 | [청주]소자 | [청주]Product Engineering | [청주]양산기술(Package&TEST) | [청주]기반기술(Infra Tech) | [청주]양산기술 | [청주]양산관리 | [청주]SHE(안전) | [청주]SHE(보건) | [청주]SHE(환경/화학물질관리) | [청주]SHE(P&S기술) | [청주]Utility 기술(공조/배기, 배관) | [청주]Utility 기술(Gas, Chemical, 수처리) | [청주]Utility 기술(전기, 제어) | [청주]Utility 기술(건축, BIM/5D)",https://daoift3qrrnil.cloudfront.net/company_groups/images/000/001/511/webp/%ED%95%98%EC%9D%B4%EB%8B%89%EC%8A%A4-%EC%98%81%EB%AC%B8_%EB%B0%B0%EA%B2%BD%EC%83%89-%EC%A0%9C%EA%B1%B0.webp?1684485495,1,https://daoift3qrrnil.cloudfront.net/content_images/images/000/325/730/webp/2025_%ED%95%98%EB%B0%98%EA%B8%B0_SK%ED%95%98%EC%9D%B4%EB%8B%89%EC%8A%A4_%EC%8B%A0%EC%9E%85%EC%82%AC%EC%9B%90_%EC%B1%84%EC%9A%A9_%EC%9B%B9%ED%94%8C%EB%9D%BC%EC%9D%B4%EC%96%B4%28750px%29.webp?1758262973,,2025-09-19T15:29:18.000+09:00,2025-09-22T00:00:02.000+09:00,2026-08-31
100186,https://jasoseol.com/recruit/100186,한화파워시스템,2025 하반기 선박솔루션사업부 신입사원 채용,big_business,https://www.hanwhain.com/web/apply/notification/view.do?rtSeq=16889,2025-09-19T13:00:00.000+09:00,2025-10-12T15:00:00.000+09:00,0,0,False,False,96411,1826,2367,1149,5741,12126,6,설계_기본/상세 | 구매관리 | 영업 | 인사 | 가스터빈 연소기 공력설계 | 가스터빈 열유동해석,https://daoift3qrrnil.cloudfront.net/company_groups/images/000/005/741/webp/jss_hashed_ddfabd88faae906ae50f_20260428T172016_Screenshot_58.webp?1777364416,1,https://daoift3qrrnil.cloudfront.net/content_images/images/000/325/737/webp/25%ED%95%98_09_%ED%95%9C%ED%99%94%ED%8C%8C%EC%9B%8C%EC%8B%9C%EC%8A%A4%ED%85%9C_%ED%95%98%EB%B0%98%EA%B8%B0%EC%B1%84%EC%9A%A9_%EC%9B%B9%ED%94%8C%EB%9D%BC%EC%9D%B4%EC%96%B4_V5%28%EC%8B%A0%EC%9E%85%29_%281%29.webp?1758263926,,2025-09-19T15:39:29.000+09:00,2025-09-19T17:36:52.000+09:00,2026-08-31
100189,https://jasoseol.com/recruit/100189,한국타이어앤테크놀로지,2025년 하반기 Proactive Leaders 신입 채용,big_business,https://hankooktire.recruiter.co.kr/career/home,2025-09-24T10:00:00.000+09:00,2025-10-12T23:59:00.000+09:00,0,4,False,False,163110,5218,12755,5415,161,4052,31,[R&D] 설계_Tire 설계 | [R&D] 설계_양산 설계 | [R&D] 설계_Mold 기술 개발 | [R&D] 설계_패턴 기술 연구 | [R&D] 재료_Compound 개발 연구 | [R&D] 재료_공정 연구 | [R&D] 재료_원료 개발 연구 | [R&D] 재료_Cord 개발 연구 | [R&D] 연구_NVH 성능 연구 | [R&D] 연구_Handling 성능 연구 | [R&D] Digital 연구_Tire 설계 시스템 연구 | [R&D] Digital 연구_데이터 사이언스 | [R&D] Digital 연구_시뮬레이션 Tool 연구 | [R&D] 평가_재료 평가 | [R&D] 평가_실내 평가 | [R&D] 평가_품질 평가 | [Engineering] 설비&디지털_스마트팩토리 | [Engineering] 설비&디지털_설비기술(기계) | [Engineering] 제조기술_기계 | [Engineering] 제조기술_화학 | [Engineering] 생산기술_생산기획 | [Engineering] 생산기술_기계 | [Engineering] 생산기술_화학 | [Engineering] SHE_보건관리 | [Engineering] 품질_품질 기획/관리 | [Business] 경영관리 | [Business] 재무회계 | [Sales] Retail 영업 | [Sales] 해외 영업 | [Marketing] 마케팅 | [Marketing] SCM,https://daoift3qrrnil.cloudfront.net/company_groups/images/000/000/161/webp/%EB%A1%9C%EA%B3%A0_%281%29.webp?1684484653,1,https://daoift3qrrnil.cloudfront.net/content_images/images/000/325/757/webp/25%EB%85%84_%ED%95%98%EB%B0%98%EA%B8%B0_%EC%B1%84%EC%9A%A9_%EA%B3%B5%ED%86%B5_fin.webp?1758266174,,2025-09-19T16:27:30.000+09:00,2025-09-19T16:27:30.000+09:00,2026-08-31
100196,https://jasoseol.com/recruit/100196,삼양그룹,2025년 9월 신입사원 추가채용,big_business,https://samyang.wd3.myworkdayjobs.com/ko-KR/Samyang,2025-09-22T00:00:00.000+09:00,2025-09-28T23:59:00.000+09:00,0,0,False,False,36432,631,1059,392,3252,9469,2,[대졸신입/Junior Career]설비관리 | [대졸신입/Junior Career]전기설비,https://daoift3qrrnil.cloudfront.net/company_groups/images/000/003/252/webp/SAMYANG_LOGOTYPE_PRIMARY_VERSION_RGB_POSITIVE.webp?1728027832,1,https://daoift3qrrnil.cloudfront.net/content_images/images/000/325/803/webp/2025_9%EC%9B%94_%EC%88%98%EC%8B%9C%EC%B1%84%EC%9A%A9_%EA%B3%B5%EA%B3%A0%EB%AC%B8-_%EB%B3%B5%EC%82%AC%EB%B3%B8_%287%29.webp?1758270594,,2025-09-19T17:31:00.000+09:00,2025-09-22T00:00:03.000+09:00,2026-08-31
100199,https://jasoseol.com/recruit/100199,팜스코,2025년 하반기 신입/경력 공개 채용,big_business,https://farmsco.recruiter.co.kr/career/home,2025-09-22T09:00:00.000+09:00,2025-10-05T23:59:00.000+09:00,0,0,False,False,112326,919,1120,645,2622,6709,9,사료영업 | 신선식품영업 | 사료배합설계 | 사료생산관리 | 신선식품생산관리 | 육가공생산관리 | 기획 | 법무 | 한우사업지원,https://daoift3qrrnil.cloudfront.net/company_groups/images/000/002/622/webp/data.webp?1684485945,1,https://daoift3qrrnil.cloudfront.net/content_images/images/000/326/097/webp/2025%E1%84%82%E1%85%A7%E1%86%AB_%28%E1%84%8C%E1%85%AE%29%E1%84%91%E1%85%A1%E1%86%B7%E1%84%89%E1%85%B3%E1%84%8F%E1%85%A9_%E1%84%92%E1%85%A1%E1%84%87%E1%85%A1%E1%86%AB%E1%84%80%E1%85%B5_%E1%84%80%E1%85%A9%E1%86%BC%E1%84%80%E1%85%A2%E1%84%8E%E1%85%A2%E1%84%8B%E1%85%AD%E1%86%BC_%E1%84%8B%E1%85%B0%E1%86%B8%E1%84%80%E1%85%A9%E1%86%BC%E1%84%80%E1%85%A9_3.webp?1758600629,,2025-09-22T08:47:20.000+09:00,2025-09-22T09:00:05.000+09:00,2026-08-31
100203,https://jasoseol.com/recruit/100203,NH농협손해보험,2025년 하반기 신규직원 채용,big_business,https://nhfire.saramin.co.kr/service/nhfire/3653/applicant/apply/index.asp,2025-09-22T00:00:00.000+09:00,2025-09-29T17:00:00.000+09:00,0,0,False,False,125055,2983,3047,1936,1608,5499,5,상품 ・ 계리 | 지급 심사 | 영업 | 일반 | IT,https://daoift3qrrnil.cloudfront.net/company_groups/images/000/001/608/webp/%E1%84%82%E1%85%A9%E1%86%BC%E1%84%92%E1%85%A7%E1%86%B8%E1%84%89%E1%85%A9%E1%86%AB%E1%84%92%E1%85%A2%E1%84%87%E1%85%A9%E1%84%92%E1%85%A5%E1%86%B7.webp?1684485531,1,https://daoift3qrrnil.cloudfront.net/content_images/images/000/325/892/webp/2025%E1%84%82%E1%85%A7%E1%86%AB_%E1%84%92%E1%85%A1%E1%84%87%E1%85%A1%E1%86%AB%E1%84%80%E1%85%B5_NH%E1%84%82%E1%85%A9%E1%86%BC%E1%84%92%E1%85%A7%E1%86%B8%E1%84%89%E1%85%A9%E1%86%AB%E1%84%92%E1%85%A2%E1%84%87%E1%85%A9%E1%84%92%E1%85%A5%E1%86%B7_%E1%84%89%E1%85%B5%E1%86%AB%E1%84%80%E1%85%B2%E1%84%8C%E1%85%B5%E1%86%A8%E1%84%8B%E1%85%AF%E1%86%AB_%E1%84%8E%E1%85%A2%E1%84%8B%E1%85%AD%E1%86%BC_0919_V3.webp?1758503428,,2025-09-22T10:13:28.000+09:00,2025-09-22T10:13:28.000+09:00,2026-08-31
100209,https://jasoseol.com/recruit/100209,부광약품,OCI그룹 2025년 하반기 영업직 (MR) 신입사원 채용,big_business,https://oci.career.greetinghr.com/ko/apply,2025-09-22T14:00:00.000+09:00,2025-10-10T17:00:00.000+09:00,0,0,False,False,110589,243,251,149,1451,5342,3,병원 영업 | 의원 영업 | CNS 영업,https://daoift3qrrnil.cloudfront.net/company_groups/images/000/001/451/webp/%E1%84%89%E1%85%B3%E1%84%8F%E1%85%B3%E1%84%85%E1%85%B5%E1%86%AB%E1%84%89%E1%85%A3%E1%86%BA_2019-02-27_%E1%84%8B%E1%85%A9%E1%84%92%E1%85%AE_6.26.58.webp?1684485473,1,https://daoift3qrrnil.cloudfront.net/content_images/images/000/326/109/webp/250923_%EB%B6%80%EA%B4%91%EC%95%BD%ED%92%88_%EA%B3%B5%EA%B3%A0%EB%AC%B8_%EC%B5%9C%EC%A2%852.webp?1758602384,,2025-09-22T14:18:05.000+09:00,2025-09-22T14:18:06.000+09:00,2026-08-31
100217,https://jasoseol.com/recruit/100217,대한항공,2026년 신입사원 모집,big_business,https://recruit.koreanair.com,2025-09-22T15:00:00.000+09:00,2025-10-14T16:00:00.000+09:00,0,4,False,False,129970,4947,7139,3880,45,3936,3,[일반직] 일반 | [기술직] 항공기술 | [기술직] 항공우주,https://daoift3qrrnil.cloudfront.net/company_groups/images/000/000/045/webp/jss_hashed_f1d75bdfeb8c9793cef6_20260512T174946_KE_primary-logo_dark-blue_RGB.webp?1778575876,1,https://daoift3qrrnil.cloudfront.net/content_images/images/000/326/002/webp/2026%EB%85%84_%EC%A2%85%ED%95%A9%EC%A7%81_%EC%8B%A0%EC%9E%85%EC%82%AC%EC%9B%90_%EC%B1%84%EC%9A%A9%EA%B3%B5%EA%B3%A0%28230mmx950mm%29_1%28%EC%9E%90%EC%86%8C%EC%84%A4_%EB%8B%B7%EC%BB%B4%EC%9A%A9%29_%281%29.webp?1758529523,,2025-09-22T16:38:49.000+09:00,2025-09-22T16:43:16.000+09:00,2026-08-31
100225,https://jasoseol.com/recruit/100225,서울신문사,수습사원 채용,big_business,https://recruit.seoul.co.kr,2025-09-26T10:00:00.000+09:00,2025-10-14T18:00:00.000+09:00,0,4,False,False,34906,366,528,185,4944,11327,2,미디어경영 | 취재기자,https://daoift3qrrnil.cloudfront.net/company_groups/images/000/004/944/webp/seoul.webp?1684486806,1,https://daoift3qrrnil.cloudfront.net/content_images/images/000/326/028/webp/2025%EB%85%84_%EC%88%98%EC%8A%B5%EC%82%AC%EC%9B%90_%EC%B1%84%EC%9A%A9%EA%B3%B5%EA%B3%A0_%EC%9D%B4%EB%AF%B8%EC%A7%80.webp?1758534850,,2025-09-22T18:55:03.000+09:00,2025-09-22T18:55:03.000+09:00,2026-08-31
100230,https://jasoseol.com/recruit/100230,농협중앙회,2025년 신규 직원 채용 ,big_business,https://nhcenter.saramin.co.kr/service/nhcenter/3656/applicant/apply/recruit_default.asp,2025-09-19T00:00:00.000+09:00,2025-09-29T17:00:00.000+09:00,0,0,False,False,117649,3942,6357,4039,1248,5139,11,일반(5급)_전국 | IT(5급)_전국 | 일반(6급초급)_경기(경기·서울·인천) | 일반(6급초급)_강원 | 일반(6급초급)_충북 | 일반(6급초급)_충남(충남·세종·대전) | 일반(6급초급)_전북 | 일반(6급초급)_전남(전남·광주) | 일반(6급초급)_경북(경북·대구) | 일반(6급초급)_경남(경남·부산·울산) | 일반(6급초급)_제주,https://daoift3qrrnil.cloudfront.net/company_groups/images/000/001/248/webp/%EB%A1%9C%EA%B3%A0%EB%8B%A4%EC%9A%B4%EB%A1%9C%EB%93%9C-%EB%86%8D%ED%98%91%EB%A1%9C%EA%B3%A0png2.webp?1699327254,1,https://daoift3qrrnil.cloudfront.net/content_images/images/000/326/087/webp/screencapture-nhcenter-saramin-co-kr-service-nhcenter-3656-applicant-apply-recruit-default-asp-2025-09-23-11_13_32.webp?1758593749,,2025-09-23T11:18:03.000+09:00,2025-09-23T11:29:00.000+09:00,2026-08-31
100235,https://jasoseol.com/recruit/100235,GS파워,2026년 신입사원 공개채용,big_business,https://gspower.careerlink.kr/,2025-09-26T18:00:00.000+09:00,2025-10-13T10:00:00.000+09:00,0,0,False,False,60572,586,1333,359,2792,7589,3,기계계열  | 전기/제어계열 | 기타계열,https://daoift3qrrnil.cloudfront.net/company_groups/images/000/002/792/webp/GS%ED%8C%8C%EC%9B%8C.webp?1684486005,1,https://daoift3qrrnil.cloudfront.net/content_images/images/000/326/112/webp/%EB%8B%A4%EC%9A%B4%EB%A1%9C%EB%93%9C_%2824%29.webp?1758603818,,2025-09-23T14:04:59.000+09:00,2025-09-26T18:00:20.000+09:00,2026-08-31
100250,https://jasoseol.com/recruit/100250,전북은행,2025년 신입행원 채용,big_business,https://jbbank.recruiter.co.kr/career/notice,2025-09-25T10:00:00.000+09:00,2025-10-03T17:00:00.000+09:00,0,0,False,False,80530,1546,1884,1351,6891,13292,5,금융일반_일반인재 | 금융일반_지역인재 | 통계 | IT·디지털_일반인재 | IT·디지털_지역인재,https://daoift3qrrnil.cloudfront.net/company_groups/images/000/006/891/webp/JBBANK_CI_300X300.webp?1694042511,1,https://daoift3qrrnil.cloudfront.net/content_images/images/000/326/334/webp/%EC%A0%84%EB%B6%81%EC%9D%80%ED%96%89_-_2025%EB%85%84_%EC%8B%A0%EC%9E%85%ED%96%89%EC%9B%90_%EC%B1%84%EC%9A%A9_-_%EA%B3%B5%EA%B3%A0%EB%AC%B8_-_20250924_-_02.webp?1758699720,,2025-09-24T12:48:39.000+09:00,2025-09-25T10:00:09.000+09:00,2026-08-31
100254,https://jasoseol.com/recruit/100254,동원그룹,2025년 하반기 신입사원 모집,big_business,https://careers.dongwon.com/,2025-09-24T00:00:00.000+09:00,2025-10-14T14:00:00.000+09:00,0,0,False,False,141555,4199,7555,3683,210,4101,32,[동원홈푸드]기획 | [동원산업]자금 | [동원산업]회계 | [동원시스템즈]회계 | [동원건설산업]회계 | [동원팜스]회계 | [동원홈푸드]리스크관리(법무/채권) | [동원시스템즈]연포장 기술개발 | [동원시스템즈]배터리캔개발 | [동원에프앤비]식품유통영업 | [동원홈푸드]식자재유통영업 | [동원로엑스]물류영업 | [동원건설산업]건축수주영업 | [동원시스템즈]해외영업 | [동원홈푸드]생산관리 | [동원에프앤비]생산기술 | [동원시스템즈]생산기술(알미늄) | [동원시스템즈]생산기술(캔) | [동원에프앤비]품질관리 | [동원시스템즈]품질관리(캔) | [동원시스템즈]품질관리(알미늄) | [동원시스템즈]공정관리 | [동원시스템즈]생산지원 | [동원팜스]생산지원 | [동원로엑스]물류운영 | [동원홈푸드]물류관리 | [동원건설산업]건축설계 | [동원건설산업]건축 | [동원건설산업]전기 | [동원건설산업]기계 | [동원건설산업]안전 | [동원건설산업]보건,https://daoift3qrrnil.cloudfront.net/company_groups/images/000/000/210/webp/dongwon.webp?1684484668,1,https://daoift3qrrnil.cloudfront.net/content_images/images/000/327/661/webp/2025%28%ED%95%98%29%EB%8F%99%EC%9B%90_%EC%9B%B9%ED%94%8C%EB%9D%BC%EC%9D%B4%EC%96%B4.webp?1759383303,,2025-09-24T13:10:13.000+09:00,2025-09-24T14:27:42.000+09:00,2026-08-31
100263,https://jasoseol.com/recruit/100263,원익그룹,2025 신입 공채,big_business,https://wonik.recruiter.co.kr/career/jobs/84154,2025-09-26T00:00:00.000+09:00,2025-10-13T23:59:00.000+09:00,0,0,False,False,242448,6035,11419,6205,4272,10609,52,[원익아이피에스] SW개발 | [원익아이피에스] 소재개발 | [원익아이피에스] Simulation | [원익아이피에스] 제어설계 | [원익아이피에스] 부품설계(히터) | [원익아이피에스] 부품설계(정밀) | [원익아이피에스] 공정개발 | [원익아이피에스] 기구설계 | [원익아이피에스] 공정개발(Display) | [원익아이피에스] 기구설계(Display) | [원익아이피에스] 제조 | [원익아이피에스] IT | [원익아이피에스] 안전환경 | [원익아이피에스] 구매(Display) | [원익아이피에스] 구매(반도체) | [원익큐엔씨] 공정관리 | [원익큐엔씨] 생산관리 | [원익큐엔씨] 공정기술 | [원익큐엔씨] 공정자동화 | [원익큐엔씨] 해외영업 | [원익큐엔씨] 연구개발 | [원익큐엔씨] IT시스템관리 | [원익머트리얼즈] 연구개발(특수가스) | [원익머트리얼즈] 연구개발(프리커서) | [원익머트리얼즈] 연구개발(촉매) | [원익머트리얼즈] 품질보증 | [원익머트리얼즈] 국내영업 | [원익머트리얼즈] 해외영업 | [원익머트리얼즈] 안전환경 | [원익머트리얼즈] 법무 | [원익홀딩스] 공정개발_반도체/디스플레이 공정 用 차세대 Gas 처리 장비 개발 | [원익홀딩스] 공정개발_반도체/디스플레이 공정 用 차세대 Gas Purifier System 장비 개발 | [원익홀딩스] 공정개발_반도체/디스플레이 공정 用 차세대 Gas Supply System 기술 개발 및 미래 기술 개발 | [원익홀딩스] 기구개발 | [원익홀딩스] 해외영업 | [원익홀딩스] 시공(사업관리) | [원익홀딩스] 법무 | [원익홀딩스] 인사 | [원익피앤이] 회로개발 | [원익피앤이] FW개발 | [원익피앤이] 전력제어 | [원익피앤이] 제어설계 | [원익피앤이] AI솔루션 | [씨엠에스랩] 디자인 | [케어랩스] IR | [케어랩스] 인사 | [케어랩스] 영업 | [케어랩스] 마케팅 | [케어랩스] Product Owner (서비스기획) | [케어랩스] Product Designer (디자인) | [원익로보틱스] SW 설계 및 개발_로봇핸드 제어 | [원익로보틱스] SW 설계 및 개발_로봇핸드 AI,https://daoift3qrrnil.cloudfront.net/company_groups/images/000/004/272/webp/%E1%84%8B%E1%85%AF%E1%86%AB%E1%84%8B%E1%85%B5%E1%86%A8_CI_%28jpg%29.webp?1684486588,1,https://daoift3qrrnil.cloudfront.net/content_images/images/000/326/512/webp/2025_%EC%9B%90%EC%9D%B5_%EC%8B%A0%EC%9E%85_%EA%B3%B5%EC%B1%84_%EA%B3%B5%EA%B3%A0%EB%AC%B8.webp?1758787896,,2025-09-24T16:29:33.000+09:00,2025-09-26T00:00:21.000+09:00,2026-08-31
100265,https://jasoseol.com/recruit/100265,NH농협은행,25년 5급/6급 신규직원 채용,big_business,https://jrs.jobkorea.co.kr/nhbank,2025-09-24T13:00:00.000+09:00,2025-10-10T17:00:00.000+09:00,0,0,False,False,267059,5374,13818,8294,1203,5094,4,5급_금융 | 5급_ IT·디지털 | 6급초급_일반 | 6급초급_일반(보훈전형),https://daoift3qrrnil.cloudfront.net/company_groups/images/000/001/203/webp/%EB%86%8D%ED%98%91%EC%9D%80%ED%96%89CI.webp?1684485363,1,https://daoift3qrrnil.cloudfront.net/content_images/images/000/326/336/webp/%EB%86%8D%ED%98%91%EC%9D%80%ED%96%895%EA%B8%896%EA%B8%89%28%EC%9D%BC%EB%B0%98_%EB%B3%B4%ED%9B%88%29%EA%B3%B5%EA%B3%A0%EB%AC%B8_%EC%9E%90%EC%86%8C%EC%84%A4%EB%8B%B7%EC%BB%B4.webp?1758700095,,2025-09-24T16:51:33.000+09:00,2025-09-24T17:03:29.000+09:00,2026-08-31
100283,https://jasoseol.com/recruit/100283,노벨리스코리아,신입 채용 (자동화 엔지니어),big_business,https://ko-careers-novelis.icims.com/jobs/,2025-09-29T11:00:00.000+09:00,2025-10-17T22:00:00.000+09:00,0,4,False,False,15646,170,413,117,865,4756,1,자동화 엔지니어,https://daoift3qrrnil.cloudfront.net/company_groups/images/000/000/865/webp/Novelis_G1.webp?1684485276,5,https://daoift3qrrnil.cloudfront.net/content_images/images/000/326/475/webp/%EC%8A%AC%EB%9D%BC%EC%9D%B4%EB%93%9C1.webp?1758786520 | https://daoift3qrrnil.cloudfront.net/content_images/images/000/326/476/webp/%EC%8A%AC%EB%9D%BC%EC%9D%B4%EB%93%9C2.webp?1758786521 | https://daoift3qrrnil.cloudfront.net/content_images/images/000/326/636/webp/%E1%84%8E%E1%85%A2%E1%84%8B%E1%85%AD%E1%86%BC%E1%84%80%E1%85%A9%E1%86%BC%E1%84%80%E1%85%A9202401_%E1%84%8B%E1%85%B5%E1%86%AB%E1%84%89%E1%85%A1.webp?1758860241 | https://daoift3qrrnil.cloudfront.net/content_images/images/000/326/478/webp/%EC%8A%AC%EB%9D%BC%EC%9D%B4%EB%93%9C5.webp?1758786522 | https://daoift3qrrnil.cloudfront.net/content_images/images/000/326/479/webp/%EC%8A%AC%EB%9D%BC%EC%9D%B4%EB%93%9C6.webp?1758786522,https://daoift3qrrnil.cloudfront.net/employment_companies/guidebooks/000/100/283/original/%EB%85%B8%EB%B2%A8%EB%A6%AC%EC%8A%A4%EC%BD%94%EB%A6%AC%EC%95%84_%EC%9E%85%EC%82%AC%EC%A7%80%EC%9B%90%EC%84%9C_Coverletter.docx,2025-09-25T16:52:57.000+09:00,2025-09-25T16:52:57.000+09:00,2026-08-31
100284,https://jasoseol.com/recruit/100284,노벨리스코리아,급여담당자 채용,big_business,https://ko-careers-novelis.icims.com/jobs/,2025-09-29T10:00:00.000+09:00,2025-10-17T22:00:00.000+09:00,0,4,False,False,9394,110,145,47,865,4756,1,급여/근태 담당,https://daoift3qrrnil.cloudfront.net/company_groups/images/000/000/865/webp/Novelis_G1.webp?1684485276,5,https://daoift3qrrnil.cloudfront.net/content_images/images/000/326/505/webp/%EC%8A%AC%EB%9D%BC%EC%9D%B4%EB%93%9C1.webp?1758786779 | https://daoift3qrrnil.cloudfront.net/content_images/images/000/326/506/webp/%EC%8A%AC%EB%9D%BC%EC%9D%B4%EB%93%9C3.webp?1758786780 | https://daoift3qrrnil.cloudfront.net/content_images/images/000/326/638/webp/%E1%84%8E%E1%85%A2%E1%84%8B%E1%85%AD%E1%86%BC%E1%84%80%E1%85%A9%E1%86%BC%E1%84%80%E1%85%A9202401_%E1%84%8B%E1%85%B5%E1%86%AB%E1%84%89%E1%85%A1.webp?1758860330 | https://daoift3qrrnil.cloudfront.net/content_images/images/000/326/508/webp/%EC%8A%AC%EB%9D%BC%EC%9D%B4%EB%93%9C5.webp?1758786781 | https://daoift3qrrnil.cloudfront.net/content_images/images/000/326/509/webp/%EC%8A%AC%EB%9D%BC%EC%9D%B4%EB%93%9C6.webp?1758786782,https://daoift3qrrnil.cloudfront.net/employment_companies/guidebooks/000/100/284/original/%EB%85%B8%EB%B2%A8%EB%A6%AC%EC%8A%A4%EC%BD%94%EB%A6%AC%EC%95%84_%EC%9E%85%EC%82%AC%EC%A7%80%EC%9B%90%EC%84%9C_payroll.docx,2025-09-25T16:56:19.000+09:00,2025-09-25T16:56:19.000+09:00,2026-08-31
100286,https://jasoseol.com/recruit/100286,현대캐피탈,2025 신입사원 채용,big_business,https://m.site.naver.com/1PTR0,2025-09-26T09:00:00.000+09:00,2025-10-13T23:59:00.000+09:00,0,0,False,False,229725,6850,11022,5999,1509,5400,19,Auto-상품기획/마케팅-신차 | Auto-상품기획/마케팅-중고차 | Auto-상품기획/마케팅-플랫폼 | Auto-상품기획/마케팅-법인사업 | Digital-Data Scientist | Digital-AI Agent Engineer | Digital-IT금융개발 | Digital-IT기획 | Digital-정보보안 | 금융사업-개인금융 | 금융사업-기업금융 | 리스크관리-리스크 | 리스크관리-Credit | 리스크관리-금융심사 | 리스크관리-Collection | 해외사업-해외전략 | 재경-경영관리 | 재경-재무 | 경영지원-인사,https://daoift3qrrnil.cloudfront.net/company_groups/images/000/001/509/webp/%ED%98%84%EB%8C%80%EC%BA%90%ED%94%BC%ED%83%88%EB%A1%9C%EA%B3%A0.webp?1711698129,1,https://daoift3qrrnil.cloudfront.net/content_images/images/000/326/545/webp/IMG_4728.webp?1758842861,,2025-09-25T18:09:31.000+09:00,2025-09-26T09:00:11.000+09:00,2026-08-31
100288,https://jasoseol.com/recruit/100288,NHN,IDC 운영자 (평촌),big_business,https://careers.nhn.com/,2025-09-25T18:38:00.000+09:00,2025-11-24T23:59:00.000+09:00,1,4,False,False,6024,51,68,17,154,4045,1,IDC 운영자 (평촌),https://daoift3qrrnil.cloudfront.net/company_groups/images/000/000/154/webp/jss_hashed_19a2587bbf9a37b6c377_20251230T140207_NHN_Cloud_Logo.webp?1787812699,1,https://daoift3qrrnil.cloudfront.net/business_employment_companies/images/000/048/878/original/NHN_CI_Black.png?1758793876,,2025-09-26T08:25:46.000+09:00,2025-09-26T08:26:37.000+09:00,2026-08-31
100290,https://jasoseol.com/recruit/100290,대우건설,2025년 하반기 신입사원 채용,big_business,https://recruit.daewooenc.com/daewooenc2025.html,2025-09-30T00:00:00.000+09:00,2025-10-14T23:59:00.000+09:00,0,4,False,False,144645,1401,2416,1396,87,3978,15,주택건축 > 건축시공 | 주택건축 > 건축설계 | 주택건축 > 구조 | 주택건축 > 건축기계설비 | 주택건축 > 건축전기설비 | 주택건축 > 건축토목 | 주택건축 > 조경 | 토목 > 토목시공 | 토목 > 토목구조설계 | 토목 > 토목항만설계 | 플랜트 > 플랜트토목 | 플랜트 > 플랜트건축 | 플랜트 > 플랜트기계 | 플랜트 > 플랜트전기 | 안전 > 안전,https://daoift3qrrnil.cloudfront.net/company_groups/images/000/000/087/webp/%EB%8C%80%EC%9A%B0%EA%B1%B4%EC%84%A4_%EB%A1%9C%EA%B3%A0.webp?1684484635,1,https://daoift3qrrnil.cloudfront.net/content_images/images/000/326/538/webp/%28%EB%8C%80%EC%9A%B0%EA%B1%B4%EC%84%A4%29_2025%EB%85%84_%ED%95%98%EB%B0%98%EA%B8%B0_%EC%8B%A0%EC%9E%85%EC%82%AC%EC%9B%90_%EC%B1%84%EC%9A%A9.webp?1758816392,,2025-09-26T08:39:05.000+09:00,2025-09-26T08:39:05.000+09:00,2026-08-31
100291,https://jasoseol.com/recruit/100291,한국앤컴퍼니,2025년 하반기 신입 Proactive Leaders 채용,big_business,https://hknc.recruiter.co.kr/career/jobs/84812,2025-09-24T00:00:00.000+09:00,2025-10-12T23:59:00.000+09:00,0,0,False,False,134537,1678,2658,1251,11871,15694,6,해외영업 | HR | 차세대전지개발_CELL | 차세대전지개발_PACK | 품질경영 | 환경안전,https://daoift3qrrnil.cloudfront.net/company_groups/images/000/011/871/webp/Hankook_Company_CI_%281%29.webp?1684488141,1,https://daoift3qrrnil.cloudfront.net/content_images/images/000/327/708/webp/%ED%95%9C%EA%B5%AD%EC%95%A4%EC%BB%B4%ED%8D%BC%EB%8B%88_251002.webp?1759390603,,2025-09-26T08:44:45.000+09:00,2025-09-26T08:47:39.000+09:00,2026-08-31
100294,https://jasoseol.com/recruit/100294,코리안리재보험,2025 신입채용,big_business,https://koreanre.recruiter.co.kr/career/recruit,2025-09-30T11:00:00.000+09:00,2025-10-13T18:00:00.000+09:00,0,0,False,False,96310,2033,2046,1383,3427,9763,5,일반 I | 일반 II | 공학 | 계리 | 전산,https://daoift3qrrnil.cloudfront.net/company_groups/images/000/003/427/webp/KOREAN-RE_CI_BASIC_raw_%EC%98%81%EB%AC%B8-1.webp?1696990715,1,https://daoift3qrrnil.cloudfront.net/content_images/images/000/326/969/webp/2025-%EC%BD%94%EB%A6%AC%EC%95%88%EB%A6%AC-%ED%95%98%EB%B0%98%EA%B8%B0-%EC%8B%A0%EC%9E%85%EC%82%AC%EC%9B%90-%EC%B1%84%EC%9A%A9-%EA%B2%8C%EC%8B%9C%EB%AC%BC-%EC%B5%9C%EC%A2%85-JPG-%EC%9A%A9%EB%9F%89%EC%A1%B0%EC%A0%88.webp?1759127385,,2025-09-26T10:32:25.000+09:00,2025-09-30T00:00:01.000+09:00,2026-08-31
100306,https://jasoseol.com/recruit/100306,SK텔링크,2025년 하반기 신입공채,big_business,https://2025-sktelink-recruit.co.kr/,2025-09-29T00:00:00.000+09:00,2025-10-05T23:59:00.000+09:00,0,4,False,False,68777,1406,2538,1060,3604,9941,7,회계/세무관리 | 국제전화(IDD)마케팅 | 국제통신 해외 파트너사 관리(해외 CARRIER RELATIONS) | SK 세븐모바일 홈페이지/APP 기획 및 운영 | SK 세븐모바일 온라인마케팅 | 데이터 백본 네트워크 및 국제 SMS(RCS) 운용 | 개인정보보호 기획/정책/관리 및 교육/점검,https://daoift3qrrnil.cloudfront.net/company_groups/images/000/003/604/webp/3921650952.webp?1684486324,1,https://daoift3qrrnil.cloudfront.net/content_images/images/000/326/655/webp/SK%ED%85%94%EB%A7%81%ED%81%AC_%EC%8B%A0%EC%9E%85%EA%B3%B5%EC%B1%84_%EC%9B%B9%ED%94%8C%EB%9D%BC%EC%9D%B4%EC%96%B4_750px.webp?1758865517,,2025-09-26T14:49:49.000+09:00,2025-09-26T14:49:49.000+09:00,2026-08-31
100307,https://jasoseol.com/recruit/100307,호반그룹,2026년 주니어 채용,big_business,https://hoban.careerlink.kr/?utm_source=jasoseol&utm_medium=banner,2025-09-29T00:00:00.000+09:00,2025-10-12T23:59:00.000+09:00,0,0,False,False,111571,3594,8394,3610,14394,18048,68,[호반건설]호반Boost인턴십_경영기획 | [호반건설]호반Boost인턴십_건축설계 | [호반건설]호반Boost인턴십_건축 | [호반건설]호반Boost인턴십_토목 | [호반건설]호반Boost인턴십_설비 | [호반건설]호반Boost인턴십_전기 | [호반건설]호반Boost인턴십_안전관리 | [호반건설]주니어프로_경영기획 | [호반건설]주니어프로_건축설계 | [호반건설]주니어프로_건축 | [호반건설]주니어프로_토목 | [호반건설]주니어프로_설비 | [호반건설]주니어프로_전기 | [호반건설]주니어프로_안전관리 | [호반TBM]호반Boost인턴십_TBM토목 | [호반TBM]호반Boost인턴십_TBM기계 | [호반TBM]호반Boost인턴십_TBM전기 | [호반TBM]주니어프로_TBM토목 | [호반TBM]주니어프로_TBM기계 | [호반TBM]주니어프로_TBM전기  | [대한전선]설계/기술 | [대한전선]생산엔지니어 | [대한전선]생산관리/생산기획 | [대한전선]해저시공헤석 | [대한전선]해저케이블 선적 | [대한전선]해저케이블 설치 | [대한전선]시스템 엔지니어링 | [대한전선]시공(전기) | [대한전선]시공(토목) | [대한전선]품질보증 | [대한전선]품질관리 | [대한전선]설비관리(기계) | [대한전선]설비관리(전기) | [대한전선]연구개발 | [대한전선]해외영업 | [대한전선]공정관리 | [대한전선]프로젝트관리 | [대한전선]재무 | [대한전선]노무 | [대한전선]주니어프로_설계/기술 | [대한전선]주니어프로_생산엔지니어 | [대한전선]주니어프로_생산관리/생산기획 | [대한전선]주니어프로_해저시공해석 | [대한전선]주니어프로_해저케이블선적 | [대한전선]주니어프로_해저케이블설치 | [대한전선]주니어프로_시스템 엔지니어링 | [대한전선]주니어프로_시공(전기) | [대한전선]주니어프로_시공(토목) | [대한전선]주니어프로_품질보증 | [대한전선]주니어프로_품질관리 | [대한전선]주니어프로_설비관리(기계) | [대한전선]주니어프로_설비관리(전기) | [대한전선]주니어프로_연구개발 | [대한전선]주니어프로_해외영업 | [대한전선]주니어프로_공정관리 | [대한전선]주니어프로_프로젝트관리 | [대한전선]주니어프로_재무 | [대한전선]주니어프로_노무 | [호반호텔앤리조트]호반Boost인턴십_경영기획 | [호반호텔앤리조트]호반Boost인턴십_마케팅/콘텐츠 | [호반호텔앤리조트]주니어프로_경영기획 | [호반호텔앤리조트]주니어프로_마케팅/콘텐츠 | [호반프라퍼티]운영관리 | [호반프라퍼티]주니어프로_운영관리 | [대아청과]농산물 유통판매 | [대아청과]영업관리 | [대아청과]주니어프로_농산물 유통판매 | [대아청과]주니어프로_영업관리 ,https://daoift3qrrnil.cloudfront.net/company_groups/images/000/014/394/webp/%EC%9B%B9_%EC%BA%A1%EC%B2%98_14-12-2022_15712_www.ihoban.co.kr.webp?1684488701,1,https://daoift3qrrnil.cloudfront.net/content_images/images/000/327/459/webp/%ED%98%B8%EB%B0%98%EA%B7%B8%EB%A3%B9_%EA%B7%B8%EB%A3%B9%EC%9B%B9%ED%94%8C%EB%9D%BC%EC%9D%B4%EC%96%B4_%28%EB%8C%80%ED%91%9C%29_%EC%A7%80%EC%9B%90%ED%95%98%EA%B8%B0%EC%B6%94%EA%B0%80_%281%29.webp?1759308059,,2025-09-26T14:50:10.000+09:00,2025-09-29T00:00:01.000+09:00,2026-08-31
100312,https://jasoseol.com/recruit/100312,LG유플러스,2025 하반기 신입채용,big_business,https://m.site.naver.com/1RE8L,2025-09-26T00:00:00.000+09:00,2025-10-12T23:00:00.000+09:00,0,0,False,False,113143,5298,9579,4492,4683,11066,12,마케팅전략 | 영업기획 | B2B영업 | B2B글로벌영업 | 컨설팅 | Back-End(AI Applied Engineer) | DevOps | 개발PM | NW기술(유·무선) | NW IDC | 보안 | People Analytics,https://daoift3qrrnil.cloudfront.net/company_groups/images/000/004/683/webp/%EB%A1%9C%EA%B3%A0_LG%EC%9C%A0%ED%94%8C%EB%9F%AC%EC%8A%A4_CI_png-.webp?1684486721,1,https://daoift3qrrnil.cloudfront.net/content_images/images/000/327/591/webp/LG%EC%9C%A0%ED%94%8C%EB%9F%AC%EC%8A%A4_25%ED%95%98_%EC%8B%A0%EC%9E%85%EC%B1%84%EC%9A%A9_%EC%9B%B9%ED%94%8C%EB%9D%BC%EC%9D%B4%EC%96%B4_FF.webp?1759370099,,2025-09-26T16:00:58.000+09:00,2025-09-26T16:12:01.000+09:00,2026-08-31
100340,https://jasoseol.com/recruit/100340,현대그린푸드,"외국어 우수 해외 주재원, 신입사원(본사 일반직무) 채용",big_business,https://recruit.ehyundai.com/recruit-info/announcement/list.nhd?hireGbCd=001&applYn=Y,2025-09-29T14:00:00.000+09:00,2025-10-14T23:59:00.000+09:00,0,0,False,False,64017,1203,988,587,276,4167,5,경영전략/기획 | 경영관리 | 총무 | 재경 | 단체급식 사업장운영,https://daoift3qrrnil.cloudfront.net/company_groups/images/000/000/276/webp/ci_greenfood.webp?1698998655,2,https://daoift3qrrnil.cloudfront.net/content_images/images/000/327/033/webp/2025.09.%EC%A0%84%EB%9E%B5.%ED%91%B8%EB%93%9C%EA%B8%B0%ED%9A%8D.2025%EB%85%84.%EC%8B%A0%EC%9E%85%EA%B3%B5%EA%B0%9C%EC%B1%84%EC%9A%A9-02_5.webp?1759191489 | https://daoift3qrrnil.cloudfront.net/content_images/images/000/326/921/webp/recruit_0929_3.webp?1759122263,,2025-09-29T14:06:09.000+09:00,2025-09-29T14:14:26.000+09:00,2026-08-31
100341,https://jasoseol.com/recruit/100341,한진,2026 신입사원 채용,big_business,https://www.hanjin.com/kor/CMS/RecruitMgr/view.do?mCode=MN052&recruit_seq=143,2025-10-01T10:00:00.000+09:00,2025-10-29T14:00:00.000+09:00,0,0,False,False,182522,4056,7479,2496,1993,5884,5,물류 | 택배 | 글로벌 | 디지털플랫폼 | 경영지원,https://daoift3qrrnil.cloudfront.net/company_groups/images/000/001/993/webp/%ED%95%9C%EC%A7%84_%EB%A1%9C%EA%B3%A0.webp?1684485687,1,https://daoift3qrrnil.cloudfront.net/content_images/images/000/327/330/webp/FireShot_Capture_100_-_%EB%95%A1%ED%81%90_%EB%B2%A0%EB%A6%AC_%EB%A7%A4%EC%B9%98_%EC%82%AC%EB%9E%8C%EC%9D%B8_-_%EC%B7%A8%EC%97%85__%EC%B1%84%EC%9A%A9__%EC%BB%A4%EB%A6%AC%EC%96%B4_%EB%A7%A4%EC%B9%AD_%ED%94%8C%EB%9E%AB%ED%8F%BC_-___.webp?1759295069,,2025-09-29T14:10:00.000+09:00,2025-10-01T10:00:12.000+09:00,2026-08-31
100351,https://jasoseol.com/recruit/100351,IM캐피탈,2025년 신입사원 채용,big_business,https://imcapital.incruit.com,2025-10-01T09:00:00.000+09:00,2025-10-14T18:00:00.000+09:00,0,0,False,False,122701,2344,3235,1613,4187,10524,2,일반 | IT,https://daoift3qrrnil.cloudfront.net/company_groups/images/000/004/187/webp/05_iM-%EC%BA%90%ED%94%BC%ED%83%88_1.webp?1722904790,1,https://daoift3qrrnil.cloudfront.net/content_images/images/000/328/048/webp/%EC%9D%B4%EB%AF%B8%EC%A7%80_%EC%95%84%EC%9D%B4%EC%97%A0%EC%BA%90%ED%94%BC%ED%83%88.webp?1760319451,,2025-09-29T15:52:45.000+09:00,2025-10-01T09:00:06.000+09:00,2026-08-31
100353,https://jasoseol.com/recruit/100353,산은캐피탈,채용공고,big_business,https://job.incruit.com/jobdb_info/jobpost.asp?job=2509260000917&handle=E391265FA3AC77E0E4B3FD7297E0CE5AFEA07AECBA17C3464C5AF29D431119DC,2025-09-30T00:00:00.000+09:00,2025-10-13T22:00:00.000+09:00,0,4,False,False,37645,1700,1786,1107,15600,20282,2,(공통) 일반직 | (공통) 이공계열,https://daoift3qrrnil.cloudfront.net/company_groups/images/000/015/600/webp/%EC%82%B0%EC%9D%80%EC%BA%90%ED%94%BC%ED%83%88_%EB%A1%9C%EA%B3%A0.webp?1751872280,1,https://daoift3qrrnil.cloudfront.net/content_images/images/000/326/977/webp/%EC%82%B0%EC%9D%80%EC%BA%90%ED%94%BC%ED%83%88_%EA%B3%B5%EA%B3%A0.webp?1759130320,,2025-09-29T16:39:50.000+09:00,2025-09-29T16:42:05.000+09:00,2026-08-31
100369,https://jasoseol.com/recruit/100369,어플라이드 머티어리얼즈 코리아,[Semiconductor 분야] Customer Engineer (장비 엔지니어),big_business,https://appliedkorea.applyin.co.kr/jobs/19617/applications/create,2025-10-01T09:00:00.000+09:00,2025-10-15T17:00:00.000+09:00,0,0,False,False,56481,1743,3081,1691,3070,8739,1,Customer Engineer (장비 엔지니어),https://daoift3qrrnil.cloudfront.net/company_groups/images/000/003/070/webp/jss_hashed_9574abdda62ba6b8da29_20251231T110950_APPLIED_Impact_Logo_blue.webp?1767146991,1,https://daoift3qrrnil.cloudfront.net/content_images/images/000/327/148/webp/Semiconductor_%EB%B6%84%EC%95%BC_AGS_202509_NCG_%EC%B5%9C%EC%A2%85.webp?1759212448,,2025-09-30T15:08:19.000+09:00,2025-10-01T09:00:06.000+09:00,2026-08-31
100372,https://jasoseol.com/recruit/100372,AJ네트웍스,수시채용(신입/경력),big_business,https://ajnet.recruiter.co.kr/career/jobs/84725,2025-10-01T00:01:00.000+09:00,2025-10-12T23:59:00.000+09:00,0,0,False,False,79695,582,909,370,1382,5273,23,지원_안전보건 | B&T_IT 영업 | 로지스_파렛트 영업 | 로지스_영업지원 | 지원_경영기획 | 지원_재무회계 | 지원_총무 | 산업장비_B2B 영업 (AWP B2B 렌탈 및 유통 영업) | 산업장비_B2B 영업 (지게차 B2B 렌탈 및 유통 영업) | 산업장비_경영관리 | 산업장비_장비유통 | B&T_경영관리 | B&T_스마트워크 설비관리 및 운영 | B&T_B2B 영업(금융서비스) | B&T_B2B 영업(제조/유틸리티) | B&T_B2B 영업(TopAccount) | B&T_로봇 설치 및 유지보수 | B&T_로봇영업 | B&T_자산 운영·관리 | 로지스_B2B 영업 | 로지스_화물운송관리 | 로지스_연구개발 | 로지스_센터 운영/자산관리,https://daoift3qrrnil.cloudfront.net/company_groups/images/000/001/382/webp/AJ%EB%84%A4%ED%8A%B8%EC%9B%8D%EC%8A%A4.webp?1684485444,1,https://daoift3qrrnil.cloudfront.net/content_images/images/000/327/211/webp/%2820250930%29%EB%84%A4%ED%8A%B8%EC%9B%8D%EC%8A%A4_10%EC%9B%94_%EC%88%98%EC%8B%9C%EC%B1%84%EC%9A%A9.webp?1759221550,,2025-09-30T16:51:24.000+09:00,2025-10-01T00:01:09.000+09:00,2026-08-31
100377,https://jasoseol.com/recruit/100377,현대자동차,10월 신입 채용,big_business,https://talent-hyundai-now.com/,2025-10-01T09:00:00.000+09:00,2025-10-17T17:00:00.000+09:00,0,0,False,False,208310,8022,18369,8395,1472,5363,8,연구개발_차량 프로젝트 관리 | 연구개발_제동 시스템 개발 | 생산/제조_플랜트 운영(울산공장) | 생산/제조_구매 | 사업/기획_국내사업(지역 비즈니스) | 경영지원_재경 | 경영지원_국내생산 경영지원(울산공장) | 경영지원_안전/환경(울산공장),https://daoift3qrrnil.cloudfront.net/company_groups/images/000/001/472/webp/HYU_Logo_Horizontal_Blue_RGB.webp?1684485479,1,https://daoift3qrrnil.cloudfront.net/content_images/images/000/327/208/webp/%ED%98%84%EB%8C%80%EC%9E%90%EB%8F%99%EC%B0%A8_10%EC%9B%94_%EC%8B%A0%EC%9E%85_%EC%B1%84%EC%9A%A9_%EC%9B%B9%EA%B3%B5%EA%B3%A0%EB%AC%B8_%EC%B5%9C%EC%A2%85.webp?1759221063,,2025-09-30T17:33:37.000+09:00,2025-10-01T09:00:06.000+09:00,2026-08-31
100378,https://jasoseol.com/recruit/100378,고려아연,2025년 하반기 신입사원 채용 공고,big_business,https://koreazinc.recruiter.co.kr/app/jobnotice/view?systemKindCode=MRS2&jobnoticeSn=230214,2025-10-01T14:00:00.000+09:00,2025-10-16T23:59:00.000+09:00,0,0,False,False,211798,5571,7959,4927,2705,7155,17,[고려아연]ESG경영 | [고려아연]교육·기업문화 | [고려아연]회계 | [고려아연]영업 | [고려아연]원료구매 | [고려아연]구매전략 | [고려아연 온산제련소]생산관리 | [고려아연 온산제련소]생산기획 | [고려아연 온산제련소]정비 | [고려아연 온산제련소]전기 | [고려아연 온산제련소]R&D(연구소) | [고려아연 온산제련소]분석관리(연구소) | [케이지그린텍]에너지안전·생산관리 | [KZ정밀]해외영업 | [KZ정밀]개발연구 | [스틸싸이클]생산관리 | [스틸싸이클에스씨]원료구매,https://daoift3qrrnil.cloudfront.net/company_groups/images/000/002/705/webp/%EA%B3%A0%EB%A0%A4%EC%95%84%EC%97%B0_%EB%A1%9C%EA%B3%A0_%EC%88%98%EC%A0%95-removebg-preview_%281%29.webp?1697607816,1,https://daoift3qrrnil.cloudfront.net/content_images/images/000/327/308/webp/2025_%ED%95%98%EB%B0%98%EA%B8%B0_%EA%B3%A0%EB%A0%A4%EC%95%84%EC%97%B0_%EB%B0%8F_%EA%B3%84%EC%97%B4%EC%82%AC_%EC%8B%A0%EC%9E%85%EC%82%AC%EC%9B%90_%EC%B1%84%EC%9A%A9_%EA%B3%B5%EA%B3%A0_%281%29.webp?1759291780,,2025-09-30T17:37:51.000+09:00,2025-10-01T14:00:03.000+09:00,2026-08-31
100380,https://jasoseol.com/recruit/100380,수협은행,2025년 하반기 신입행원 채용공고,big_business,https://shbank.incruit.com/,2025-10-01T14:00:00.000+09:00,2025-10-15T17:00:00.000+09:00,0,0,False,False,172427,3490,7066,3508,352,4243,6,일반_전국 | 지역인재_강원권 | 지역인재_충청권 | 지역인재_대구·경북권 | 지역인재_제주권 | IT인재_본부,https://daoift3qrrnil.cloudfront.net/company_groups/images/000/000/352/webp/suhyupbank.webp?1684484698,1,https://daoift3qrrnil.cloudfront.net/content_images/images/000/327/212/webp/_%EC%88%98%ED%98%91%EC%9D%80%ED%96%89__2025%EB%85%84_%ED%95%98%EB%B0%98%EA%B8%B0_%EC%8B%A0%EC%9E%85%ED%96%89%EC%9B%90_%EC%B1%84%EC%9A%A9%EA%B3%B5%EA%B3%A0.webp?1759221712,https://daoift3qrrnil.cloudfront.net/employment_companies/guidebooks/000/100/380/original/_%EC%88%98%ED%98%91%EC%9D%80%ED%96%89__%EB%B3%84%EC%B2%A8_%EC%9E%90%EA%B2%A9%EC%A6%9D.pdf,2025-09-30T17:42:36.000+09:00,2025-10-01T14:00:03.000+09:00,2026-08-31
100385,https://jasoseol.com/recruit/100385,메리츠증권,2025년 대졸 신입사원 공개채용,big_business,https://meritz.recruiter.co.kr/career/home?utm_source=jasoseol&utm_medium=banner&utm_campaign=2509meritz&utm_content=apply,2025-10-13T00:00:00.000+09:00,2025-10-24T23:59:00.000+09:00,0,0,False,False,88378,3468,3433,2378,3644,9981,5,S&T(Sales&Trading) | 리테일/디지털 | 리서치 | IT | 경영지원/내부통제,https://daoift3qrrnil.cloudfront.net/company_groups/images/000/003/644/webp/%E1%84%86%E1%85%A6%E1%84%85%E1%85%B5%E1%84%8E%E1%85%B3%E1%84%8C%E1%85%B3%E1%86%BC%E1%84%80%E1%85%AF%E1%86%AB.webp?1684486338,1,https://daoift3qrrnil.cloudfront.net/content_images/images/000/327/264/webp/%EB%A9%94%EB%A6%AC%EC%B8%A0%EC%A6%9D%EA%B6%8C_4%EC%B0%A8.webp?1759280405,,2025-10-01T10:01:03.000+09:00,2025-10-13T00:00:08.000+09:00,2026-08-31
100387,https://jasoseol.com/recruit/100387,SK텔레콤,2025 Junior Talent 채용 (Infra/고객/법무 직군) ,big_business,https://www.skcareers.com/Recruit?corpCode=10005&recruitType=200001&workingType=202001,2025-10-01T10:00:00.000+09:00,2025-10-10T18:00:00.000+09:00,0,0,False,False,62732,2029,7332,1184,144,4035,7,법무 | Infra_Access Infra | Infra_유선/IP Infra | Infra_Core Infra | Infra_설비 Infra | 고객_영업/마케팅 | 고객_B2B 영업,https://daoift3qrrnil.cloudfront.net/company_groups/images/000/000/144/webp/SKT_%E1%84%85%E1%85%A9%E1%84%80%E1%85%A9-100.webp?1698997938,1,https://daoift3qrrnil.cloudfront.net/content_images/images/000/327/342/webp/25%ED%95%98_09_SKT_%ED%95%98%EB%B0%98%EA%B8%B0_%EC%B1%84%EC%9A%A9_%EC%9B%B9%ED%94%8C%EB%9D%BC%EC%9D%B4%EC%96%B4.webp?1759299293,,2025-10-01T10:35:28.000+09:00,2025-10-01T11:03:09.000+09:00,2026-08-31
100388,https://jasoseol.com/recruit/100388,SK텔레콤,2025 Junior Talent 채용 (AI/보안 직군) ,big_business,https://www.skcareers.com/Recruit?corpCode=10005&recruitType=200001&workingType=202001,2025-10-01T10:00:00.000+09:00,2025-10-22T18:00:00.000+09:00,0,0,False,False,54325,826,3212,452,144,4035,2,AI_ Tech R&D ML/DL 개발 | 보안_정보보안,https://daoift3qrrnil.cloudfront.net/company_groups/images/000/000/144/webp/SKT_%E1%84%85%E1%85%A9%E1%84%80%E1%85%A9-100.webp?1698997938,1,https://daoift3qrrnil.cloudfront.net/content_images/images/000/327/343/webp/25%ED%95%98_09_SKT_%ED%95%98%EB%B0%98%EA%B8%B0_%EC%B1%84%EC%9A%A9_%EC%9B%B9%ED%94%8C%EB%9D%BC%EC%9D%B4%EC%96%B4.webp?1759299432,,2025-10-01T10:53:38.000+09:00,2025-10-01T11:00:30.000+09:00,2026-08-31
100389,https://jasoseol.com/recruit/100389,드림라인,글로벌사업 신입사원 모집,big_business,https://www.saramin.co.kr/zf_user/jobs/relay/view?isMypage=no&rec_idx=51953116&recommend_ids=eJxdzrsNxDAMA9Bprpco6ldnEO%2B%2FRS6BnRgpHykBZFaD7CG%2FPNhuMOcNFyc0JlQtHD0Rail4QEG9DVQ25IbomLBg5fqxUjGbgIjHOvvvUeVowYeDKyCw9ejKiyeKOy51&view_type=mail_landing&gz=1&relayNonce=b474c0e91f0d069de476&immediately_apply_layer_open=n#seq=0,2025-10-01T11:34:00.000+09:00,2025-10-30T23:59:00.000+09:00,0,4,False,False,8257,185,147,45,2937,8192,1,글로벌 영업,https://daoift3qrrnil.cloudfront.net/company_groups/images/000/002/937/webp/%EB%93%9C%EB%A6%BC%EB%9D%BC%EC%9D%B8_CI_%28%EB%B0%94%ED%83%95%ED%88%AC%EB%AA%85_%EA%B2%80%EC%9D%80%EC%83%89%EA%B8%80%EC%94%A8%29.webp?1684486060,1,https://daoift3qrrnil.cloudfront.net/content_images/images/000/327/294/webp/%EC%9E%90%EC%86%8C%EC%84%A4%EB%8B%B7%EC%BB%B4_%EA%B8%80%EB%A1%9C%EB%B2%8C%EC%82%AC%EC%97%85_%EA%B3%B5%EA%B3%A0%28%EC%8B%A0%EC%9E%85%29.webp?1759286206,,2025-10-01T11:41:34.000+09:00,2025-10-01T11:44:55.000+09:00,2026-08-31
100397,https://jasoseol.com/recruit/100397,CJ올리브영,2025 GLOBAL 외국인 신입 사원 모집,big_business,https://job.incruit.com/jobdb_info/jobpost.asp?job=2510010000272,2025-10-01T14:03:00.000+09:00,2025-10-17T17:00:00.000+09:00,0,4,False,False,37416,249,259,79,11055,14863,3,글로벌마케팅 | 글로벌영업 | 글로벌사업전략,https://daoift3qrrnil.cloudfront.net/company_groups/images/000/011/055/webp/CJ_OliveYoung_Horizontal_Full_Color.webp?1727680574,1,https://daoift3qrrnil.cloudfront.net/content_images/images/000/327/956/webp/%EC%98%AC%EB%A6%AC%EB%B8%8C%EC%98%81_%EA%B3%B5%EA%B3%A0%EC%9D%B4%EB%AF%B8%EC%A7%80.webp?1760082010,,2025-10-01T15:05:19.000+09:00,2025-10-01T15:09:12.000+09:00,2026-08-31
100400,https://jasoseol.com/recruit/100400,GS글로벌,2025년 하반기 신입사원 채용,big_business,https://gsgcorp.recruiter.co.kr/career/home,2025-10-13T00:00:00.000+09:00,2025-10-26T23:59:00.000+09:00,0,0,False,False,93517,2255,1811,1189,197,4088,1,해외 및 국내 사업,https://daoift3qrrnil.cloudfront.net/company_groups/images/000/000/197/webp/data.webp?1684484663,1,https://daoift3qrrnil.cloudfront.net/content_images/images/000/327/473/webp/251001_GS%EA%B8%80%EB%A1%9C%EB%B2%8C-%EC%B1%84%EC%9A%A9%EA%B3%B5%EA%B3%A0_v4.webp?1759309262,,2025-10-01T16:34:08.000+09:00,2025-10-13T00:00:08.000+09:00,2026-08-31
100401,https://jasoseol.com/recruit/100401,현대그린푸드,신입사원(구매·영업·마케팅 직무) 채용,big_business,https://recruit.ehyundai.com/recruit-info/announcement/view.nhd?hireId=2025694&regCoCd=HDGF,2025-10-01T13:00:00.000+09:00,2025-10-14T23:59:00.000+09:00,0,0,False,False,80810,1912,3498,1402,276,4167,16,구매_농산구매 | 구매_축수산구매 | 구매_공산품구매 | 구매_신상품 개발 | 구매_e-커머스 | 구매_물류 | 식재_식재영업 | 유통/외식_공산품영업 | 유통/외식_생식품영업 | 유통/외식_외식영업 | 유통/외식_베이커리영업 | 유통/외식_RnD(외식) | 단체급식_사업장운영(국내) | 단체급식_사업장개발 | 전략/기획_그리팅마케팅 | 전략/기획_그리팅제휴영업,https://daoift3qrrnil.cloudfront.net/company_groups/images/000/000/276/webp/ci_greenfood.webp?1698998655,1,https://daoift3qrrnil.cloudfront.net/content_images/images/000/327/413/webp/2025.09.%EC%A0%84%EB%9E%B5.%ED%91%B8%EB%93%9C%EA%B8%B0%ED%9A%8D.2025%EB%85%84.%EC%8B%A0%EC%9E%85%EA%B3%B5%EA%B0%9C%EC%B1%84%EC%9A%A9-03_4.webp?1759304979,,2025-10-01T16:52:26.000+09:00,2025-10-01T17:02:48.000+09:00,2026-08-31
100403,https://jasoseol.com/recruit/100403,수협중앙회,2025년 하반기 신입직원 채용공고,big_business,https://suhyup.saramin.co.kr/,2025-10-02T11:00:00.000+09:00,2025-10-17T17:00:00.000+09:00,0,0,False,False,162594,3623,5188,2608,3988,10325,8,사무_일반사무 | 사무_계리·상품개발 | 사무_IT | 기술_보험심사(어선원)_경기 ·충청·강원 | 기술_보험심사(어선원)_전북 ·전남 | 기술_보험심사(어선원)_제주 | 기술_보험심사(어선)_경기 ·충청·강원 | 기술_보험심사(어선)_경북 ·경남,https://daoift3qrrnil.cloudfront.net/company_groups/images/000/003/988/webp/581.webp?1700701422,1,https://daoift3qrrnil.cloudfront.net/content_images/images/000/327/457/webp/2025%EB%85%84_%ED%95%98%EB%B0%98%EA%B8%B0_%EC%88%98%ED%98%91%EC%A4%91%EC%95%99%ED%9A%8C_%EA%B3%B5%EA%B3%A0%EB%AC%B8_251001.webp?1759307438,,2025-10-01T17:32:48.000+09:00,2025-10-02T11:00:07.000+09:00,2026-08-31
100419,https://jasoseol.com/recruit/100419,키움증권,2025년 하반기 키움금융센터 정규직 채용,big_business,https://kiwoom1.saramin.co.kr/,2025-10-13T10:00:00.000+09:00,2025-10-26T23:00:00.000+09:00,0,0,False,False,62520,358,254,167,236,4127,1,고객 상담,https://daoift3qrrnil.cloudfront.net/company_groups/images/000/000/236/webp/%ED%82%A4%EC%9B%80%EC%A6%9D%EA%B6%8C_%EB%A1%9C%EA%B3%A0.webp?1684484676,1,https://daoift3qrrnil.cloudfront.net/content_images/images/000/327/594/webp/250926_%ED%82%A4%EC%9B%80%EC%A6%9D%EA%B6%8C-%EA%B3%B5%EA%B3%A0-%EC%88%98%EC%A0%95.webp?1759370370,,2025-10-02T11:00:15.000+09:00,2025-10-13T10:00:14.000+09:00,2026-08-31
100421,https://jasoseol.com/recruit/100421,한국투자증권,FY2025 하반기 업무직원 공채(신입사원 6급),big_business,https://career.koreainvestment.com/announcementList,2025-10-14T00:00:00.000+09:00,2025-10-30T17:00:00.000+09:00,0,0,False,False,134561,1767,1465,1075,43,3934,9,지점창구업무_서울/인천/경기 | 지점창구업무_대전/충청 | 지점창구업무_전주/전북 | 지점창구업무_광주/전남 | 지점창구업무_대구/경북 | 지점창구업무_부산/경남 | 지점창구업무_춘천/강릉 | 지점창구업무_제주 | 지점창구업무_근무지 무관,https://daoift3qrrnil.cloudfront.net/company_groups/images/000/000/043/webp/_2977543_%ED%95%9C%EA%B5%AD%ED%88%AC%EC%9E%90%EC%A6%9D%EA%B6%8C_%EA%B5%AD%EB%AC%B8CI.webp?1684484619,1,https://daoift3qrrnil.cloudfront.net/content_images/images/000/327/597/webp/25%ED%95%98_09_%ED%95%9C%EA%B5%AD%ED%88%AC%EC%9E%90%EC%A6%9D%EA%B6%8C_%ED%95%98%EB%B0%98%EA%B8%B0_%EC%97%85%EB%AC%B4%EC%A7%81%EC%9B%90_%EA%B3%B5%EC%B1%84_%EC%9B%B9%ED%94%8C%EB%9D%BC%EC%9D%B4%EC%96%B4_V2.webp?1759370748,,2025-10-02T11:07:28.000+09:00,2025-10-14T00:00:15.000+09:00,2026-08-31
100437,https://jasoseol.com/recruit/100437,아모레퍼시픽,2025 하반기 신입사원 수시채용,big_business,https://m.site.naver.com/1SoRm,2025-10-03T00:00:00.000+09:00,2025-10-19T23:59:00.000+09:00,0,0,False,False,92778,2534,2200,1454,39,3930,5,[R&I]스킨케어 제품개발 | [글로벌]마케팅 | [글로벌]영업 | [글로벌]인사 | [외국인]글로벌영업,https://daoift3qrrnil.cloudfront.net/company_groups/images/000/000/039/webp/%EC%95%84%EB%AA%A8%EB%A0%88%ED%8D%BC%EC%8B%9C%ED%94%BD_%EB%A1%9C%EA%B3%A0_png.webp?1684484618,1,https://daoift3qrrnil.cloudfront.net/content_images/images/000/327/880/webp/25%E1%84%92%E1%85%A1_09_%E1%84%8B%E1%85%A1%E1%84%86%E1%85%A9%E1%84%85%E1%85%A6%E1%84%91%E1%85%A5%E1%84%89%E1%85%B5%E1%84%91%E1%85%B5%E1%86%A8_%E1%84%92%E1%85%A1%E1%84%87%E1%85%A1%E1%86%AB%E1%84%80%E1%85%B5%E1%84%90%E1%85%A9%E1%86%BC%E1%84%92%E1%85%A1%E1%86%B8%E1%84%8E%E1%85%A2%E1%84%8B%E1%85%AD%E1%86%BC_%E1%84%8B%E1%85%B0%E1%86%B8%E1%84%91%E1%85%B3%E1%86%AF%E1%84%85%E1%85%A1%E1%84%8B%E1%85%B5%E1%84%8B%E1%85%A5%28%E1%84%80%E1%85%AE%E1%86%A8%E1%84%86%E1%85%AE%E1%86%AB%29_Fin.webp?1760060340,,2025-10-02T14:42:37.000+09:00,2025-10-03T00:00:12.000+09:00,2026-08-31
100471,https://jasoseol.com/recruit/100471,SK바이오사이언스,25년 4분기 신입/경력사원 수시채용,big_business,https://www.skcareers.com/Recruit,2025-10-02T00:00:00.000+09:00,2025-10-15T23:59:00.000+09:00,0,4,False,False,35647,367,595,231,6770,13167,6,SHE Management(산업위생/화학) | SHE Management(환경) | Quality | Production Planning | 관리회계/ 경영분석 | Talent Management(채용운영),https://daoift3qrrnil.cloudfront.net/company_groups/images/000/006/770/webp/open-uri20220705-9327-15kiov5.webp?1684487448,1,https://daoift3qrrnil.cloudfront.net/content_images/images/000/327/718/webp/25%EB%85%84_4%EB%B6%84%EA%B8%B0_%EC%8B%A0%EC%9E%85%EA%B2%BD%EB%A0%A5%EC%82%AC%EC%9B%90_%EC%88%98%EC%8B%9C%EC%B1%84%EC%9A%A9_251002.webp?1759392115,,2025-10-02T17:20:21.000+09:00,2025-10-02T17:21:54.000+09:00,2026-08-31
100488,https://jasoseol.com/recruit/100488,농협식품,2025년도 7급 신규직원 채용 안내문,big_business,https://nhfood.saramin.co.kr/service/nhfood/3674/applicant/apply/index.asp,2025-10-02T00:00:00.000+09:00,2025-10-15T11:00:00.000+09:00,0,0,False,False,51398,995,923,468,6957,13358,1,일반(7급)_공통(경영지원·영업·마케팅),https://daoift3qrrnil.cloudfront.net/company_groups/images/000/006/957/webp/rh0ay2_3dyu-iclhd_logo.webp?1700202280,1,https://daoift3qrrnil.cloudfront.net/content_images/images/000/327/891/webp/_25%EB%85%84%ED%95%98%EB%B0%98%EA%B8%B0%EA%B3%B5%EC%B1%84_%EC%B1%84%EC%9A%A9%EA%B3%B5%EA%B3%A0%EB%AC%B8_%EB%86%8D%ED%98%91%EC%8B%9D%ED%92%88001.webp?1760062856,,2025-10-10T11:21:35.000+09:00,2025-10-10T11:24:55.000+09:00,2026-08-31
100489,https://jasoseol.com/recruit/100489,신한라이프생명보험,2025 신입사원 채용,big_business,https://shinhan-life.recruiter.co.kr/career/jobs/85308,2025-10-13T00:00:00.000+09:00,2025-10-22T18:00:00.000+09:00,0,0,False,False,137920,3405,4336,2930,13191,16501,6,"영업전략(FC,DB,B2B) | 상품/계리/리스크 | 재무 | 자산운용 | DX(ICT) | 보험금기획",https://daoift3qrrnil.cloudfront.net/company_groups/images/000/013/191/webp/data.webp?1696908191,1,https://daoift3qrrnil.cloudfront.net/content_images/images/000/327/892/webp/25%E1%84%92%E1%85%A1_10_%E1%84%89%E1%85%B5%E1%86%AB%E1%84%92%E1%85%A1%E1%86%AB%E1%84%85%E1%85%A1%E1%84%8B%E1%85%B5%E1%84%91%E1%85%B3_%E1%84%89%E1%85%B5%E1%86%AB%E1%84%8B%E1%85%B5%E1%86%B8%E1%84%8E%E1%85%A2%E1%84%8B%E1%85%AD%E1%86%BC_%E1%84%8B%E1%85%B0%E1%86%B8%E1%84%91%E1%85%B3%E1%86%AF%E1%84%85%E1%85%A1%E1%84%8B%E1%85%B5%E1%84%8B%E1%85%A5_V6.webp?1760063007,,2025-10-10T11:25:53.000+09:00,2025-10-13T00:00:08.000+09:00,2026-08-31
100513,https://jasoseol.com/recruit/100513,포스코플로우,2025년 하반기 신입·경력사원 채용,big_business,https://recruit.posco.com/h22a01-front/H22A1001.html?id=512003,2025-10-14T10:00:00.000+09:00,2025-10-27T15:00:00.000+09:00,0,0,False,False,147577,1869,2251,1183,6237,12623,5,물류 운영/영업 | 투자/사업관리 | IT인프라 | 정보보안 | 운송품질,https://daoift3qrrnil.cloudfront.net/company_groups/images/000/006/237/webp/2022033101004011100360991.webp?1684487268,1,https://daoift3qrrnil.cloudfront.net/content_images/images/000/328/058/webp/2025%EB%85%84_%ED%95%98%EB%B0%98%EA%B8%B0_%EC%B1%84%EC%9A%A9%EA%B3%B5%EA%B3%A0_%ED%8F%AC%EC%8A%A4%ED%84%B0%28%ED%86%B5%ED%95%A9%29_%EC%86%A1%EB%B6%80%EC%9A%A9_%281%29.webp?1760321139,,2025-10-13T11:10:07.000+09:00,2025-10-14T10:00:02.000+09:00,2026-08-31
100522,https://jasoseol.com/recruit/100522,NH농협캐피탈,2025년 신규직원 채용,big_business,https://nhcapital.saramin.co.kr/,2025-10-15T09:00:00.000+09:00,2025-10-27T10:00:00.000+09:00,0,0,False,False,136667,3483,3664,2423,2594,6584,2,금융일반 | IT·디지털·정보보호,https://daoift3qrrnil.cloudfront.net/company_groups/images/000/002/594/webp/%E1%84%82%E1%85%A9%E1%86%BC%E1%84%92%E1%85%A7%E1%86%B8%E1%84%8F%E1%85%A2%E1%84%91%E1%85%B5%E1%84%90%E1%85%A1%E1%86%AF.webp?1684485936,1,https://daoift3qrrnil.cloudfront.net/content_images/images/000/328/284/webp/NH%EB%86%8D%ED%98%91%EC%BA%90%ED%94%BC%ED%83%88_%EA%B3%B5%EA%B3%A0%EB%AC%B8_%EC%88%98%EC%A0%95%EB%B3%B8_251014.webp?1760401972,,2025-10-13T14:36:19.000+09:00,2025-10-15T09:00:09.000+09:00,2026-08-31
100541,https://jasoseol.com/recruit/100541,현대백화점그룹,2025년 하반기 신입사원 채용,big_business,https://recruit.ehyundai.com/,2025-10-24T09:00:00.000+09:00,2025-11-06T17:00:00.000+09:00,0,0,False,False,199320,7028,7373,4020,172,4063,11,[현대백화점]영업/마케팅_영업관리 | [현대백화점]영업/마케팅_마케팅 | [현대백화점]경영지원 | [현대백화점]글로벌 | [현대홈쇼핑]영업/마케팅_MD | [현대홈쇼핑]영업/마케팅_영업지원 | [현대홈쇼핑]경영지원_대외협력 | [현대홈쇼핑]경영지원_재경 | [현대홈쇼핑]전략/기획 | [현대홈쇼핑]글로벌_재경 | [현대홈쇼핑]글로벌_전략기획,https://daoift3qrrnil.cloudfront.net/company_groups/images/000/000/172/webp/%ED%98%84%EB%8C%80.webp?1684484656,1,https://daoift3qrrnil.cloudfront.net/content_images/images/000/329/359/webp/2025_Fall_Hyundai_Departmentstore_Recruiting_Poster_Final3.webp?1761117035,,2025-10-14T13:33:00.000+09:00,2025-10-14T13:35:06.000+09:00,2026-08-31
100542,https://jasoseol.com/recruit/100542,선진,2025년 대규모 신입/경력 채용,big_business,https://recruit-sj.com/?utm_source=jasoseol&utm_medium=ad&utm_campaign=sunjin_202510,2025-10-15T00:00:00.000+09:00,2025-10-28T23:59:00.000+09:00,0,4,False,False,113109,1358,1456,832,1113,5004,21,사료영업 | 유전자 영업지원 | 식육영업 | 식육 온라인영업 | 육가공 식품영업 | 육가공 급식영업 | 육가공 매장 마케팅 | ICT 제품영업 | 양돈 생산관리 | 육가공 공무기획(전기안전담당) | 양돈 관리 | 식육 물류(팀장) | 사료 구매(자원관리) | 기획 | 애그리 경영관리 | 종돈육종연구 | 육가공 냉장 R&D | 양돈설비 | 식품 R&D | ERP 운영 | 데이터 분석 및 인공지능(딥러닝),https://daoift3qrrnil.cloudfront.net/company_groups/images/000/001/113/webp/%EC%84%A0%EC%A7%84CI_%EC%9B%8C%EB%93%9C%EB%A7%88%ED%81%AC.webp?1684485334,1,https://daoift3qrrnil.cloudfront.net/content_images/images/000/329/239/webp/4_6_%E1%84%8C%E1%85%B5%E1%86%A8%E1%84%86%E1%85%AE%E1%84%8E%E1%85%AE%E1%84%80%E1%85%A1.webp?1761090507,,2025-10-14T13:33:19.000+09:00,2025-10-14T13:33:19.000+09:00,2026-08-31
100557,https://jasoseol.com/recruit/100557,삼양그룹,2025 10월 신입사원 수시채용,big_business,https://recruit-samyang.com/,2025-10-15T17:00:00.000+09:00,2025-10-26T23:59:00.000+09:00,0,0,False,False,50701,1530,1641,858,3252,9469,9,[Global Talent/Junior Career]해외영업 | [Global Talent/Junior Career]국내영업 | [Global Talent/Junior Career]연구지원 | [Global Talent/Junior Career]해외영업(의료기기) | [Global Talent/Junior Career]마케팅(항암제) | [Global Talent/Junior Career]해외영업(항암제) | [신입연구/Junior Career]R&D(합성) | [신입연구/Junior Career]R&D(공정개발) | [신입연구/Junior Career]R&D(약리),https://daoift3qrrnil.cloudfront.net/company_groups/images/000/003/252/webp/SAMYANG_LOGOTYPE_PRIMARY_VERSION_RGB_POSITIVE.webp?1728027832,1,https://daoift3qrrnil.cloudfront.net/content_images/images/000/328/513/webp/%EC%82%BC%EC%96%91%EA%B7%B8%EB%A3%B9_2025-10%EC%9B%94-%EC%88%98%EC%8B%9C%EC%B1%84%EC%9A%A9-%EA%B3%B5%EA%B3%A0%EB%AC%B8.webp?1760504856,,2025-10-15T14:11:13.000+09:00,2025-10-15T17:00:34.000+09:00,2026-08-31
100579,https://jasoseol.com/recruit/100579,한솔제지,2025 신입사원 공개채용 추가모집,big_business,https://www.hansol-recruit.com,2025-10-15T18:00:00.000+09:00,2025-10-23T23:59:00.000+09:00,0,4,False,False,35774,763,1033,491,3326,9662,3,인사 | 보전 | 기술개발,https://daoift3qrrnil.cloudfront.net/company_groups/images/000/003/326/webp/img_%2851%29.webp?1700448853,1,https://daoift3qrrnil.cloudfront.net/content_images/images/000/328/586/webp/25%ED%95%98_09_%ED%95%9C%EC%86%94%ED%99%80%EB%94%A9%EC%8A%A4_%EC%8B%A0%EC%9E%85%EC%B1%84%EC%9A%A9_%EC%9B%B9%ED%94%8C%EB%9D%BC%EC%9D%B4%EC%96%B4%28%EC%B6%94%EA%B0%80%EB%AA%A8%EC%A7%91%29_v1-1_%ED%95%9C%EC%86%94%EC%A0%9C%EC%A7%80.webp?1760571913,,2025-10-16T08:51:46.000+09:00,2025-10-16T08:52:23.000+09:00,2026-08-31
100581,https://jasoseol.com/recruit/100581,미래에셋생명,2025년 하반기 신입채용,big_business,https://miraeassetlife.ninehire.site,2025-10-17T09:00:00.000+09:00,2025-10-31T23:59:00.000+09:00,0,0,False,False,141682,2557,3460,1674,960,4851,5,DX(데이터분석) | DX(생성형AI) | IT(개발/운영) | 상품개발 | 계리,https://daoift3qrrnil.cloudfront.net/company_groups/images/000/000/960/webp/%E1%84%86%E1%85%B5%E1%84%85%E1%85%A2%E1%84%89%E1%85%A2%E1%86%BC%E1%84%86%E1%85%A7%E1%86%BC.webp?1684485296,1,https://daoift3qrrnil.cloudfront.net/content_images/images/000/330/140/webp/%28%EB%AC%B8%EC%9D%98%EC%A0%84%ED%99%94%EC%B6%94%EA%B0%80%292025_%ED%95%98%EB%B0%98%EA%B8%B0_%EC%8B%A0%EC%9E%85%EC%82%AC%EC%9B%90_%EC%B1%84%EC%9A%A9%EA%B3%B5%EA%B3%A0.webp?1761783674,,2025-10-16T09:38:10.000+09:00,2025-10-17T09:00:19.000+09:00,2026-08-31
100582,https://jasoseol.com/recruit/100582,애경케미칼,2025년 신입/경력직 채용,big_business,https://aekyungchemical.applyin.co.kr/jobs/?tag=custom2bc559b9,2025-10-14T00:00:00.000+09:00,2025-10-27T23:59:00.000+09:00,0,0,False,False,45738,1349,1345,784,219,4110,5,국내영업 및 해외영업 | 생산 엔지니어 | 화장품 원료평가/제형개발 | 전기설비 점검/보수 | 전기설비 점검/보수,https://daoift3qrrnil.cloudfront.net/company_groups/images/000/000/219/webp/%EC%95%A0%EA%B2%BD%EC%BC%80%EB%AF%B8%EC%B9%BCCI.webp?1698910555,1,https://daoift3qrrnil.cloudfront.net/content_images/images/000/328/614/webp/%EC%95%A0%EA%B2%BD%EC%BC%80%EB%AF%B8%EC%B9%BC_%EC%9D%B4%EB%AF%B8%EC%A7%80.webp?1760582520,,2025-10-16T11:43:06.000+09:00,2025-10-16T13:08:36.000+09:00,2026-08-31
100583,https://jasoseol.com/recruit/100583,한국화낙,2026년도 신입사원 모집공고,big_business,https://fkc.recruiter.co.kr/career/jobs/86506?utm_source=jasoseol&utm_medium=banner&utm_campaign=2510fkc&utm_content=apply,2025-10-16T12:00:00.000+09:00,2025-11-02T23:59:00.000+09:00,0,0,False,False,22319,433,449,277,2988,8440,1,기술지원&기술영업,https://daoift3qrrnil.cloudfront.net/company_groups/images/000/002/988/webp/fanuc_logo.webp?1684486077,1,https://daoift3qrrnil.cloudfront.net/content_images/images/000/328/616/webp/%ED%95%9C%EA%B5%AD%ED%99%94%EB%82%99_%EA%B3%B5%EA%B3%A0%EB%AC%B8_1016_v2.webp?1760583545,,2025-10-16T12:02:04.000+09:00,2025-10-16T12:03:07.000+09:00,2026-08-31
100592,https://jasoseol.com/recruit/100592,다우기술,경력·신입 대규모 인재영입,big_business,https://recruit.daou.co.kr/,2025-10-17T00:00:00.000+09:00,2025-10-27T18:00:00.000+09:00,0,0,False,False,65399,996,2240,806,730,4621,17,개발_iOS 모바일앱 개발 | 개발_원장개발 | 개발_법인매매 시스템 개발 | 개발_HTS 채널 개발 | 개발_MTS 채널 개발 | 개발_Web/WTS 채널 개발 | 개발_소프트웨어 아키텍트 | 개발_투자정보서버 개발 | 개발_자산운용 시스템 개발 | 엔지니어_인터넷서비스 DBA | 엔지니어_데이터베이스 엔지니어 | 엔지니어_테크니컬 아키텍트 | 기획_IT 전략/서비스 기획 | 기획_다우오피스 서비스 기획 | 영업_모바일쿠폰 영업 | 경영지원_재무/세무 관리 | 개발_증권 IT 개발,https://daoift3qrrnil.cloudfront.net/company_groups/images/000/000/730/webp/CI_Manual_01.webp?1684485251,5,https://daoift3qrrnil.cloudfront.net/content_images/images/000/328/714/webp/%EB%A9%94%EC%9D%B8%EC%83%81%EB%8B%A8.webp?1760601707 | https://daoift3qrrnil.cloudfront.net/content_images/images/000/328/718/webp/%EC%8A%AC%EB%9D%BC%EC%9D%B4%EB%93%9C1_.webp?1760601707 | https://daoift3qrrnil.cloudfront.net/content_images/images/000/328/715/webp/%EC%8A%AC%EB%9D%BC%EC%9D%B4%EB%93%9C2.webp?1760601708 | https://daoift3qrrnil.cloudfront.net/content_images/images/000/328/716/webp/%EC%8A%AC%EB%9D%BC%EC%9D%B4%EB%93%9C3.webp?1760601707 | https://daoift3qrrnil.cloudfront.net/content_images/images/000/328/717/webp/%EC%8A%AC%EB%9D%BC%EC%9D%B4%EB%93%9C4.webp?1760601708,,2025-10-16T16:04:49.000+09:00,2025-10-16T16:26:10.000+09:00,2026-08-31
100652,https://jasoseol.com/recruit/100652,삼천리,2026년 신입사원 공개채용,big_business,https://recruit.samchully.co.kr/reMenuAction.do,2025-10-10T00:00:00.000+09:00,2025-10-24T23:59:00.000+09:00,0,0,False,False,32454,1152,1092,679,2763,7462,4,도시가스(안전관리) | 도시가스(사업관리) | 경영지원(인사) | 도시가스(안전관리)_초대졸,https://daoift3qrrnil.cloudfront.net/company_groups/images/000/002/763/webp/%E2%98%85%EC%82%BC%EC%B2%9C%EB%A6%AC_%ED%95%9C%EA%B8%80%EC%A2%8C%EC%9A%B0%EC%A1%B0%ED%95%A9.webp?1684485996,2,https://daoift3qrrnil.cloudfront.net/content_images/images/000/328/980/webp/2025_%ED%95%98%EB%B0%98%EA%B8%B0_%EC%82%BC%EC%B2%9C%EB%A6%AC_%EC%B1%84%EC%9A%A9%EA%B3%B5%EA%B3%A0%EB%AC%B8_%EB%8C%80%EC%A1%B8.webp?1760918682 | https://daoift3qrrnil.cloudfront.net/content_images/images/000/328/981/webp/2025_%ED%95%98%EB%B0%98%EA%B8%B0_%EC%82%BC%EC%B2%9C%EB%A6%AC_%EC%B1%84%EC%9A%A9%EA%B3%B5%EA%B3%A0%EB%AC%B8_%EC%B4%88%EB%8C%80%EC%A1%B8.webp?1760918687,,2025-10-20T09:05:57.000+09:00,2025-10-20T09:10:40.000+09:00,2026-08-31
100656,https://jasoseol.com/recruit/100656,신영증권,2025년 하반기 신입사원 공개채용,big_business,http://shinrecruit.shinyoung.com/,2025-10-22T14:00:00.000+09:00,2025-11-10T16:00:00.000+09:00,0,0,False,False,96777,2853,3622,1923,79,3970,7,자산관리서비스 | 본사영업 | IB | 운용 | 리서치 | IT | 본사관리,https://daoift3qrrnil.cloudfront.net/company_groups/images/000/000/079/webp/%EC%8B%A0%EC%98%81%EC%A6%9D%EA%B6%8C_new_ci_%EC%84%B8%EB%A1%9C%ED%98%95-02.webp?1684484632,1,https://daoift3qrrnil.cloudfront.net/content_images/images/000/328/996/webp/%EC%8B%A0%EC%98%81%EC%A6%9D%EA%B6%8C_%EA%B3%B5%EA%B3%A0.webp?1760922137,,2025-10-20T10:04:55.000+09:00,2025-10-22T14:00:05.000+09:00,2026-08-31
100662,https://jasoseol.com/recruit/100662,LG유플러스,2025 안전/보건관리 신입채용,big_business,https://m.site.naver.com/1Tn47,2025-10-20T13:00:00.000+09:00,2025-10-26T23:00:00.000+09:00,0,0,False,False,22943,285,347,199,4683,11066,1,안전/보건관리,https://daoift3qrrnil.cloudfront.net/company_groups/images/000/004/683/webp/%EB%A1%9C%EA%B3%A0_LG%EC%9C%A0%ED%94%8C%EB%9F%AC%EC%8A%A4_CI_png-.webp?1684486721,1,https://daoift3qrrnil.cloudfront.net/content_images/images/000/329/033/webp/LG%EC%9C%A0%ED%94%8C%EB%9F%AC%EC%8A%A4_%EC%95%88%EC%A0%84%EB%B3%B4%EA%B1%B4%EA%B4%80%EB%A6%AC_%EC%B1%84%EC%9A%A9_%EC%9B%B9%ED%94%8C%EB%9D%BC%EC%9D%B4%EC%96%B4_2%EC%B0%A8_%EA%B3%A0%ED%99%94%EC%A7%88ver.webp?1760932904,,2025-10-20T13:03:03.000+09:00,2025-10-20T13:06:38.000+09:00,2026-08-31
100671,https://jasoseol.com/recruit/100671,한주,2026년도 상반기 신입사원 채용,big_business,https://jrs.jobkorea.co.kr/hanjucorp/hanjucorp26/Agi/Invite,2025-10-22T09:00:00.000+09:00,2025-10-31T16:00:00.000+09:00,0,0,False,False,89696,1490,1545,940,6010,12396,4,사무직_경영지원 | 기술직_품질관리 | 기술직_안전보건팀 | 기능직_전기,https://daoift3qrrnil.cloudfront.net/company_groups/images/000/006/010/webp/h76YoSVHOzMieZb9RSJc4_wMU8LAvJ1HZ5CE6ukeViuBboVRpZVtYFY6qrvxg3uP5tfWfxzszUYkLcXFa5d_0w.webp?1700619773,1,https://daoift3qrrnil.cloudfront.net/content_images/images/000/329/077/webp/hanjucorp1_1020_%EC%A4%84%EA%B3%B5%EA%B3%A0_%281%29.webp?1760941351,,2025-10-20T15:23:22.000+09:00,2025-10-22T09:00:10.000+09:00,2026-08-31
100673,https://jasoseol.com/recruit/100673,강남제비스코,신입 / 경력사원 공개채용,big_business,http://www.jevisco.com/kr/information/recruit/view.do?pageIndex=1&seq=1&flagyn=2&searchCondition=&searchKeyword=,2025-10-20T16:00:00.000+09:00,2025-10-26T23:59:00.000+09:00,0,0,False,False,10686,195,211,105,3470,9806,2,안전보건 | 안전보건,https://daoift3qrrnil.cloudfront.net/company_groups/images/000/003/470/webp/%EA%B0%95%EB%82%A8%EC%A0%9C%EB%B9%84%EC%8A%A4%EC%BD%94_%EA%B5%AD%EB%AC%B8%EB%A1%9C%EA%B3%A0_%EA%B0%80%EB%A1%9C%EC%A1%B0%ED%95%A9%28%EA%B5%AD%EB%AC%B8_1%EC%88%9C%EC%9C%84%29RGB.webp?1684486269,1,https://daoift3qrrnil.cloudfront.net/content_images/images/000/329/079/webp/20251017162346301301.webp?1760943808,,2025-10-20T16:03:48.000+09:00,2025-10-20T16:11:46.000+09:00,2026-08-31
100676,https://jasoseol.com/recruit/100676,충청에너지서비스,SK이노베이션 E&S 계열 도시가스사 대졸 신입사원 모집,big_business,https://www.skcareers.com/Recruit/Detail/R252163,2025-10-20T00:00:00.000+09:00,2025-11-09T23:59:00.000+09:00,0,0,False,False,31418,745,680,368,2221,6112,2,경영지원 | 마케팅,https://daoift3qrrnil.cloudfront.net/company_groups/images/000/002/221/webp/ci_%282%29_%281%29.webp?1684485780,1,https://daoift3qrrnil.cloudfront.net/content_images/images/000/329/100/webp/SK%EC%9D%B4%EB%85%B8%EB%B2%A0%EC%9D%B4%EC%85%98_E_S_%EA%B3%84%EC%97%B4_%EB%8F%84%EC%8B%9C%EA%B0%80%EC%8A%A4%EC%82%AC_%EB%8C%80%EC%A1%B8_%EC%8B%A0%EC%9E%85%EC%82%AC%EC%9B%90_%EB%AA%A8%EC%A7%91_.webp?1760947527,,2025-10-20T17:09:18.000+09:00,2025-10-20T17:12:37.000+09:00,2026-08-31
100685,https://jasoseol.com/recruit/100685,드림라인,2025년 하반기 신입/경력사원 채용,big_business,https://www.saramin.co.kr/zf_user/jobs/relay/view?isMypage=no&rec_idx=51992287&recommend_ids=eJxdj0EWQyEIA0%2FTPUEgsO5BvP8tav97iu1yHEjQVdKYNhN48e0LXVxnif7htO8DyuEYexxFNWdvYxjHFUZndJjFSGmripKOKgzaHkZkEbGsPEgVDxysclt3HSvFkLYgta6iCJ7dC%2FefipWXt1DmVRWm49dqY5rp0%2FwBTkdHbw%3D%3D&view_type=mail_landing&gz=1&relayNonce=96cb83ce74f96c327d0d&immediately_apply_layer_open=n,2025-10-21T11:42:00.000+09:00,2025-10-26T23:59:00.000+09:00,0,4,False,False,8173,123,152,36,2937,8192,4,회계/세무 | 커머스영업 | 기업영업 | 사무직,https://daoift3qrrnil.cloudfront.net/company_groups/images/000/002/937/webp/%EB%93%9C%EB%A6%BC%EB%9D%BC%EC%9D%B8_CI_%28%EB%B0%94%ED%83%95%ED%88%AC%EB%AA%85_%EA%B2%80%EC%9D%80%EC%83%89%EA%B8%80%EC%94%A8%29.webp?1684486060,2,https://daoift3qrrnil.cloudfront.net/content_images/images/000/329/166/webp/%28%EC%9E%90%EC%86%8C%EC%84%A4%EB%8B%B7%EC%BB%B4%292025%EB%85%84_10%EC%9B%94_%EA%B3%B5%EC%B1%84.webp?1761015004 | https://daoift3qrrnil.cloudfront.net/content_images/images/000/329/167/webp/%E2%98%85%EC%9E%90%EC%86%8C%EC%84%A4%EB%8B%B7%EC%BB%B4_%EB%92%B7%EB%A9%B4.webp?1761015008,,2025-10-21T12:03:17.000+09:00,2025-10-21T12:04:14.000+09:00,2026-08-31
100688,https://jasoseol.com/recruit/100688,드림라인,경영지원 신입사원 모집,big_business,https://www.saramin.co.kr/zf_user/jobs/relay/view?isMypage=no&rec_idx=52081877&recommend_ids=eJxNzskNA1EMAtBqcvfGN5ynkOm%2Fi0wiJfbxCQlAWKHcb7q%2F%2BoLLDFxEZnJYhPAn2aX%2BMSwscYaQDMMjFzdZNs1xvGvo0TFD7U2u9DO7mM%2Bv1dw6m9WRtXdLWqmlfKfP1jTLKr%2FpG0DpQBc%3D&view_type=mail_landing&gz=1&relayNonce=ae013eb248e30446a7c2&immediately_apply_layer_open=n#seq=0,2025-10-21T13:28:00.000+09:00,2025-11-18T23:59:00.000+09:00,0,4,False,False,9460,373,235,122,2937,8192,1,경영지원,https://daoift3qrrnil.cloudfront.net/company_groups/images/000/002/937/webp/%EB%93%9C%EB%A6%BC%EB%9D%BC%EC%9D%B8_CI_%28%EB%B0%94%ED%83%95%ED%88%AC%EB%AA%85_%EA%B2%80%EC%9D%80%EC%83%89%EA%B8%80%EC%94%A8%29.webp?1684486060,2,https://daoift3qrrnil.cloudfront.net/content_images/images/000/329/179/webp/%E2%98%85%EC%9E%90%EC%86%8C%EC%84%A4%EB%8B%B7%EC%BB%B4_%EC%95%9E%EB%A9%B4%28%EA%B2%BD%EC%98%81%EC%A7%80%EC%9B%90%ED%8C%80%29.webp?1761020959 | https://daoift3qrrnil.cloudfront.net/content_images/images/000/329/180/webp/%E2%98%85%EC%9E%90%EC%86%8C%EC%84%A4%EB%8B%B7%EC%BB%B4_%EB%92%B7%EB%A9%B4.webp?1761020962,,2025-10-21T13:38:13.000+09:00,2025-10-21T13:41:20.000+09:00,2026-08-31
100690,https://jasoseol.com/recruit/100690,드림라인,네트워크기술 신입 채용,big_business,https://www.saramin.co.kr/zf_user/jobs/relay/view?isMypage=no&rec_idx=52081425&recommend_ids=eJxNkMsNwzAMQ6fpXR9apM4ZJPtvUadArRwfKBLPXi5GOG65f3gtb48Q7rb4ocS0NWmyyI32YBjcqMFSZJ1uVyByUoeq%2FuiVInxSLYKnyz2FdY7phGk0kJ15cEu2RlLdIGY591pPt2F%2BnrAloXcX6HV%2Bw4Dt%2BRz7FzkKQBg%3D&view_type=mail_landing&gz=1&relayNonce=665a405cd17d2e634ae1&immediately_apply_layer_open=n#seq=0,2025-10-20T13:29:00.000+09:00,2025-11-18T23:59:00.000+09:00,0,4,False,False,6286,82,123,33,2937,8192,1,네트워크기술,https://daoift3qrrnil.cloudfront.net/company_groups/images/000/002/937/webp/%EB%93%9C%EB%A6%BC%EB%9D%BC%EC%9D%B8_CI_%28%EB%B0%94%ED%83%95%ED%88%AC%EB%AA%85_%EA%B2%80%EC%9D%80%EC%83%89%EA%B8%80%EC%94%A8%29.webp?1684486060,2,https://daoift3qrrnil.cloudfront.net/content_images/images/000/329/182/webp/%E2%98%85%EC%9E%90%EC%86%8C%EC%84%A4%EB%8B%B7%EC%BB%B4_%EC%95%9E%EB%A9%B4%28%EB%84%A4%ED%8A%B8%EC%9B%8C%ED%81%AC%EA%B8%B0%EC%88%A0%ED%8C%80%EC%8B%A0%EC%9E%85%29.webp?1761021249 | https://daoift3qrrnil.cloudfront.net/content_images/images/000/329/183/webp/%E2%98%85%EC%9E%90%EC%86%8C%EC%84%A4%EB%8B%B7%EC%BB%B4_%EB%92%B7%EB%A9%B4.webp?1761021252,,2025-10-21T13:42:42.000+09:00,2025-10-21T13:42:59.000+09:00,2026-08-31
100694,https://jasoseol.com/recruit/100694,피유코어,2025년 하반기 대졸 신입 공개채용,big_business,https://pucore.recruiter.co.kr/career/recruit?utm_source=jasoseol&utm_medium=banner&utm_campaign=2510pucore&utm_content=apply,2025-10-22T00:00:00.000+09:00,2025-11-03T23:59:00.000+09:00,0,0,False,False,72674,1839,1901,1144,3151,9068,8,내수영업 | 해외영업(미주/유럽) | 해외영업(일본 등 아시아) | 공정엔지니어 | 품질엔지니어(QC) | Energy Saving 기술개발 | Polyol 기술개발 | 전략기획,https://daoift3qrrnil.cloudfront.net/company_groups/images/000/003/151/webp/jss_hashed_16927c81c5d0d7a1d3e1_20251021T165747_d4a449db-53e6-4b24-8f9f-1e64e2cb048a.webp?1761033472,1,https://daoift3qrrnil.cloudfront.net/content_images/images/000/329/386/webp/%ED%94%BC%EC%9C%A0%EC%BD%94%EC%96%B4_%EA%B3%B5%EA%B3%A0%EB%AC%B8_4.webp?1761122954,,2025-10-21T16:57:50.000+09:00,2025-10-22T00:00:04.000+09:00,2026-08-31
100695,https://jasoseol.com/recruit/100695,하나자산신탁,2025년 하반기 신입사원 채용,big_business,https://jrs.jobkorea.co.kr/hanatrust,2025-10-24T13:00:00.000+09:00,2025-11-09T18:00:00.000+09:00,0,0,False,False,84105,1232,557,615,6946,13347,1,공통부문_부동산금융,https://daoift3qrrnil.cloudfront.net/company_groups/images/000/006/946/webp/jss_hashed_56a7fc57631b66c5ae83_20251022T155236_hanadaol_200.webp?1761115956,1,https://daoift3qrrnil.cloudfront.net/content_images/images/000/329/240/webp/hanatrust_750.webp?1761090830,,2025-10-22T08:55:12.000+09:00,2025-10-24T13:00:03.000+09:00,2026-08-31
100712,https://jasoseol.com/recruit/100712,드림라인,글로벌사업 기획 신입사원 모집,big_business,https://www.saramin.co.kr/zf_user/jobs/relay/view?isMypage=no&rec_idx=52096120&recommend_ids=eJxdzbsRA1EIQ9FqnCOQ%2BMQuZPvvwt4xbwOHhzsjOHSg4rJXvWVFz%2FKFxqKxaLD1wEO0AwqhBxmaH4BJy1y4Rugz%2Ff2a3FIl5BZEunzhNtWR15j%2F8eIewhinY2jTdvMDlS4umQ%3D%3D&view_type=mail_landing&gz=1&relayNonce=0d5638708ca2cfc370b4&immediately_apply_layer_open=n#seq=0,2025-10-21T16:30:00.000+09:00,2025-11-19T23:59:00.000+09:00,0,4,False,False,4340,122,85,25,2937,8192,1,글로벌사업 기획,https://daoift3qrrnil.cloudfront.net/company_groups/images/000/002/937/webp/%EB%93%9C%EB%A6%BC%EB%9D%BC%EC%9D%B8_CI_%28%EB%B0%94%ED%83%95%ED%88%AC%EB%AA%85_%EA%B2%80%EC%9D%80%EC%83%89%EA%B8%80%EC%94%A8%29.webp?1684486060,2,https://daoift3qrrnil.cloudfront.net/content_images/images/000/329/369/webp/%E2%98%85%EC%9E%90%EC%86%8C%EC%84%A4%EB%8B%B7%EC%BB%B4_%EC%95%9E%EB%A9%B4%28%ED%95%B4%EC%A0%80_%EA%B8%B0%ED%9A%8D%29.webp?1761118534 | https://daoift3qrrnil.cloudfront.net/content_images/images/000/329/370/webp/%E2%98%85%EC%9E%90%EC%86%8C%EC%84%A4%EB%8B%B7%EC%BB%B4_%EB%92%B7%EB%A9%B4.webp?1761118536,,2025-10-22T16:40:02.000+09:00,2025-10-22T16:41:01.000+09:00,2026-08-31
100714,https://jasoseol.com/recruit/100714,네이버파이낸셜(네이버페이),2025 네이버페이 신입채용 2 Weeks Externship,big_business,https://m.site.naver.com/1TDJ8,2025-10-24T10:00:00.000+09:00,2025-11-02T23:59:00.000+09:00,0,0,False,False,114449,2979,4278,2602,11021,14828,4,Front-end | Back-end | Android App 개발 | Service & Business,https://daoift3qrrnil.cloudfront.net/company_groups/images/000/011/021/webp/jss_hashed_533d4bbca6d47c72f928_20251210T155248_03_NAVER_Pay_Brand_Logo_NAVER_Green.webp?1765349571,1,https://daoift3qrrnil.cloudfront.net/content_images/images/000/329/626/webp/25%E1%84%92%E1%85%A1_10_%E1%84%82%E1%85%A6%E1%84%8B%E1%85%B5%E1%84%87%E1%85%A5%E1%84%91%E1%85%A1%E1%84%8B%E1%85%B5%E1%84%82%E1%85%A2%E1%86%AB%E1%84%89%E1%85%A7%E1%86%AF_%E1%84%89%E1%85%B5%E1%86%AB%E1%84%8B%E1%85%B5%E1%86%B8%E1%84%8E%E1%85%A2%E1%84%8B%E1%85%AD%E1%86%BC_%E1%84%92%E1%85%A9%E1%86%BC%E1%84%87%E1%85%A9_%E1%84%8B%E1%85%B0%E1%86%B8%E1%84%91%E1%85%B3%E1%86%AF%E1%84%85%E1%85%A1%E1%84%8B%E1%85%B5%E1%84%8B%E1%85%A5_%E1%84%8E%E1%85%AC%E1%84%8C%E1%85%A9%E1%86%BC3.webp?1761273728,,2025-10-23T08:52:24.000+09:00,2025-10-24T10:00:11.000+09:00,2026-08-31
100715,https://jasoseol.com/recruit/100715,IBK투자증권,2025년도 신입사원 공개채용 공고,big_business,https://dware.intojob.co.kr/main/ibks.jsp,2025-10-23T10:00:00.000+09:00,2025-11-03T11:00:00.000+09:00,0,4,False,False,102045,2350,1807,1390,11398,15168,4,본사 - 영업 | 본사 - 운영 | 지점- 영업(PB) | 지점-지원(PBA),https://daoift3qrrnil.cloudfront.net/company_groups/images/000/011/398/webp/0005119779_IBK%ED%88%AC%EC%9E%90%EC%A6%9D%EA%B6%8C%28%EC%A3%BC%29_185x72.webp?1684487992,1,https://daoift3qrrnil.cloudfront.net/content_images/images/000/329/411/webp/3__%EA%B3%B5%EA%B3%A0_v3.webp?1761179218,,2025-10-23T09:25:04.000+09:00,2025-10-23T09:25:04.000+09:00,2026-08-31
100773,https://jasoseol.com/recruit/100773,NS홈쇼핑,2025년 신입사원 공개채용,big_business,https://harimcareers.com/page/ns_shopping/recruit_view?target=4735,2025-10-27T12:00:00.000+09:00,2025-11-09T23:59:00.000+09:00,0,4,False,False,47977,2707,3257,1822,1430,5321,12,TV MD - 뷰티 | TV MD - 생활용품 | TV 편성 | 모바일 MD | 디지털 마케팅 | TC MD - 패션 | TC MD - 생활용품 | 쇼핑북 MD | PD | SCM | IT | 재무 - 회계,https://daoift3qrrnil.cloudfront.net/company_groups/images/000/001/430/webp/NS%ED%99%88%EC%87%BC%ED%95%91_%EB%A1%9C%EA%B3%A0_%EA%B5%AD%EB%AC%B8_%EA%B0%80%EB%A1%9C%ED%98%95_%EC%83%89%EA%B9%94-01_ci.webp?1684485464,2,https://daoift3qrrnil.cloudfront.net/content_images/images/000/329/843/webp/2025_NS%ED%99%88%EC%87%BC%ED%95%91_%EC%8B%A0%EC%9E%85%EC%82%AC%EC%9B%90_%EA%B3%B5%EA%B0%9C%EC%B1%84%EC%9A%A9_%ED%8F%AC%EC%8A%A4%ED%84%B0%28%EC%B5%9C%EC%A2%85%29_25.10.27%28%EC%9E%90%EC%86%8C%EC%84%A4%29.webp?1761548942 | https://daoift3qrrnil.cloudfront.net/content_images/images/000/329/844/webp/%E2%98%852025_%EC%8B%A0%EC%9E%85%EA%B3%B5%EC%B1%84_%EA%B3%B5%EA%B3%A0%EB%AC%B8_%EC%B5%9C%EC%A2%85_25.10.27%28%EC%9E%90%EC%86%8C%EC%84%A4%29.webp?1761548944,,2025-10-27T16:15:03.000+09:00,2025-10-27T16:17:55.000+09:00,2026-08-31
100774,https://jasoseol.com/recruit/100774,현대오토에버,2025년 하반기 신입사원 채용,big_business,https://litt.ly/hyundai_autoever,2025-10-28T09:00:00.000+09:00,2025-11-10T13:00:00.000+09:00,0,0,False,False,163568,4319,11704,3763,269,4160,46,[보안]Mobility Security Engineer_차량보안진단  | [보안]Security Engineer_엔드포인트 보안시스템 운영관리 | [보안]Security Architect_보안 신기술 발굴/검증 및 사업화 전략 | [보안]Security Architect_보안 서비스 및 상품 기획 | [보안]Security Analyst_보안위협 분석 | [모빌리티/커넥티드카]Backend Developer_차량 데이터 분석 시스템 개발 | [모빌리티/커넥티드카]Backend Developer_OTA 시스템 개발 | [모빌리티/커넥티드카]Backend Developer_모빌리티시스템 개발 | [모빌리티/커넥티드카]Backend Developer_CCSP 계정관리시스템 개발 | [모빌리티/커넥티드카]Backend Developer_국내 커넥티드카 서비스 개발/운영 | [모빌리티/커넥티드카]Backend Developer_국내외 커넥티드카 서비스 개발/운영_CCSP | [모빌리티/커넥티드카]Backend Developer_국내외 커넥티드카 서비스 개발/운영_VAC | [Vehicle IT 검증]Process Engineer_SDV 프로세스 엔지니어_Jira/Confluence 운영 | [클라우드/인프라]Platform Engineer_클라우드플랫폼엔지니어_프라이빗 클라우드 | [클라우드/인프라]Platform Engineer_모니터링 시스템 개발/운영 | [클라우드/인프라]Platform Engineer_VDI 서비스 구축 운영 | [클라우드/인프라]Platform Engineer_Kafka 운영 | [클라우드/인프라]Platform Engineer_DBMS 운영 관리 플랫폼 개발 | [클라우드/인프라]Database Administrator_DBMS 운영 관리 DBA | [클라우드/인프라]Network Engineer_네트워크 엔지니어 | [클라우드/인프라]Network Engineer_클라우드 네트워크 엔지니어 | [클라우드/인프라]Server Engineer_인프라운영_서버 | [클라우드/인프라]Technical Architect_AWS 사업관리/빌링 | [클라우드/인프라]Technical Architect_AWS 구축/운영 | [데이터기술]Data Engineer_데이터 엔지니어 | [데이터기술]Data Engineer_데이터 서비스 개발 | [엔터프라이즈IT]Frontend Developer_딜러평가시스템 프론트엔드 개발/운영 | [엔터프라이즈IT] Frontend Developer_완성차 품질시스템 개발/운영 | [엔터프라이즈IT]Backend Developer_Backend 개발 | [엔터프라이즈IT]Backend Developer_VE 웹시스템 개발/운영 | [엔터프라이즈IT]Backend Developer_모비스 시스템 개발/운영 | [엔터프라이즈IT]Backend Developer_완성차 품질시스템 개발/운영 | [엔터프라이즈IT]Backend Developer_건설시스템 개발/운영 | [엔터프라이즈IT]Backend Developer_딜러평가시스템 백엔드 개발/운영 | [엔터프라이즈IT]Sloution Developer_CRM시스템 개발/운영 | [엔터프라이즈IT]Solution Architect_현대차그룹 표준 협업 솔루션 운영 및 개발 | [엔터프라이즈IT]Solution Architect_ERP 구축/운영 시스템 관리_Canias | [엔터프라이즈IT]Solution Architect_ERP 구축/운영 시스템 관리_SAP SuccessFactors | [엔터프라이즈IT]Solution Architect_ERP 구축/운영 시스템 관리_SAP | [엔터프라이즈IT]Service Engineer_제철 MES 플랫폼 구축 및 운영 | [엔터프라이즈IT]Sales/Marketing Manager_국내영업 | [엔터프라이즈IT]Sales/Marketing Manager__해외영업 | [스마트팩토리]Frontend Developer_Frontend 개발 | [스마트팩토리]Backend Developer_Backend 개발 | [기획재경]PR/Marketing Communication_PR 담당 | [경영지원]Cooperation_노무/도급 기획 운영,https://daoift3qrrnil.cloudfront.net/company_groups/images/000/000/269/webp/logo2_%282%29.webp?1700813561,1,https://daoift3qrrnil.cloudfront.net/content_images/images/000/330/924/webp/%EB%8B%A4%EC%9A%B4%EB%A1%9C%EB%93%9C_%2822%29.webp?1762330112,,2025-10-27T17:12:44.000+09:00,2025-10-28T09:00:25.000+09:00,2026-08-31
100776,https://jasoseol.com/recruit/100776,세아제강,2025년 순천공장 사무행정직(계약) 채용,big_business,https://seahsteel.recruiter.co.kr,2025-10-27T17:00:00.000+09:00,2025-11-02T23:59:00.000+09:00,0,4,False,False,8816,29,26,13,793,4684,1, 순천공장 사무행정직(계약) 채용,https://daoift3qrrnil.cloudfront.net/company_groups/images/000/000/793/webp/%EC%84%B8%EC%95%84%EC%A0%9C%EA%B0%95_CI.webp?1739257559,1,https://daoift3qrrnil.cloudfront.net/content_images/images/000/329/950/webp/%EC%8A%AC%EB%9D%BC%EC%9D%B4%EB%93%9C1.webp?1761628340,,2025-10-27T17:38:15.000+09:00,2025-10-27T17:40:07.000+09:00,2026-08-31
100787,https://jasoseol.com/recruit/100787,세메스,2025 하반기 신입사원 채용 ,big_business,https://semes.careerlink.kr/jobs/RC20251028021445,2025-11-04T10:00:00.000+09:00,2025-11-14T17:00:00.000+09:00,0,0,False,False,140422,3608,8752,3417,966,4857,7,기구설계 | SW설계 | 전장설계 | 공정개발 | GCE | Infra기술 | 환경안전,https://daoift3qrrnil.cloudfront.net/company_groups/images/000/000/966/webp/6198_5573_5646.webp?1684485297,2,https://daoift3qrrnil.cloudfront.net/content_images/images/000/330/563/webp/%E2%98%85%EC%84%B8%EB%A9%94%EC%8A%A4_%EC%B5%9C%EC%A2%85_%EA%B3%B5%EA%B3%A0%EB%AC%B8.webp?1762149727 | https://daoift3qrrnil.cloudfront.net/content_images/images/000/331/631/webp/%ED%95%9C%EC%84%B1%EB%8C%80_%EC%9B%A8%EB%B9%84%EB%82%98_%EC%B1%84%EC%9A%A9%EA%B3%B5%EA%B3%A0_%ED%95%98%EB%8B%A8_%EB%B0%B0%EB%84%88_A.webp?1762847037,,2025-10-28T10:39:36.000+09:00,2025-11-04T10:00:04.000+09:00,2026-08-31
100814,https://jasoseol.com/recruit/100814,유진투자증권,2025년 신입사원 채용,big_business,https://job.incruit.com/jobdb_info/jobpost.asp?job=2510290000281&handle=2BD7DAE356F166D6A801BDBDF7D11C660FD1B05809C36F5C7A67FF702AB08595,2025-10-30T00:00:00.000+09:00,2025-11-16T23:59:00.000+09:00,0,4,False,False,40475,1913,1860,1062,1336,5227,4,기업금융 | 구조화금융(PF) | 채권 | IT,https://daoift3qrrnil.cloudfront.net/company_groups/images/000/001/336/webp/Eugene_Wordmark.webp?1684485426,1,https://daoift3qrrnil.cloudfront.net/content_images/images/000/330/309/webp/%EC%9C%A0%EC%A7%84%ED%88%AC%EC%9E%90%EC%A6%9D%EA%B6%8C_%EA%B3%B5%EA%B3%A0%EB%AC%B8_%EC%88%98%EC%A0%95.webp?1761814060,,2025-10-29T16:11:56.000+09:00,2025-10-29T16:13:45.000+09:00,2026-08-31
100818,https://jasoseol.com/recruit/100818,아모레퍼시픽,2026 상반기 신입사원 수시채용,big_business,https://m.site.naver.com/1Udo5,2025-10-30T10:00:00.000+09:00,2025-11-12T23:59:00.000+09:00,0,0,False,False,74952,2150,2196,1341,39,3930,3,상품 개발 마케팅 | 마케팅 커뮤니케이션 | VMD 디자인,https://daoift3qrrnil.cloudfront.net/company_groups/images/000/000/039/webp/%EC%95%84%EB%AA%A8%EB%A0%88%ED%8D%BC%EC%8B%9C%ED%94%BD_%EB%A1%9C%EA%B3%A0_png.webp?1684484618,2,https://daoift3qrrnil.cloudfront.net/content_images/images/000/330/107/webp/25%ED%95%98_10_%EC%95%84%EB%AA%A8%EB%A0%88%ED%8D%BC%EC%8B%9C%ED%94%BD_%ED%95%98%EB%B0%98%EA%B8%B0_%EC%88%98%EC%8B%9C%EC%B1%84%EC%9A%A9_%EC%9B%B9%ED%94%8C%EB%9D%BC%EC%9D%B4%EC%96%B4_F.webp?1761725162 | https://daoift3qrrnil.cloudfront.net/content_images/images/000/331/639/webp/%ED%95%9C%EC%84%B1%EB%8C%80_%EC%9B%A8%EB%B9%84%EB%82%98_%EC%B1%84%EC%9A%A9%EA%B3%B5%EA%B3%A0_%ED%95%98%EB%8B%A8_%EB%B0%B0%EB%84%88_A.webp?1762847772,,2025-10-29T17:07:06.000+09:00,2025-10-30T10:00:05.000+09:00,2026-08-31
100822,https://jasoseol.com/recruit/100822,화승코퍼레이션,2026년 상반기 신입/경력 채용,big_business,https://hwaseung.recruiter.co.kr/career/jobs/87947?utm_source=jasoseol&utm_medium=banner&utm_campaign=2510hwaseung&utm_content=apply,2025-10-29T00:00:00.000+09:00,2025-11-11T23:59:00.000+09:00,0,0,False,False,51596,823,772,498,13639,17007,8,[화승코퍼레이션]기술영업 | [화승코퍼레이션]품질관리 | [화승코퍼레이션]해외사업 기획 | [통합기술본부]자동차 부품 설계 | [통합기술본부]프로세스 혁신 | [통합기술본부]산업용 부품 개발 | [통합기술본부]원가 | [통합기술본부]생산기술,https://daoift3qrrnil.cloudfront.net/company_groups/images/000/013/639/webp/%ED%99%94%EC%8A%B9%EC%BD%94%ED%8D%BC%EB%A0%88%EC%9D%B4%EC%85%98_ci.webp?1697438117,1,https://daoift3qrrnil.cloudfront.net/content_images/images/000/330/181/webp/%E1%84%92%E1%85%AA%E1%84%89%E1%85%B3%E1%86%BC%E1%84%8F%E1%85%A9%E1%84%91%E1%85%A5%E1%84%85%E1%85%A6%E1%84%8B%E1%85%B5%E1%84%89%E1%85%A7%E1%86%AB_%E1%84%8F%E1%85%A2%E1%86%B8%E1%84%8E%E1%85%A7.webp?1761785997,,2025-10-30T09:55:04.000+09:00,2025-10-30T10:05:19.000+09:00,2026-08-31
100825,https://jasoseol.com/recruit/100825,삼우종합건축사사무소,2026년 신입사원 채용,big_business,https://samoo.recruiter.co.kr/career/jobs/88017,2025-11-04T09:00:00.000+09:00,2025-11-14T17:00:00.000+09:00,0,0,False,False,52226,867,1250,539,5444,11831,4,건축 설계직_반도체시설 설계 | ENG 설계직_설비설계 | 경영지원직_인사 | 경영지원직_재무,https://daoift3qrrnil.cloudfront.net/company_groups/images/000/005/444/webp/Primary.webp?1730710270,1,https://daoift3qrrnil.cloudfront.net/content_images/images/000/330/190/webp/2026_%EC%8B%A0%EC%9E%85%EC%82%AC%EC%9B%90_%EC%9D%BC%EB%B0%98%EC%A0%84%ED%98%95_%EC%B1%84%EC%9A%A9%EA%B3%B5%EA%B3%A0%EB%AC%B8.webp?1761790377,,2025-10-30T11:14:10.000+09:00,2025-11-04T09:00:02.000+09:00,2026-08-31
100833,https://jasoseol.com/recruit/100833,후성그룹,2026년도 대졸 신입/경력사원 공개채용,big_business,foosung.careerlink.kr/jobs/RC20251029021475,2025-11-01T00:00:00.000+09:00,2025-11-14T23:59:00.000+09:00,0,0,False,False,78551,2266,3988,1584,4478,10861,25,[후성홀딩스㈜]경영지원실 | [한국내화㈜]공사팀 | [한국내화㈜]제강팀 | [한국내화㈜]고로팀 | [한국내화㈜]연구개발1팀 | [한국내화㈜]기능성영업팀 | [㈜후성]영업마케팅 | [㈜후성]플랜트 공정관리 및 생산관리 | [㈜후성]연구개발 | [후성코퍼레이션㈜]영업팀 | [퍼스텍㈜]경영지원팀(전산) | [퍼스텍㈜]구매팀(내자) | [퍼스텍㈜]사업관리팀 | [퍼스텍㈜]생산팀 | [퍼스텍㈜]생산기술팀 | [퍼스텍㈜]방산영업 | [퍼스텍㈜]연구개발(전자) | [퍼스텍㈜]연구개발(기계) | [퍼스텍㈜]연구개발(SW) | [유콘시스템㈜]무인기개발팀 | [유콘시스템㈜]우주발사체팀 | [유콘시스템㈜]응용SW팀 | [퍼스텍㈜]연구개발(전자) | [퍼스텍㈜]연구개발(기계) | [퍼스텍㈜]연구개발(SW),https://daoift3qrrnil.cloudfront.net/company_groups/images/000/004/478/webp/72bce72caecc080a86eee8ed7b07d120.webp?1684486650,2,https://daoift3qrrnil.cloudfront.net/content_images/images/000/331/735/webp/%E2%98%85%E2%98%85%E2%98%85_%ED%9B%84%EC%84%B1%EA%B7%B8%EB%A3%B9_%EC%B1%84%EC%9A%A9%EA%B3%B5%EA%B3%A0%EB%AC%B8.webp?1762920826 | https://daoift3qrrnil.cloudfront.net/content_images/images/000/331/653/webp/%ED%95%9C%EC%84%B1%EB%8C%80_%EC%9B%A8%EB%B9%84%EB%82%98_%EC%B1%84%EC%9A%A9%EA%B3%B5%EA%B3%A0_%ED%95%98%EB%8B%A8_%EB%B0%B0%EB%84%88_A.webp?1762850971,,2025-10-30T15:18:37.000+09:00,2025-11-01T00:00:08.000+09:00,2026-08-31
100855,https://jasoseol.com/recruit/100855,삼성생명서비스손해사정,2026년 신입사원 채용,big_business,https://samsunglifeservice.recruiter.co.kr/app/jobnotice/view?systemKindCode=MRS2&jobnoticeSn=232961,2025-11-04T10:00:00.000+09:00,2025-11-18T23:59:00.000+09:00,0,0,False,False,71879,643,476,387,3961,10298,1,보험심사직,https://daoift3qrrnil.cloudfront.net/company_groups/images/000/003/961/webp/%EB%94%94%EC%A7%80%ED%84%B8_%EC%82%BC%EC%84%B1%EC%83%9D%EB%AA%85%EC%84%9C%EB%B9%84%EC%8A%A4CI_%EA%B5%AD%EB%AC%B8.webp?1731460513,1,https://daoift3qrrnil.cloudfront.net/content_images/images/000/330/396/webp/_%EC%8B%9C%EC%95%882_26%EB%85%84%EC%8B%A0%EC%9E%85%EC%82%AC%EC%9B%90%EC%B1%84%EC%9A%A9%EA%B3%B5%EA%B3%A0%EB%AC%B8_1028_%282%29.webp?1761887528,,2025-10-31T14:13:59.000+09:00,2025-11-04T10:08:22.000+09:00,2026-08-31
100857,https://jasoseol.com/recruit/100857,효성그룹,2025년 4분기 경력·신입사원 채용,big_business,https://hyosung.recruiter.co.kr/app/jobnotice/view?systemKindCode=MRS2&jobnoticeSn=232655,2025-11-03T09:00:00.000+09:00,2025-11-09T23:59:00.000+09:00,0,0,False,False,114487,3768,4990,2918,1612,5503,59,"[효성티앤씨㈜]PET원사 해외영업 | [효성티앤씨㈜]신규 유럽 Casual 시장 및 명품브랜드 시장 영업담당 | [효성티앤씨㈜]신규 액티브 브랜드 상담 및 영업 | [효성티앤씨㈜]형강 및 발렛 등 반제품 해외영업 | [효성티앤씨㈜]화장품 해외영업 | [효성티앤씨㈜]PTMG 기술지원 및 품질관리 | [효성티앤씨㈜]임가공 공정관리 | [효성티앤씨㈜]연결내부회계관리 운영,평가 | [효성화학㈜]필름 내수영업 | [효성화학㈜]필름 미주영업 | [효성화학㈜]필름 일본영업 | [효성화학㈜]폴리케톤 해외영업 | [효성화학㈜]효성화학 경영관리 및 수익성  검토 | [효성화학㈜]사업부 손익관리 및 관리회계 | [효성화학㈜]인사 및 노사관리 | [효성화학㈜]사업장 노사관리 | [효성네오켐㈜]전자소재 및 산업용 특수가스 신규사업 개발 | [효성네오켐㈜]산업용특수가스 생산설비 기계보전 | [효성중공업㈜]북미 해외영업 | [효성중공업㈜]국내 민수/신재생 발전영업 | [효성중공업㈜]STATCOM 설계, 모델링, 시뮬레이션 및 계통해석 | [효성중공업㈜]HVDC 계통 및 시스템설계 | [효성중공업㈜]HVDC 제어시스템 설계 | [효성중공업㈜]국내/외 STATCOM/HVDC 프로젝트 입찰 수행관리 | [효성중공업㈜]STATCOM 제어시스템 설계 | [효성중공업㈜]STATCOM 제어시스템 해석 | [효성중공업㈜]초고압변압기 설계(구조/사양/전기) | [효성중공업㈜]일반변압기 전기설계 | [효성중공업㈜]변압기/차단기 설계 프로그램 개발 및 관리 | [효성중공업㈜]변압기 전계/자계/계통 해석 | [효성중공업㈜]초고압변압기 제작(본체/총조립) | [효성중공업㈜]절연물 개발 및 생산공정 관리 | [효성중공업㈜]절연물 원재료 개발 | [효성중공업㈜]STATCOM/HVDC 컨버터 생산 및 설계 | [효성중공업㈜]국내외 Risk Management Hedge | [효성중공업㈜]국내외 전력설비 프로젝트 및 솔루션 엔지니어 | [효성중공업㈜]건설현장 안전관리 | [효성중공업㈜]회계/세무 및 내부통제 관리 | [효성중공업㈜]글로벌 세무이슈 대응 및 해외자회사 관리 강화 | [㈜효성]HVDC 시스템 보호/운전 스킴 설계 및 개발 | [㈜효성]HVDC 제어기 설계 및 개발 | [㈜효성]고압 전력변환시스템 구조 및 기구설계 | [㈜효성]고압 전력변환시스템 제어구조설계 | [㈜효성]고압 전력변환시스템 절연구조설계 | [㈜효성]IEC61850기반 제어시스템 설계/검증 | [㈜효성]고압 전력변환시스템 알고리즘 설계 및 해석 | [㈜효성]대용량 전력변환 컨버터 설계/해석/제어검증 | [㈜효성]안양공장 환경/안전/소방/보건 담당 | [㈜효성]주재원 후보자 교육 | [㈜효성]브랜드 캠페인, 소셜 채널 연계 마케팅, 글로벌 마케팅 | [㈜효성]인사관리 | [효성굿스프링스㈜]해외 원전 프로젝트 관련 인증 취득 및 품질 시스템 구축 | [효성굿스프링스㈜]일반 산업용 대형펌프 설계 | [효성굿스프링스㈜]원자력 안전등급 펌프 설계 | [효성굿스프링스㈜]인사관리 및 총무 | [진흥기업㈜]개발/주택사업 영업 및 사업관리 업무 | [진흥기업㈜]정비사업 영업 및 사업관리 업무 | [진흥기업㈜]진행 현장/입찰 추진 프로젝트 실행(설계)검토 | [진흥기업㈜]현장 회계 및 자재 등 관리 ",https://daoift3qrrnil.cloudfront.net/company_groups/images/000/001/612/webp/%ED%9A%A8%EC%84%B1_%EB%89%B4_CI.webp?1684485532,1,https://daoift3qrrnil.cloudfront.net/content_images/images/000/330/418/webp/%EC%9B%B9%EA%B3%B5%EA%B3%A0%EB%AC%B8_V2_%283%29.webp?1761889711,,2025-10-31T15:04:48.000+09:00,2025-11-03T09:00:09.000+09:00,2026-08-31
100862,https://jasoseol.com/recruit/100862,대방건설,2025년 신입공개채용 및 경력직 채용,big_business,https://daebang.recruiter.co.kr/,2025-11-03T00:00:00.000+09:00,2025-11-16T23:59:00.000+09:00,0,0,False,False,88213,897,999,745,659,4550,11,건축부 공무부 경영관리팀_건축 | 토목부_토목 | 토목부_조경 | 안전보건 경영실_안전관리 | 전기팀_전기 | 설비팀_설비 | 영업부_영업 | 영업부_영업(과장-차장) | 영업부_영업(주임-대리) | 자금부_자금(과장-차장) | 정보전략팀_전산(대리-과장),https://daoift3qrrnil.cloudfront.net/company_groups/images/000/000/659/webp/1.%EB%8C%80%EB%B0%A9CI%EA%B0%80%EB%A1%9C%ED%98%95%28%ED%95%9C%EA%B8%80%29.webp?1684485233,1,https://daoift3qrrnil.cloudfront.net/content_images/images/000/331/607/webp/%EB%8C%80%EB%B0%A9%EA%B1%B4%EC%84%A4_%EA%B3%B5%EC%B1%84_15%EA%B8%B0_%EA%B3%B5%EA%B3%A0_%EC%9D%B4%EB%AF%B8%EC%A7%80%2825.11.11%29_%EC%B6%94%EA%B0%80%EC%88%98%EC%A0%95.webp?1762840844,,2025-10-31T16:40:38.000+09:00,2025-11-03T00:00:18.000+09:00,2026-08-31
100863,https://jasoseol.com/recruit/100863,GM,2026 Technical Center Korea  기술연구소 동계인턴,big_business,https://search-careers.gm.com/en/locations/korea/,2025-10-31T09:40:00.000+09:00,2025-11-09T23:59:00.000+09:00,0,4,False,False,58335,1443,5256,1266,2943,8236,21,"Advanced Vehicle Development Engineer | Body, Exterior and Chassis - Design Release Engineer | ITPE (Interior/Seat&Safety/Thermal/Propulsion) - Design Release Engineer | S&S(Software and Services) Design Release Engineer / Software Integration Engineer | Application Software Enginneer | Application UI Designer | Propulsion System Controls Engineer | Thermal Virtual and Calibration Engineer | Virtual Performance Engineer (Vehicle Dynamics, NVH) | Energy Engineer | Safety CAE Engineer | CAE Modeling Engineer | All-In-One (Integrated Design & CAE) Engineer | AI/Machine Learning Engineer | Supplier Quality Engineer | Production Specification Analyst / Product Data Management Engineer | Systems Engineering & Safety | Field Data Scientist / Safety Certification Engineer | Electric Feature Validation Engineer | Virtual Reality - PQDQ Engineer | AI-Driven Engineering Optimization Engineer",https://daoift3qrrnil.cloudfront.net/company_groups/images/000/002/943/webp/jss_hashed_6135eadf63417e5e9902_20260227T164002_1646983915489.webp?1772178826,1,https://daoift3qrrnil.cloudfront.net/content_images/images/000/330/451/webp/2026_PEC_internship_poster_750.webp?1761897707,https://daoift3qrrnil.cloudfront.net/employment_companies/guidebooks/000/100/863/original/application-form-kor_%2815%29.docx,2025-10-31T17:41:04.000+09:00,2025-10-31T17:45:00.000+09:00,2026-08-31
100865,https://jasoseol.com/recruit/100865,신영자산운용,2025년 하반기 신입직원 채용공고,big_business,http://www.syfund.co.kr/customer/never_view.jsp?seq=26&cPage=1&sWord=&sDate=,2025-10-31T16:38:00.000+09:00,2025-11-09T23:59:00.000+09:00,0,4,False,False,16952,771,590,337,7062,13467,4,전략운용본부 | 운용지원팀 | 마케팅본부 | 경영관리본부,https://daoift3qrrnil.cloudfront.net/company_groups/images/000/007/062/webp/logo.webp?1684487533,2,https://daoift3qrrnil.cloudfront.net/content_images/images/000/330/448/webp/11111.webp?1761897030 | https://daoift3qrrnil.cloudfront.net/content_images/images/000/330/449/webp/22222.webp?1761897031,https://daoift3qrrnil.cloudfront.net/employment_companies/guidebooks/000/100/865/original/_%EB%AA%A8%EC%A7%91%EB%B6%80%EB%AC%B8__%EC%8B%A0%EC%9E%85%EC%9E%85%EC%82%AC%EC%A7%80%EC%9B%90%EC%84%9C%28%EC%9D%B4%EB%A6%84%29.docx,2025-10-31T18:02:39.000+09:00,2025-10-31T18:03:57.000+09:00,2026-08-31
100870,https://jasoseol.com/recruit/100870,에스코어,'25년 하반기 신입사원 채용,big_business,https://score.recruiter.co.kr/career/jobs/87383,2025-11-04T09:00:00.000+09:00,2025-11-14T17:00:00.000+09:00,0,0,False,False,71548,811,1973,736,10143,14915,1,SW개발,https://daoift3qrrnil.cloudfront.net/company_groups/images/000/010/143/webp/logo.webp?1684487878,2,https://daoift3qrrnil.cloudfront.net/content_images/images/000/330/615/webp/_%E1%84%80%E1%85%A9%E1%86%BC%E1%84%80%E1%85%A9%E1%84%86%E1%85%AE%E1%86%AB__%E1%84%8B%E1%85%A6%E1%84%89%E1%85%B3%E1%84%8F%E1%85%A9%E1%84%8B%E1%85%A5_25%E1%84%82%E1%85%A7%E1%86%AB_%E1%84%92%E1%85%A1%E1%84%87%E1%85%A1%E1%86%AB%E1%84%80%E1%85%B5_%E1%84%89%E1%85%B5%E1%86%AB%E1%84%8B%E1%85%B5%E1%86%B8%E1%84%89%E1%85%A1%E1%84%8B%E1%85%AF%E1%86%AB_%E1%84%8E%E1%85%A2%E1%84%8B%E1%85%AD%E1%86%BC_-_x2.webp?1762215910 | https://daoift3qrrnil.cloudfront.net/content_images/images/000/331/661/webp/%ED%95%9C%EC%84%B1%EB%8C%80_%EC%9B%A8%EB%B9%84%EB%82%98_%EC%B1%84%EC%9A%A9%EA%B3%B5%EA%B3%A0_%ED%95%98%EB%8B%A8_%EB%B0%B0%EB%84%88_A.webp?1762851524,,2025-11-03T13:12:48.000+09:00,2025-11-04T09:00:02.000+09:00,2026-08-31
100876,https://jasoseol.com/recruit/100876,kt p&m,2025년 하반기 신입/경력 채용,big_business,https://kt.recruiter.co.kr/career/jobs/87618,2025-10-28T12:00:00.000+09:00,2025-11-09T23:59:00.000+09:00,0,4,False,False,19223,439,391,243,15782,20573,8,전원 | 전원 | MW(Microwave) | 안전 | 구매계약 | 구매계약 | 재무회계 | 경영지원,https://daoift3qrrnil.cloudfront.net/company_groups/images/000/015/782/webp/jss_hashed_9d0140657658018f19f4_20251103T143449_KT_p_m_CI_%28%EA%B8%B0%EB%B3%B8%ED%98%95_Positive%29_%281%29_%282%29.webp?1762148213,1,https://daoift3qrrnil.cloudfront.net/content_images/images/000/330/599/webp/%28kt_p_m%29_2025%EB%85%84_%ED%95%98%EB%B0%98%EA%B8%B0_%EC%8B%A0%EC%9E%85%EA%B2%BD%EB%A0%A5_%EC%B1%84%EC%9A%A9%EA%B3%B5%EA%B3%A0_%EC%B5%9C%EC%A2%85%EB%B3%B8.webp?1762159837,,2025-11-03T14:34:48.000+09:00,2025-11-03T16:01:58.000+09:00,2026-08-31
100878,https://jasoseol.com/recruit/100878,더블유컨셉코리아,[신세계 계열사] 2025년 신입사원 공개채용,big_business,https://career.wconcept.co.kr/ko/home#26c36b49-02a8-47f1-87a4-1c3473292a14,2025-11-03T00:00:00.000+09:00,2025-11-16T23:59:00.000+09:00,0,0,False,False,19944,1126,570,582,14174,17643,2,온라인MD | 글로벌MD,https://daoift3qrrnil.cloudfront.net/company_groups/images/000/014/174/webp/%EC%9B%90%ED%8B%B0%EB%93%9C_%ED%94%84%EB%A1%9C%ED%95%84%EC%9D%B4%EB%AF%B8%EC%A7%80.webp?1684488653,1,https://daoift3qrrnil.cloudfront.net/content_images/images/000/330/579/webp/_%EC%8B%A0%EC%84%B8%EA%B3%84_%EA%B3%84%EC%97%B4%EC%82%AC__2025%EB%85%84_W%EC%BB%A8%EC%85%89_%EC%8B%A0%EC%9E%85%EC%82%AC%EC%9B%90_%EA%B3%B5%EA%B0%9C%EC%B1%84%EC%9A%A9_%EA%B3%B5%EA%B3%A0.webp?1762153416,,2025-11-03T16:04:27.000+09:00,2025-11-03T16:08:02.000+09:00,2026-08-31
100886,https://jasoseol.com/recruit/100886,멀티캠퍼스,2025년 하반기 신입사원 채용,big_business,https://careers.multicampus.com/ko/,2025-11-04T09:00:00.000+09:00,2025-11-14T16:59:00.000+09:00,0,0,False,False,17377,675,718,386,5898,19415,3,교수설계 | 영업 | 경영지원,https://daoift3qrrnil.cloudfront.net/company_groups/images/000/005/898/webp/multicampus_blackdot.webp?1730361048,1,https://daoift3qrrnil.cloudfront.net/content_images/images/000/330/594/webp/%EC%B1%84%EC%9A%A9%EA%B3%B5%EA%B3%A0_%EC%B5%9C%EC%A2%85_2025.webp?1762157906,,2025-11-03T17:18:57.000+09:00,2025-11-04T09:00:02.000+09:00,2026-08-31
100888,https://jasoseol.com/recruit/100888,LS MnM,2025년 4분기 신입/경력사원 수시채용,big_business,https://lsmnm.recruiter.co.kr/app/jobnotice/view?systemKindCode=MRS2&jobnoticeSn=233126,2025-11-03T18:00:00.000+09:00,2025-11-16T23:59:00.000+09:00,0,0,False,False,78119,2079,1691,1265,1236,5127,6,자금(IR) | 재경 | EV배터리 소재사업 전략기획 | 품질관리 | 생산 엔지니어 | 설비 엔지니어(전기),https://daoift3qrrnil.cloudfront.net/company_groups/images/000/001/236/webp/data.webp?1684485374,2,https://daoift3qrrnil.cloudfront.net/content_images/images/000/330/842/webp/20251103_%EC%8B%A0%EC%9E%85_%EA%B2%BD%EB%A0%A5%EC%82%AC%EC%9B%90_%EC%88%98%EC%8B%9C%EC%B1%84%EC%9A%A9_%EA%B3%B5%EA%B3%A0%EB%AC%B8_v2-1.webp?1762307085 | https://daoift3qrrnil.cloudfront.net/content_images/images/000/331/662/webp/%ED%95%9C%EC%84%B1%EB%8C%80_%EC%9B%A8%EB%B9%84%EB%82%98_%EC%B1%84%EC%9A%A9%EA%B3%B5%EA%B3%A0_%ED%95%98%EB%8B%A8_%EB%B0%B0%EB%84%88_A.webp?1762851608,,2025-11-03T18:05:42.000+09:00,2025-11-03T18:10:06.000+09:00,2026-08-31
100894,https://jasoseol.com/recruit/100894,삼성메디슨,2025년 하반기 3급 신입사원 채용,big_business,https://samsungmedison.careerlink.kr/jobs/RC20251103021675,2025-11-04T10:00:00.000+09:00,2025-11-14T17:00:00.000+09:00,0,0,False,False,75165,1526,4688,1146,2893,17732,5,회로개발 | SW개발 | 영상개발 | 기구개발 | Probe 개발,https://daoift3qrrnil.cloudfront.net/company_groups/images/000/002/893/webp/%28%EB%A1%9C%EA%B3%A0%EA%B5%90%EC%B2%B4%29oval_%EC%82%BC%EC%84%B1%EB%A9%94%EB%94%94%EC%8A%A8_800.webp?1684486041,1,https://daoift3qrrnil.cloudfront.net/content_images/images/000/330/616/webp/%28%EC%82%BC%EC%84%B1%EB%A9%94%EB%94%94%EC%8A%A8%29_25%EB%85%84%28%E4%B8%8B%29_%EC%B1%84%EC%9A%A9_%EA%B3%B5%EA%B3%A0.webp?1762216049,,2025-11-04T09:28:41.000+09:00,2025-11-04T10:00:04.000+09:00,2026-08-31
100895,https://jasoseol.com/recruit/100895,삼성전자로지텍,2025년 하반기 신입사원 채용,big_business,https://www.selc.co.kr/recruit/r_list.jsp,2025-11-04T13:00:00.000+09:00,2025-11-14T17:00:00.000+09:00,0,4,False,False,84882,2362,2688,1399,1000,4891,2,물류운영 | 경영지원,https://daoift3qrrnil.cloudfront.net/company_groups/images/000/001/000/webp/%EC%8B%9C%EA%B7%B8%EB%8B%88%EC%B2%98_%EC%84%B8%EB%A1%9C%ED%98%95_01.webp?1684485304,2,https://daoift3qrrnil.cloudfront.net/content_images/images/000/330/625/webp/2025%EB%85%84_%EC%82%BC%EC%84%B1%EC%A0%84%EC%9E%90%EB%A1%9C%EC%A7%80%ED%85%8D_%ED%95%98%EB%B0%98%EA%B8%B0_%EC%8B%A0%EC%9E%85_%EC%B1%84%EC%9A%A9_%EA%B3%B5%EA%B3%A0.webp?1762216924 | https://daoift3qrrnil.cloudfront.net/content_images/images/000/331/656/webp/%ED%95%9C%EC%84%B1%EB%8C%80_%EC%9B%A8%EB%B9%84%EB%82%98_%EC%B1%84%EC%9A%A9%EA%B3%B5%EA%B3%A0_%ED%95%98%EB%8B%A8_%EB%B0%B0%EB%84%88_A.webp?1762851090,,2025-11-04T09:52:29.000+09:00,2025-11-04T09:53:20.000+09:00,2026-08-31
100900,https://jasoseol.com/recruit/100900,SK이노베이션 E&S,도시가스 계열사 대졸 신입사원 모집,big_business,https://www.skcareers.com/Recruit/Detail/R252163,2025-11-04T11:00:00.000+09:00,2025-11-09T23:59:00.000+09:00,0,0,False,False,45520,1786,1942,768,3982,10319,3,경영지원 | 마케팅 | 고객지원,https://daoift3qrrnil.cloudfront.net/company_groups/images/000/003/982/webp/jss_hashed_e2232645d340370fc734_20251104T113507_Screenshot_17.webp?1762223707,1,https://daoift3qrrnil.cloudfront.net/content_images/images/000/330/669/webp/FireShot_Capture_109_-_%EA%B3%B5%EA%B3%A0%28%EC%83%81%EC%84%B8%ED%8E%98%EC%9D%B4%EC%A7%80%29___Jobs___SK_Careers_-__www.skcareers.com_.webp?1762223779,,2025-11-04T11:37:09.000+09:00,2025-11-04T11:39:20.000+09:00,2026-08-31
100906,https://jasoseol.com/recruit/100906,시큐아이,2025년 하반기 신입사원 공개채용,big_business,https://secui-recruit.recruiter.co.kr/app/jobnotice/view?systemKindCode=MRS2&jobnoticeSn=233125,2025-11-04T09:00:00.000+09:00,2025-11-14T17:00:00.000+09:00,0,0,False,False,61798,753,1309,567,1303,5194,2,개발 | 영업,https://daoift3qrrnil.cloudfront.net/company_groups/images/000/001/303/webp/2015-12-21_11_46_41.webp?1684485412,1,https://daoift3qrrnil.cloudfront.net/content_images/images/000/331/487/webp/%E1%84%89%E1%85%B5%E1%84%8F%E1%85%B2%E1%84%8B%E1%85%A1%E1%84%8B%E1%85%B5_%E1%84%8B%E1%85%B5_%E1%84%86%E1%85%B5%E1%84%8C%E1%85%B5%E1%84%89%E1%85%B5%E1%84%8B%E1%85%A1%E1%86%AB_%E1%84%89%E1%85%AE_%E1%84%8C%E1%85%A5%E1%86%BC_251110.webp?1762756010,,2025-11-04T13:55:27.000+09:00,2025-11-04T13:59:18.000+09:00,2026-08-31
100912,https://jasoseol.com/recruit/100912,행복나래,각 부문별 신입/경력사원 채용,big_business,https://happynarae.saramin.co.kr/apply_site/recruit/list,2025-11-07T00:00:00.000+09:00,2025-11-16T23:59:00.000+09:00,0,0,False,False,30563,322,296,154,2669,6969,5,물류 기획/운영 | 물류 기획/운영 | IT 개발 | 시스템 Infra 관리 | 법무,https://daoift3qrrnil.cloudfront.net/company_groups/images/000/002/669/webp/happynarae.webp?1684485962,1,https://daoift3qrrnil.cloudfront.net/content_images/images/000/330/704/webp/%ED%96%89%EB%B3%B5%EB%82%98%EB%9E%98%EC%A3%BC%EC%8B%9D%ED%9A%8C%EC%82%AC_251104.webp?1762236775,,2025-11-04T15:13:57.000+09:00,2025-11-07T00:00:10.000+09:00,2026-08-31
100913,https://jasoseol.com/recruit/100913,제일사료,2025년 하반기 신입/경력 공개 채용,big_business,https://harimcareers.com/page/jeilfeed/recruit_view?target=3936,2025-11-05T09:00:00.000+09:00,2025-11-16T23:59:00.000+09:00,0,0,False,False,41354,339,296,166,10410,16454,3,영업 | 고객지원 | 생산관리,https://daoift3qrrnil.cloudfront.net/company_groups/images/000/010/410/webp/%EC%A0%9C%EC%9D%BC%EC%82%AC%EB%A3%8C_%EB%A1%9C%EA%B3%A0.webp?1684487884,1,https://daoift3qrrnil.cloudfront.net/content_images/images/000/330/749/webp/%EC%A0%9C%EC%9D%BC%EC%82%AC%EB%A3%8C_%EA%B3%B5%EA%B3%A0%EB%AC%B8_%EC%88%98%EC%A0%95.webp?1762243544,,2025-11-04T15:26:05.000+09:00,2025-11-05T09:00:17.000+09:00,2026-08-31
100914,https://jasoseol.com/recruit/100914,현대퓨처넷,2025년 하반기 신입사원 수시채용(정보보안),big_business,https://recruit.ehyundai.com/recruit-info/announcement/view.nhd?hireId=2025719&regCoCd=HDHCN,2025-11-04T15:00:00.000+09:00,2025-11-10T23:59:00.000+09:00,0,0,False,False,40282,220,366,128,13130,16425,1,정보보안,https://daoift3qrrnil.cloudfront.net/company_groups/images/000/013/130/webp/%ED%98%84%EB%8C%80%ED%93%A8%EC%B2%98%EB%84%B7_%ED%95%AD%EB%AA%A9.webp?1684488404,1,https://daoift3qrrnil.cloudfront.net/content_images/images/000/330/823/webp/_%ED%98%84%EB%8C%80%ED%93%A8%EC%B2%98%EB%84%B7__%EC%A0%95%EB%B3%B4%EB%B3%B4%EC%95%88%28%EC%8B%A0%EC%9E%85%29_%EC%B5%9C%EC%A2%85%EB%B3%B8.webp?1762303158,,2025-11-04T15:52:28.000+09:00,2025-11-04T15:57:54.000+09:00,2026-08-31
100921,https://jasoseol.com/recruit/100921,현대차증권,2025년 4분기 신입 수시채용,big_business,https://recruit.hmsec.com/,2025-11-04T00:00:00.000+09:00,2025-11-18T15:00:00.000+09:00,0,0,False,False,45543,1664,2134,969,1591,5482,3,IB(기업금융) | 글로벌리서치 RA | IT,https://daoift3qrrnil.cloudfront.net/company_groups/images/000/001/591/webp/open-uri20230710-32717-32f0ew.webp?1688958616,1,https://daoift3qrrnil.cloudfront.net/content_images/images/000/330/783/webp/2025%EB%85%84_4%EB%B6%84%EA%B8%B0_%EC%8B%A0%EC%9E%85_3%EA%B0%9C%EB%B6%80%EB%AC%B8_%281%29.webp?1762249862,,2025-11-04T17:20:03.000+09:00,2025-11-04T17:29:53.000+09:00,2026-08-31
100945,https://jasoseol.com/recruit/100945,현대글로비스,2025년 하반기 Connect GLOVIS 신입채용,big_business,https://glovis.recruiter.co.kr/career/jobs/88348,2025-11-05T15:00:00.000+09:00,2025-11-14T23:59:00.000+09:00,0,0,False,False,94215,2289,3219,1652,47,3938,11,물류_항공/해상포워딩 | 물류_자동차운송물류 | 물류_부품물류운영 | 물류_부품물류운영(안전) | 해운_자동차선영업 | 해운_자동차선운항 | 유통_KD운영관리 | 유통_KD기술개발 | 유통_KD공급관리 | 유통_통상지원 | IT_정보보안,https://daoift3qrrnil.cloudfront.net/company_groups/images/000/000/047/webp/open-uri20220427-31325-10a3f3.webp?1684484620,2,https://daoift3qrrnil.cloudfront.net/content_images/images/000/330/890/webp/0396cdd7-f861-48ab-9e5a-9b90ce572a18.jpg.webp?1762324979 | https://daoift3qrrnil.cloudfront.net/content_images/images/000/331/651/webp/%ED%95%9C%EC%84%B1%EB%8C%80_%EC%9B%A8%EB%B9%84%EB%82%98_%EC%B1%84%EC%9A%A9%EA%B3%B5%EA%B3%A0_%ED%95%98%EB%8B%A8_%EB%B0%B0%EB%84%88_A.webp?1762850755,,2025-11-05T15:44:35.000+09:00,2025-11-05T15:52:37.000+09:00,2026-08-31
100946,https://jasoseol.com/recruit/100946,이랜드그룹(이랜드ESI),2026 상반기 ESI 신입/전역장교 채용,big_business,https://careers.eland.co.kr/announce/recruit/hxCYGGz6kvOVzxTyzNdyLZT2zBJV,2025-11-12T00:00:00.000+09:00,2025-11-17T23:59:00.000+09:00,0,4,False,False,47738,1137,964,534,13447,16790,4,패션 | 리테일 | F&B | 호텔,https://daoift3qrrnil.cloudfront.net/company_groups/images/000/013/447/webp/%EC%9D%B4%EB%9E%9C%EB%93%9C%EA%B7%B8%EB%A3%B9CI%EB%B9%A8%EA%B0%84%EC%83%89_2x.webp?1684488492,2,https://daoift3qrrnil.cloudfront.net/content_images/images/000/330/884/webp/%2826%EC%83%81%29ESI_%EC%B1%84%EC%9A%A9_%ED%8F%AC%EC%8A%A4%ED%84%B0_251105%28%EC%B5%9C%EC%A2%85%29_%ED%81%AC%EA%B8%B0%EC%88%98%EC%A0%95_Bravo.webp?1762323856 | https://daoift3qrrnil.cloudfront.net/content_images/images/000/331/830/webp/%ED%95%9C%EC%84%B1%EB%8C%80_%EC%9B%A8%EB%B9%84%EB%82%98_%EC%B1%84%EC%9A%A9%EA%B3%B5%EA%B3%A0_%ED%95%98%EB%8B%A8_%EB%B0%B0%EB%84%88_A.webp?1762935134,,2025-11-05T15:57:32.000+09:00,2025-11-05T16:05:46.000+09:00,2026-08-31
100982,https://jasoseol.com/recruit/100982,AXA손해보험,Data Science팀 신입사원 채용,big_business,https://axa.recruiter.co.kr/career/jobs/88784,2025-11-06T14:25:00.000+09:00,2025-11-16T23:59:00.000+09:00,0,4,False,False,16750,482,735,332,1264,5155,1,Data Scientist,https://daoift3qrrnil.cloudfront.net/company_groups/images/000/001/264/webp/AXA_Logo.webp?1684485388,1,https://daoift3qrrnil.cloudfront.net/content_images/images/000/331/077/webp/Data_Science%ED%8C%80_%EC%8B%A0%EC%9E%85%EC%82%AC%EC%9B%90.webp?1762407041,,2025-11-06T14:35:30.000+09:00,2025-11-06T14:36:14.000+09:00,2026-08-31
101041,https://jasoseol.com/recruit/101041,남해화학,신입사원 모집요강,big_business,https://nhchem.saramin.co.kr/service/nhchem/3686/applicant/apply/recruit_default.asp,2025-11-10T15:00:00.000+09:00,2025-11-19T17:00:00.000+09:00,0,0,False,False,73122,1025,1526,666,2599,6594,9,[5급 사무기술직]사무 | [5급 사무기술직]비료영업_충남지사 | [5급 사무기술직]비료영업_경남지사 | [5급 사무기술직]비료영업_강원지사 | [5급 사무기술직]화공 | [5급 사무기술직]안전 | [5급 사무기술직]계전 | [전문기능직]화공 | [전문기능직]기계,https://daoift3qrrnil.cloudfront.net/company_groups/images/000/002/599/webp/logo_%281%29.webp?1684485939,2,https://daoift3qrrnil.cloudfront.net/content_images/images/000/331/493/webp/%EB%82%A8%ED%95%B4%ED%99%94%ED%95%99_251110.webp?1762758012 | https://daoift3qrrnil.cloudfront.net/content_images/images/000/331/838/webp/%ED%95%9C%EC%84%B1%EB%8C%80_%EC%9B%A8%EB%B9%84%EB%82%98_%EC%B1%84%EC%9A%A9%EA%B3%B5%EA%B3%A0_%ED%95%98%EB%8B%A8_%EB%B0%B0%EB%84%88_A.webp?1762936512,https://daoift3qrrnil.cloudfront.net/employment_companies/guidebooks/000/101/041/original/%EB%82%A8%ED%95%B4%ED%99%94%ED%95%99_%EC%8B%A0%EC%9E%85%EC%82%AC%EC%9B%90%EB%AA%A8%EC%A7%91_%EA%B4%80%EB%A0%A8%EC%9E%90%EB%A3%8C.zip,2025-11-10T16:02:52.000+09:00,2025-11-10T16:11:37.000+09:00,2026-08-31
101043,https://jasoseol.com/recruit/101043,DB생명,2025년 하반기 지원직 신입사원 공개채용,big_business,https://dbgroup.recruiter.co.kr/career/jobs/89065,2025-11-08T00:00:00.000+09:00,2025-11-23T23:59:00.000+09:00,0,4,False,False,22584,415,290,205,1870,5761,1,지원직,https://daoift3qrrnil.cloudfront.net/company_groups/images/000/001/870/webp/1OMDLVI7A6_1.webp?1684485635,1,https://daoift3qrrnil.cloudfront.net/content_images/images/000/331/507/webp/%28%EC%B5%9C%EC%A2%85%2925%EB%85%84_%ED%95%98%EB%B0%98%EA%B8%B0_%EC%A7%80%EC%9B%90%EC%A7%81_%EA%B3%B5%EA%B3%A0.webp?1762759578,,2025-11-10T16:31:32.000+09:00,2025-11-10T16:32:45.000+09:00,2026-08-31
101047,https://jasoseol.com/recruit/101047,코닝정밀소재,2026년 대졸 엔지니어 및 경영지원직 정규직 신입 채용,big_business,https://materials.careerlink.kr/?utm_source=jasoseol&utm_medium=cpc,2025-11-12T10:00:00.000+09:00,2025-12-02T23:59:00.000+09:00,0,0,False,False,114714,2898,4552,2020,6936,13337,5,엔지니어 | 경영지원_인사 | 경영지원_재무 및 관리 | 경영지원_구매 및 물류 | 경영지원_SCM,https://daoift3qrrnil.cloudfront.net/company_groups/images/000/006/936/webp/%EC%BD%94%EB%8B%9D%EC%A0%95%EB%B0%80%EC%86%8C%EC%9E%AC_%EB%A1%9C%EA%B3%A0.webp?1684487497,1,https://daoift3qrrnil.cloudfront.net/content_images/images/000/331/603/webp/25%ED%95%98_%EC%BD%94%EB%8B%9D%EC%A0%95%EB%B0%80%EC%86%8C%EC%9E%AC_%EC%8B%A0%EC%9E%85_%EC%B1%84%EC%9A%A9_%EC%9B%B9%ED%94%8C%EB%9D%BC%EC%9D%B4%EC%96%B4_Final.webp?1762840035,,2025-11-11T09:01:25.000+09:00,2025-11-12T10:00:06.000+09:00,2026-08-31
101050,https://jasoseol.com/recruit/101050,KCC실리콘,R&D/영업부문 신입사원 채용,big_business,https://recruit.kccworld.co.kr/recruit/recruitMain.do?SiteType=C,2025-11-11T10:58:00.000+09:00,2025-11-18T23:59:00.000+09:00,0,4,False,False,18930,344,592,223,12220,16073,2,R&D | 영업,https://daoift3qrrnil.cloudfront.net/company_groups/images/000/012/220/webp/kcc%EC%8B%A4%EB%A6%AC%EC%BD%98_ci.webp?1684488257,1,https://daoift3qrrnil.cloudfront.net/content_images/images/000/331/893/webp/%EC%8B%A0%EC%9E%85%EC%B1%84%EC%9A%A9_rev.webp?1762996421,,2025-11-11T11:13:37.000+09:00,2025-11-11T11:15:53.000+09:00,2026-08-31
101053,https://jasoseol.com/recruit/101053,현대엘앤씨,11월 각 부문별 계약직 채용,big_business,https://recruit.ehyundai.com/recruit-info/announcement/list.nhd?pageNo=1&hireGb=01&coCd=HDLNC,2025-11-11T00:00:00.000+09:00,2025-11-30T23:59:00.000+09:00,1,4,False,False,10842,262,79,60,8162,14581,4,직영점 영업 | 재무 | 영업지원 | 수출입,https://daoift3qrrnil.cloudfront.net/company_groups/images/000/008/162/webp/jss_hashed_5da883e6373116e4a8ef_20260610T132556_%ED%98%84%EB%8C%80%EC%97%98%EC%95%A4%EC%94%A8_%ED%9D%91%EB%B0%B1_%EB%A1%9C%EA%B3%A0.webp?1781136187,1,https://daoift3qrrnil.cloudfront.net/business_employment_companies/images/000/049/432/original/%ED%98%84%EB%8C%80%EC%97%98%EC%95%A4%EC%94%A8_%ED%9D%91%EB%B0%B1_%EB%A1%9C%EA%B3%A0.png?1762835043,,2025-11-11T13:31:40.000+09:00,2025-11-11T13:58:52.000+09:00,2026-08-31
101063,https://jasoseol.com/recruit/101063,파주에너지서비스,2025년 하반기 신입구성원(설비관리) 채용,big_business,https://www.skcareers.com/Recruit/Detail/R252369,2025-11-12T00:00:00.000+09:00,2025-11-25T23:59:00.000+09:00,0,0,False,False,66657,608,641,307,6481,12870,1, 발전소 설비 운영 관리,https://daoift3qrrnil.cloudfront.net/company_groups/images/000/006/481/webp/ci_cont02_img01.webp?1684487338,1,https://daoift3qrrnil.cloudfront.net/content_images/images/000/331/687/webp/pajues_1112_01_%281%29.webp?1762908130,,2025-11-12T09:42:44.000+09:00,2025-11-12T09:45:02.000+09:00,2026-08-31
101093,https://jasoseol.com/recruit/101093,김앤장 법률사무소,송무 및 상업 등기 스탭  채용,big_business,https://careers.kimchang.com/ko/guide/index.kc?category=H,2025-11-13T14:06:00.000+09:00,2025-11-23T23:59:00.000+09:00,0,4,False,False,10737,301,145,68,1542,5433,1,"송무 스탭, 상업 등기 스탭",https://daoift3qrrnil.cloudfront.net/company_groups/images/000/001/542/webp/%E1%84%80%E1%85%B5%E1%86%B7%E1%84%8B%E1%85%A2%E1%86%AB%E1%84%8C%E1%85%A1%E1%86%BC.webp?1684485507,1,https://daoift3qrrnil.cloudfront.net/content_images/images/000/331/929/webp/%EC%86%A1%EB%AC%B4_%EC%83%81%EC%97%85%EB%93%B1%EA%B8%B0.webp?1763010517,,2025-11-13T15:21:38.000+09:00,2025-11-13T15:25:21.000+09:00,2026-08-31
101120,https://jasoseol.com/recruit/101120,KCC실리콘,품질부문 신입사원 채용,big_business,https://recruit.kccworld.co.kr/recruit/recruitMain.do?SiteType=C,2025-11-14T15:45:00.000+09:00,2025-11-23T23:59:00.000+09:00,0,4,False,False,14842,288,374,148,12220,16073,1,품질,https://daoift3qrrnil.cloudfront.net/company_groups/images/000/012/220/webp/kcc%EC%8B%A4%EB%A6%AC%EC%BD%98_ci.webp?1684488257,1,https://daoift3qrrnil.cloudfront.net/content_images/images/000/332/109/webp/%ED%99%94%EC%84%B1_%EC%8B%A0%EC%9E%85%EC%B1%84%EC%9A%A9.webp?1763103017,,2025-11-14T15:52:39.000+09:00,2025-11-14T15:53:12.000+09:00,2026-08-31
101130,https://jasoseol.com/recruit/101130,롯데바이오로직스,2025년 12월  신입사원 채용 일반전형,big_business,https://recruit.lotte.co.kr/apply/announcement/detail/21702882?compcd=80003,2025-11-17T10:00:00.000+09:00,2025-12-05T23:00:00.000+09:00,0,0,False,False,101918,1961,3101,1322,13859,17252,14,"IT(인프라) | IT(CSV) | 재무(회계/자금) | Quality Systems | Quality Validation | Quality Control Analysis (Raw Material) | Quality Control (Lab Services) | Quality Operations | Technical Operations (배양) | Technical Operations (정제) | Validation | MSAT (Data Science) | MSAT 분석개발 (Analytical Scientist) | 안전관리 (소방,위험물)",https://daoift3qrrnil.cloudfront.net/company_groups/images/000/013/859/webp/%EB%A1%AF%EB%8D%B0%EB%B0%94%EC%9D%B4%EC%98%A4%EB%A1%9C%EC%A7%81%EC%8A%A4___%EA%B5%AD%EB%AC%B8%28%EC%A2%8C%EC%9A%B0%EC%A1%B0%ED%95%A9%29_1.webp?1684488576,1,https://daoift3qrrnil.cloudfront.net/content_images/images/000/332/205/webp/2025%E1%84%82%E1%85%A7%E1%86%AB_12%E1%84%8B%E1%85%AF%E1%86%AF_%E1%84%8E%E1%85%A2%E1%84%8B%E1%85%AD%E1%86%BC_%E1%84%80%E1%85%A9%E1%86%BC%E1%84%80%E1%85%A9_%281%29.webp?1763346118,,2025-11-17T11:01:04.000+09:00,2025-11-17T11:10:54.000+09:00,2026-08-31
101137,https://jasoseol.com/recruit/101137,삼양그룹,2025년 11월 신입사원 채용,big_business,https://recruit-samyang.com/,2025-11-17T16:00:00.000+09:00,2025-11-23T23:59:00.000+09:00,0,0,False,False,25043,216,266,95,3252,9469,2,[대졸신입]계장담당 | [Junior Career(대졸신입)]계장담당,https://daoift3qrrnil.cloudfront.net/company_groups/images/000/003/252/webp/SAMYANG_LOGOTYPE_PRIMARY_VERSION_RGB_POSITIVE.webp?1728027832,1,https://daoift3qrrnil.cloudfront.net/content_images/images/000/332/220/webp/2025_11%EC%9B%94_%EC%88%98%EC%8B%9C%EC%B1%84%EC%9A%A9_%EA%B3%B5%EA%B3%A0%EB%AC%B8v3.webp?1763353673,,2025-11-17T13:29:44.000+09:00,2025-11-17T16:00:19.000+09:00,2026-08-31
101142,https://jasoseol.com/recruit/101142,DB하이텍,2025년 하반기 신입사원 모집(영업/시설관리 추가),big_business,https://dbgroup.recruiter.co.kr/career/jobs/89487,2025-11-17T17:00:00.000+09:00,2025-11-23T23:59:00.000+09:00,0,0,False,False,31565,577,688,319,1423,5314,3,영업_국내영업 | 영업_기술영업(Customer Engineering) | 시설관리_전력설비,https://daoift3qrrnil.cloudfront.net/company_groups/images/000/001/423/webp/_EC_98_81_EB_AC_B8_CI_281_29__ED_88_AC_EB_AA_85.webp?1684485461,1,https://daoift3qrrnil.cloudfront.net/content_images/images/000/332/270/webp/%ED%95%98%EC%9D%B4%ED%85%8D.webp?1763370368,,2025-11-17T17:22:15.000+09:00,2025-11-17T17:25:31.000+09:00,2026-08-31
101160,https://jasoseol.com/recruit/101160,노벨리스코리아,급여 담당자 채용 (신입),big_business,https://ko-careers-novelis.icims.com/jobs/49165/%5b%ec%98%81%ec%a3%bc%ea%b3%b5%ec%9e%a5%5d-%ea%b8%89%ec%97%ac-%eb%8b%b4%eb%8b%b9%ec%9e%90-%28payroll%29-%ec%b1%84%ec%9a%a9/job,2025-11-19T09:00:00.000+09:00,2025-11-27T22:00:00.000+09:00,0,4,False,False,5634,81,122,26,865,4756,1,급여/근태,https://daoift3qrrnil.cloudfront.net/company_groups/images/000/000/865/webp/Novelis_G1.webp?1684485276,5,https://daoift3qrrnil.cloudfront.net/content_images/images/000/332/444/webp/%EC%8A%AC%EB%9D%BC%EC%9D%B4%EB%93%9C1.webp?1763511015 | https://daoift3qrrnil.cloudfront.net/content_images/images/000/332/445/webp/%EC%8A%AC%EB%9D%BC%EC%9D%B4%EB%93%9C2.webp?1763511016 | https://daoift3qrrnil.cloudfront.net/content_images/images/000/332/446/webp/%EC%8A%AC%EB%9D%BC%EC%9D%B4%EB%93%9C4.webp?1763511017 | https://daoift3qrrnil.cloudfront.net/content_images/images/000/332/447/webp/%EC%8A%AC%EB%9D%BC%EC%9D%B4%EB%93%9C5.webp?1763511017 | https://daoift3qrrnil.cloudfront.net/content_images/images/000/332/448/webp/%EC%8A%AC%EB%9D%BC%EC%9D%B4%EB%93%9C6.webp?1763511018,https://daoift3qrrnil.cloudfront.net/employment_companies/guidebooks/000/101/160/original/%EB%85%B8%EB%B2%A8%EB%A6%AC%EC%8A%A4%EC%BD%94%EB%A6%AC%EC%95%84_%EC%9E%85%EC%82%AC%EC%A7%80%EC%9B%90%EC%84%9C_payroll.docx,2025-11-19T09:28:02.000+09:00,2025-11-19T09:31:43.000+09:00,2026-08-31
101161,https://jasoseol.com/recruit/101161,노벨리스코리아,Supply Chain 신입 채용,big_business,https://ko-careers-novelis.icims.com/jobs/,2025-11-19T15:00:00.000+09:00,2025-11-27T22:00:00.000+09:00,0,4,False,False,9058,219,317,135,865,4756,1,생산관리,https://daoift3qrrnil.cloudfront.net/company_groups/images/000/000/865/webp/Novelis_G1.webp?1684485276,5,https://daoift3qrrnil.cloudfront.net/content_images/images/000/332/461/webp/%EC%8A%AC%EB%9D%BC%EC%9D%B4%EB%93%9C1.webp?1763511435 | https://daoift3qrrnil.cloudfront.net/content_images/images/000/332/541/webp/%EC%B1%84%EC%9A%A9%EA%B3%B5%EA%B3%A0202511_%EA%B8%89%EC%97%AC_scm.webp?1763532756 | https://daoift3qrrnil.cloudfront.net/content_images/images/000/332/463/webp/%EC%8A%AC%EB%9D%BC%EC%9D%B4%EB%93%9C4.webp?1763511436 | https://daoift3qrrnil.cloudfront.net/content_images/images/000/332/464/webp/%EC%8A%AC%EB%9D%BC%EC%9D%B4%EB%93%9C5.webp?1763511437 | https://daoift3qrrnil.cloudfront.net/content_images/images/000/332/465/webp/%EC%8A%AC%EB%9D%BC%EC%9D%B4%EB%93%9C6.webp?1763511437,https://daoift3qrrnil.cloudfront.net/employment_companies/guidebooks/000/101/161/original/%EB%85%B8%EB%B2%A8%EB%A6%AC%EC%8A%A4%EC%BD%94%EB%A6%AC%EC%95%84_%EC%9E%85%EC%82%AC%EC%A7%80%EC%9B%90%EC%84%9C_Coverletter.docx,2025-11-19T09:33:00.000+09:00,2025-11-19T09:34:40.000+09:00,2026-08-31
101166,https://jasoseol.com/recruit/101166,LS MnM,신입/경력사원 수시채용 [이차전지소재 Recycling 원료 구매],big_business,https://lsmnm.recruiter.co.kr/app/jobnotice/view?systemKindCode=MRS2&jobnoticeSn=234664,2025-11-19T10:00:00.000+09:00,2025-11-30T23:59:00.000+09:00,0,0,False,False,42668,818,450,338,1236,5127,2,이차전지소재 Recycling 원료 구매 | 이차전지소재 Recycling 원료 구매,https://daoift3qrrnil.cloudfront.net/company_groups/images/000/001/236/webp/data.webp?1684485374,1,https://daoift3qrrnil.cloudfront.net/content_images/images/000/332/505/webp/20251119_%EC%8B%A0%EC%9E%85_%EA%B2%BD%EB%A0%A5%EC%82%AC%EC%9B%90_%EC%88%98%EC%8B%9C%EC%B1%84%EC%9A%A9_%EA%B3%B5%EA%B3%A0%EB%AC%B8-1.webp?1763520133,,2025-11-19T11:42:47.000+09:00,2025-11-19T11:47:08.000+09:00,2026-08-31
101176,https://jasoseol.com/recruit/101176,유니드비티플러스,2025년 하반기 신입 및 경력 채용,big_business,https://unidbtplus.recruiter.co.kr/career/jobs?utm_source=jasoseol&utm_medium=banner&utm_campaign=2511unidbtplus&utm_content=apply,2025-11-19T00:00:00.000+09:00,2025-11-28T23:59:00.000+09:00,0,4,False,False,50747,130,173,58,15232,19388,3,올고다 사업_생산관리 및 품질관리 | 올고다 사업_마케팅 | 안전환경,https://daoift3qrrnil.cloudfront.net/company_groups/images/000/015/232/webp/%EB%8B%A4%EC%9A%B4%EB%A1%9C%EB%93%9C_%2816%29.webp?1697782021,1,https://daoift3qrrnil.cloudfront.net/content_images/images/000/332/551/webp/2025_%ED%95%98%EB%B0%98%EA%B8%B0_%EC%B1%84%EC%9A%A9%EA%B3%B5%EA%B3%A0.webp?1763537411,,2025-11-19T16:36:33.000+09:00,2025-11-19T16:36:00.000+09:00,2026-08-31
101181,https://jasoseol.com/recruit/101181,삼천리,2026년 대졸 신입사원모집,big_business,https://recruit.samchully.co.kr/reMenuAction.do,2025-11-19T00:00:00.000+09:00,2025-11-26T23:59:00.000+09:00,0,0,False,False,22738,660,471,307,2763,7462,1,경영지원_재경,https://daoift3qrrnil.cloudfront.net/company_groups/images/000/002/763/webp/%E2%98%85%EC%82%BC%EC%B2%9C%EB%A6%AC_%ED%95%9C%EA%B8%80%EC%A2%8C%EC%9A%B0%EC%A1%B0%ED%95%A9.webp?1684485996,1,https://daoift3qrrnil.cloudfront.net/content_images/images/000/332/638/webp/2025_%ED%95%98%EB%B0%98%EA%B8%B0_%EC%82%BC%EC%B2%9C%EB%A6%AC_%EC%9E%AC%EA%B2%BD_%EC%B1%84%EC%9A%A9%EA%B3%B5%EA%B3%A0%EB%AC%B8_1120.webp?1763603140,,2025-11-20T10:45:49.000+09:00,2025-11-20T10:48:38.000+09:00,2026-08-31
101192,https://jasoseol.com/recruit/101192,유진투자증권,"신입 업무직원(FITS팀, 파생솔루션팀) 채용",big_business,https://eugene.recruiter.co.kr/app/jobnotice/view?systemKindCode=MRS2&jobnoticeSn=234490,2025-11-18T00:00:00.000+09:00,2025-11-30T23:59:00.000+09:00,0,0,False,False,6919,202,131,81,1336,5227,2,FITS팀 | 파생솔루션팀,https://daoift3qrrnil.cloudfront.net/company_groups/images/000/001/336/webp/Eugene_Wordmark.webp?1684485426,1,https://eugene.recruiter.co.kr/upload/331673/image/202511/7e963474-fdde-49d9-abaa-4accb1928c99.jpg,,2025-11-20T13:31:53.000+09:00,2025-11-20T13:33:00.000+09:00,2026-08-31
101194,https://jasoseol.com/recruit/101194,현대스틸파이프,'25년도 하반기 신입사원(일반직) 채용,big_business,https://hyundai-steelpipe.recruiter.co.kr/career/jobs/89622,2025-11-14T13:00:00.000+09:00,2025-11-23T23:59:00.000+09:00,0,0,False,False,11046,225,266,128,15259,19573,2,사업기획_IT | 재경_원가관리,https://daoift3qrrnil.cloudfront.net/company_groups/images/000/015/259/webp/jss_hashed_3d69ae88b258fdd8ff85_20260626T101837_open-uri20260626-341775-17qi3t8.webp?1782436784,1,https://hyundai-steelpipe.recruiter.co.kr/upload/367416/image/202511/d60ab2e0-2ddc-46e5-a4ef-2002d97762eb.jpeg,,2025-11-20T13:37:38.000+09:00,2025-11-20T13:42:01.000+09:00,2026-08-31
101197,https://jasoseol.com/recruit/101197,서울신문사,미디어경영(신사업) 수습사원 채용,big_business,https://recruit.seoul.co.kr/recruit/view.php?idx=253&page=,2025-11-20T13:24:00.000+09:00,2025-12-02T18:00:00.000+09:00,0,4,False,False,52744,498,495,206,4944,11327,1,신사업,https://daoift3qrrnil.cloudfront.net/company_groups/images/000/004/944/webp/seoul.webp?1684486806,1,https://daoift3qrrnil.cloudfront.net/content_images/images/000/332/699/webp/800.webp?1763612947,,2025-11-20T13:45:06.000+09:00,2025-11-20T13:46:54.000+09:00,2026-08-31
101231,https://jasoseol.com/recruit/101231,도레이첨단소재,2025년 하반기 신입/경력 채용,big_business,https://www.torayamk-recruit.com/?utm_source=jasoseol&utm_medium=banner&utm_campaign=2511toray,2025-11-24T00:00:00.000+09:00,2025-12-10T23:59:00.000+09:00,0,0,False,False,93476,2952,3202,2045,1251,5142,8,영업 | 경영지원(서울) | 경영지원(구미) | 생산기술 | 전력설비 | 연구개발 | 생산기술 | 지적재산,https://daoift3qrrnil.cloudfront.net/company_groups/images/000/001/251/webp/%EA%B5%AD%EB%AC%B8%EC%84%B8%EB%A1%9C-%EC%BB%AC%EB%9F%AC.webp?1684485384,1,https://daoift3qrrnil.cloudfront.net/content_images/images/000/332/910/webp/%E2%98%85_%EA%B3%B5%EA%B3%A0%EB%AC%B8__25%ED%95%98_%EB%8F%84%EB%A0%88%EC%9D%B4%EC%B2%A8%EB%8B%A8%EC%86%8C%EC%9E%AC_%ED%95%98%EB%B0%98%EA%B8%B0_%EC%B1%84%EC%9A%A9_%EC%B5%9C%EC%A2%85.webp?1763702943,,2025-11-21T14:31:13.000+09:00,2025-11-24T00:00:02.000+09:00,2026-08-31
101317,https://jasoseol.com/recruit/101317,우리자산운용,2026년 상반기 신입사원 공개채용,big_business,https://wooriam.incruit.com/hire/viewhire.asp?projectid=103,2025-11-27T09:00:00.000+09:00,2025-12-13T23:59:00.000+09:00,0,0,False,False,87016,1234,719,522,13241,16559,3,주식운용부문 | 대체투자부문 | 글로벌운용부문,https://daoift3qrrnil.cloudfront.net/company_groups/images/000/013/241/webp/SEO_img_1200X630_02.webp?1699497278,1,https://daoift3qrrnil.cloudfront.net/content_images/images/000/333/337/webp/%EC%9A%B0%EB%A6%AC%EC%9E%90%EC%82%B0%EC%9A%B4%EC%9A%A9_%EA%B3%B5%EA%B3%A0%EB%AC%B8_%281%29.webp?1764145482,,2025-11-26T17:25:12.000+09:00,2025-11-27T09:00:10.000+09:00,2026-08-31
101336,https://jasoseol.com/recruit/101336,NH선물,직원 채용 공고,big_business,https://job.incruit.com/jobdb_info/jobpost.asp?job=2511270000267&handle=494647BAF7A215F84918ECE1B8311F7B9E832B07A96FA4E28095EDAD3B060FA4,2025-11-28T17:00:00.000+09:00,2025-12-08T09:00:00.000+09:00,0,4,False,False,21769,776,451,292,3309,9645,5,법인영업 | 법인영업 | 재무회계 | 재무회계 | 정보보안,https://daoift3qrrnil.cloudfront.net/company_groups/images/000/003/309/webp/NH_LOGO.webp?1684486207,1,https://daoift3qrrnil.cloudfront.net/content_images/images/000/333/442/webp/%EC%97%94%EC%97%90%EC%9D%B4%EC%B9%98%EC%84%A0%EB%AC%BC.webp?1764227707,,2025-11-27T16:25:51.000+09:00,2025-11-27T16:25:51.000+09:00,2026-08-31
101338,https://jasoseol.com/recruit/101338,애경케미칼,2025년 하반기 신입/경력직 채용,big_business,https://aekyungchemical.applyin.co.kr/jobs/?tag=custom2bc559b9,2025-11-28T00:00:00.000+09:00,2025-12-10T23:59:00.000+09:00,0,0,False,False,38794,605,718,357,219,4110,7,[일반직]R&D | [일반직]경영지원 | [일반직]세무/회계 | [일반직]화장품 원료평가/제형개발 | [일반직]전기/계장 | [현장직]품질분석 | [현장직]생산(신설법인),https://daoift3qrrnil.cloudfront.net/company_groups/images/000/000/219/webp/%EC%95%A0%EA%B2%BD%EC%BC%80%EB%AF%B8%EC%B9%BCCI.webp?1698910555,1,https://daoift3qrrnil.cloudfront.net/content_images/images/000/333/797/webp/%EC%95%A0%EA%B2%BD%EC%BC%80%EB%AF%B8%EC%B9%BC_%EA%B3%B5%EA%B3%A0%EB%AC%B8%EC%88%98%EC%A0%95_251202.webp?1764642385,,2025-11-27T17:34:07.000+09:00,2025-11-28T00:00:12.000+09:00,2026-08-31
101353,https://jasoseol.com/recruit/101353,롯데그룹,3·6·9·12 예측가능한 채용(12월),big_business,https://lotte-36912recruit.com/,2025-12-01T10:00:00.000+09:00,2025-12-22T18:00:00.000+09:00,0,0,False,False,204900,5474,10509,5328,74,3965,38,[롯데웰푸드]영업 | [롯데웰푸드]글로벌전략 | [롯데웰푸드]마케팅 | [롯데글로벌로지스]물류운영(SCM) | [롯데글로벌로지스]물류운영(Lastmile) | [롯데글로벌로지스]재무 | [롯데건설]건축시공 | [롯데건설]조경시공 | [롯데건설]주택설계 | [롯데건설]기계시공 | [롯데건설]전기시공 | [롯데건설]조경설계 | [롯데건설]인테리어 | [롯데건설]안전 | [롯데건설]품질 | [롯데건설]인사 | [롯데건설]총무 | [롯데건설]홍보 | [롯데이노베이트]소프트웨어(호텔IS) | [롯데이노베이트]소프트웨어(멤버스IS) | [롯데이노베이트]소프트웨어(이즐IS) | [롯데이노베이트]소프트웨어(렌탈IS) | [롯데이노베이트]인프라(호텔IS) | [롯데이노베이트]인프라(지주IS) | [롯데이노베이트]인프라(월드IS) | [롯데이노베이트]인프라(이즐IS) | [롯데이노베이트]AI CRM | [롯데이노베이트]AI 기술 | [롯데이노베이트]Security(GRS IS) | [롯데월드]경영지원(인사) | [롯데월드]경영지원(홍보) | [롯데중앙연구소]제품개발(음료) | [롯데중앙연구소]제품개발(주류) | [대홍기획]스포츠마케팅 | [롯데엠시시]생산관리 | [롯데정밀화학]생산지원(기계) | [롯데정밀화학]생산지원(전기) | [롯데홈쇼핑]PD,https://daoift3qrrnil.cloudfront.net/company_groups/images/000/000/074/webp/jss_hashed_37a8ea8f70e803adea35_20260831T091514_%EB%A1%AF%EB%8D%B0_%EB%A1%9C%EA%B3%A0.webp?1788135314,1,https://daoift3qrrnil.cloudfront.net/content_images/images/000/334/688/webp/_NHR__2025_%EB%A1%AF%EB%8D%B0%EA%B7%B8%EB%A3%B9_12%EC%9B%94_%EC%B1%84%EC%9A%A9_%EC%9B%B9%ED%94%8C%EB%9D%BC%EC%9D%B4%EC%96%B4%28ver4%29.webp?1765332465,,2025-11-28T14:15:22.000+09:00,2025-12-01T10:00:05.000+09:00,2026-08-31
101395,https://jasoseol.com/recruit/101395,SBI저축은행,AICT 신입사원 공개채용,big_business,https://sbisb.recruiter.co.kr/career/jobs/91231,2025-12-03T00:00:00.000+09:00,2025-12-16T23:59:00.000+09:00,0,4,False,False,48151,1545,2191,1167,2698,7116,5,Finance AI | Finance IT (Banking) | Finance IT (Infra) | Finance Data | Finance DX,https://daoift3qrrnil.cloudfront.net/company_groups/images/000/002/698/webp/0001482375_sbi%EC%A0%80%EC%B6%95%EC%9D%80%ED%96%89_185x72_%281%29.webp?1684485975,1,https://daoift3qrrnil.cloudfront.net/content_images/images/000/333/969/webp/SBI%EC%A0%80%EC%B6%95%EC%9D%80%ED%96%89_%EC%8B%A0%EC%9E%85%EC%82%AC%EC%9B%90_%EA%B3%B5%EA%B3%A0%EB%AC%B8.webp?1764736461,,2025-12-02T11:00:23.000+09:00,2025-12-02T11:00:23.000+09:00,2026-08-31
101415,https://jasoseol.com/recruit/101415,LS MnM,신입/경력사원 수시채용,big_business,https://lsmnm.recruiter.co.kr/,2025-12-01T17:00:00.000+09:00,2025-12-14T23:59:00.000+09:00,0,0,False,False,37089,488,265,182,1236,5127,2,물류 | 경영관리,https://daoift3qrrnil.cloudfront.net/company_groups/images/000/001/236/webp/data.webp?1684485374,1,https://daoift3qrrnil.cloudfront.net/content_images/images/000/333/983/webp/20251201_%EC%88%98%EC%8B%9C%EC%B1%84%EC%9A%A9_%EA%B3%B5%EA%B3%A0%EB%AC%B8_%EB%AC%BC%EB%A5%98_%EA%B2%BD%EC%98%81%EA%B4%80%EB%A6%AC_v2-1.webp?1764740931,,2025-12-03T14:49:38.000+09:00,2025-12-03T14:54:34.000+09:00,2026-08-31
101419,https://jasoseol.com/recruit/101419,SK멀티유틸리티,"사업관리 담당 매니저 채용 (신입, 경력)",big_business,https://www.skcareers.com/Recruit/Index?searchText=SK%EB%A9%80%ED%8B%B0%EC%9C%A0%ED%8B%B8%EB%A6%AC%ED%8B%B0,2025-11-27T09:00:00.000+09:00,2025-12-14T23:59:00.000+09:00,0,4,False,False,25276,300,205,98,13581,16944,2,사업관리 | 사업관리,https://daoift3qrrnil.cloudfront.net/company_groups/images/000/013/581/webp/image_%2834%29.webp?1684488519,1,https://daoift3qrrnil.cloudfront.net/content_images/images/000/333/997/webp/SK%EB%A9%80%ED%8B%B0%EC%9C%A0%ED%8B%B8%EB%A6%AC%ED%8B%B0_%EC%82%AC%EC%97%85%EA%B4%80%EB%A6%AC_%EB%8B%B4%EB%8B%B9_%EB%A7%A4%EB%8B%88%EC%A0%80_%EC%B1%84%EC%9A%A9_%EA%B3%B5%EA%B3%A0.webp?1764744770,,2025-12-03T16:05:07.000+09:00,2025-12-03T16:09:46.000+09:00,2026-08-31
101442,https://jasoseol.com/recruit/101442,유진투자선물,[신입/경력] 해외선물 영업직(글로벌비즈니스팀/국제영업팀) 채용,big_business,https://eugene.recruiter.co.kr/app/jobnotice/view?systemKindCode=MRS2&jobnoticeSn=236129,2025-12-04T14:00:00.000+09:00,2025-12-28T23:59:00.000+09:00,0,0,False,False,12052,258,148,74,4155,10492,4,글로벌비즈니스팀 | 글로벌비즈니스팀 | 국제영업팀 | 국제영업팀,https://daoift3qrrnil.cloudfront.net/company_groups/images/000/004/155/webp/813161_20160620130424_425_0001.webp?1684486545,1,https://eugene.recruiter.co.kr/upload/331673/image/202512/32e90eed-2030-4df4-aa4f-0a9a42c31bd5.jpg,,2025-12-04T13:16:32.000+09:00,2025-12-04T13:27:06.000+09:00,2026-08-31
101486,https://jasoseol.com/recruit/101486,AJ네트웍스,수시채용(신입/경력),big_business,https://ajnet.recruiter.co.kr/,2025-12-09T00:00:00.000+09:00,2025-12-17T23:59:00.000+09:00,0,0,False,False,48703,487,563,262,1382,5273,17,B&T_영업기획 | B&T_자산운영·관리 | B&T_로봇설치 및 유지보수 | B&T_IT장비 영업 | 로지스_연구개발 | 로지스_화물운송관리 | 산업장비_영업기획 | 산업장비_장비유통 | 지원_영업지원 | 지원_총무 | 지원_법무 | 지원_내부통제 | 지원_보안솔루션운영 | AJ솔루션테크_원가관리 | AJ솔루션테크_운영기획 | AJ솔루션테크_산업 장비 매각 및 유통 | AJ솔루션테크_배터리관리,https://daoift3qrrnil.cloudfront.net/company_groups/images/000/001/382/webp/AJ%EB%84%A4%ED%8A%B8%EC%9B%8D%EC%8A%A4.webp?1684485444,1,https://daoift3qrrnil.cloudfront.net/content_images/images/000/334/503/webp/AJ_%EB%84%A4%ED%8A%B8%EC%9B%8D%EC%8A%A4_%EC%88%98%EC%8B%9C%EC%B1%84%EC%9A%A9%28%EC%8B%A0%EC%9E%85_%EA%B2%BD%EB%A0%A5%29.webp?1765238873,,2025-12-09T09:13:26.000+09:00,2025-12-09T09:31:13.000+09:00,2026-08-31
101487,https://jasoseol.com/recruit/101487,드림라인,네트워크기술 신입사원 모집,big_business,https://www.saramin.co.kr/zf_user/jobs/view?rec_idx=52493946&view_type=etc&ref=recruit_manage,2025-12-09T09:16:00.000+09:00,2026-01-06T23:59:00.000+09:00,0,4,False,False,5811,73,142,27,2937,8192,1,네트워크,https://daoift3qrrnil.cloudfront.net/company_groups/images/000/002/937/webp/%EB%93%9C%EB%A6%BC%EB%9D%BC%EC%9D%B8_CI_%28%EB%B0%94%ED%83%95%ED%88%AC%EB%AA%85_%EA%B2%80%EC%9D%80%EC%83%89%EA%B8%80%EC%94%A8%29.webp?1684486060,2,https://daoift3qrrnil.cloudfront.net/content_images/images/000/334/509/webp/%E2%98%85%EC%9E%90%EC%86%8C%EC%84%A4%EB%8B%B7%EC%BB%B4_%EC%95%9E%EB%A9%B4%28%EC%8B%A0%EC%9E%85%29.webp?1765239555 | https://daoift3qrrnil.cloudfront.net/content_images/images/000/334/510/webp/%E2%98%85%EC%9E%90%EC%86%8C%EC%84%A4%EB%8B%B7%EC%BB%B4_%EB%92%B7%EB%A9%B4.webp?1765239558,,2025-12-09T09:31:54.000+09:00,2025-12-09T09:32:47.000+09:00,2026-08-31
101526,https://jasoseol.com/recruit/101526,삼양그룹,2025년 12월 신입사원 수시채용,big_business,https://recruit-samyang.com/,2025-12-15T00:00:00.000+09:00,2025-12-28T23:59:00.000+09:00,0,0,False,False,46121,1305,1353,653,3252,9469,10,[Global Talent/Junior Career(Global Talent)]B2B Sales | [Global Talent/Junior Career(Global Talent)]Global Sourcing/Sales | [Global Talent/Junior Career(Global Talent)]Global Sales(BIO) | [Global Talent/Junior Career(Global Talent)]마케팅(Medical Device) | [Global Talent/Junior Career(Global Talent)]HR&Communication | [Global Talent/Junior Career(Global Talent)]경영지원(CP) | [Global Talent/Junior Career(Global Talent)]구매(Global) | [신입연구/Junior Career(신입연구)]R&D(mRNA 합성) | [신입연구/Junior Career(신입연구)]R&D(공정개발) | [신입연구/Junior Career(신입연구)]R&D(Medical Device),https://daoift3qrrnil.cloudfront.net/company_groups/images/000/003/252/webp/SAMYANG_LOGOTYPE_PRIMARY_VERSION_RGB_POSITIVE.webp?1728027832,1,https://daoift3qrrnil.cloudfront.net/content_images/images/000/334/757/webp/2025_12%EC%9B%94_%EC%88%98%EC%8B%9C%EC%B1%84%EC%9A%A9_%EA%B3%B5%EA%B3%A0%EB%AC%B8_%2812%29.webp?1765350067,,2025-12-10T16:00:20.000+09:00,2025-12-15T00:00:09.000+09:00,2026-08-31
101559,https://jasoseol.com/recruit/101559,하나손해보험,2026년 신입사원 공개채용,big_business,https://www.hanainsure.co.kr/recruit,2025-12-15T10:00:00.000+09:00,2025-12-28T23:59:00.000+09:00,0,0,False,False,96858,1770,1660,1037,13080,16367,4,보험업무 | 투자/자산 | 영업관리/지원 | 손해사정,https://daoift3qrrnil.cloudfront.net/company_groups/images/000/013/080/webp/icon_footerLogo.webp?1684488387,1,https://daoift3qrrnil.cloudfront.net/content_images/images/000/335/201/webp/251212_%ED%95%98%EB%82%98%EC%86%90%ED%95%B4%EB%B3%B4%ED%97%98_%EA%B3%B5%EA%B3%A0%EB%AC%B8_v4.webp?1765775653,,2025-12-12T17:46:18.000+09:00,2025-12-15T11:02:03.000+09:00,2026-08-31
101567,https://jasoseol.com/recruit/101567,서울도시가스,2026년 서울도시가스 신입사원 채용(전문학사),big_business,https://scg.recruiter.co.kr/career/jobs/92481,2025-12-16T09:00:00.000+09:00,2025-12-25T23:59:00.000+09:00,0,0,False,False,62654,541,487,258,6487,12876,2,기술 | 관리,https://daoift3qrrnil.cloudfront.net/company_groups/images/000/006/487/webp/jss_hashed_b7803ea74cc83fe8d570_20251216T105425_%EC%84%9C%EC%9A%B8%EB%8F%84%EC%8B%9C%EA%B0%80%EC%8A%A4%EC%A3%BC%EC%8B%9D%ED%9A%8C%EC%82%AC_%281%29.webp?1765850065,1,https://daoift3qrrnil.cloudfront.net/content_images/images/000/335/249/webp/2026%EB%85%84_%EC%8B%A0%EC%9E%85%EC%82%AC%EC%9B%90_%EC%B1%84%EC%9A%A9%EA%B3%B5%EA%B3%A0%EB%AC%B8.webp?1765786010,,2025-12-15T14:01:41.000+09:00,2025-12-16T09:00:03.000+09:00,2026-08-31
101584,https://jasoseol.com/recruit/101584,현대엘앤씨,2026년 상반기 신입사원 공개채용,big_business,https://recruit.ehyundai.com/recruit-info/announcement/view.nhd?hireId=2026015&regCoCd=HDLNC,2025-12-16T14:00:00.000+09:00,2026-01-01T23:59:00.000+09:00,0,4,False,False,44424,1802,1215,920,8162,14581,3,국내영업 | 해외영업 | 회계,https://daoift3qrrnil.cloudfront.net/company_groups/images/000/008/162/webp/jss_hashed_5da883e6373116e4a8ef_20260610T132556_%ED%98%84%EB%8C%80%EC%97%98%EC%95%A4%EC%94%A8_%ED%9D%91%EB%B0%B1_%EB%A1%9C%EA%B3%A0.webp?1781136187,1,https://daoift3qrrnil.cloudfront.net/content_images/images/000/335/317/webp/26%EB%85%84-%EC%83%81%EB%B0%98%EA%B8%B0-%EC%8B%A0%EC%9E%85%EC%82%AC%EC%9B%90-%EC%B1%84%EC%9A%A9-001_%281%29.webp?1765852051,,2025-12-16T12:43:34.000+09:00,2025-12-16T14:11:12.000+09:00,2026-08-31
101602,https://jasoseol.com/recruit/101602,존슨앤드존슨,Innovative Medicine 글로벌 임상시험 리더십 개발 프로그램,big_business,https://jnj.careerlink.kr/2026GTA,2025-12-17T10:00:00.000+09:00,2026-01-11T23:59:00.000+09:00,0,0,False,False,53730,269,207,146,1045,4936,1,Global Trial Associate,https://daoift3qrrnil.cloudfront.net/company_groups/images/000/001/045/webp/jss_hashed_6044e3ffc36ca8e97f2f_20260723T134800_JNJ_Logo_SingleLine_Red_RGB_%281%29.webp?1784782081,1,https://daoift3qrrnil.cloudfront.net/content_images/images/000/336/808/webp/%EC%9B%B9%EA%B3%B5%EA%B3%A0%EB%AC%B8_%28%EB%B2%84%ED%8A%BCo%29_%281%29.webp?1767326997,,2025-12-17T10:20:08.000+09:00,2025-12-17T10:24:24.000+09:00,2026-08-31
101630,https://jasoseol.com/recruit/101630,LS MnM,"신입/경력사원 수시채용 [회계, 품질관리, 안전관리, 배터리소재 온산공장 품질관리, 배터리소재 수주영업]",big_business,https://lsmnm.recruiter.co.kr/app/jobnotice/view?systemKindCode=MRS2&jobnoticeSn=237286,2025-12-17T10:00:00.000+09:00,2025-12-31T23:59:00.000+09:00,0,0,False,False,57474,1118,866,616,1236,5127,5,회계 | 품질관리 | 안전관리 | 배터리소재 온산공장 품질관리 | 배터리소재 수주영업,https://daoift3qrrnil.cloudfront.net/company_groups/images/000/001/236/webp/data.webp?1684485374,1,https://daoift3qrrnil.cloudfront.net/content_images/images/000/335/588/webp/20251218_%EC%88%98%EC%8B%9C%EC%B1%84%EC%9A%A9_%EA%B3%B5%EA%B3%A0%EB%AC%B8_%ED%9A%8C%EA%B3%84__%ED%92%88%EC%A7%88%EA%B4%80%EB%A6%AC__%EC%95%88%EC%A0%84%EA%B4%80%EB%A6%AC__%EB%B0%B0%ED%84%B0%EB%A6%AC%EC%86%8C%EC%9E%AC_%ED%92%88%EC%A7%88%EA%B4%80%EB%A6%AC__%EC%88%98%EC%A3%BC%EC%98%81%EC%97%85%ED%8C%80%EC%9E%A5_v2-1_%281%29.webp?1766021940,,2025-12-18T10:40:07.000+09:00,2025-12-18T10:57:43.000+09:00,2026-08-31
101645,https://jasoseol.com/recruit/101645,NS홈쇼핑,회계 신입사원 모집,big_business,https://harimcareers.com/page/ns_shopping/recruit_view?target=14922,2025-12-19T09:00:00.000+09:00,2025-12-28T23:59:00.000+09:00,0,4,False,False,9120,358,206,169,1430,5321,1,회계,https://daoift3qrrnil.cloudfront.net/company_groups/images/000/001/430/webp/NS%ED%99%88%EC%87%BC%ED%95%91_%EB%A1%9C%EA%B3%A0_%EA%B5%AD%EB%AC%B8_%EA%B0%80%EB%A1%9C%ED%98%95_%EC%83%89%EA%B9%94-01_ci.webp?1684485464,1,https://daoift3qrrnil.cloudfront.net/content_images/images/000/335/672/webp/%28%EC%B5%9C%EC%A2%85%29%EC%9E%AC%EB%AC%B4%ED%8C%80_%ED%9A%8C%EA%B3%84_%EC%8B%A0%EC%9E%85%EC%82%AC%EC%9B%90_%EB%AA%A8%EC%A7%91_%EA%B3%B5%EA%B3%A0%EB%AC%B8_25.12.19.webp?1766104380,,2025-12-19T09:35:33.000+09:00,2025-12-19T09:36:00.000+09:00,2026-08-31
101658,https://jasoseol.com/recruit/101658,어플라이드 머티어리얼즈 코리아,신입(석사/학사) 채용,big_business,https://appliedkorea.applyin.co.kr/,2025-12-22T09:00:00.000+09:00,2026-01-09T17:00:00.000+09:00,0,0,False,False,68480,1656,2860,1655,3070,8739,3,Process Support Engineer(공정 엔지니어) | Customer Engineer(장비 엔지니어) | GCC Order Management,https://daoift3qrrnil.cloudfront.net/company_groups/images/000/003/070/webp/jss_hashed_9574abdda62ba6b8da29_20251231T110950_APPLIED_Impact_Logo_blue.webp?1767146991,3,https://daoift3qrrnil.cloudfront.net/content_images/images/000/335/728/webp/Applied_Materials_Korea_%EC%84%9D%EC%82%AC_Final.webp?1766123198 | https://daoift3qrrnil.cloudfront.net/content_images/images/000/336/049/webp/Applied_Materials_Korea_%ED%95%99%EC%82%AC_Final%28%EC%88%98%EC%A0%95%29.webp?1766450440 | https://daoift3qrrnil.cloudfront.net/content_images/images/000/336/687/webp/%EC%96%B4%ED%94%8C%EB%9D%BC%EC%9D%B4%EB%93%9C%EB%A8%B8%ED%8B%B0%EC%96%B4%EB%A6%AC%EC%96%BC%EC%A6%88_GCC_Ordermanagement_%EC%B1%84%EC%9A%A9%EA%B3%B5%EA%B3%A0.webp?1767146164,,2025-12-19T14:47:35.000+09:00,2025-12-22T09:00:03.000+09:00,2026-08-31
101681,https://jasoseol.com/recruit/101681,노벨리스코리아,신입 엔지니어 채용(금속/자동화/기계),big_business,https://ko-careers-novelis.icims.com/jobs/,2025-12-23T08:30:00.000+09:00,2026-01-07T20:00:00.000+09:00,0,4,False,False,24290,457,724,284,865,4756,3,자동화 엔지니어 | 기계 엔지니어 | 공정(금속) 엔지니어,https://daoift3qrrnil.cloudfront.net/company_groups/images/000/000/865/webp/Novelis_G1.webp?1684485276,3,https://daoift3qrrnil.cloudfront.net/content_images/images/000/335/888/webp/%EC%8A%AC%EB%9D%BC%EC%9D%B4%EB%93%9C1.webp?1766381175 | https://daoift3qrrnil.cloudfront.net/content_images/images/000/335/889/webp/%EC%8A%AC%EB%9D%BC%EC%9D%B4%EB%93%9C2.webp?1766381177 | https://daoift3qrrnil.cloudfront.net/content_images/images/000/335/890/webp/%EC%8A%AC%EB%9D%BC%EC%9D%B4%EB%93%9C3.webp?1766381178,https://daoift3qrrnil.cloudfront.net/employment_companies/guidebooks/000/101/681/original/%EB%85%B8%EB%B2%A8%EB%A6%AC%EC%8A%A4%EC%BD%94%EB%A6%AC%EC%95%84_%EC%9E%85%EC%82%AC%EC%A7%80%EC%9B%90%EC%84%9C_Coverletter.docx,2025-12-22T14:51:36.000+09:00,2025-12-22T14:51:36.000+09:00,2026-08-31
101685,https://jasoseol.com/recruit/101685,서울도시가스,2026년 신입사원 채용(학사이상),big_business,https://scg.recruiter.co.kr/career/career,2025-12-23T10:00:00.000+09:00,2026-01-01T23:59:00.000+09:00,0,0,False,False,34274,1328,1180,749,6487,12876,2,안전관리 및 기술영업 | 관리 및 기획/지원 업무,https://daoift3qrrnil.cloudfront.net/company_groups/images/000/006/487/webp/jss_hashed_b7803ea74cc83fe8d570_20251216T105425_%EC%84%9C%EC%9A%B8%EB%8F%84%EC%8B%9C%EA%B0%80%EC%8A%A4%EC%A3%BC%EC%8B%9D%ED%9A%8C%EC%82%AC_%281%29.webp?1765850065,1,https://daoift3qrrnil.cloudfront.net/content_images/images/000/336/038/webp/2026%EB%85%84_%EC%8B%A0%EC%9E%85%EC%82%AC%EC%9B%90_%EC%B1%84%EC%9A%A9%EA%B3%B5%EA%B3%A0%EB%AC%B8_%28%EA%B4%80%EB%A6%AC%EC%A7%81%EA%B5%B0%29_%283%29.webp?1766450193,,2025-12-22T15:35:38.000+09:00,2025-12-23T10:00:17.000+09:00,2026-08-31
101718,https://jasoseol.com/recruit/101718,드림라인,해저케이블 ICT 엔지니어링 신입 (Backhaul),big_business,https://www.saramin.co.kr/zf_user/jobs/view?rec_idx=52639995&view_type=etc&ref=recruit_manage,2025-12-24T10:37:00.000+09:00,2026-01-21T23:59:00.000+09:00,0,4,False,False,7024,82,219,21,2937,8192,1,ICT엔지니어링,https://daoift3qrrnil.cloudfront.net/company_groups/images/000/002/937/webp/%EB%93%9C%EB%A6%BC%EB%9D%BC%EC%9D%B8_CI_%28%EB%B0%94%ED%83%95%ED%88%AC%EB%AA%85_%EA%B2%80%EC%9D%80%EC%83%89%EA%B8%80%EC%94%A8%29.webp?1684486060,2,https://daoift3qrrnil.cloudfront.net/content_images/images/000/336/212/webp/%E2%98%85%EC%9E%90%EC%86%8C%EC%84%A4%EB%8B%B7%EC%BB%B4_%EC%95%9E%EB%A9%B4%28%EA%B8%B0%EC%88%A0-%EC%8B%A0%EC%9E%85%29.webp?1766540657 | https://daoift3qrrnil.cloudfront.net/content_images/images/000/336/213/webp/%E2%98%85%EC%9E%90%EC%86%8C%EC%84%A4%EB%8B%B7%EC%BB%B4_%EB%92%B7%EB%A9%B4.webp?1766540663,,2025-12-24T10:53:13.000+09:00,2025-12-24T10:54:39.000+09:00,2026-08-31
101721,https://jasoseol.com/recruit/101721,드림라인,경영기획업무 신입,big_business,https://www.saramin.co.kr/zf_user/jobs/view?rec_idx=52640093&view_type=etc&ref=recruit_manage,2025-12-24T10:47:00.000+09:00,2026-01-21T23:59:00.000+09:00,0,4,False,False,4781,190,147,61,2937,8192,1,경영기획,https://daoift3qrrnil.cloudfront.net/company_groups/images/000/002/937/webp/%EB%93%9C%EB%A6%BC%EB%9D%BC%EC%9D%B8_CI_%28%EB%B0%94%ED%83%95%ED%88%AC%EB%AA%85_%EA%B2%80%EC%9D%80%EC%83%89%EA%B8%80%EC%94%A8%29.webp?1684486060,2,https://daoift3qrrnil.cloudfront.net/content_images/images/000/336/217/webp/%E2%98%85%EC%9E%90%EC%86%8C%EC%84%A4%EB%8B%B7%EC%BB%B4_%EC%95%9E%EB%A9%B4%28%EA%B8%B0%ED%9A%8D-%EC%8B%A0%EC%9E%85%29.webp?1766541039 | https://daoift3qrrnil.cloudfront.net/content_images/images/000/336/218/webp/%E2%98%85%EC%9E%90%EC%86%8C%EC%84%A4%EB%8B%B7%EC%BB%B4_%EB%92%B7%EB%A9%B4.webp?1766541042,,2025-12-24T10:55:50.000+09:00,2025-12-24T10:56:43.000+09:00,2026-08-31
101738,https://jasoseol.com/recruit/101738,KCC실리콘,물류부문 신입사원 채용,big_business,https://recruit.kccworld.co.kr/recruit/recruitMain.do?SiteType=C,2025-12-24T15:50:00.000+09:00,2026-01-01T23:59:00.000+09:00,0,4,False,False,9794,124,136,55,12220,16073,1,물류,https://daoift3qrrnil.cloudfront.net/company_groups/images/000/012/220/webp/kcc%EC%8B%A4%EB%A6%AC%EC%BD%98_ci.webp?1684488257,1,https://daoift3qrrnil.cloudfront.net/content_images/images/000/336/277/webp/%EA%B3%B5%EA%B3%A0.webp?1766559191,,2025-12-24T15:56:42.000+09:00,2025-12-24T15:57:03.000+09:00,2026-08-31
101748,https://jasoseol.com/recruit/101748,유한킴벌리,2026년 상반기 신입 및 경력사원 채용,big_business,https://recruit.incruit.com/yuhankimberly/job/,2026-01-19T00:00:00.000+09:00,2026-02-03T18:00:00.000+09:00,0,0,False,False,138276,1530,2036,1021,765,4656,12,B2B 마케팅 | 서초연구소 Data Scientist  | 고객사업부문 플랫폼 마케팅(D2C) | IT Business Analyst - 프로젝트 기반 기간제 | 가정용품(티슈) 마케팅 | SCM혁신 Production Planner | [대전사업장] 제조생산 Safety Engineer | SCM 혁신 Logistics planner | B2B 이커머스 트레이드 마케팅 매니저 | [김천사업장]재무부문 원가기획 담당(Cost Analyst) | 고객사업부문 채널영업 | [대전사업장] 품질 엔지니어,https://daoift3qrrnil.cloudfront.net/company_groups/images/000/000/765/webp/jss_hashed_75ac98544260c98ffa8e_20260402T173732_%EC%9C%A0%ED%95%9C%ED%82%B4%EB%B2%8C%EB%A6%AC_0002873578_186x72.webp?1775119052,1,https://daoift3qrrnil.cloudfront.net/content_images/images/000/339/083/webp/%EC%9C%A0%ED%95%9C%ED%82%B4%EB%B2%8C%EB%A6%AC_%EA%B3%B5%EA%B3%A0%EB%AC%B80121.webp?1768961464,,2025-12-26T10:26:02.000+09:00,2025-12-26T10:32:17.000+09:00,2026-08-31
101762,https://jasoseol.com/recruit/101762,키움캐피탈,2026년 상반기 신입사원 공개채용,big_business,https://kiwoomcapital.applyin.co.kr/jobs/20588,2025-12-29T12:48:00.000+09:00,2026-01-11T23:59:00.000+09:00,0,4,False,False,47875,1981,2619,1316,8011,14431,5,기업금융 | 투자금융 | 리테일금융 | IT | 정보보안,https://daoift3qrrnil.cloudfront.net/company_groups/images/000/008/011/webp/%ED%82%A4%EC%9B%80%EC%BA%90%ED%94%BC%ED%83%88_%EB%A1%9C%EA%B3%A0%28%EA%B5%AD%EB%AC%B8%29.webp?1684487770,1,https://daoift3qrrnil.cloudfront.net/content_images/images/000/336/486/webp/%EC%B1%84%EC%9A%A9%EA%B3%B5%EA%B3%A0_%EC%9D%B4%EB%AF%B8%EC%A7%80_%EC%82%AC%EB%9E%8C%EC%9D%B8.webp?1766983978,,2025-12-29T13:12:09.000+09:00,2025-12-29T13:13:07.000+09:00,2026-08-31
101789,https://jasoseol.com/recruit/101789,유진투자선물,해외선물 백오피스 신입/경력 채용,big_business,https://eugene.recruiter.co.kr/app/jobnotice/view?systemKindCode=MRS2&jobnoticeSn=238453,2025-12-30T08:00:00.000+09:00,2026-01-11T23:59:00.000+09:00,0,0,False,False,7286,178,136,74,4155,10492,2,신입-해외선물 백오피스 | 경력-해외선물 백오피스,https://daoift3qrrnil.cloudfront.net/company_groups/images/000/004/155/webp/813161_20160620130424_425_0001.webp?1684486545,1,https://eugene.recruiter.co.kr/upload/331673/image/202512/e44deba3-201d-4078-b88e-7fedb58a7649.jpg,,2025-12-30T16:22:41.000+09:00,2025-12-30T16:23:33.000+09:00,2026-08-31
101791,https://jasoseol.com/recruit/101791,선진,2026년 1분기 신입·경력 채용,big_business,https://recruit-sj.com/?utm_source=jasoseol&utm_medium=ad&utm_campaign=202601,2025-12-31T00:00:00.000+09:00,2026-01-13T23:59:00.000+09:00,0,4,False,False,106236,1206,1080,672,1113,5004,19,식육영업 | 식육 마케팅 | 육가공 급식영업 | 육가공 식품영업(캐터링) | 육가공 식품영업(식재) | 육가공 품질관리 | 육가공 공무기획 | 식육 경영관리 | 육가공 인사/안전관리 | 기획 | 회계/세무 | 세티 경영관리 | 채권/리스크관리 | 내부회계 | 법무 | 육가공 냉장R&D | 품질위생 안전담당(Auditor) | ERP운영 | 세티 설계,https://daoift3qrrnil.cloudfront.net/company_groups/images/000/001/113/webp/%EC%84%A0%EC%A7%84CI_%EC%9B%8C%EB%93%9C%EB%A7%88%ED%81%AC.webp?1684485334,2,https://daoift3qrrnil.cloudfront.net/content_images/images/000/337/541/webp/%EB%8C%80%EC%A7%80_1.webp?1767856934 | https://daoift3qrrnil.cloudfront.net/content_images/images/000/337/523/webp/%E1%84%89%E1%85%A6%E1%84%8C%E1%85%A9%E1%86%BC%E1%84%83%E1%85%A2%E1%84%92%E1%85%A1%E1%86%A8%E1%84%80%E1%85%AD_%E1%84%8E%E1%85%A2%E1%84%8B%E1%85%AD%E1%86%BC%E1%84%80%E1%85%A9%E1%86%BC%E1%84%80%E1%85%A9%E1%84%92%E1%85%A1%E1%84%83%E1%85%A1%E1%86%AB%E1%84%87%E1%85%A2%E1%84%82%E1%85%A5.webp?1767854189,,2025-12-30T16:48:42.000+09:00,2025-12-30T16:48:42.000+09:00,2026-08-31
101805,https://jasoseol.com/recruit/101805,KCC실리콘,영업부문 신입사원 채용,big_business,https://recruit.kccworld.co.kr/recruit/recruitMain.do?SiteType=C,2025-12-31T16:49:00.000+09:00,2026-01-08T23:59:00.000+09:00,0,4,False,False,8368,149,167,80,12220,16073,1,영업,https://daoift3qrrnil.cloudfront.net/company_groups/images/000/012/220/webp/kcc%EC%8B%A4%EB%A6%AC%EC%BD%98_ci.webp?1684488257,1,https://daoift3qrrnil.cloudfront.net/content_images/images/000/336/758/webp/%EA%B3%B5%EA%B3%A0.webp?1767168134,,2026-01-02T08:45:39.000+09:00,2026-01-02T08:46:13.000+09:00,2026-08-31
101820,https://jasoseol.com/recruit/101820,유니드,2026년 상반기 수시채용,big_business,https://job.incruit.com/jobdb_info/jobpost.asp?job=2601020000773,2026-01-05T09:30:00.000+09:00,2026-01-14T23:59:00.000+09:00,0,0,False,False,44335,1138,1076,665,687,4578,7,전산 | 구매 | 인사 | 사업개발 | 해외영업 | 물류 | 품질관리,https://daoift3qrrnil.cloudfront.net/company_groups/images/000/000/687/webp/%EC%9C%A0%EB%8B%88%EB%93%9C_%EB%A1%9C%EA%B3%A0.webp?1684485239,1,https://daoift3qrrnil.cloudfront.net/content_images/images/000/336/827/webp/image.webp?1767337759,,2026-01-02T16:09:21.000+09:00,2026-01-02T16:09:00.000+09:00,2026-08-31
101837,https://jasoseol.com/recruit/101837,NHN,IR,big_business,https://careers.nhn.com/recruits/4238673538058753689,2026-01-05T15:44:00.000+09:00,2026-01-14T10:22:41.000+09:00,1,4,False,False,4989,108,107,25,154,4045,1,IR,https://daoift3qrrnil.cloudfront.net/company_groups/images/000/000/154/webp/jss_hashed_19a2587bbf9a37b6c377_20251230T140207_NHN_Cloud_Logo.webp?1787812699,1,https://daoift3qrrnil.cloudfront.net/business_employment_companies/images/000/050/149/original/jss_hashed_c00d05e0350493b90aa3_20260105T160306_CI_%ED%94%84%EB%A1%9C%ED%95%84_%EC%9D%B4%EB%AF%B8%EC%A7%80.png?1767862990,,2026-01-05T16:03:06.000+09:00,2026-01-05T16:03:32.000+09:00,2026-08-31
101857,https://jasoseol.com/recruit/101857,롯데글로벌로지스,각 분야 신입 채용 (JA Grade),big_business,https://www.lotteglogis.com/home/company/recruit/notice/view?key=2026A0001&page=1,2026-01-05T13:19:00.000+09:00,2026-01-14T23:59:00.000+09:00,0,4,False,False,18267,540,479,245,912,4803,2,HR팀 | 안성쿠팡2센터,https://daoift3qrrnil.cloudfront.net/company_groups/images/000/000/912/webp/%EB%A1%AF%EB%8D%B0%EA%B8%80%EB%A1%9C%EB%B2%8C%EB%A1%9C%EC%A7%80%EC%8A%A4CI_%EA%B5%AD%EB%AC%B8.webp?1698903787,1,https://daoift3qrrnil.cloudfront.net/business_employment_companies/images/000/050/169/original/jss_hashed_11baaba33eab38f29847_20260106T103910_%EB%A1%AF%EB%8D%B0%EA%B8%80%EB%A1%9C%EB%B2%8C%EB%A1%9C%EC%A7%80%EC%8A%A4CI_%EA%B5%AD%EB%AC%B8.jpg?1767664064,,2026-01-06T10:39:10.000+09:00,2026-01-06T10:39:55.000+09:00,2026-08-31
101884,https://jasoseol.com/recruit/101884,김앤장 법률사무소,송무 및 상업등기 스탭(신입) 채용,big_business,https://careers.kimchang.com/ko/guide/index.kc?category=H,2026-01-07T10:43:00.000+09:00,2026-01-19T23:59:00.000+09:00,0,4,False,False,9918,230,107,49,1542,5433,2,송무 스탭 | 상업 등기 스탭,https://daoift3qrrnil.cloudfront.net/company_groups/images/000/001/542/webp/%E1%84%80%E1%85%B5%E1%86%B7%E1%84%8B%E1%85%A2%E1%86%AB%E1%84%8C%E1%85%A1%E1%86%BC.webp?1684485507,2,https://daoift3qrrnil.cloudfront.net/content_images/images/000/337/301/webp/%EC%86%A1%EB%AC%B4_%EC%83%81%EC%97%85%EB%93%B1%EA%B8%B0_%EA%B3%B5%EA%B3%A0_260119.webp?1767750382 | https://daoift3qrrnil.cloudfront.net/content_images/images/000/337/523/webp/%E1%84%89%E1%85%A6%E1%84%8C%E1%85%A9%E1%86%BC%E1%84%83%E1%85%A2%E1%84%92%E1%85%A1%E1%86%A8%E1%84%80%E1%85%AD_%E1%84%8E%E1%85%A2%E1%84%8B%E1%85%AD%E1%86%BC%E1%84%80%E1%85%A9%E1%86%BC%E1%84%80%E1%85%A9%E1%84%92%E1%85%A1%E1%84%83%E1%85%A1%E1%86%AB%E1%84%87%E1%85%A2%E1%84%82%E1%85%A5.webp?1767854189,,2026-01-07T10:49:32.000+09:00,2026-01-07T10:49:48.000+09:00,2026-08-31
101909,https://jasoseol.com/recruit/101909,코스포영남파워,2026년 1차 신규직원(신입_대졸수준)공개채용,big_business,https://job.incruit.com/jobdb_info/jobpost.asp?job=2601070002443,2026-01-08T10:00:00.000+09:00,2026-01-21T18:00:00.000+09:00,0,4,False,False,8825,117,132,61,13628,16995,1,기계,https://daoift3qrrnil.cloudfront.net/company_groups/images/000/013/628/webp/%EC%BD%94%EC%8A%A4%ED%8F%AC%EC%98%81%EB%82%A8%ED%8C%8C%EC%9B%8C%28%EC%A3%BC%29_1667998947_185x72.webp?1684488529,1,https://daoift3qrrnil.cloudfront.net/content_images/images/000/337/436/webp/%ED%8F%AC%EC%8A%A4%EC%BD%94%EC%98%81%EB%82%A8%ED%8C%8C%EC%9B%8C.webp?1767834260,,2026-01-08T11:06:12.000+09:00,2026-01-08T11:07:28.000+09:00,2026-08-31
101910,https://jasoseol.com/recruit/101910,SK키파운드리,상반기 전임직 신입/기술사무직 경력 채용,big_business,https://www.skcareers.com/Recruit,2026-01-08T00:00:00.000+09:00,2026-01-18T23:59:00.000+09:00,0,0,False,False,85466,284,352,176,13028,16304,4,제조 Operator | 제조 Operator (보훈제한경쟁) | 공정기술 (Cleaning) | YE (수율개선),https://daoift3qrrnil.cloudfront.net/company_groups/images/000/013/028/webp/SK-keyfoundry_%EC%BB%A4%EB%AE%A4%EB%8B%88%EC%BC%80%EC%9D%B4%EC%85%98%EB%AA%85_%EA%B5%AD%EB%AC%B8_RGB.webp?1704431073,2,https://daoift3qrrnil.cloudfront.net/content_images/images/000/337/466/webp/image.webp?1767839300 | https://daoift3qrrnil.cloudfront.net/content_images/images/000/337/523/webp/%E1%84%89%E1%85%A6%E1%84%8C%E1%85%A9%E1%86%BC%E1%84%83%E1%85%A2%E1%84%92%E1%85%A1%E1%86%A8%E1%84%80%E1%85%AD_%E1%84%8E%E1%85%A2%E1%84%8B%E1%85%AD%E1%86%BC%E1%84%80%E1%85%A9%E1%86%BC%E1%84%80%E1%85%A9%E1%84%92%E1%85%A1%E1%84%83%E1%85%A1%E1%86%AB%E1%84%87%E1%85%A2%E1%84%82%E1%85%A5.webp?1767854189,,2026-01-08T11:28:22.000+09:00,2026-01-08T11:28:22.000+09:00,2026-08-31
101916,https://jasoseol.com/recruit/101916,여주에너지서비스,경력/신입사원 채용,big_business,https://www.skcareers.com/Recruit/Index?searchText=%EC%97%AC%EC%A3%BC%EC%97%90%EB%84%88%EC%A7%80%EC%84%9C%EB%B9%84%EC%8A%A4,2026-01-08T00:00:00.000+09:00,2026-01-21T23:59:00.000+09:00,0,0,False,False,73029,430,279,218,10233,19506,4,발전소 기술공무 | 안전/보건관리 | 환경관리 | 재무관리,https://daoift3qrrnil.cloudfront.net/company_groups/images/000/010/233/webp/jss_hashed_623e2fd9d3ea2f2f820a_20260115T114342_ci_cont02_img01.webp?1768445022,1,https://daoift3qrrnil.cloudfront.net/content_images/images/000/337/534/webp/image.webp?1767855710,,2026-01-08T16:01:52.000+09:00,2026-01-08T16:01:52.000+09:00,2026-08-31
101942,https://jasoseol.com/recruit/101942,앰코테크놀로지코리아,2026년 신입/경력사원 공채,big_business,https://amkor.recruiter.co.kr/career/career,2026-01-08T00:00:00.000+09:00,2026-01-18T23:59:00.000+09:00,0,0,False,False,115874,2144,4054,1752,4293,10630,27,Assembly / Bump Engineer  | Test Engineer | Test Development Engineer  | Test IT Engineer  | Quality Engineer  | Application 개발 | 공장자동화 S/W 개발  | 생산/고객관리  | 생산기획 (Industrial Engineering) | 인사  | 교육 | 총무 | 공장자동화 H/W 개발  | RF Module 개발 | 제품개발 | Assembly / Bump Engineer  | Test Engineer  | Test Development Engineer  | 생산/고객관리  | 생산기획 (Industrial Engineering)  | 총무  | 공장자동화 H/W 개발  | 소방 (위험물)  | 소방 (운영관리) | 안전관리  | 환경 운영  | 공사현장 안전관리 ,https://daoift3qrrnil.cloudfront.net/company_groups/images/000/004/293/webp/315_222.webp?1684486597,1,https://daoift3qrrnil.cloudfront.net/content_images/images/000/337/916/webp/2026_%EC%83%81%EB%B0%98%EA%B8%B0_%EC%8B%A0%EC%9E%85%EA%B2%BD%EB%A0%A5_%EA%B3%B5%EC%B1%84_%EA%B3%B5%EA%B3%A0%EB%AC%B8_%28%EC%9A%94%EC%95%BD%29_%28updated%29.webp?1768190567,,2026-01-09T13:08:50.000+09:00,2026-01-09T13:08:51.000+09:00,2026-08-31
101949,https://jasoseol.com/recruit/101949,바이엘코리아,Quality Control Analyst (대전공장 정규직),big_business,https://bayer.saramin.co.kr/apply_site/recruit/view,2026-01-09T00:00:00.000+09:00,2026-01-22T23:59:00.000+09:00,0,4,False,False,7785,137,189,62,5392,11779,1,Quality Control Analyst,https://daoift3qrrnil.cloudfront.net/company_groups/images/000/005/392/webp/250_250.webp?1684486963,1,https://daoift3qrrnil.cloudfront.net/content_images/images/000/337/732/webp/_%EB%B0%94%EC%9D%B4%EC%97%98_%ED%81%AC%EB%A1%AD%EC%82%AC%EC%9D%B4%EC%96%B8%EC%8A%A4__Quality_Control_Analyst_%28%EB%8C%80%EC%A0%84%EA%B3%B5%EC%9E%A5_%EC%A0%95%EA%B7%9C%EC%A7%81%29.webp?1767938977,,2026-01-09T15:12:49.000+09:00,2026-01-09T15:15:23.000+09:00,2026-08-31
101951,https://jasoseol.com/recruit/101951,KCC실리콘,환경/사무지원 부문,big_business,https://recruit.kccworld.co.kr/recruit/recruitMain.do?SiteType=C,2026-01-09T15:56:00.000+09:00,2026-01-15T23:59:00.000+09:00,0,4,False,False,11699,94,155,55,12220,16073,2,환경 | 사무지원,https://daoift3qrrnil.cloudfront.net/company_groups/images/000/012/220/webp/kcc%EC%8B%A4%EB%A6%AC%EC%BD%98_ci.webp?1684488257,1,https://daoift3qrrnil.cloudfront.net/content_images/images/000/337/743/webp/%EA%B3%B5%EA%B3%A0.webp?1767942257,,2026-01-09T16:06:10.000+09:00,2026-01-09T16:06:49.000+09:00,2026-08-31
101983,https://jasoseol.com/recruit/101983,파주에너지서비스,2026년 신입구성원(안전관리) 영입,big_business,https://www.skcareers.com/Recruit/Detail/R260085,2026-01-13T00:00:00.000+09:00,2026-01-26T23:59:00.000+09:00,0,0,False,False,80756,447,430,273,6481,12870,1,안전보건 관리,https://daoift3qrrnil.cloudfront.net/company_groups/images/000/006/481/webp/ci_cont02_img01.webp?1684487338,1,https://daoift3qrrnil.cloudfront.net/content_images/images/000/337/990/webp/image.webp?1768267136,,2026-01-13T10:18:58.000+09:00,2026-01-13T10:18:58.000+09:00,2026-08-31
101984,https://jasoseol.com/recruit/101984,현대비앤지스틸,대졸신입사원 및 채용형 인턴 채용(회계/경영지원),big_business,https://hyundai-bngsteel.applyin.co.kr/,2026-01-08T00:00:00.000+09:00,2026-01-17T23:00:00.000+09:00,0,0,False,False,28789,588,394,234,1407,20901,2,회계 | 경영지원,https://daoift3qrrnil.cloudfront.net/company_groups/images/000/001/407/webp/BNGSteel20CI.webp?1699333611,1,https://daoift3qrrnil.cloudfront.net/content_images/images/000/338/009/webp/image.webp?1768271719,,2026-01-13T11:35:21.000+09:00,2026-01-13T11:35:21.000+09:00,2026-08-31
102030,https://jasoseol.com/recruit/102030,GS네오텍,2026년 상반기 경력.신입사원 채용,big_business,https://www.gsneotek.com/job_openings/?q=YToxOntzOjEyOiJrZXl3b3JkX3R5cGUiO3M6MzoiYWxsIjt9&bmode=view&idx=169495747&t=board,2026-01-14T00:00:00.000+09:00,2026-01-28T23:59:00.000+09:00,0,4,False,False,34441,851,1258,633,1771,5662,22,[Cloud] Datadog Engineer | [Cloud] Solutions Architect (Data Engineer) | [Cloud] Solutions Architect (GCP) | [Cloud] Cloud 보안 | [CDN] CDN 운영 | [보안] 침해분석 보안운영 | [Contact Center PM] Project Manager | [Contact Center] S/W개발 (Zendesk App) | [Contact Center] Zendesk Engineer | [Contact Center] Technical Architect | [Contact Center] 모바일 통화관리 시스템 개발 | [Cloud&CDN] 기술영업 | [Contact Center 영업] 기술영업 | [IT사업전략기획] 상품/사업전략기획 | [IT수행부문] 기술기획 | [Cloud] Datadog Engineer | [Cloud] Solutions Architect | [CDN] CDN 운영 | [Contact Center] Zendesk Engineer | [IT사업전략기획] 사업전략/HR기획 | [IT수행부문] 기술기획 | [Cloud 빌링] Billing Data Operation,https://daoift3qrrnil.cloudfront.net/company_groups/images/000/001/771/webp/943577_20170413145028_596_0001.webp?1684485593,1,https://cdn.imweb.me/upload/S20240126764bb17793a56/ef177b32e3b88.png,,2026-01-15T13:07:01.000+09:00,2026-01-15T13:15:29.000+09:00,2026-08-31
102070,https://jasoseol.com/recruit/102070,하나생명보험,2026년 신입사원 채용,big_business,https://hanalife.careerlink.kr/jobs/RC20260116023327,2026-01-16T18:00:00.000+09:00,2026-01-25T23:59:00.000+09:00,0,0,False,False,29081,1201,1109,671,7237,13646,3,영업 | 고객서비스 | 자산운용,https://daoift3qrrnil.cloudfront.net/company_groups/images/000/007/237/webp/%ED%95%98%EB%82%98%EC%83%9D%EB%AA%85_%EB%A1%9C%EA%B3%A0.webp?1684487595,1,https://daoift3qrrnil.cloudfront.net/content_images/images/000/338/853/webp/20260116_2026%EB%85%84_%EC%8B%A0%EC%9E%85%EC%82%AC%EC%9B%90_%EC%B1%84%EC%9A%A9_%EA%B3%B5%EA%B3%A0_0120.webp?1768871925,,2026-01-16T18:01:55.000+09:00,2026-01-16T18:06:46.000+09:00,2026-08-31
102105,https://jasoseol.com/recruit/102105,KT,2026년도 가을학기 AI석사과정 신입생 모집,big_business,https://recruit.kt.com/careers/240685,2026-01-20T16:00:00.000+09:00,2026-02-12T16:00:00.000+09:00,0,0,False,False,134774,360,459,140,1878,5769,2,코어 AI 연구개발 | 응용/서비스 AI 연구개발,https://daoift3qrrnil.cloudfront.net/company_groups/images/000/001/878/webp/KT%EB%A1%9C%EA%B3%A0_%281%29.webp?1684485639,1,https://daoift3qrrnil.cloudfront.net/content_images/images/000/338/892/webp/webflyer_720px_v5.webp?1768876534,,2026-01-20T09:49:05.000+09:00,2026-01-20T09:49:05.000+09:00,2026-08-31
102126,https://jasoseol.com/recruit/102126,행복나래,각 부문별 신입/경력사원 채용,big_business,https://happynarae.saramin.co.kr/main/index,2026-01-21T00:00:00.000+09:00,2026-01-27T23:59:00.000+09:00,0,0,False,False,49643,742,584,326,2669,6969,9,구매영업 | 통합구매 | 반도체 구매 | SE 상품유통 | 구매영업 | 건설영업 | 반도체 구매 | RPA 개발 및 운영 | 액셀러레이팅,https://daoift3qrrnil.cloudfront.net/company_groups/images/000/002/669/webp/happynarae.webp?1684485962,1,https://daoift3qrrnil.cloudfront.net/content_images/images/000/339/132/webp/%ED%96%89%EB%B3%B5%EB%82%98%EB%9E%98_20260121.webp?1768985118,,2026-01-20T16:56:17.000+09:00,2026-01-20T16:56:19.000+09:00,2026-08-31
102144,https://jasoseol.com/recruit/102144,드림라인,커머스영업 신입사원 모집,big_business,https://www.saramin.co.kr/zf_user/jobs/view?rec_idx=52744911&view_type=etc&ref=recruit_manage,2026-01-21T09:51:00.000+09:00,2026-02-04T23:59:00.000+09:00,0,4,False,False,3350,51,77,20,2937,8192,1,커머스영업,https://daoift3qrrnil.cloudfront.net/company_groups/images/000/002/937/webp/%EB%93%9C%EB%A6%BC%EB%9D%BC%EC%9D%B8_CI_%28%EB%B0%94%ED%83%95%ED%88%AC%EB%AA%85_%EA%B2%80%EC%9D%80%EC%83%89%EA%B8%80%EC%94%A8%29.webp?1684486060,2,https://daoift3qrrnil.cloudfront.net/content_images/images/000/339/790/webp/%E2%98%85%EC%9E%90%EC%86%8C%EC%84%A4%EB%8B%B7%EC%BB%B4_%EC%95%9E%EB%A9%B4%28%EC%8B%A0%EC%9E%85%29_%EC%88%98%EC%A0%95.webp?1769567587 | https://daoift3qrrnil.cloudfront.net/content_images/images/000/339/791/webp/%E2%98%85%EC%9E%90%EC%86%8C%EC%84%A4%EB%8B%B7%EC%BB%B4_%EB%92%B7%EB%A9%B4.webp?1769567589,,2026-01-21T09:58:16.000+09:00,2026-01-21T09:59:23.000+09:00,2026-08-31
102176,https://jasoseol.com/recruit/102176,다우기술,신입사원 대규모 인재영입,big_business,https://recruit.daou.co.kr/,2026-01-23T00:00:00.000+09:00,2026-02-02T18:00:00.000+09:00,0,0,False,False,70595,1086,1514,731,730,4621,2,금융/증권 IT 개발 | 모바일쿠폰 영업,https://daoift3qrrnil.cloudfront.net/company_groups/images/000/000/730/webp/CI_Manual_01.webp?1684485251,1,https://daoift3qrrnil.cloudfront.net/content_images/images/000/339/196/webp/image.webp?1769056457,,2026-01-22T13:34:24.000+09:00,2026-01-22T13:34:24.000+09:00,2026-08-31
102186,https://jasoseol.com/recruit/102186,디와이,수시채용 신입·경력 사원 모집,big_business,https://dy.recruiter.co.kr/career/home,2026-01-23T00:00:00.000+09:00,2026-02-02T23:59:00.000+09:00,0,0,False,False,65546,236,214,79,2990,8444,6,[DY]공시 | [DY]IR 및 지배구조 | [DY INNOVATE]특장 해외 CS | [DY INNOVATE]EV 해외 (일본) CS | [DY INNOVATE]EV 자율주행 설계 | [DY INNOVATE]세차기 제어 설계,https://daoift3qrrnil.cloudfront.net/company_groups/images/000/002/990/webp/DY_Basic_HA.webp?1684486078,1,https://daoift3qrrnil.cloudfront.net/content_images/images/000/339/687/webp/%EB%94%94%EC%99%80%EC%9D%B4%EA%B7%B8%EB%A3%B9_%EA%B3%B5%EA%B3%A0_%281%29.webp?1769490667,,2026-01-22T18:21:59.000+09:00,2026-01-22T18:22:00.000+09:00,2026-08-31
102200,https://jasoseol.com/recruit/102200,티머니,2026년 신입사원 모집,big_business,https://tmoney.recruiter.co.kr/career/Posting,2026-01-27T10:00:00.000+09:00,2026-02-04T17:00:00.000+09:00,0,0,False,False,64878,1618,1292,917,7855,14272,4,카드사업팀 | IT보안/기획팀 | 태그리스 솔루션팀 | 정산운영팀 (보훈대상자 전용),https://daoift3qrrnil.cloudfront.net/company_groups/images/000/007/855/webp/%ED%8B%B0%EB%A8%B8%EB%8B%88_%EB%A1%9C%EA%B3%A0.webp?1684487736,4,https://daoift3qrrnil.cloudfront.net/content_images/images/000/339/364/webp/image.webp?1769152538 | https://daoift3qrrnil.cloudfront.net/content_images/images/000/339/365/webp/image.webp?1769152543 | https://daoift3qrrnil.cloudfront.net/content_images/images/000/339/366/webp/image.webp?1769152545 | https://daoift3qrrnil.cloudfront.net/content_images/images/000/339/367/webp/image.webp?1769152548,,2026-01-23T16:15:50.000+09:00,2026-01-23T16:15:50.000+09:00,2026-08-31
102218,https://jasoseol.com/recruit/102218,현대글로비스,2026 상반기 글로벌물류운영 신입채용,big_business,https://glovis.recruiter.co.kr/career/apply,2026-01-26T11:00:00.000+09:00,2026-02-02T23:59:00.000+09:00,0,4,False,False,38059,1327,988,817,47,3938,1,글로벌물류운영,https://daoift3qrrnil.cloudfront.net/company_groups/images/000/000/047/webp/open-uri20220427-31325-10a3f3.webp?1684484620,1,https://daoift3qrrnil.cloudfront.net/content_images/images/000/339/587/webp/%ED%98%84%EB%8C%80%EA%B8%80%EB%A1%9C%EB%B9%84%EC%8A%A4_26%EC%83%81_%EA%B8%80%EB%A1%9C%EB%B2%8C%EB%AC%BC%EB%A5%98%EC%9A%B4%EC%98%81_%EC%8B%A0%EC%9E%85%EC%B1%84%EC%9A%A9_%EC%B5%9C%EC%A2%85%EB%B3%B8.webp?1769434154,,2026-01-26T10:44:44.000+09:00,2026-01-26T11:00:03.000+09:00,2026-08-31
102235,https://jasoseol.com/recruit/102235,애경케미칼,각 부문 신입 및 경력 채용,big_business,https://aekyungchemical.applyin.co.kr/jobs/,2026-01-26T17:00:00.000+09:00,2026-02-05T23:59:00.000+09:00,0,0,False,False,33419,473,431,233,219,4110,9,전기/계장 | 조직문화 | 구매 | 화장품 원료평가/제형개발 | 기술영업 | 분석연구 | 환경관리 | 무역사무 | 품질검사,https://daoift3qrrnil.cloudfront.net/company_groups/images/000/000/219/webp/%EC%95%A0%EA%B2%BD%EC%BC%80%EB%AF%B8%EC%B9%BCCI.webp?1698910555,1,https://daoift3qrrnil.cloudfront.net/content_images/images/000/339/549/webp/image.webp?1769415665,,2026-01-26T17:21:10.000+09:00,2026-01-26T17:21:11.000+09:00,2026-08-31
102241,https://jasoseol.com/recruit/102241,태광산업,2026년 상반기 경력/신입 수시 채용,big_business,https://taekwang.recruiter.co.kr/career/jobs/96956,2026-01-23T16:00:00.000+09:00,2026-02-08T23:59:00.000+09:00,0,4,False,False,23409,721,523,423,2211,6102,8,해외영업 | 생산관리 | 안전환경 | 공무(기계설비) | 계전(전기설비) | 해외영업 | 생산관리 | 안전환경,https://daoift3qrrnil.cloudfront.net/company_groups/images/000/002/211/webp/%ED%83%9C%EA%B4%91%EA%B7%B8%EB%A3%B9_%EC%98%81%EB%AC%B8ci.webp?1684485776,1,https://daoift3qrrnil.cloudfront.net/content_images/images/000/339/724/webp/%ED%83%9C%EA%B4%91%EC%82%B0%EC%97%85.webp?1769499303,,2026-01-27T08:50:33.000+09:00,2026-01-27T08:56:54.000+09:00,2026-08-31
102263,https://jasoseol.com/recruit/102263,세아제강,2026 신입/경력사원 채용,big_business,https://seahsteel.recruiter.co.kr/career/job?utm_source=jasoseol&utm_medium=banner&utm_campaign=2601seahsteel&utm_content=apply,2026-01-28T00:00:00.000+09:00,2026-02-08T23:59:00.000+09:00,0,0,False,False,72463,2861,2907,2115,793,4684,24,[서울] 원가 | [서울] 구매 | [서울] 정보화관리 | [서울] ESG경영 | [서울] ESG경영 | [서울] 해외영업 | [서울] 해외영업 | [서울] 해외영업(STS) | [서울] 기술영업/마케팅 | [포항] 물류 | [포항] 품질관리 | [포항] 제품개발 | [포항] 설비-기계 | [포항] 설비-기계 | [포항] 설비-전기 | [포항] 설비-전기 | [포항] 인사/노무 | [포항] 인사/노무 | [순천] 생산관리 | [순천] 노무/총무 | [순천] 프로젝트 관리 | [창원] 생산기술 | [군산] 품질관리 | [군산] 품질관리,https://daoift3qrrnil.cloudfront.net/company_groups/images/000/000/793/webp/%EC%84%B8%EC%95%84%EC%A0%9C%EA%B0%95_CI.webp?1739257559,1,https://daoift3qrrnil.cloudfront.net/content_images/images/000/340/280/webp/%EC%84%B8%EC%95%84%EC%A0%9C%EA%B0%95_%EA%B3%B5%EA%B3%A0%EB%AC%B8_8%EC%B0%A8_%EC%B5%9C%EC%A2%85_%281%29.webp?1769993513,,2026-01-27T17:55:37.000+09:00,2026-01-27T17:55:38.000+09:00,2026-08-31
102272,https://jasoseol.com/recruit/102272,GS에너지,2026년 신입/경력 채용,big_business,https://gsenergy.recruiter.co.kr/career/jobs?utm_source=jasoseol&utm_medium=banner&utm_campaign=2601gsenergy&utm_content=mstandard,2026-01-29T09:00:00.000+09:00,2026-02-13T15:00:00.000+09:00,0,0,False,False,149645,1740,1195,898,1152,5043,4,태양광사업 | 자금/회계 | 감사 | SMR사업,https://daoift3qrrnil.cloudfront.net/company_groups/images/000/001/152/webp/data.webp?1684485345,1,https://daoift3qrrnil.cloudfront.net/content_images/images/000/340/467/webp/GS%EC%97%90%EB%84%88%EC%A7%80_%ED%86%B5%ED%95%A9_0127_%281%29.webp?1770084283,,2026-01-28T14:17:47.000+09:00,2026-01-28T14:17:48.000+09:00,2026-08-31
102325,https://jasoseol.com/recruit/102325,KCC실리콘,영업부문 신입사원 채용,big_business,https://recruit.kccworld.co.kr/recruit/recruitMain.do?SiteType=C,2026-01-30T00:00:00.000+09:00,2026-02-08T23:59:00.000+09:00,0,4,False,False,10513,288,284,141,12220,16073,1,영업,https://daoift3qrrnil.cloudfront.net/company_groups/images/000/012/220/webp/kcc%EC%8B%A4%EB%A6%AC%EC%BD%98_ci.webp?1684488257,1,https://daoift3qrrnil.cloudfront.net/content_images/images/000/340/195/webp/Screenshot_2026-01-30_at_17.12.44.webp?1769760997,,2026-01-30T17:19:49.000+09:00,2026-01-30T17:20:58.000+09:00,2026-08-31
102326,https://jasoseol.com/recruit/102326,KT엠모바일,'26년 상반기 공개 채용,big_business,https://recruit.kt.com/careers,2026-02-02T00:00:00.000+09:00,2026-02-18T23:59:00.000+09:00,0,0,False,False,60388,1996,1474,910,8149,14568,8,대외협력·홍보 | 상품·서비스기획 | 전략기획 | 인사기획 | 디지털채널영업 | eSIM로밍사업  | IT개발·운영관리 | 정보보호,https://daoift3qrrnil.cloudfront.net/company_groups/images/000/008/149/webp/kt_M_mobile_%EA%B8%B0%EB%B3%B8%ED%98%95.webp?1693291817,1,https://daoift3qrrnil.cloudfront.net/content_images/images/000/340/537/webp/26%EB%85%84_%EC%83%81%EB%B0%98%EA%B8%B0_%EA%B3%B5%EC%B1%84_%EC%B1%84%EC%9A%A9%EA%B3%B5%EA%B3%A0_Fv3.webp?1770100072,,2026-01-30T17:47:02.000+09:00,2026-01-30T17:47:03.000+09:00,2026-08-31
102335,https://jasoseol.com/recruit/102335,농협경제지주,2026년 농업경제부문 신규직원 채용,big_business,https://nhabgroup.saramin.co.kr/,2026-02-02T00:00:00.000+09:00,2026-02-10T18:00:00.000+09:00,0,0,False,False,103072,2866,5623,2559,2553,6444,3,일반직 - 일반 | 일반직 - 보훈(제한경쟁) | 전산직 - 일반,https://daoift3qrrnil.cloudfront.net/company_groups/images/000/002/553/webp/%EB%86%8D%ED%98%91%EA%B2%BD%EC%A0%9C%EC%A7%80%EC%A3%BC.webp?1684485921,1,https://daoift3qrrnil.cloudfront.net/content_images/images/000/340/319/webp/image.webp?1770006227,,2026-02-02T13:23:53.000+09:00,2026-02-02T13:23:53.000+09:00,2026-08-31
102371,https://jasoseol.com/recruit/102371,KCC,2026년 1분기 부문별 대졸 신입 수시채용,big_business,https://recruit.kccworld.co.kr/recruit/recruitMain?SiteType=A&SEQ=12992,2026-02-04T00:00:00.000+09:00,2026-02-10T23:59:00.000+09:00,0,0,False,False,119054,2785,4850,2208,1328,5219,18,총무 | 회계 | IT | 생산관리 | 제품관리 | 건재 영업/영업관리 | 도료 영업/영업관리 | 도료 기술영업 | 건재 기술영업 | 도료 판촉 | 설계 판촉 | 판매관리 | 컬러개발 | 도료기술 | 소재기술 (석사) | 연구지원 | 기계 | 환경관리,https://daoift3qrrnil.cloudfront.net/company_groups/images/000/001/328/webp/%EB%A1%9C%EA%B3%A0.webp?1684485423,1,https://daoift3qrrnil.cloudfront.net/content_images/images/000/340/587/webp/KCC%EC%88%98%EC%A0%95_20260204.webp?1770165626,,2026-02-03T17:51:54.000+09:00,2026-02-03T17:51:55.000+09:00,2026-08-31
102397,https://jasoseol.com/recruit/102397,효성그룹,2026년 1분기 경력•신입사원 채용,big_business,https://hyosung.recruiter.co.kr/app/jobnotice/view?systemKindCode=MRS2&jobnoticeSn=242984,2026-02-05T00:00:00.000+09:00,2026-02-11T23:59:00.000+09:00,0,0,False,False,158761,4184,6420,3710,1612,5503,106,"[효성티앤씨㈜]미국/유럽 글로벌 브랜드향 소재 마케팅 및 원단 개발 | [효성티앤씨㈜]아시아 지역 Diaper용 스판덱스 해외영업 | [효성티앤씨㈜]PET원사 해외영업(미국,인도) | [효성티앤씨㈜]신규 유럽 Casual 시장 및 명품브랜드 시장 영업 담당 | [효성티앤씨㈜]철강 제품(열연강판) 시장/고객사 개발 및 해외 영업 | [효성티앤씨㈜]철강제품(후판) 시장/고객사 개발 및 해외 영업 | [효성티앤씨㈜]철강제품(도금강판) 시장/고객사 개발 및 해외영업 | [효성티앤씨㈜]철강제품(전기강판) 시장/고객사 개발 및 해외영업 | [효성티앤씨㈜]철강제품(선재) 시장/고객사 개발 및 해외영업 | [효성티앤씨㈜]형강 및 빌렛 등 반제품 해외영업 | [효성티앤씨㈜]북미 지역 및 유럽 지역 B2C 사업 담당(화장품) | [효성티앤씨㈜]글로벌 지역 B2C 사업 담당(화장품) | [효성티앤씨㈜]PTMG 기술지원 및 품질관리 | [효성티앤씨㈜]Nylon/PET 원사 임가공 공정관리 | [효성티앤씨㈜](원단)염색 생산 담당 | [효성티앤씨㈜]글로벌 브랜드 전략 및 커뮤니케이션 담당 | [효성티앤씨㈜]글로벌 브랜드 오퍼레이션 및 커뮤니케이션 담당 | [효성티앤씨㈜]글로벌 브랜드 오퍼레이션 및 커뮤니케이션 담당 | [효성티앤씨㈜]의료/헬스케어 분야 시장조사분석, 사업성 평가 | [효성티앤씨㈜]연결내부회계관리 운영,평가 | [효성티앤씨㈜]인사 전반 운영(발령, 채용, 보상 등) | [효성화학㈜]PET/NY필름 C&C(Claim&Complaint)관리 | [효성화학㈜]필름 해외영업 | [효성화학㈜]광학용 필름 품질관리 | [효성화학㈜]광학용 필름 생산기술 | [효성화학㈜]안전보건관리체계 점검 및 개선 | [효성화학㈜]환경안전보건 관리 | [효성화학㈜]경영관리 및 수익성 검토 | [효성중공업㈜]진단/자산관리/AI 플랫폼 솔루션(기술개발/영업) | [효성중공업㈜]북유럽 해외영업/수행/입찰/관리 및 전략 수립 | [효성중공업㈜]유럽대륙(서/남유럽) 해외영업 | [효성중공업㈜]북미/중남미 해외영업 | [효성중공업㈜]중동 해외영업 | [효성중공업㈜]아프리카 해외영업 | [효성중공업㈜]전동기 해외영업 | [효성중공업㈜]EMS 설치 시험 | [효성중공업㈜]BMS 소프트웨어 개발 | [효성중공업㈜]국내외 현장 관리 및 턴키(Turn-key) 프로젝트 입찰 | [효성중공업㈜]HVDC 제어시스템 설계 | [효성중공업㈜]STATCOM 설계, 모델링, 시뮬레이션 및 계통해석 | [효성중공업㈜]STATCOM 제어시스템 설계 | [효성중공업㈜]STATCOM 컨버터 개발 | [효성중공업㈜]국내외 STATCOM/HVDC프로젝트 입찰 수행 관리 | [효성중공업㈜]초고압변압기 총조립 공정 엔지니어 | [효성중공업㈜]설계 자동화 프로그램 개발 | [효성중공업㈜]일반변압기 구조/전기설계 | [효성중공업㈜]ESS PCS 구조 및 공정개선 | [효성중공업㈜]변압기/차단기 부품 품질 관리/개선 | [효성중공업㈜]차단기 품질관리 및 시험/입회검사 수행 | [효성중공업㈜]회전기 절연시스템 설계/평가 | [효성중공업㈜]사업장 내 변전설비/전기시설물/발전설비 관리 | [효성중공업㈜]Risk Management | [효성중공업㈜]ESG경영•기후변화 대응 | [효성중공업㈜]ESG경영•사회/지배구조 | [효성중공업㈜]파생상품 관리 고도화 | [효성중공업㈜]투자자•애널리스트 대응/공시•이사회•주주총회 지원 | [효성중공업㈜]별도 회계 마감 및 외부 감사 수감 지원 | [효성중공업㈜]중공업 사업전략 수립/관리 | [효성중공업㈜]초고압변압기/차단기 Planner(생산계획관리) | [효성중공업㈜]변압기/차단기 등 전력기자재 용도면 부품 구매 | [효성중공업㈜]행사의전/총무일반/공장관리 | [효성중공업㈜]노무관리/조직문화/고충처리 | [효성중공업㈜]ERP 시스템 운영 및 고도화 | [효성중공업㈜]AI 플랫폼 운영 및 고도화 | [㈜효성]HVDC/MVDC 제어보드 개발 | [㈜효성]EMT 기반 HVDC/MVDC 계통해석 | [㈜효성]HVDC/MVDC 보호로직 설계/구현 | [㈜효성]계통해석 | [㈜효성]고압 전략변환시스템 제어 | [㈜효성]디지털 통신 | [㈜효성]전력변환설계/제어/해석 | [㈜효성]사이버 보안 | [㈜효성]디지털변전소 하드웨어 개발 | [㈜효성]디지털변전소 소프트웨어 개발 | [㈜효성]DC 차단기 개발 | [㈜효성]법인세, 부가세, 원천세 등 세무 업무 | [㈜효성]브랜드기획 및 브랜드 체계 운영 | [㈜효성]총무(자산관리) | [㈜효성]그룹 인공지능(AI) 수행 업무 | [㈜효성]신규사업 조사•분석 | [효성네오켐㈜]산업용 특수가스 기계설비 증설 및 유지보수 | [효성네오켐㈜]산업용 특수가스 소재/기술 개발 | [효성네오켐㈜]산업용 특수가스 생산공정관리 | [효성네오켐㈜]산업용 특수가스 생산설비 기계보전 | [효성굿스프링스㈜]해외 원전 프로젝트 관련 인증 취득 및 품질 시스템 구축 | [효성굿스프링스㈜]원자력 안전등급 펌프 설계 | [효성굿스프링스㈜]내부회계관리 | [효성굿스프링스㈜]해외 LCC 생산 거점 신규 구축 및 신규 사업 발굴 추진 | [효성티앤에스㈜]모바일App 개발 담당 | [효성티앤에스㈜]Windows OS 및 보안 담당 | [효성티앤에스㈜]SW응용개발 담당 | [효성티앤에스㈜]디지털마케팅 담당 | [효성티앤에스㈜]회계/세무, 자금 담당 | [효성티앤에스㈜]관리회계 담당 | [효성티앤에스㈜]ERP 컨설팅 및 개발 운영 담당 | [효성티앤에스㈜]정보보안 담당 | [진흥기업㈜]진행 현장/입찰 추진 프로젝트 실행(설계)검토 | [진흥기업㈜]정비사업 수주 및 관리 총괄(팀장) | [진흥기업㈜]정비사업 영업 및 사업관리 업무 | [진흥기업㈜]본사 건축수행 업무 | [진흥기업㈜]건축현장 시공 담당 | [진흥기업㈜]건축현장 설비 담당 | [진흥기업㈜]건축현장 전기 담당 | [진흥기업㈜]현장 안전 담당 | [진흥기업㈜]토목현장 시공 담당 | [진흥기업㈜]현장 회계 및 자재 등 관리",https://daoift3qrrnil.cloudfront.net/company_groups/images/000/001/612/webp/%ED%9A%A8%EC%84%B1_%EB%89%B4_CI.webp?1684485532,1,https://daoift3qrrnil.cloudfront.net/content_images/images/000/340/721/webp/%EC%9B%B9%EA%B3%B5%EA%B3%A0%EB%AC%B8_V3_%282%29.webp?1770196873,,2026-02-04T17:30:48.000+09:00,2026-02-04T18:01:32.000+09:00,2026-08-31
102440,https://jasoseol.com/recruit/102440,LG유플러스,2026년 2월 신입사원 채용,big_business,https://m.site.naver.com/1RE8L,2026-02-06T18:00:00.000+09:00,2026-02-18T23:00:00.000+09:00,0,0,False,False,74249,1518,1596,918,4683,11066,3,정보보안 기술 | 개인정보 보호 | HRM,https://daoift3qrrnil.cloudfront.net/company_groups/images/000/004/683/webp/%EB%A1%9C%EA%B3%A0_LG%EC%9C%A0%ED%94%8C%EB%9F%AC%EC%8A%A4_CI_png-.webp?1684486721,1,https://daoift3qrrnil.cloudfront.net/content_images/images/000/341/140/webp/LG%EC%9C%A0%ED%94%8C%EB%9F%AC%EC%8A%A4_26_2%EC%9B%94_%EC%8B%A0%EC%9E%85%EC%B1%84%EC%9A%A9_%EA%B3%B5%EA%B3%A0%EB%AC%B8_FFF_%281%29.webp?1770622205,,2026-02-06T17:06:55.000+09:00,2026-02-06T17:06:55.000+09:00,2026-08-31
102473,https://jasoseol.com/recruit/102473,우리자산운용,2026년 상반기 신입사원 공개채용,big_business,https://wooriam.incruit.com/hire/hirelist.asp,2026-02-11T09:00:00.000+09:00,2026-02-21T23:59:00.000+09:00,0,0,False,False,64775,1026,637,480,13241,16559,3,주식운용부문 | 대체투자부문 | 첨단산업투자실,https://daoift3qrrnil.cloudfront.net/company_groups/images/000/013/241/webp/SEO_img_1200X630_02.webp?1699497278,1,https://daoift3qrrnil.cloudfront.net/content_images/images/000/341/339/webp/image.webp?1770708562,,2026-02-10T16:29:25.000+09:00,2026-02-10T16:29:25.000+09:00,2026-08-31
102478,https://jasoseol.com/recruit/102478,테크젠,1/4분기 정기채용,big_business,https://teczen.recruiter.co.kr/career/home,2026-02-11T00:00:00.000+09:00,2026-02-20T23:59:00.000+09:00,0,0,False,False,29400,382,383,234,15465,20019,5,재경 | 환경관리 | 엔진품질  | 인사/노사 | 운영지원,https://daoift3qrrnil.cloudfront.net/company_groups/images/000/015/465/webp/sa9s44_cyjz-g6qzu5_logo.webp?1727666803,1,https://daoift3qrrnil.cloudfront.net/content_images/images/000/341/450/webp/%ED%85%8C%ED%81%AC%EC%A0%A0_%EC%B1%84%EC%9A%A9_%EA%B3%B5%EA%B3%A0_%EC%B5%9C%EC%A2%85_%282%29.webp?1770777654,,2026-02-10T17:37:15.000+09:00,2026-02-10T17:37:15.000+09:00,2026-08-31
102498,https://jasoseol.com/recruit/102498,포천파워,2026년 상반기 기술직 신입사원 채용,big_business,https://recruit.incruit.com/pcpower/job/2602110006,2026-02-11T12:00:00.000+09:00,2026-02-24T23:59:00.000+09:00,0,0,False,False,54316,335,336,170,2106,5997,1,기술직,https://daoift3qrrnil.cloudfront.net/company_groups/images/000/002/106/webp/%ED%8F%AC%EC%B2%9C%ED%8C%8C%EC%9B%8C.webp?1684485732,1,https://daoift3qrrnil.cloudfront.net/content_images/images/000/341/533/webp/260211_%ED%8F%AC%EC%B2%9C%ED%8C%8C%EC%9B%8C_%EA%B3%B5%EA%B3%A0%EB%AC%B8_v3_%282%29.webp?1770795174,,2026-02-11T15:49:37.000+09:00,2026-02-11T15:49:37.000+09:00,2026-08-31
102549,https://jasoseol.com/recruit/102549,어플라이드 머티어리얼즈 코리아,Customer Engineer (장비 엔지니어),big_business,https://appliedkorea.applyin.co.kr/jobs/21110/applications/create,2026-02-19T09:00:00.000+09:00,2026-02-25T13:00:00.000+09:00,0,0,False,False,47936,972,1446,1052,3070,8739,1,Customer Engineer (장비 엔지니어),https://daoift3qrrnil.cloudfront.net/company_groups/images/000/003/070/webp/jss_hashed_9574abdda62ba6b8da29_20251231T110950_APPLIED_Impact_Logo_blue.webp?1767146991,1,https://daoift3qrrnil.cloudfront.net/content_images/images/000/341/940/webp/image.webp?1770956512,,2026-02-13T13:21:57.000+09:00,2026-02-13T13:21:57.000+09:00,2026-08-31
102551,https://jasoseol.com/recruit/102551,AJ네트웍스,수시채용 (신입/경력),big_business,https://ajnet.recruiter.co.kr/career/jobs/100305,2026-02-13T00:00:00.000+09:00,2026-02-22T23:59:00.000+09:00,0,0,False,False,42258,450,398,215,1382,5273,19,영업지원 | 회계 | 법무 | 내부통제 | 운영지원 | 파렛트 회수 | 파렛트 B2B 영업 | 해외영업  | 해외영업 (경력) | 로봇 SI (팀장급) | 로봇 SI | 로봇설치 및 유지보수 | IT장비 B2B영업 | 자산 운영•관리 | 장비유통 | 산업장비 유통상품 영업 | 고소장비 B2B영업 | 지게차 B2B영업 | 경영 및 상품 기획,https://daoift3qrrnil.cloudfront.net/company_groups/images/000/001/382/webp/AJ%EB%84%A4%ED%8A%B8%EC%9B%8D%EC%8A%A4.webp?1684485444,1,https://daoift3qrrnil.cloudfront.net/content_images/images/000/341/942/webp/260213_AJ%EB%84%A4%ED%8A%B8%EC%9B%8D%EC%8A%A4_%EA%B3%B5%EA%B3%A0%EC%9D%B4%EB%AF%B8%EC%A7%80.webp?1770956916,,2026-02-13T13:33:56.000+09:00,2026-02-13T13:40:51.000+09:00,2026-08-31
102560,https://jasoseol.com/recruit/102560,DY그룹,수시채용 신입·경력 사원 모집,big_business,https://dy.recruiter.co.kr/career/jobs/100322?utm_source=jasoseol&utm_medium=banner&utm_campaign=2602dy,2026-02-14T00:00:00.000+09:00,2026-03-03T23:59:00.000+09:00,0,0,False,False,28348,233,345,109,2990,8444,5,영업/마케팅 | 특장 해외 CS EV | EV (Electric Vehicle) 해외 (일본) CS 영업/마케팅 | EV (Electric Vehicle) 자율주행 설계 | 세차기 제어 설계,https://daoift3qrrnil.cloudfront.net/company_groups/images/000/002/990/webp/DY_Basic_HA.webp?1684486078,2,https://daoift3qrrnil.cloudfront.net/content_images/images/000/341/995/webp/image.webp?1770963316 | https://daoift3qrrnil.cloudfront.net/content_images/images/000/342/655/webp/%EC%95%B1_%ED%95%98%EB%8B%A8%EA%B3%B5%EA%B3%A0_%EB%B0%B0%EB%84%88.webp?1771820658,,2026-02-13T15:15:18.000+09:00,2026-02-13T15:15:00.000+09:00,2026-08-31
102563,https://jasoseol.com/recruit/102563,코카콜라음료,여주공장 신입사원 채용,big_business,https://careers.lg.com/apply/detail?id=1001285,2026-02-13T10:00:00.000+09:00,2026-02-23T23:00:00.000+09:00,0,4,False,False,19507,306,496,191,1741,5632,3,품질보증(QA) | 환경 | 생산관리,https://daoift3qrrnil.cloudfront.net/company_groups/images/000/001/741/webp/%E1%84%89%E1%85%B3%E1%84%8F%E1%85%B3%E1%84%85%E1%85%B5%E1%86%AB%E1%84%89%E1%85%A3%E1%86%BA_2021-04-12_%E1%84%8B%E1%85%A9%E1%84%92%E1%85%AE_2.12.50.webp?1684485582,1,https://daoift3qrrnil.cloudfront.net/content_images/images/000/342/005/webp/%EC%BD%94%EC%B9%B4%EC%BD%9C%EB%9D%BC%EC%9D%8C%EB%A3%8C_LG%EC%BB%A4%EB%A6%AC%EC%96%B4%EC%8A%A4_%EC%B1%84%EC%9A%A9%EA%B3%B5%EA%B3%A0%EB%AC%B8%28%EC%B5%9C%EC%A2%85%29.webp?1770964915,,2026-02-13T15:55:54.000+09:00,2026-02-13T15:58:12.000+09:00,2026-08-31
102572,https://jasoseol.com/recruit/102572,아마존웹서비스,Amazon 인턴/신입 채용,big_business,https://amazon.jobs/en/search?base_query=auta-kr&loc_query=&cmpid=JB_OTAU200398C,2026-02-13T16:10:00.000+09:00,2026-04-12T23:59:00.000+09:00,1,4,False,False,72207,988,729,211,5006,11389,3,"Demand Generation Rep Intern 인턴 | Professional Services 인턴, A2C | Professional Services 신입사원, A2C",https://daoift3qrrnil.cloudfront.net/company_groups/images/000/005/006/webp/Amazon-Web-Services-AWS-Logo-Transparent-PNG.webp?1709600298,1,https://daoift3qrrnil.cloudfront.net/business_employment_companies/images/000/050/806/original/AWS_logo_RGB.png?1770968580,,2026-02-13T16:58:33.000+09:00,2026-02-13T17:05:56.000+09:00,2026-08-31
102612,https://jasoseol.com/recruit/102612,신한자산신탁,2026년 상반기 채용공고,big_business,https://recruiter.shinhantrust.kr/ko,2026-02-05T09:00:00.000+09:00,2026-02-23T08:59:00.000+09:00,0,0,False,False,19693,319,182,157,4523,10906,3,신탁 영업 (신입) | 신탁 영업 (경력) | 회계 (경력),https://daoift3qrrnil.cloudfront.net/company_groups/images/000/004/523/webp/%EA%B5%AD%EB%AC%B8%EC%83%81%ED%95%98%EC%A1%B0%ED%95%A9_%EB%B8%94%EB%A3%A8%EB%B2%84%EC%A0%84.webp?1684486662,1,https://daoift3qrrnil.cloudfront.net/content_images/images/000/342/421/webp/image.webp?1771571469,,2026-02-20T16:11:10.000+09:00,2026-02-20T16:11:10.000+09:00,2026-08-31
102629,https://jasoseol.com/recruit/102629,김앤장 법률사무소,송무 및 상업등기 스탭(신입) 채용,big_business,https://careers.kimchang.com/ko/guide/detail.kc?idx=34189,2026-02-23T10:36:00.000+09:00,2026-03-09T23:59:00.000+09:00,0,4,False,False,10078,254,123,60,1542,5433,2,송무 스탭 | 상업 등기 스탭,https://daoift3qrrnil.cloudfront.net/company_groups/images/000/001/542/webp/%E1%84%80%E1%85%B5%E1%86%B7%E1%84%8B%E1%85%A2%E1%86%AB%E1%84%8C%E1%85%A1%E1%86%BC.webp?1684485507,2,https://daoift3qrrnil.cloudfront.net/content_images/images/000/342/625/webp/%EC%86%A1%EB%AC%B4_%EC%83%81%EC%97%85%EB%93%B1%EA%B8%B0_%EC%9E%A1%ED%8F%AC%ED%84%B8.webp?1771810659 | https://daoift3qrrnil.cloudfront.net/content_images/images/000/342/685/webp/%EC%95%B1_%ED%95%98%EB%8B%A8%EA%B3%B5%EA%B3%A0_%EB%B0%B0%EB%84%88.webp?1771822941,,2026-02-23T10:40:29.000+09:00,2026-02-23T10:42:55.000+09:00,2026-08-31
102671,https://jasoseol.com/recruit/102671,한화에너지,2026 상반기 신입사원 공개채용,big_business,https://recruit-hanwhaenergy.com/,2026-03-02T00:00:00.000+09:00,2026-03-16T23:59:00.000+09:00,0,0,False,False,88161,2537,3312,1814,167,4058,3,엔지니어 - 기계/전기 | 엔지니어 - 안전 | 재무,https://daoift3qrrnil.cloudfront.net/company_groups/images/000/000/167/webp/%E1%84%89%E1%85%B3%E1%84%8F%E1%85%B3%E1%84%85%E1%85%B5%E1%86%AB%E1%84%89%E1%85%A3%E1%86%BA_2017-09-28_%E1%84%8B%E1%85%A9%E1%84%8C%E1%85%A5%E1%86%AB_11.46.33.webp?1684484655,1,https://daoift3qrrnil.cloudfront.net/content_images/images/000/343/650/webp/26%EC%83%81_02_%ED%95%9C%ED%99%94%EC%97%90%EB%84%88%EC%A7%80_%EC%B1%84%EC%9A%A9_%ED%99%8D%EB%B3%B4%EB%AC%BC_%EC%9B%B9%ED%94%8C%EB%9D%BC%EC%9D%B4%EC%96%B4_V4.webp?1772496525,,2026-02-24T16:16:18.000+09:00,2026-02-24T16:16:19.000+09:00,2026-08-31
102687,https://jasoseol.com/recruit/102687,현대엔지비,현대자동차 H-모빌리티 클래스 교육생 모집,big_business,https://hmg-scholar.recruiter.co.kr/career/home?utm_source=jasoseol&utm_medium=cpc&utm_campaign=cpc,2026-03-03T09:00:00.000+09:00,2026-03-22T23:59:00.000+09:00,0,0,False,False,49567,969,2317,587,614,4505,10,로보틱스 | 자율주행-인지 | 자율주행-판단 | 자율주행-제어 | 자율주행-통신 및 네트워크 | 전동화-전력변환 | 전동화-모터 | 에너지솔루션-연료전지 | 에너지솔루션-배터리 | 파워트레인,https://daoift3qrrnil.cloudfront.net/company_groups/images/000/000/614/webp/CI.webp?1684485222,1,https://daoift3qrrnil.cloudfront.net/content_images/images/000/343/093/webp/image.webp?1771987649,,2026-02-25T11:47:38.000+09:00,2026-02-25T11:47:38.000+09:00,2026-08-31
102692,https://jasoseol.com/recruit/102692,쎄트렉아이,2026 상반기 신입 채용 SI FUTURE-SHIP 모집,big_business,https://sifuture-ship.careerlink.kr/,2026-03-03T10:00:00.000+09:00,2026-03-18T23:59:00.000+09:00,0,0,False,False,81315,1166,3021,661,3926,10263,6,SW - 임베디드 | SW - 테스트 | HW - 광학 | HW - 하네스 | HW - 전력 | SW - 비행제어,https://daoift3qrrnil.cloudfront.net/company_groups/images/000/003/926/webp/%EC%B5%9C%EC%A2%85CI_%EC%9A%A9%EB%9F%89_%EC%A4%84%EC%9D%B8%EB%B2%84%EC%A0%84.webp?1684486451,2,https://daoift3qrrnil.cloudfront.net/content_images/images/000/343/158/webp/26%EC%83%81_%EC%8E%84%ED%8A%B8%EB%A0%89%EC%95%84%EC%9D%B4_%EC%9B%B9%ED%94%8C%EB%9D%BC%EC%9D%B4%EC%96%B4_%ED%95%99%EC%82%AC_V3.webp?1771998513 | https://daoift3qrrnil.cloudfront.net/content_images/images/000/343/159/webp/26%EC%83%81_%EC%8E%84%ED%8A%B8%EB%A0%89%EC%95%84%EC%9D%B4_%EC%9B%B9%ED%94%8C%EB%9D%BC%EC%9D%B4%EC%96%B4_%EC%84%9D%EB%B0%95%EC%82%AC_V3.webp?1771998521,,2026-02-25T13:40:05.000+09:00,2026-02-25T13:40:06.000+09:00,2026-08-31
102712,https://jasoseol.com/recruit/102712,현대모비스,2026 상반기 신입 채용,big_business,https://careers.mobis.com/jobs?search=%EC%8B%A0%EC%9E%85,2026-02-26T00:00:00.000+09:00,2026-03-13T11:00:00.000+09:00,0,0,False,False,237936,9876,21386,10470,27,3918,38,배터리 시작개발 | BMS Application SW 설계  | 전동화 BSW 및 CDD 개발 | BMS 신뢰성검증  | IVI SW플랫폼 개발 | 자율 주행 시스템 개발 | 조향 시스템/기구 설계  | 조향 센서 개발  | 조향 전장 평가  | 제품사업기획  | 공정기술 | 서비스부품 가격관리  | 제동/로보틱스/전장부품 구매 | 조향/로보틱스부품 구매 | 구매기획 | IVI부품 개발 | 칵핏모듈부품 개발 | 서비스부품 구매원가 | IVI 품질분석  | 샤시모듈 신차품질 | 인포HMI 신차품질  | 전동화 품질시험  | 배터리시스템 품질분석  | 생산기술_스마트팩토리 | 생산기술_조향 | 생산기술_샤시제어기 | 생산기술_SMD | 생산기술_구동모터(스테이터) | 생산기술_통합제어기(인포테인먼트) | 경영관리/경영전략  | 세무  | 반도체 선행 검증  | 반도체 품질관리  | CI/CD/CT 개발  | 사이버보안 기술관리 | 브랜드 보호 | 안전보건관리 | 로보틱스 기구/시스템 ,https://daoift3qrrnil.cloudfront.net/company_groups/images/000/000/027/webp/img_%285%29.webp?1698989843,1,https://daoift3qrrnil.cloudfront.net/content_images/images/000/343/324/webp/%28NHR%29_%ED%98%84%EB%8C%80%EB%AA%A8%EB%B9%84%EC%8A%A4_26%EB%85%84_%EC%83%81%EB%B0%98%EA%B8%B0_%EC%B1%84%EC%9A%A9%EB%B0%95%EB%9E%8C%ED%9A%8C_%EC%9B%B9%ED%94%8C%EB%9D%BC%EC%9D%B4%EC%96%B4_vF.webp?1772086009,,2026-02-26T14:36:22.000+09:00,2026-02-26T14:36:24.000+09:00,2026-08-31
102715,https://jasoseol.com/recruit/102715,IBK연금보험,2026년 주요직무 신입사원 / 경력직 공개채용,big_business,https://ibki.careerlink.kr/,2026-02-26T18:00:00.000+09:00,2026-03-12T18:00:00.000+09:00,0,0,False,False,40631,1667,1298,936,3273,9559,9,마케팅·영업  | 자산운용·(자산)리스크 | 상품·계리·(부채)리스크  | 재무 직군 (수습공인회계사 우대) | 자산운용·(자산)리스크 직군 (수습공인회계사 우대) | 경영관리 실무자  | 상품개발 실무자 | (자산)리스크관리 실무자  | 계리적가정 관리 실무자 ,https://daoift3qrrnil.cloudfront.net/company_groups/images/000/003/273/webp/IBK%EC%97%B0%EA%B8%88%EB%B3%B4%ED%97%98_%EB%A1%9C%EA%B3%A0.webp?1684486192,1,https://daoift3qrrnil.cloudfront.net/content_images/images/000/343/370/webp/IBK%EC%97%B0%EA%B8%88%EB%B3%B4%ED%97%98%28%EB%B2%84%ED%8A%BC%EC%B6%94%EA%B0%80%29_260226.webp?1772095059,,2026-02-26T16:34:22.000+09:00,2026-02-26T16:34:23.000+09:00,2026-08-31
102721,https://jasoseol.com/recruit/102721,하나은행,2026년 상반기 신입행원 채용,big_business,https://hanabank.recruiter.co.kr/career/home,2026-02-27T15:00:00.000+09:00,2026-03-16T18:00:00.000+09:00,0,0,False,False,190272,4264,4440,4351,242,4133,11,종합금융 - 기업금융(RM) | 종합금융 - 개인금융(PB) | 종합금융 - 연금/신탁 | 종합금융 - 글로벌 | 종합금융 - 리스크/자금 | 종합금융 - IB | 지역인재 - 영남 | 지역인재 - 충청 | 지역인재 - 호남 | 지역인재 - 강원 | 지역인재 - 제주,https://daoift3qrrnil.cloudfront.net/company_groups/images/000/000/242/webp/%ED%95%98%EB%82%98%EC%9D%80%ED%96%89_%EB%A1%9C%EA%B3%A0_%281%29.webp?1701312380,1,https://daoift3qrrnil.cloudfront.net/content_images/images/000/343/414/webp/image.webp?1772151585,,2026-02-27T09:20:13.000+09:00,2026-02-27T09:20:14.000+09:00,2026-08-31
102724,https://jasoseol.com/recruit/102724,행복나래,정보보안 경력·신입 채용,big_business,https://happynarae.saramin.co.kr/main/index,2026-03-01T00:00:00.000+09:00,2026-03-10T23:59:00.000+09:00,0,0,False,False,44675,150,231,81,2669,6969,2,정보보안 (경력) | 정보보안 (신입),https://daoift3qrrnil.cloudfront.net/company_groups/images/000/002/669/webp/happynarae.webp?1684485962,1,https://daoift3qrrnil.cloudfront.net/content_images/images/000/343/433/webp/image.webp?1772153957,,2026-02-27T09:59:20.000+09:00,2026-02-27T09:59:20.000+09:00,2026-08-31
102727,https://jasoseol.com/recruit/102727,LX인터내셔널,2026년 상반기 신입사원 채용 (채용연계형 인턴십),big_business,https://apply.lxcareers.com/app/job/RetrieveJobNoticesDetail.rpi?jobNoticeId=16607,2026-03-03T08:00:00.000+09:00,2026-03-22T23:00:00.000+09:00,0,4,False,False,89163,2728,3015,1358,58,3949,5,자원사업 - 기술지원 | 자원사업 - 사업개발 및 운영 | 해외영업 | 투자사업 개발 및 운영 | 사업기획,https://daoift3qrrnil.cloudfront.net/company_groups/images/000/000/058/webp/sns_lxinternational.webp?1698992522,1,https://daoift3qrrnil.cloudfront.net/content_images/images/000/343/449/webp/_%EC%B5%9C%EC%A2%85_26%EC%83%81_LX%EC%9D%B8%ED%84%B0%EB%82%B4%EC%85%94%EB%84%90_%EC%9B%B9%ED%94%8C%EB%9D%BC%EC%9D%B4%EC%96%B4_%282%29.webp?1772156705,,2026-02-27T10:58:25.000+09:00,2026-02-27T11:17:40.000+09:00,2026-08-31
102729,https://jasoseol.com/recruit/102729,하나증권,2026 상반기 신입사원 채용,big_business,https://hanaw-recruit.com/?utm_source=jasoseol&utm_medium=cpc,2026-02-27T13:00:00.000+09:00,2026-03-13T13:00:00.000+09:00,0,0,False,False,123087,4050,4949,3217,13891,17288,6,IB | S&T | WM | 디지털(AI) | IT | 본사관리,https://daoift3qrrnil.cloudfront.net/company_groups/images/000/013/891/webp/%ED%95%98%EB%82%98%EC%A6%9D%EA%B6%8C_CI.webp?1686894415,1,https://daoift3qrrnil.cloudfront.net/content_images/images/000/343/479/webp/%EC%9B%B9%EA%B3%B5%EA%B3%A0%EB%AC%B8_V12.webp?1772165390,,2026-02-27T11:29:26.000+09:00,2026-02-27T13:00:18.000+09:00,2026-08-31
102747,https://jasoseol.com/recruit/102747,농협물류,상반기 신입사원 채용,big_business,https://job.incruit.com/jobdb_info/jobpost.asp?job=2602270000295&handle=76A6929ECB1A5BB1D4D2C162AC94F0A7CDA9ECE49EB40D8E9B518EBB689A056A&rf=1,2026-02-27T18:00:00.000+09:00,2026-03-09T23:59:00.000+09:00,0,4,False,False,22818,909,789,494,862,4753,1,물류운영,https://daoift3qrrnil.cloudfront.net/company_groups/images/000/000/862/webp/20231107_103415.webp?1699320874,1,https://daoift3qrrnil.cloudfront.net/content_images/images/000/343/543/webp/%EB%86%8D%ED%98%91%EB%AC%BC%EB%A5%98.webp?1772176258,,2026-02-27T16:28:05.000+09:00,2026-02-27T16:28:05.000+09:00,2026-08-31
102751,https://jasoseol.com/recruit/102751,한화시스템/ICT,2026년 상반기 신입사원 채용,big_business,https://www.hanwhain.com/web/apply/notification/view.do?rtSeq=18206,2026-03-04T00:00:00.000+09:00,2026-03-25T17:00:00.000+09:00,0,0,False,False,281491,4170,7726,2822,14089,17498,4,서비스 개발/운영 | ERP 개발/운영 | 인프라 구축/운영 | 구매,https://daoift3qrrnil.cloudfront.net/company_groups/images/000/014/089/webp/news_1640566741_1067121_m_1.webp?1684488634,1,https://daoift3qrrnil.cloudfront.net/content_images/images/000/343/564/webp/image.webp?1772178397,,2026-02-27T16:46:41.000+09:00,2026-03-04T00:00:00.000+09:00,2026-08-31
102761,https://jasoseol.com/recruit/102761,롯데백화점,2026년 상반기 신입사원 채용 [I'M 전형],big_business,https://bit.ly/46jLqLV,2026-03-04T10:00:00.000+09:00,2026-03-27T23:00:00.000+09:00,0,0,False,False,144109,3069,2653,1472,15270,19605,2,영업/MD | 마케팅,https://daoift3qrrnil.cloudfront.net/company_groups/images/000/015/270/webp/%EB%8B%A4%EC%9A%B4%EB%A1%9C%EB%93%9C_%2810%29.webp?1703120214,1,https://daoift3qrrnil.cloudfront.net/content_images/images/000/343/719/webp/_NHR__26%EB%85%84_%EC%83%81%EB%B0%98%EA%B8%B0_%EB%A1%AF%EB%8D%B0%EB%B0%B1%ED%99%94%EC%A0%90_%EC%8B%A0%EC%9E%85%EC%82%AC%EC%9B%90_%EC%B1%84%EC%9A%A9_%EC%9B%B9%ED%94%8C%EB%9D%BC%EC%9D%B4%EC%96%B4%28ver7%29_260303.webp?1772514056,,2026-03-03T10:27:52.000+09:00,2026-03-04T10:00:10.000+09:00,2026-08-31
102762,https://jasoseol.com/recruit/102762,롯데그룹,3·6·9·12 예측가능한 채용(3월),big_business,https://bit.ly/4kMkWZv,2026-03-04T10:00:00.000+09:00,2026-03-30T23:00:00.000+09:00,0,0,False,False,282725,7064,17988,9923,74,3965,66,"[롯데GRS]점포개발 | [롯데GRS]IT기획 | [롯데GRS]IT운영 | [롯데GRS]컴플라이언스 | [롯데GRS]HR | [롯데GRS]ESG | [롯데GRS]식품안전 | [롯데GRS]신사업상품개발 | [롯데홈쇼핑]MD | [롯데이노베이트]HR | [롯데이노베이트]구매 | [롯데이노베이트]회계 | [롯데이노베이트]전략기획  | [롯데칠성음료]컴플라이언스 | [롯데칠성음료]생산 | [롯데칠성음료]회계 | [롯데칠성음료]글로벌 | [롯데칠성음료]기획 | [롯데칠성음료]HR | [롯데칠성음료]구매 | [롯데호텔]호텔서비스 | [롯데호텔]재무 | [롯데이노베이트]Cloud | [롯데이노베이트]AI | [롯데이노베이트]biz컨설팅 | [롯데이노베이트]Software(웰푸드 IS팀) | [롯데이노베이트]Software(마트IS팀) | [롯데이노베이트]Software(면세IS팀) | [롯데이노베이트]Infra(마트IS팀) | [롯데이노베이트]Infra(홈쇼핑IS팀) | [롯데이노베이트]Infra(상사IS담당) | [롯데이노베이트]Security(보안컨설팅팀) | [롯데이노베이트]Security(웰푸트IS팀)) | [롯데이네오스화학]회계/세무 | [롯데이네오스화학]안전 | [롯데면세점]MD(온/오프라인) | [롯데면세점]영업/마케팅 | [롯데면세점]물류운영(SCM) | [롯데면세점]재무/회계 | [롯데면세점]노무 | [롯데컬쳐웍스]전략기획 | [롯데컬쳐웍스]재무 | [롯데상사]영업(글로벌소싱) | [롯데상사]영업(유지) | [롯데상사]영업(농산) | [롯데상사]영업(수산) | [롯데상사]글로벌전략 | [롯데상사]HR | [롯데에너지머티리얼즈]R&D | [롯데캐피탈]금융영업 | [롯데캐피탈]기업금융 | [롯데캐피탈]신용분석 | [롯데캐피탈]IT개발운영 | [롯데캐피탈]IT기획/운영 | [롯데캐피탈]법무/컴플라이언스 | [롯데캐피탈]재무/회계 | [롯데캐피탈]경영관리 | [롯데홈쇼핑]MD | [롯데면세점]정보보호 | [한국후지필름]컴플라이언스 | [한국후지필름]영업 | [롯데호텔]DX | [롯데호텔]MEP(조명, 전기) | [롯데마트•슈퍼]MD | [롯데마트•슈퍼]마케팅 | [롯데마트•슈퍼]품질관리",https://daoift3qrrnil.cloudfront.net/company_groups/images/000/000/074/webp/jss_hashed_37a8ea8f70e803adea35_20260831T091514_%EB%A1%AF%EB%8D%B0_%EB%A1%9C%EA%B3%A0.webp?1788135314,1,https://daoift3qrrnil.cloudfront.net/content_images/images/000/343/783/webp/_NHR__26%EB%85%84_%EC%83%81%EB%B0%98%EA%B8%B0_%EB%A1%AF%EB%8D%B0%EA%B7%B8%EB%A3%B9_%EC%B1%84%EC%9A%A9%EB%B0%95%EB%9E%8C%ED%9A%8C_3%EC%9B%94_%EC%B1%84%EC%9A%A9_%EC%9B%B9%ED%94%8C%EB%9D%BC%EC%9D%B4%EC%96%B4%28ver7%29.webp?1772528249,,2026-03-03T10:30:16.000+09:00,2026-03-04T10:00:10.000+09:00,2026-08-31
102765,https://jasoseol.com/recruit/102765,에코프로그룹,2026 R&D 신입사원 채용,big_business,https://ecoprorecruit.co.kr/,2026-03-04T10:00:00.000+09:00,2026-03-17T23:59:00.000+09:00,0,0,False,False,83391,1312,1792,912,13169,16481,8,[에코프로HN] 전지재료담당 | [에코프로HN] 개발담당 | [에코프로HN] 반도체소재개발 | [에코프로BM] 미래소재 | [에코프로EM] 공정개발 | [에코프로Innovation] 개발 | [에코프로Materials] 개발 | [에코프로Materials] 이차전지 소재개발,https://daoift3qrrnil.cloudfront.net/company_groups/images/000/013/169/webp/%EC%97%90%EC%BD%94%ED%94%84%EB%A1%9C_CI.webp?1684488416,1,https://daoift3qrrnil.cloudfront.net/content_images/images/000/343/678/webp/image.webp?1772502467,,2026-03-03T10:47:57.000+09:00,2026-03-04T10:00:10.000+09:00,2026-08-31
102766,https://jasoseol.com/recruit/102766,한화엔진,2026 상반기 학/석사 신입사원 채용,big_business,https://hanwhaengine-recruit.com/,2026-03-03T00:00:00.000+09:00,2026-03-22T23:59:00.000+09:00,0,0,False,False,120476,4997,7601,3381,6782,13180,13,관리회계/재무회계 | IT 기획/운영 | 영업(엔진영업) | 영업(AM영업) | 프로젝트 엔지니어링 | 생산기술 | 시운전기술 | 설계(제품설계) | 설계(제어설계) | R&D | 품질 | 구매 | 안전환경,https://daoift3qrrnil.cloudfront.net/company_groups/images/000/006/782/webp/ci_%281%29.webp?1741051727,1,https://daoift3qrrnil.cloudfront.net/content_images/images/000/343/691/webp/image.webp?1772504171,,2026-03-03T11:16:29.000+09:00,2026-03-03T11:19:06.000+09:00,2026-08-31
102770,https://jasoseol.com/recruit/102770,HD현대,2026년 상반기 신입사원 모집,big_business,https://hd-recruit2026.com/,2026-03-03T00:00:00.000+09:00,2026-03-24T15:00:00.000+09:00,0,0,False,False,262875,10433,21995,9707,14460,18148,42,[HD한국조선해양] 선박기자재 품질 및 납기 관리 (울산) | [HD한국조선해양] 선박기자재 품질 및 납기 관리 (목포) | [HD한국조선해양] 선박기자재 커미셔닝 | [HD한국조선해양] After Service | [HD현대중공업] 기본설계 | [HD현대중공업] 상세설계 | [HD현대중공업] 조선 생산관리 | [HD현대중공업] 생산지원 | [HD현대중공업] 함정 설계 | [HD현대중공업] 기술영업 | [HD현대중공업] 엔진기계 설계 | [HD현대중공업] 엔진기계 생산관리  | [HD현대중공업] 품질 | [HD현대삼호] 설계 | [HD현대삼호] 환경/에너지 | [HD현대삼호] 품질 | [HD현대삼호] 사업기획 | [HD현대삼호] 계약관리 | [HD현대삼호] 생산관리 | [HD현대삼호] 산업설비 | [HD현대삼호] 총무 | [HD현대삼호] 구매/조달 | [HD현대일렉트릭] 전기설계 | [HD현대일렉트릭] 구조설계 | [HD현대일렉트릭] 중저압차단기 설계 | [HD현대일렉트릭] 품질경영 | [HD현대일렉트릭] 품질관리 | [HD현대일렉트릭] 국내영업 | [HD현대일렉트릭] 재경 | [HD현대일렉트릭] DT | [HD현대일렉트릭] HR | [HD현대로보틱스] 기구양산설계 | [HD현대로보틱스] 재경(경영관리) | [HD현대사이트솔루션] 스마트 안전기술 | [HD건설기계] 제품기획 | [HD건설기계] 제품설계 | [HD건설기계] 제품시험 | [HD현대오일뱅크] 엔지니어 (공정기술/생산기획) | [HD현대오일뱅크] 해외영업 | [HD현대오일뱅크] 국내영업 | [HD현대오일뱅크] 재무회계 | [HD현대오일뱅크] HR,https://daoift3qrrnil.cloudfront.net/company_groups/images/000/014/460/webp/FireShot_Capture_2208_-_HD%ED%98%84%EB%8C%80_-_%EB%82%98%EB%AC%B4%EC%9C%84%ED%82%A4_-_namu.wiki.webp?1684488718,1,https://daoift3qrrnil.cloudfront.net/content_images/images/000/346/671/webp/%EC%8B%A0%EC%9E%85_%EA%B3%B5%EA%B3%A0%EB%AC%B8_0320.webp?1773966463,,2026-03-03T14:57:51.000+09:00,2026-03-03T15:15:49.000+09:00,2026-08-31
102773,https://jasoseol.com/recruit/102773,현대그룹,2026 상반기 신입 매니저 채용,big_business,https://careers.hyundaigroup.com/jobs/RC20260303025027,2026-03-04T00:00:00.000+09:00,2026-03-25T23:59:00.000+09:00,0,0,False,False,274846,8887,16614,6185,13200,16512,23,[현대엘리베이터] 제어시스템개발 | [현대엘리베이터] 군관리시스템개발 | [현대엘리베이터] IoT시스템개발 | [현대엘리베이터] 기계개발 | [현대엘리베이터] 모듈러시스템개발 | [현대엘리베이터] 기계설계 | [현대엘리베이터] 품질기술 | [현대엘리베이터] 품질관리 | [현대엘리베이터] 데이터/AI개발 | [현대엘리베이터] 디지털서비스개발 | [현대엘리베이터] 제품경험디자인 | [현대엘리베이터] 안전기획 | [현대엘리베이터] IR | [현대엘리베이터] 회계 | [현대엘리베이터] 구매전략 | [현대엘리베이터] 법무 | [현대엘리베이터] 인사 | [현대무벡스] 전기설계 | [현대무벡스] 기계PE | [현대무벡스] 시스템설계 | [현대무벡스] 그룹웨어 운영 | [현대무벡스] WEB개발 | [현대무벡스] 회계,https://daoift3qrrnil.cloudfront.net/company_groups/images/000/013/200/webp/%EB%8B%A4%EC%9A%B4%EB%A1%9C%EB%93%9C_%281%29.webp?1699939245,1,https://daoift3qrrnil.cloudfront.net/content_images/images/000/344/176/webp/26%EC%83%81_02_%ED%98%84%EB%8C%80%EA%B7%B8%EB%A3%B9_%EC%9B%B9%ED%94%8C%EB%9D%BC%EC%9D%B4%EC%96%B4_v9_.webp?1772764278,,2026-03-03T17:16:37.000+09:00,2026-03-04T00:00:13.000+09:00,2026-08-31
102780,https://jasoseol.com/recruit/102780,현대오토에버,2026년 상반기 신입 채용,big_business,https://litt.ly/hyundai_autoever,2026-03-04T00:00:00.000+09:00,2026-03-23T13:00:00.000+09:00,0,0,False,False,164148,7254,19583,6519,269,4160,86,"(로봇SW) Backend Developer | (차량전장SW) Embedded SW Platform Developer_차량제어 SW 플랫폼 개발 | (내비게이션) Embedded SW App Developer_내비게이션 application 영역 내 설정 연동 기능 개발 | (내비게이션) Data Scientist_경로 분석 및 사양 설계 | (내비게이션) Fullstack Developer_콘텐츠 서비스 개발 | (내비게이션) Backend Developer_백엔드 서비스 개발/운영 | (내비게이션) Embedded SW QC Engineer_신규 내비게이션SW 평가 | (내비게이션) Embedded SW PM_내비게이션 SW 개발 PL | (보안) Mobiliity Security Engineer_차량보안진단 | (보안) Infra Security Engineer_Endpoint 보안 솔루션 운영 | (보안) Infra Security Engineer_OT_생산망 보안 구축/운영 | (보안) Infra Security Engineer_보안솔루션 구축/운영 | (보안) Infra Security Engineer_SIEM 운영 | (보안) Infra Security Engineer_퍼블릭클라우드 형상관리 | (보안) Service Security Engineer_취약점 관리 솔루션 운영 | (보안) Service Security Engineer_보안관제 품질관리 | (보안) Service Security Engineer_모의해킹 | (보안) Security Strategy_개인정보보호 | (보안) Security Strategy_글로벌 보안 체계 수립 | (보안) Security Strategy_OT 보안 기획 | (클라우드/인프라) Server Engineer_hCloud 구축/운영 | (클라우드/인프라) Server Engineer_AI 인프라 구축/운영 | (클라우드/인프라)  Platform Engineer_hCloud 구축/운영 | (클라우드/인프라)  Platform Engineer_가상데스크탑 서비스 운영 담당자 | (클라우드/인프라) Fullstack Developer_DBMS 운영 관리 플랫폼 개발 | (클라우드/인프라) IT Architect_AWS 구축/운영 | (클라우드/인프라) Network Engineer_네트웍 운영 | (클라우드/인프라)DB Administrator_글로벌 인프라 지원 DBA(해외법인) | (클라우드/인프라) Backend Developer_국내외 커넥티드카 서비스 개 발/운영 | (스마트팩토리) Service Engineer_MES시스템 개발/운영 (울산/화성/서울) | (스마트팩토리) Service Engineer_스마트태그 시스템 운영/개발 | (스마트팩토리) Service Engineer_그룹표준 MES시스템 개발/운영 | (스마트팩토리) Service Engineer_OT시스템 개발/운영 | (스마트팩토리) Data Engineer_데이터 파이프라인 개발 및 운영 | (스마트팩토리) Solution Developer_머신비전 시스템 개발/운영 | (스마트팩토리) Backend Developer_제조품질시스템 웹 개발/운영  | (스마트팩토리) Backend Developer_해외 그룹표준 MES시스템 개발/구축 | (솔루션 ERP,CRM) Solution Architect_SAP ERP BC 운영 | (솔루션 ERP,CRM) Solution Architect_ERP 구축 프로젝트 수행 및 운 영 | (솔루션 ERP,CRM) Solution Architect_SAP ERP SD 운영 | (솔루션 ERP,CRM) Solution Architect_대내외 SAP ERP 시스템 구축 | (솔루션 ERP,CRM) Solution Developer_SAP ABAP 개발 | (솔루션 ERP,CRM) Solution Developer_SAP ABAP/BTP 개발 | (솔루션 ERP,CRM) Solution Developer_Salesforce 플랫폼 개발/운영 | (솔루션 ERP,CRM) Solution Developer_CRM시스템 개발 | (엔터프라이즈 IT) IT Planner_사내 IT 기획/관리 | (엔터프라이즈 IT) Frontend Developer_완성차 SI 프로젝트 수행 | (엔터프라이즈 IT) Frontend Developer_딜러평가시스템 프론트엔드 개발/운영 | (엔터프라이즈 IT) Backend Developer_딜러평가시스템 백엔드 개발/운영 | (엔터프라이즈 IT) Backend Developer_WEB 어플리케이션 개발 및 운영_생산계획 시스템 | (엔터프라이즈 IT) Backend Developer_판매시스템 개발 | (엔터프라이즈 IT) Backend Developer_sso 서비스 개발 | (엔터프라이즈 IT) Service Engineer_IT시스템 BA/운영/개발 | (엔터프라이즈 IT) Service Engineer_완성차 품질 시스템 개발/운영 | (엔터프라이즈 IT) Service Engineer_모비스 AS부품시스템 운영 | (엔터프라이즈 IT) Service Engineer_Web 어플리케이션 개발/운영 | (엔터프라이즈 IT) Service Engineer_원료/스크랩구매 시스템 운영 | (엔터프라이즈 IT) Service Engineer_현대제철 MES 플랫폼 구축 및 운영 | (엔터프라이즈 IT) Service Engineer_IT시스템 개발/운영 | (엔터프라이즈 IT) Service Engineer_WEB시스템 운영/개발 | (엔터프라이즈 IT) Service Engineer_MES시스템 운영/개발 (창원) | (엔터프라이즈 IT) Service Engineer_AD 운영 및 구축 | (엔터프라이즈 IT) Service Engineer_MES시스템 운영/개발 (서산) | (엔터프라이즈IT) Service Engineer_그룹웨어 운영 및 유지보수 | (엔터프라이즈IT) Service Engineer_IT시스템 운영 및 유지보수 | (엔터프라이즈 IT) Fullstack Developer_완성차 정비시스템 개발/운영 | (엔터프라이즈 IT) Fullstack Developer_연구소 엔지니어링 SW 관리 시스템 운영 | (엔터프라이즈 IT) Fullstack Developer_WEB 시스템 개발/운영 | (엔터프라이즈 IT) Solution Developer_CAD 응용프로그램 개발/운영 | (엔터프라이즈 IT) Solution Developer_SAP 개발/운영 | (엔터프라이즈 IT) Solution Developer_자동화 서비스 DevOps | (엔터프라이즈 IT) Platform Engineer_연구소 플랫폼 개발/운영 | (엔터프라이즈 IT) Platform Developer_ITSM 개발/운영 | (엔터프라이즈IT) Frontend Developer_웹어플리케이션 개발 | (엔터프라이즈IT) Fullstack Developer_AI 컨택센터 개발/운영 | (UX) UX & UI Designer_UX 기획 | (사업기획) Business Strategy_내비게이션 사업 | (사업기획)Business Developer_지도 사업/콘텐츠 기획 | (전략기획/경영지원) Business Planning_글로벌 IT사업 기획/지원 및 해외법인 관리 | (전략기획/경영지원) Business Planning_전사 투자전략 수립 및 투자과제 관리 | (전략기획/경영지원) Business Planning_전사 전략 수립 및 경영현황 관리 | (전략기획/경영지원) PR_PR 담당 | (전략기획/경영지원) IR_공시 & 거버넌스 | (전략기획/경영지원) Procurement _IT구매 | (전략기획/경영지원) HRM_인사제도 기획 및 운영 | (전략기획/경영지원) HRM_HR Tech",https://daoift3qrrnil.cloudfront.net/company_groups/images/000/000/269/webp/logo2_%282%29.webp?1700813561,1,https://daoift3qrrnil.cloudfront.net/content_images/images/000/344/894/webp/%ED%98%84%EB%8C%80%EC%98%A4%ED%86%A0%EC%97%90%EB%B2%84%EA%B3%B5%EA%B3%A0_20260311.webp?1773195936,,2026-03-04T08:52:09.000+09:00,2026-03-04T09:52:33.000+09:00,2026-08-31
102781,https://jasoseol.com/recruit/102781,NH투자증권,2026년 상반기 대졸 신입사원 채용,big_business,https://m.site.naver.com/22btX,2026-03-09T00:00:00.000+09:00,2026-03-20T17:00:00.000+09:00,0,0,False,False,180673,5582,8209,4375,5534,11921,7,IB | 부동산인프라 | Trading | 본사영업 | PB | 연금컨설팅 | IT,https://daoift3qrrnil.cloudfront.net/company_groups/images/000/005/534/webp/NH_Investment___Securities_Logo_%28KOR%29.svg.webp?1700632237,1,https://daoift3qrrnil.cloudfront.net/content_images/images/000/345/310/webp/26%EC%83%81_NH%ED%88%AC%EC%9E%90%EC%A6%9D%EA%B6%8C_%EC%9B%B9%ED%94%8C%EB%9D%BC%EC%9D%B4%EC%96%B4_Final.webp?1773306638,,2026-03-04T09:38:21.000+09:00,2026-03-04T11:00:00.000+09:00,2026-08-31
102785,https://jasoseol.com/recruit/102785,롯데케미칼,2026년 3월 [첨단소재사업] 신입사원 채용 일반전형,big_business,https://recruit.lotte.co.kr/apply/announcement/detail/21780047?compcd=50004,2026-03-04T10:00:00.000+09:00,2026-03-17T23:00:00.000+09:00,0,0,False,False,133445,3292,5135,2292,2642,6816,12,글로벌영업 | AD(기술영업) | 연구개발(의왕) | 연구개발(여수) | 생산관리 | 안전환경(의왕) | 안전환경(여수) | 공무(기계) | 품질관리 | HR(의왕) | HR(여수) | 경영기획,https://daoift3qrrnil.cloudfront.net/company_groups/images/000/002/642/webp/open-uri20220723-4581-1xyf18g.webp?1684485952,1,https://daoift3qrrnil.cloudfront.net/content_images/images/000/343/840/webp/%28%EA%B3%B5%EA%B3%A0%29__%EB%A1%AF%EB%8D%B0%EC%BC%80%EB%AF%B8%EC%B9%BC_%EC%B2%A8%EB%8B%A8%EC%86%8C%EC%9E%AC%EC%82%AC%EC%97%85__%6026%EB%85%84_3%EC%9B%94_%EC%8B%A0%EC%9E%85%EC%82%AC%EC%9B%90_%EC%B1%84%EC%9A%A9_%EC%9D%BC%EB%B0%98_%EC%A0%84%ED%98%95.webp?1772590150,,2026-03-04T11:10:16.000+09:00,2026-03-04T11:18:57.000+09:00,2026-08-31
102805,https://jasoseol.com/recruit/102805,현대비앤지스틸,대졸신입사원 및 채용형 인턴 채용(회계/경영지원),big_business,https://hyundai-bngsteel.applyin.co.kr/,2026-03-04T00:00:00.000+09:00,2026-03-15T23:00:00.000+09:00,0,0,False,False,38307,708,665,360,1407,20901,2,회계 | 경영지원,https://daoift3qrrnil.cloudfront.net/company_groups/images/000/001/407/webp/BNGSteel20CI.webp?1699333611,1,https://daoift3qrrnil.cloudfront.net/content_images/images/000/343/931/webp/%ED%98%84%EB%8C%80%EB%B9%84%EC%95%A4%EC%A7%80%EC%8A%A4%ED%8B%B8_260304.webp?1772613155,,2026-03-04T17:34:22.000+09:00,2026-03-04T17:39:58.000+09:00,2026-08-31
102815,https://jasoseol.com/recruit/102815,자이씨앤에이,2026년 상반기 신입/경력 정규직 채용,big_business,https://xicna.ninehire.site/,2026-03-09T00:00:00.000+09:00,2026-03-22T23:59:00.000+09:00,0,4,False,False,25198,794,871,599,14097,17508,19,건축시공 | 기계시공 | 전기시공 | 안전관리 | 현장관리 | 수주영업 | 건축시공 | 기계시공 | 전기시공 | 안전관리 | 현장관리 | 회계 | 건축견적/예산 | 수주영업 | 건축설계 | 기계설계 | 전기설계 | 장치설계 | 구조설계,https://daoift3qrrnil.cloudfront.net/company_groups/images/000/014/097/webp/jss_hashed_47e69aade99223c29d3c_20260309T091627_%EC%9E%90%EC%9D%B4_%EA%B8%B0%EB%B3%B8%ED%98%95_%EC%83%81%ED%95%98%EC%A1%B0%ED%95%A9.webp?1773015391,1,https://daoift3qrrnil.cloudfront.net/content_images/images/000/343/984/webp/26%EB%85%84_%EC%8B%A0%EC%9E%85%EA%B2%BD%EB%A0%A5%EC%A0%95%EA%B7%9C%EC%A7%81%EC%B1%84%EC%9A%A9_%EA%B3%B5%EA%B3%A0%EB%AC%B8%28%EC%B5%9C%EC%A2%85%29_%EA%B8%B0%ED%83%80%ED%8F%AC%ED%84%B8_%EA%B2%8C%EC%8B%9C%EC%9A%A9.webp?1772673182,,2026-03-05T10:18:56.000+09:00,2026-03-05T10:18:56.000+09:00,2026-08-31
102817,https://jasoseol.com/recruit/102817,GS건설,2026년 상반기 신입사원 채용,big_business,https://gsenc.recruiter.co.kr/career/jobs/101904?utm_source=jasoseol&utm_medium=banner&utm_campaign=2603gsenc,2026-03-09T09:30:00.000+09:00,2026-03-22T23:00:00.000+09:00,0,0,False,False,139198,4353,7339,3635,175,4066,35,AI Engineer | 개발 (Front-end) | 사업관리  | 발전영업 | 사업개발 (신재생-기술) | 사업개발 (신재생-영업) | 발전사업관리 | 발전 Schedule  | 원자력 사업관리 | EPC System  | 견적(Grid)  | 현장안전 | 현장보건 | 토목시공 (플랜트) | 건축시공 (플랜트) | 철골시공 (플랜트) | 계장시공 (플랜트) | 시운전 (플랜트) | 건축시공 (건축·주택) | 전기시공 (건축·주택) | 설비시공 (건축·주택) | 토목시공 (인프라) | 기본설계  | 발전기계설계  | 발전계장설계  | 배관설계 | 전기설계  | 계장설계  | 회전기계설계 | 토목설계  | 철골설계  | 수주영업 | 디지털건설 | 건설로보틱스 | 환경솔루션,https://daoift3qrrnil.cloudfront.net/company_groups/images/000/000/175/webp/224ECE4952E325910A.webp?1698998157,1,https://daoift3qrrnil.cloudfront.net/content_images/images/000/343/998/webp/image.webp?1772675510,,2026-03-05T10:51:52.000+09:00,2026-03-09T09:00:01.000+09:00,2026-08-31
102821,https://jasoseol.com/recruit/102821,여주에너지서비스,2026년 재무관리 신입구성원 영입,big_business,https://www.skcareers.com/Recruit/Index?searchText=%EC%97%AC%EC%A3%BC%EC%97%90%EB%84%88%EC%A7%80%EC%84%9C%EB%B9%84%EC%8A%A4,2026-03-05T00:00:00.000+09:00,2026-03-18T23:59:00.000+09:00,0,0,False,False,72893,270,165,112,10233,19506,1,재무결산 및 세무지원,https://daoift3qrrnil.cloudfront.net/company_groups/images/000/010/233/webp/jss_hashed_623e2fd9d3ea2f2f820a_20260115T114342_ci_cont02_img01.webp?1768445022,1,https://daoift3qrrnil.cloudfront.net/content_images/images/000/344/136/webp/260305_%EC%97%AC%EC%A3%BC%EC%97%90%EB%84%88%EC%A7%80%EC%84%9C%EB%B9%84%EC%8A%A4_%EA%B3%B5%EA%B3%A0%EB%AC%B8_v3.webp?1772758086,,2026-03-05T11:30:53.000+09:00,2026-03-05T11:32:32.000+09:00,2026-08-31
102844,https://jasoseol.com/recruit/102844,신한캐피탈,2026년 상반기 수시채용,big_business,https://shcap.recruiter.co.kr/?utm_source=jasoseol&utm_medium=banner&utm_campaign=2603shcap,2026-03-09T10:00:00.000+09:00,2026-03-20T17:00:00.000+09:00,0,0,False,False,77629,1097,1034,498,1158,5049,5,정보보호 | IB 기업금융 | IB 투자금융 | ICT개발 | STO/P2P 통합 플랫폼 전문가,https://daoift3qrrnil.cloudfront.net/company_groups/images/000/001/158/webp/%EC%8B%A0%ED%95%9C%EC%BA%90%ED%94%BC%ED%83%88_0001719421_185x72.webp?1684485347,1,https://daoift3qrrnil.cloudfront.net/content_images/images/000/344/284/webp/2026%EB%85%84_%EC%83%81%EB%B0%98%EA%B8%B0_%EC%88%98%EC%8B%9C%EC%B1%84%EC%9A%A9_%EA%B3%B5%EA%B3%A0%28%EC%8B%A0%ED%95%9C%EC%BA%90%ED%94%BC%ED%83%88%29_vF_%287%29.webp?1772781056,,2026-03-06T13:17:39.000+09:00,2026-03-09T10:00:13.000+09:00,2026-08-31
102845,https://jasoseol.com/recruit/102845,한국투자증권,FY2026 상반기 업무직원 공채 (신입사원 6급),big_business,https://career.koreainvestment.com/announcementList,2026-03-09T09:00:00.000+09:00,2026-03-30T17:00:00.000+09:00,0,0,False,False,206124,2342,1792,1287,43,3934,1,지점창구업무 (PB 영업지원),https://daoift3qrrnil.cloudfront.net/company_groups/images/000/000/043/webp/_2977543_%ED%95%9C%EA%B5%AD%ED%88%AC%EC%9E%90%EC%A6%9D%EA%B6%8C_%EA%B5%AD%EB%AC%B8CI.webp?1684484619,1,https://daoift3qrrnil.cloudfront.net/content_images/images/000/344/223/webp/image.webp?1772774107,,2026-03-06T14:15:09.000+09:00,2026-03-09T09:00:01.000+09:00,2026-08-31
102848,https://jasoseol.com/recruit/102848,현대건설,2026 상반기 신입사원 채용,big_business,https://recruit.hdec.co.kr/#/,2026-03-06T00:00:00.000+09:00,2026-03-24T23:59:00.000+09:00,0,0,False,False,92665,4024,6498,2955,35,3926,15,토목사업_토목 | 건축주택사업_건축 | 건축주택사업_설비 | 건축주택사업_전기 | 건축주택사업_토목 | 플랜트사업_기계 | 플랜트사업_화공 | NewEnergy사업_원자력 | NewEnergy사업_기계 | NewEnergy사업_화공 | NewEnergy사업_전기 | NewEnergy사업_토목 | NewEnergy사업_건축 | 지원본부_경영일반 | 안전품질,https://daoift3qrrnil.cloudfront.net/company_groups/images/000/000/035/webp/jss_hashed_f5ffcebd61f45d885904_20250923T113924_%ED%98%84%EB%8C%80%EC%97%94%EC%A7%80%EB%8B%88%EC%96%B4%EB%A7%81_%ED%98%84%EB%8C%80%EA%B1%B4%EC%84%A4_%EB%A1%9C%EA%B3%A0.webp?1758595164,1,https://daoift3qrrnil.cloudfront.net/content_images/images/000/344/233/webp/image.webp?1772775282,,2026-03-06T14:35:05.000+09:00,2026-03-06T14:47:02.000+09:00,2026-08-31
102854,https://jasoseol.com/recruit/102854,SK키파운드리,기술사무직 신입·Junior Talent·경력 모집,big_business,https://www.skcareers.com/,2026-03-06T00:00:00.000+09:00,2026-03-15T23:59:00.000+09:00,0,0,False,False,110160,1595,1932,912,13028,16304,10,[신입] 제조기술 Engineer (Implant) | [신입] 반도체 제조 Engineer | [신입] 재무회계 | [Junior Talent] 제조기술 Junior Engineer (Implant) | [Junior Talent] 재무회계 | [Junior Talent] 경영기획 | [경력] TCAD Engineer | [경력] 공정기술 (Cleaning) | [경력] YE (수율개선) | [경력] 국내변호사,https://daoift3qrrnil.cloudfront.net/company_groups/images/000/013/028/webp/SK-keyfoundry_%EC%BB%A4%EB%AE%A4%EB%8B%88%EC%BC%80%EC%9D%B4%EC%85%98%EB%AA%85_%EA%B5%AD%EB%AC%B8_RGB.webp?1704431073,1,https://daoift3qrrnil.cloudfront.net/content_images/images/000/344/427/webp/260309_SK%ED%82%A4%ED%8C%8C%EC%9A%B4%EB%93%9C%EB%A6%AC_%EA%B3%B5%EA%B3%A0%EC%9D%B4%EB%AF%B8%EC%A7%80_%28%EC%88%98%EC%A0%95%29.webp?1773036200,,2026-03-06T15:24:42.000+09:00,2026-03-06T15:36:08.000+09:00,2026-08-31
102863,https://jasoseol.com/recruit/102863,S-OIL,2026 신입사원 채용 (소매영업),big_business,https://s-oil.recruiter.co.kr/career/jobs/102454,2026-03-06T11:00:00.000+09:00,2026-03-29T23:59:00.000+09:00,0,0,False,False,127177,1997,2053,1003,41,3932,1,소매영업,https://daoift3qrrnil.cloudfront.net/company_groups/images/000/000/041/webp/data.webp?1684484618,1,https://daoift3qrrnil.cloudfront.net/content_images/images/000/347/950/webp/%EC%9B%B9%EA%B3%B5%EA%B3%A0%EB%AC%B8_%EC%B5%9C%EC%A2%85_%EB%A7%88%EA%B0%90%EC%9D%BC%EC%9E%90%EB%B3%80%EA%B2%BD.webp?1774233849,,2026-03-06T18:21:57.000+09:00,2026-03-06T19:00:09.000+09:00,2026-08-31
102890,https://jasoseol.com/recruit/102890,삼성웰스토리,2026년도 상반기 신입사원 채용,big_business,https://www.samsungcareers.com/hr/?no=21872,2026-03-10T10:00:00.000+09:00,2026-03-17T17:00:00.000+09:00,0,0,False,False,27017,834,686,591,113,4004,4,경영지원 | 경영지원(재무) | 수주영업 | 품질위생,https://daoift3qrrnil.cloudfront.net/company_groups/images/000/000/113/webp/%EC%82%BC%EC%84%B1%EC%9B%B0%EC%8A%A4%ED%86%A0%EB%A6%AC_JPG.webp?1694398927,2,https://daoift3qrrnil.cloudfront.net/content_images/images/000/344/486/webp/image.webp?1773044331 | https://daoift3qrrnil.cloudfront.net/content_images/images/000/344/637/webp/%EC%82%BC%EC%84%B1%EC%B1%84%EC%9A%A9%EC%8B%9C%EC%9E%91_%EC%95%B1%EC%B1%84%EC%9A%A9%EA%B3%B5%EA%B3%A0%ED%95%98%EB%8B%A8%EB%B0%B0%EB%84%88.webp?1773116896,,2026-03-09T17:18:58.000+09:00,2026-03-10T11:00:10.000+09:00,2026-08-31
102899,https://jasoseol.com/recruit/102899,KT커머스,"2026년 신입사원 채용(재무회계, 구매)",big_business,http://recruit.kt.com,2026-03-09T00:00:00.000+09:00,2026-03-20T23:59:00.000+09:00,0,4,False,False,69292,1261,1284,696,7711,14122,2,재무회계 | 구매,https://daoift3qrrnil.cloudfront.net/company_groups/images/000/007/711/webp/kt_commerce_CI_01_%EA%B8%B0%EB%B3%B8%ED%98%95_%28Positive%29.png.webp?1684487714,2,https://daoift3qrrnil.cloudfront.net/content_images/images/000/344/515/webp/%EC%8A%AC%EB%9D%BC%EC%9D%B4%EB%93%9C1.webp?1773045056 | https://daoift3qrrnil.cloudfront.net/content_images/images/000/344/516/webp/%EC%8A%AC%EB%9D%BC%EC%9D%B4%EB%93%9C2.webp?1773045057,,2026-03-09T18:22:10.000+09:00,2026-03-09T18:25:00.000+09:00,2026-08-31
102909,https://jasoseol.com/recruit/102909,삼성물산(건설),2026년 상반기 3급 신입사원 채용 공고,big_business,https://www.samsungcareers.com/subsid/detail/B12,2026-03-10T10:00:00.000+09:00,2026-03-17T17:00:00.000+09:00,0,0,False,False,71955,1433,2600,1207,14029,17435,15,기술직(플랜트/에너지):건축 | 기술직(플랜트/에너지):기계 | 기술직(플랜트/에너지):전기전자 | 기술직(데이터센터/오피스빌딩):건축 | 기술직(데이터센터/오피스빌딩):기계 | 기술직(데이터센터/오피스빌딩):전기전자 | 기술직(주택):건축 | 기술직(주택):기계 | 기술직(주택):전기전자 | 기술직(반도체생산설비):건축 | 기술직(반도체생산설비):기계 | 기술직(반도체생산설비):전기전자 | 기술직(안전) | 기술직(IT 기획/운영) | 경영지원직(일반),https://daoift3qrrnil.cloudfront.net/company_groups/images/000/014/029/webp/%EC%82%BC%EC%84%B1%EB%AC%BC%EC%82%B0%EA%B1%B4%EC%84%A4CI.webp?1684488619,2,https://daoift3qrrnil.cloudfront.net/content_images/images/000/344/559/webp/image.webp?1773104891 | https://daoift3qrrnil.cloudfront.net/content_images/images/000/344/634/webp/%EC%82%BC%EC%84%B1%EC%B1%84%EC%9A%A9%EC%8B%9C%EC%9E%91_%EC%95%B1%EC%B1%84%EC%9A%A9%EA%B3%B5%EA%B3%A0%ED%95%98%EB%8B%A8%EB%B0%B0%EB%84%88.webp?1773116629,,2026-03-10T10:08:15.000+09:00,2026-03-10T10:17:13.000+09:00,2026-08-31
102910,https://jasoseol.com/recruit/102910,삼성생명,2026 상반기 신입사원 채용,big_business,https://www.samsunglife-recruit.com/?utm_source=jasoseol&utm_medium=cpc&utm_campaign=H1_recruit,2026-03-10T10:00:00.000+09:00,2026-03-17T17:00:00.000+09:00,0,0,False,False,100913,2058,2813,1862,3501,9837,7,영업관리 | 상품계리 | 자산운용 | 투자자산관리 | 디지털 서비스 기획/운영 | IT 서비스 기획/운영 | 보험지원,https://daoift3qrrnil.cloudfront.net/company_groups/images/000/003/501/webp/%EC%82%BC%EC%84%B1%EC%83%9D%EB%AA%85ci.webp?1694392912,2,https://daoift3qrrnil.cloudfront.net/content_images/images/000/344/560/webp/image.webp?1773104899 | https://daoift3qrrnil.cloudfront.net/content_images/images/000/344/635/webp/%EC%82%BC%EC%84%B1%EC%B1%84%EC%9A%A9%EC%8B%9C%EC%9E%91_%EC%95%B1%EC%B1%84%EC%9A%A9%EA%B3%B5%EA%B3%A0%ED%95%98%EB%8B%A8%EB%B0%B0%EB%84%88.webp?1773116789,,2026-03-10T10:08:23.000+09:00,2026-03-10T10:18:06.000+09:00,2026-08-31
102912,https://jasoseol.com/recruit/102912,삼성증권,2026년 상반기 3급 신입사원 채용,big_business,https://www.samsungcareers.com/subsid/detail/E40#none,2026-03-10T10:00:00.000+09:00,2026-03-17T17:00:00.000+09:00,0,0,False,False,99407,1976,2851,1736,133,4024,12,WM | IB(기업금융) | IB(대체투자) | Sales&Trading(운용) | Sales&Trading(세일즈) | 리서치 | 디지털 서비스 기획/운영 | 연금 사업지원/영업 | IT서비스 기획/운영 | AI 서비스 기획/운영 | 경영지원 | 노무사,https://daoift3qrrnil.cloudfront.net/company_groups/images/000/000/133/webp/%EB%94%94%EC%A7%80%ED%84%B8%29%EC%82%BC%EC%84%B1%EC%A6%9D%EA%B6%8CCI_%EA%B5%AD%EB%AC%B8.webp?1684484644,2,https://daoift3qrrnil.cloudfront.net/content_images/images/000/344/816/webp/%283%EC%B0%A8%29260310_NHR%28%EC%82%BC%EC%84%B1%EC%A6%9D%EA%B6%8C%29_%EC%8B%A0%EC%9E%85%EC%B1%84%EC%9A%A9_%EC%9B%B9%ED%94%8C%EB%9D%BC%EC%9D%B4%EC%96%B4%28800pix%29.webp?1773186171 | https://daoift3qrrnil.cloudfront.net/content_images/images/000/344/639/webp/%EC%82%BC%EC%84%B1%EC%B1%84%EC%9A%A9%EC%8B%9C%EC%9E%91_%EC%95%B1%EC%B1%84%EC%9A%A9%EA%B3%B5%EA%B3%A0%ED%95%98%EB%8B%A8%EB%B0%B0%EB%84%88.webp?1773116968,https://daoift3qrrnil.cloudfront.net/employment_companies/guidebooks/000/102/912/original/%28%EC%82%BC%EC%84%B1%EC%A6%9D%EA%B6%8C%29_26%EC%83%81_%EC%A7%81%EB%AC%B4_%EC%83%81%EC%84%B8_%EC%A0%95%EB%B3%B4_2603.pdf,2026-03-10T10:22:55.000+09:00,2026-03-10T10:28:29.000+09:00,2026-08-31
102913,https://jasoseol.com/recruit/102913,삼성전자 DS부문,2026년 상반기 3급 신입사원 채용,big_business,https://www.samsungcareers.com/subsid/detail/C10CAH#none,2026-03-10T10:00:00.000+09:00,2026-03-17T17:00:00.000+09:00,0,0,False,False,147897,4794,10959,7185,14664,18467,21,반도체공정기술 (메모리) | 설비기술 (메모리) | 회로설계 (S.LSI) | 신호및시스템설계 (S.LSI) | 평가및분석 (S.LSI) | 반도체공정설계 (S.LSI) | 회로설계 (Foundry) | 평가및분석 (Foundry) | 반도체공정설계 (Foundry) | 반도체공정기술 (Foundry) | 설비기술 (Foundry) | 생산관리 (Foundry) | 반도체공정기술 (CTO_반도체 연구소) | 설비기술 (CTO_반도체 연구소) | 인프라기술 (글로벌 제조&인프라 총괄) | 환경 (글로벌 제조&인프라 총괄) | 반도체공정기술 (TSP총괄) | 생산관리 (TSP총괄) | 신호및시스템설계 (AI센터) | SW개발 (AI센터) | 경영지원 (부문공통),https://daoift3qrrnil.cloudfront.net/company_groups/images/000/014/664/webp/Samsung_Orig_Wordmark_BLACK_RGB_%281%29.webp?1694583104,2,https://daoift3qrrnil.cloudfront.net/content_images/images/000/344/571/webp/image.webp?1773106095 | https://daoift3qrrnil.cloudfront.net/content_images/images/000/344/640/webp/%EC%82%BC%EC%84%B1%EC%B1%84%EC%9A%A9%EC%8B%9C%EC%9E%91_%EC%95%B1%EC%B1%84%EC%9A%A9%EA%B3%B5%EA%B3%A0%ED%95%98%EB%8B%A8%EB%B0%B0%EB%84%88.webp?1773117040,https://daoift3qrrnil.cloudfront.net/employment_companies/guidebooks/000/102/913/original/%EC%82%BC%EC%84%B1%EC%A0%84%EC%9E%90_DS%EB%B6%80%EB%AC%B8_'26%EC%83%81_%EA%B3%B5%EC%B1%84_%EC%A7%81%EB%AC%B4%EA%B8%B0%EC%88%A0%EC%84%9C.pdf,2026-03-10T10:28:18.000+09:00,2026-03-10T10:39:32.000+09:00,2026-08-31
102914,https://jasoseol.com/recruit/102914,삼성디스플레이,2026년 상반기 3급 신입사원 채용,big_business,https://www.samsungcareers.com/subsid/detail/C90,2026-03-10T10:00:00.000+09:00,2026-03-17T17:00:00.000+09:00,0,0,False,False,46940,1707,2125,1175,135,4026,6,연구개발 | 공정기술 | 설비인프라기술 | 경영지원 | 경영지원(재무) | 영업마케팅,https://daoift3qrrnil.cloudfront.net/company_groups/images/000/000/135/webp/%EC%82%BC%EC%84%B1%EB%94%94%EC%8A%A4%ED%94%8C%EB%A0%88%EC%9D%B4_%EB%A1%9C%EA%B3%A0%28601%29.webp?1684484645,2,https://daoift3qrrnil.cloudfront.net/content_images/images/000/344/574/webp/image.webp?1773106193 | https://daoift3qrrnil.cloudfront.net/content_images/images/000/344/641/webp/%EC%82%BC%EC%84%B1%EC%B1%84%EC%9A%A9%EC%8B%9C%EC%9E%91_%EC%95%B1%EC%B1%84%EC%9A%A9%EA%B3%B5%EA%B3%A0%ED%95%98%EB%8B%A8%EB%B0%B0%EB%84%88.webp?1773117136,https://daoift3qrrnil.cloudfront.net/employment_companies/guidebooks/000/102/914/original/26%EB%85%84_%EC%83%81%EB%B0%98%EA%B8%B0_3%EA%B8%89_%EC%8B%A0%EC%9E%85%EC%82%AC%EC%9B%90_%EC%B1%84%EC%9A%A9_%EC%A7%81%EB%AC%B4%EC%86%8C%EA%B0%9C%EC%84%9C.pdf,2026-03-10T10:29:55.000+09:00,2026-03-10T10:34:20.000+09:00,2026-08-31
102915,https://jasoseol.com/recruit/102915,삼성물산(상사),2026년 상반기 신입사원 채용 및 대학생 인턴모집,big_business,https://job.incruit.com/jobdb_info/jobpost.asp?job=2603090004479,2026-03-10T10:00:00.000+09:00,2026-03-17T17:00:00.000+09:00,0,0,False,False,80751,1177,2128,683,14034,17440,6,기술영업직 | 영업직 | 경영지원직(관리/금융/재무) | 기술영업직 | 영업직 | 경영지원직(관리/금융/재무),https://daoift3qrrnil.cloudfront.net/company_groups/images/000/014/034/webp/%EC%82%BC%EC%84%B1%EB%AC%BC%EC%82%B0%EC%83%81%EC%82%AC%EB%A1%9C%EA%B3%A0.webp?1725342243,2,https://daoift3qrrnil.cloudfront.net/content_images/images/000/344/600/webp/%EC%82%BC%EC%84%B1%EB%AC%BC%EC%82%B0_%EA%B3%B5%EA%B3%A0%EB%AC%B8%28%EC%9C%A0%ED%8A%9C%EB%B8%8C_%EC%9D%B4%EB%AF%B8%EC%A7%80_%ED%8F%AC%ED%95%A8%29.webp?1773109060 | https://daoift3qrrnil.cloudfront.net/content_images/images/000/344/642/webp/%EC%82%BC%EC%84%B1%EC%B1%84%EC%9A%A9%EC%8B%9C%EC%9E%91_%EC%95%B1%EC%B1%84%EC%9A%A9%EA%B3%B5%EA%B3%A0%ED%95%98%EB%8B%A8%EB%B0%B0%EB%84%88.webp?1773117202,,2026-03-10T10:41:20.000+09:00,2026-03-10T11:00:10.000+09:00,2026-08-31
102917,https://jasoseol.com/recruit/102917,삼성E&A,2026 상반기 3급 신입사원 채용 및 대학생 인턴 모집,big_business,https://www.samsungcareers.com/subsid/detail/D80,2026-03-10T10:00:00.000+09:00,2026-03-17T17:00:00.000+09:00,0,0,False,False,91510,1129,1683,881,129,4020,8,기술직(설계/조달) | 기술직(사업관리/시공관리/품질) | 안전보건관리직 | 경영지원직 | 기술직(설계/조달) | 기술직(사업관리/시공관리/품질) | 안전보건관리직 | 경영지원직,https://daoift3qrrnil.cloudfront.net/company_groups/images/000/000/129/webp/20240828_53ccc7a63a2a447cb97f90ccea2bca8c.webp?1725420778,3,https://daoift3qrrnil.cloudfront.net/content_images/images/000/344/583/webp/2026_%EC%83%81%EB%B0%98%EA%B8%B0_%EC%82%BC%EC%84%B1E_A_%EC%B1%84%EC%9A%A9%EA%B3%B5%EA%B3%A0%EB%AC%B8%28%EC%8B%A0%EC%9E%85%EA%B3%B5%EC%B1%84%29.webp?1773107194 | https://daoift3qrrnil.cloudfront.net/content_images/images/000/344/584/webp/2026_%EC%83%81%EB%B0%98%EA%B8%B0_%EC%82%BC%EC%84%B1E_A_%EC%B1%84%EC%9A%A9%EA%B3%B5%EA%B3%A0%EB%AC%B8%28%EB%8C%80%ED%95%99%EC%83%9D%EC%9D%B8%ED%84%B4%29.webp?1773107200 | https://daoift3qrrnil.cloudfront.net/content_images/images/000/344/643/webp/%EC%82%BC%EC%84%B1%EC%B1%84%EC%9A%A9%EC%8B%9C%EC%9E%91_%EC%95%B1%EC%B1%84%EC%9A%A9%EA%B3%B5%EA%B3%A0%ED%95%98%EB%8B%A8%EB%B0%B0%EB%84%88.webp?1773117305,https://daoift3qrrnil.cloudfront.net/employment_companies/guidebooks/000/102/917/original/_%EC%82%BC%EC%84%B1E_A__2026%EB%85%84_%EC%A7%81%EB%AC%B4%EC%86%8C%EA%B0%9C%EC%84%9C.zip,2026-03-10T10:47:53.000+09:00,2026-03-10T11:05:12.000+09:00,2026-08-31
102918,https://jasoseol.com/recruit/102918,삼성자산운용,2026년 상반기 3급 신입사원 채용,big_business,https://www.samsungcareers.com/hr/?no=21943,2026-03-10T10:00:00.000+09:00,2026-03-17T17:00:00.000+09:00,0,0,False,False,17815,633,418,266,1065,4956,2,자산운용 | 경영지원,https://daoift3qrrnil.cloudfront.net/company_groups/images/000/001/065/webp/jss_hashed_ab4cd046eeb140012dbf_20250901T133345_%28B%EA%B7%B8%EB%A3%B9%29%EC%82%BC%EC%84%B1%EC%9E%90%EC%82%B0%EC%9A%B4%EC%9A%A9CI_%EA%B5%AD%EB%AC%B8_%EB%94%94%EC%A7%80%ED%84%B8%EC%A0%84%EC%9A%A9.webp?1756701228,2,https://daoift3qrrnil.cloudfront.net/content_images/images/000/344/586/webp/image.webp?1773107560 | https://daoift3qrrnil.cloudfront.net/content_images/images/000/344/645/webp/%EC%82%BC%EC%84%B1%EC%B1%84%EC%9A%A9%EC%8B%9C%EC%9E%91_%EC%95%B1%EC%B1%84%EC%9A%A9%EA%B3%B5%EA%B3%A0%ED%95%98%EB%8B%A8%EB%B0%B0%EB%84%88.webp?1773117356,,2026-03-10T10:52:41.000+09:00,2026-03-10T10:56:56.000+09:00,2026-08-31
102919,https://jasoseol.com/recruit/102919,삼성에스원,2026 상반기 3급 신입사원/인턴 채용,big_business,https://www.samsungcareers.com/subsid/detail/E80,2026-03-10T10:00:00.000+09:00,2026-03-17T17:00:00.000+09:00,0,0,False,False,32959,779,1298,557,971,4862,8,보안시스템영업 | 부동산자산관리(PM) | 시설관리(FM) | SI기술 | 연구개발(S/W) | 경영지원 | 연구개발(S/W) | 디자인,https://daoift3qrrnil.cloudfront.net/company_groups/images/000/000/971/webp/jss_hashed_28f7c871ca9d85b3bbf4_20250826T153038_CI.webp?1756189839,2,https://daoift3qrrnil.cloudfront.net/content_images/images/000/344/596/webp/image.webp?1773108565 | https://daoift3qrrnil.cloudfront.net/content_images/images/000/344/646/webp/%EC%82%BC%EC%84%B1%EC%B1%84%EC%9A%A9%EC%8B%9C%EC%9E%91_%EC%95%B1%EC%B1%84%EC%9A%A9%EA%B3%B5%EA%B3%A0%ED%95%98%EB%8B%A8%EB%B0%B0%EB%84%88.webp?1773117430,,2026-03-10T11:09:34.000+09:00,2026-03-10T11:16:23.000+09:00,2026-08-31
102920,https://jasoseol.com/recruit/102920,삼성전자 DX부문,2026년 상반기 3급 신입사원 채용,big_business,https://www.samsungcareers.com/subsid/detail/C10CAA,2026-03-10T10:00:00.000+09:00,2026-03-17T17:00:00.000+09:00,0,0,False,False,91767,3618,7293,4206,14665,18468,22,[MX사업부]회로설계 | [MX사업부]인공지능 | [MX사업부]B2C 영업 | [MX사업부]제품/서비스 마케팅 | [미래로봇추진단]회로설계 | [미래로봇추진단]시스템 소프트웨어 | [네트워크사업부]시스템 개발 | [네트워크사업부]미들웨어 개발 | [네트워크사업부]서버 소프트웨어 | [네트워크사업부]애플리케이션 개발 | [네트워크사업부]B2B 영업 | [네트워크사업부]구매 | [Samsung Research]인공지능 | [Global CS센터]품질 | [DA사업부]B2C 영업 | [DA사업부]제품/서비스 마케팅 | [DA사업부]B2B 영업 | [영상디스플레이사업부]제품/서비스 마케팅 | [영상디스플레이사업부]B2B 영업 | [한국총괄]국내영업마케팅 | [Global EHS실]환경안전 | [Global EHS실]인프라기술,https://daoift3qrrnil.cloudfront.net/company_groups/images/000/014/665/webp/Samsung_Orig_Wordmark_BLUE_RGB.webp?1684488773,2,https://daoift3qrrnil.cloudfront.net/content_images/images/000/344/597/webp/image.webp?1773108661 | https://daoift3qrrnil.cloudfront.net/content_images/images/000/344/647/webp/%EC%82%BC%EC%84%B1%EC%B1%84%EC%9A%A9%EC%8B%9C%EC%9E%91_%EC%95%B1%EC%B1%84%EC%9A%A9%EA%B3%B5%EA%B3%A0%ED%95%98%EB%8B%A8%EB%B0%B0%EB%84%88.webp?1773117478,https://daoift3qrrnil.cloudfront.net/employment_companies/guidebooks/000/102/920/original/2026%EB%85%84_%EC%83%81%EB%B0%98%EA%B8%B0_3%EA%B8%89_%EC%8B%A0%EC%9E%85%EC%82%AC%EC%9B%90_%EC%B1%84%EC%9A%A9_%EC%A7%81%EB%AC%B4%EC%86%8C%EA%B0%9C%EC%84%9C.pdf,2026-03-10T11:11:04.000+09:00,2026-03-10T11:26:58.000+09:00,2026-08-31
102922,https://jasoseol.com/recruit/102922,삼성바이오로직스,2026년 상반기 3급 신입사원 채용 공고,big_business,https://www.samsungcareers.com/hr/?no=21881,2026-03-10T10:00:00.000+09:00,2026-03-17T17:00:00.000+09:00,0,0,False,False,27171,666,644,670,116,4007,2,공정엔지니어링직 | 경영지원직(재무),https://daoift3qrrnil.cloudfront.net/company_groups/images/000/000/116/webp/%EC%82%BC%EC%84%B1%EB%B0%94%EC%9D%B4%EC%98%A4%EB%A1%9C%EC%A7%81%EC%8A%A4.webp?1684484641,2,https://daoift3qrrnil.cloudfront.net/content_images/images/000/344/613/webp/image.webp?1773111021 | https://daoift3qrrnil.cloudfront.net/content_images/images/000/344/650/webp/%EC%82%BC%EC%84%B1%EC%B1%84%EC%9A%A9%EC%8B%9C%EC%9E%91_%EC%95%B1%EC%B1%84%EC%9A%A9%EA%B3%B5%EA%B3%A0%ED%95%98%EB%8B%A8%EB%B0%B0%EB%84%88.webp?1773117603,,2026-03-10T11:50:22.000+09:00,2026-03-10T11:54:13.000+09:00,2026-08-31
102928,https://jasoseol.com/recruit/102928,삼성전자 DS부문,Full-time opportunity for international students (DS),big_business,https://www.samsungcareers.com/hr/?no=21880,2026-03-10T10:00:00.000+09:00,2026-03-17T17:00:00.000+09:00,0,0,False,False,9937,103,35,17,14664,18467,1,Process technology,https://daoift3qrrnil.cloudfront.net/company_groups/images/000/014/664/webp/Samsung_Orig_Wordmark_BLACK_RGB_%281%29.webp?1694583104,2,https://daoift3qrrnil.cloudfront.net/content_images/images/000/344/620/webp/image.webp?1773114423 | https://daoift3qrrnil.cloudfront.net/content_images/images/000/344/656/webp/%EC%82%BC%EC%84%B1%EC%B1%84%EC%9A%A9%EC%8B%9C%EC%9E%91_%EC%95%B1%EC%B1%84%EC%9A%A9%EA%B3%B5%EA%B3%A0%ED%95%98%EB%8B%A8%EB%B0%B0%EB%84%88.webp?1773117929,,2026-03-10T12:47:04.000+09:00,2026-03-10T12:50:14.000+09:00,2026-08-31
102929,https://jasoseol.com/recruit/102929,삼성글로벌리서치,2026년 상반기 3급 신입사원 채용 공고,big_business,https://www.samsungcareers.com/hr/?no=21935,2026-03-10T10:00:00.000+09:00,2026-03-17T17:00:00.000+09:00,0,0,False,False,25472,808,1226,417,2357,6248,2,인사 | IT서비스 기획/운영,https://daoift3qrrnil.cloudfront.net/company_groups/images/000/002/357/webp/logo.webp?1684485836,2,https://daoift3qrrnil.cloudfront.net/content_images/images/000/344/621/webp/image.webp?1773114829 | https://daoift3qrrnil.cloudfront.net/content_images/images/000/344/658/webp/%EC%82%BC%EC%84%B1%EC%B1%84%EC%9A%A9%EC%8B%9C%EC%9E%91_%EC%95%B1%EC%B1%84%EC%9A%A9%EA%B3%B5%EA%B3%A0%ED%95%98%EB%8B%A8%EB%B0%B0%EB%84%88.webp?1773117996,,2026-03-10T12:53:50.000+09:00,2026-03-10T13:05:43.000+09:00,2026-08-31
102931,https://jasoseol.com/recruit/102931,LG전자,2026 R&D 석/박사 산학장학생 채용,big_business,https://careers.lg.com/apply/detail?id=1001422,2026-03-09T10:00:00.000+09:00,2026-03-30T10:00:00.000+09:00,0,0,False,False,93768,790,2417,504,789,4680,6,HW(전기전자) R&D | SW R&D | Mechanical(기계/기구) R&D | Material(소재/재료) R&D | Production R&D | IT/Communication R&D,https://daoift3qrrnil.cloudfront.net/company_groups/images/000/000/789/webp/LG%EC%A0%84%EC%9E%90_%EB%A1%9C%EA%B3%A0_%ED%95%9C%EA%B8%80_2.webp?1684485267,1,https://daoift3qrrnil.cloudfront.net/content_images/images/000/344/627/webp/image.webp?1773115669,,2026-03-10T13:08:03.000+09:00,2026-03-10T13:18:40.000+09:00,2026-08-31
102940,https://jasoseol.com/recruit/102940,제일기획,2026년 상반기 3급 신입사원 채용 공고,big_business,https://www.samsungcareers.com/hr/?no=21832,2026-03-10T10:00:00.000+09:00,2026-03-17T17:00:00.000+09:00,0,0,False,False,33005,1340,2035,1225,118,4009,11,기획직 | 마케팅전략 | 리테일마케팅 | 플랫폼기획직 | 데이터기획직 | 방송직(PD) | 제작직(Art) | 제작직(CW) | UI/UX디자인직 | 소프트웨어직 | 경영지원직(일반),https://daoift3qrrnil.cloudfront.net/company_groups/images/000/000/118/webp/imgres.webp?1684484642,2,https://daoift3qrrnil.cloudfront.net/content_images/images/000/344/651/webp/image.webp?1773117627 | https://daoift3qrrnil.cloudfront.net/content_images/images/000/344/663/webp/%EC%82%BC%EC%84%B1%EC%B1%84%EC%9A%A9%EC%8B%9C%EC%9E%91_%EC%95%B1%EC%B1%84%EC%9A%A9%EA%B3%B5%EA%B3%A0%ED%95%98%EB%8B%A8%EB%B0%B0%EB%84%88.webp?1773118302,,2026-03-10T13:40:30.000+09:00,2026-03-10T13:45:47.000+09:00,2026-08-31
102942,https://jasoseol.com/recruit/102942,삼성물산(패션),2026년 상반기 3급 신입사원 채용 공고,big_business,https://www.samsungcareers.com/hr/?no=21962,2026-03-10T10:00:00.000+09:00,2026-03-17T17:00:00.000+09:00,0,0,False,False,65391,1002,1231,631,14032,17438,3,상품기획 | Retail영업 | 경영지원,https://daoift3qrrnil.cloudfront.net/company_groups/images/000/014/032/webp/1681166622_%EC%82%BC%EC%84%B1%EB%AC%BC%EC%82%B0%28%EC%A3%BC%29_185x72.webp?1684488620,2,https://daoift3qrrnil.cloudfront.net/content_images/images/000/345/042/webp/%28%EC%82%BC%EC%84%B1%EB%AC%BC%EC%82%B0_%ED%8C%A8%EC%85%98%EB%B6%80%EB%AC%B8%29%ED%8F%AC%EC%8A%A4%ED%84%B0_2026%EB%85%84_%EC%83%81%EB%B0%98%EA%B8%B0_3%EA%B8%89_%EC%8B%A0%EC%9E%85%EC%82%AC%EC%9B%90_%EC%B1%84%EC%9A%A9_%EA%B3%B5%EA%B3%A0.webp?1773219322 | https://daoift3qrrnil.cloudfront.net/content_images/images/000/344/666/webp/%EC%82%BC%EC%84%B1%EC%B1%84%EC%9A%A9%EC%8B%9C%EC%9E%91_%EC%95%B1%EC%B1%84%EC%9A%A9%EA%B3%B5%EA%B3%A0%ED%95%98%EB%8B%A8%EB%B0%B0%EB%84%88.webp?1773118415,,2026-03-10T13:47:51.000+09:00,2026-03-10T13:50:42.000+09:00,2026-08-31
102944,https://jasoseol.com/recruit/102944,삼성전자 DX부문,Full-Time Opportunity for International Students,big_business,https://www.samsungcareers.com/hr/?no=21907,2026-03-10T10:00:00.000+09:00,2026-03-17T17:00:00.000+09:00,0,0,False,False,11330,108,78,26,14665,18468,17,[Mobile eXperience Business] Circuit Design | [Future Robotics Office] Circuit Design | [Networks Business] System Development | [Future Robotics Office] System Software | [Mobile eXperience Business] Artificial Intelligence | [Samsung Research] Artificial Intelligence | [Networks Business] Middleware Development | [Networks Business] Server Software | [Networks Business] Application Development | [Visual Display Business] Product/Service Marketing | [Digital Appliances Business] Product/Service Marketing | [Mobile eXperience Business] Product/Service Marketing | [Digital Appliances Business] B2C Sales | [Mobile eXperience Business] B2C Sales | [Visual Display Business] B2B Sales | [Digital Appliances Business] B2B Sales | [Networks Business] B2B Sales,https://daoift3qrrnil.cloudfront.net/company_groups/images/000/014/665/webp/Samsung_Orig_Wordmark_BLUE_RGB.webp?1684488773,2,https://daoift3qrrnil.cloudfront.net/content_images/images/000/344/668/webp/image.webp?1773118522 | https://daoift3qrrnil.cloudfront.net/content_images/images/000/344/695/webp/%EC%82%BC%EC%84%B1%EC%B1%84%EC%9A%A9%EC%8B%9C%EC%9E%91_%EC%95%B1%EC%B1%84%EC%9A%A9%EA%B3%B5%EA%B3%A0%ED%95%98%EB%8B%A8%EB%B0%B0%EB%84%88.webp?1773120876,,2026-03-10T13:55:24.000+09:00,2026-03-10T14:01:46.000+09:00,2026-08-31
102945,https://jasoseol.com/recruit/102945,삼성중공업,2026년 상반기 3급 신입사원 채용 공고,big_business,https://www.samsungcareers.com/hr/?no=21877,2026-03-10T10:00:00.000+09:00,2026-03-17T17:00:00.000+09:00,0,0,False,False,35298,1270,2308,1007,132,4023,11,기본설계 | 조선설계 | 해양설계 | 공정관리 | 구매 | PM | R&D | 자동화솔루션 | 해외영업 | 경영지원 | 경영지원(재무),https://daoift3qrrnil.cloudfront.net/company_groups/images/000/000/132/webp/%EC%82%BC%EC%84%B1%EC%A4%91%EA%B3%B5%EC%97%85.webp?1684484644,2,https://daoift3qrrnil.cloudfront.net/content_images/images/000/344/669/webp/image.webp?1773118592 | https://daoift3qrrnil.cloudfront.net/content_images/images/000/344/696/webp/%EC%82%BC%EC%84%B1%EC%B1%84%EC%9A%A9%EC%8B%9C%EC%9E%91_%EC%95%B1%EC%B1%84%EC%9A%A9%EA%B3%B5%EA%B3%A0%ED%95%98%EB%8B%A8%EB%B0%B0%EB%84%88.webp?1773120953,,2026-03-10T13:56:34.000+09:00,2026-03-10T14:06:30.000+09:00,2026-08-31
102946,https://jasoseol.com/recruit/102946,삼성화재,2026년 상반기 3급 신입사원 채용,big_business,https://www.samsungcareers.com/hr/?no=21852,2026-03-10T10:00:00.000+09:00,2026-03-17T17:00:00.000+09:00,0,0,False,False,41534,1505,1883,1144,134,4025,7,영업관리 | 손해사정 | 상품개발·계리 | 계약심사(언더라이팅) | 글로벌 사업 기획/운영 | 자산운용 | 디지털 서비스 기획/운영,https://daoift3qrrnil.cloudfront.net/company_groups/images/000/000/134/webp/%EC%82%BC%EC%84%B1%ED%99%94%EC%9E%AC_05_%EC%82%BC%EC%84%B1%ED%99%94%EC%9E%ACCI_%EA%B5%AD%EB%AC%B8_%ED%88%AC%EB%AA%85%EB%B0%B0%EA%B2%BD.webp?1684484644,2,https://daoift3qrrnil.cloudfront.net/content_images/images/000/344/678/webp/image.webp?1773119406 | https://daoift3qrrnil.cloudfront.net/content_images/images/000/344/697/webp/%EC%82%BC%EC%84%B1%EC%B1%84%EC%9A%A9%EC%8B%9C%EC%9E%91_%EC%95%B1%EC%B1%84%EC%9A%A9%EA%B3%B5%EA%B3%A0%ED%95%98%EB%8B%A8%EB%B0%B0%EB%84%88.webp?1773120995,,2026-03-10T14:10:09.000+09:00,2026-03-10T14:14:41.000+09:00,2026-08-31
102948,https://jasoseol.com/recruit/102948,삼성바이오에피스,2026년 상반기 3급 신입사원 채용 공고,big_business,https://www.samsungcareers.com/hr/?no=21843,2026-03-10T10:00:00.000+09:00,2026-03-17T17:00:00.000+09:00,0,0,False,False,18105,587,333,313,115,4006,2,연구개발 | 경영지원,https://daoift3qrrnil.cloudfront.net/company_groups/images/000/000/115/webp/Lettermark_%EA%B5%AD%EB%AC%B8_%EC%84%B8%EB%A1%9C.webp?1725413104,2,https://daoift3qrrnil.cloudfront.net/content_images/images/000/344/685/webp/image.webp?1773119791 | https://daoift3qrrnil.cloudfront.net/content_images/images/000/344/699/webp/%EC%82%BC%EC%84%B1%EC%B1%84%EC%9A%A9%EC%8B%9C%EC%9E%91_%EC%95%B1%EC%B1%84%EC%9A%A9%EA%B3%B5%EA%B3%A0%ED%95%98%EB%8B%A8%EB%B0%B0%EB%84%88.webp?1773121075,,2026-03-10T14:16:32.000+09:00,2026-03-10T14:18:29.000+09:00,2026-08-31
102949,https://jasoseol.com/recruit/102949,삼성SDI,2026년 상반기 3급 신입사원 채용 공고,big_business,https://www.samsungcareers.com/hr/?no=21896,2026-03-10T10:00:00.000+09:00,2026-03-17T17:00:00.000+09:00,0,0,False,False,37085,798,1783,605,820,4711,1,기술,https://daoift3qrrnil.cloudfront.net/company_groups/images/000/000/820/webp/116FF3414E10B2450C.webp?1684485272,2,https://daoift3qrrnil.cloudfront.net/content_images/images/000/344/688/webp/image.webp?1773119960 | https://daoift3qrrnil.cloudfront.net/content_images/images/000/344/701/webp/%EC%82%BC%EC%84%B1%EC%B1%84%EC%9A%A9%EC%8B%9C%EC%9E%91_%EC%95%B1%EC%B1%84%EC%9A%A9%EA%B3%B5%EA%B3%A0%ED%95%98%EB%8B%A8%EB%B0%B0%EB%84%88.webp?1773121112,,2026-03-10T14:19:21.000+09:00,2026-03-10T14:20:24.000+09:00,2026-08-31
102951,https://jasoseol.com/recruit/102951,삼성전기,2026년 상반기 3급 신입사원 채용 공고,big_business,https://www.samsungcareers.com/hr/?no=21833,2026-03-10T10:00:00.000+09:00,2026-03-17T17:00:00.000+09:00,0,0,False,False,26696,704,1447,656,138,4029,1,연구개발직,https://daoift3qrrnil.cloudfront.net/company_groups/images/000/000/138/webp/%EC%82%BC%EC%84%B1%EC%A0%84%EA%B8%B0_%EA%B5%AD%EB%AC%B8%EB%A1%9C%EA%B3%A0.webp?1684484645,2,https://daoift3qrrnil.cloudfront.net/content_images/images/000/344/690/webp/image.webp?1773120231 | https://daoift3qrrnil.cloudfront.net/content_images/images/000/344/703/webp/%EC%82%BC%EC%84%B1%EC%B1%84%EC%9A%A9%EC%8B%9C%EC%9E%91_%EC%95%B1%EC%B1%84%EC%9A%A9%EA%B3%B5%EA%B3%A0%ED%95%98%EB%8B%A8%EB%B0%B0%EB%84%88.webp?1773121247,,2026-03-10T14:23:54.000+09:00,2026-03-10T14:25:32.000+09:00,2026-08-31
102966,https://jasoseol.com/recruit/102966,한화오션,2026 상반기 신입사원 채용,big_business,https://recruit-hanwhaocean.com/ko/2026newrecruits,2026-03-16T00:00:00.000+09:00,2026-03-31T22:59:00.000+09:00,0,0,False,False,164829,7915,15574,5284,61,3952,24,기본설계 | 종합/구조설계 | 의장설계(기장/선장/배관) | 의장설계(전장/무장/통신) | 영업 | 사업기획 | 사업관리 | 사업개발(풍력) | 구매 | 생산관리(생산관리/공무/품질) | HSE | AI 개발 | 로보틱스 개발 | 자동화 개발(장비/설비) | 생산지능화 | 설계지능화 | 경영관리지능화 | IT 시스템 개발 및 운영 | CCS연구 | 성능평가 | 회계 | 홍보 | ER | HR,https://daoift3qrrnil.cloudfront.net/company_groups/images/000/000/061/webp/1015936_778977_4919.webp?1698910466,1,https://daoift3qrrnil.cloudfront.net/content_images/images/000/345/747/webp/26%EC%83%81_%ED%95%9C%ED%99%94%EC%98%A4%EC%85%98_%EC%8B%A0%EC%9E%85%EC%B1%84%EC%9A%A9_%EC%9B%B9%ED%94%8C%EB%9D%BC%EC%9D%B4%EC%96%B4%28FN%29_%281%29.webp?1773623948,,2026-03-10T16:10:13.000+09:00,2026-03-11T11:39:58.000+09:00,2026-08-31
102982,https://jasoseol.com/recruit/102982,한화에어로스페이스,2026 상반기 대규모 신입사원 채용,big_business,http://hanwhaaerospace-recruit.com/?utm_source=jasoseol&utm_medium=cpc&utm_campaign=20262Q,2026-03-16T00:00:00.000+09:00,2026-03-30T15:00:00.000+09:00,0,0,False,False,345660,12233,25350,9948,4216,10553,28,R&D_기계/항공 | R&D_전기/전자 | R&D_SW/컴퓨터공학 | R&D_화학공학/화학 | R&D_공학계열 | 제조/생산기술_기계/항공 | 제조/생산기술_전기/전자 | 제조/생산기술_SW/컴퓨터공학 | 제조/생산기술_화학공학/화학 | 제조/생산기술_공학계열 | 품질 | 구매_공학계열 | 구매_상경계열 | 사업개발 | 재무 | 경영관리 | 방산원가 | 인사 | 총무 | 안전/환경_안전공학 | 안전/환경_환경공학 | R&D_기계/항공 | R&D_전기/전자 | R&D_SW/컴퓨터공학 | R&D_재료/소재공학 | 사업개발 | 재무 | 인사,https://daoift3qrrnil.cloudfront.net/company_groups/images/000/004/216/webp/news-p.v1.20221031.6c2eb1acddb1475d8522211403fe576e_P1.webp?1700665842,1,https://daoift3qrrnil.cloudfront.net/content_images/images/000/345/749/webp/26%EC%83%81_02_%ED%95%9C%ED%99%94%EC%97%90%EC%96%B4%EB%A1%9C%EC%8A%A4%ED%8E%98%EC%9D%B4%EC%8A%A4_%EC%83%81%EB%B0%98%EA%B8%B0%EC%B1%84%EC%9A%A9_%EC%9B%B9%ED%94%8C%EB%9D%BC%EC%9D%B4%EC%96%B4%28%EC%8B%A0%EC%9E%85%29_v5.webp?1773624114,,2026-03-10T17:27:56.000+09:00,2026-03-10T17:29:11.000+09:00,2026-08-31
102987,https://jasoseol.com/recruit/102987,남해화학,신입/연구직/공인노무사 모집,big_business,https://nhchem.saramin.co.kr/service/nhchem/3764/applicant/apply/recruit_default.asp,2026-03-11T10:00:00.000+09:00,2026-03-18T17:00:00.000+09:00,0,0,False,False,72295,226,456,134,2599,6594,5,공인노무사 | 5급 연구직 | 화공 (전문기능직) | CAD (전문기능직) | 계전 (전문기능직),https://daoift3qrrnil.cloudfront.net/company_groups/images/000/002/599/webp/logo_%281%29.webp?1684485939,1,https://daoift3qrrnil.cloudfront.net/content_images/images/000/344/866/webp/image.webp?1773191828,,2026-03-11T10:17:09.000+09:00,2026-03-11T10:23:59.000+09:00,2026-08-31
102988,https://jasoseol.com/recruit/102988,존슨앤드존슨,[Innovative Medicine] Territory Executive(Pharmacist hiring/Fresh graduates may apply),big_business,https://jnj.careerlink.kr/jobs,2026-03-10T10:00:00.000+09:00,2026-03-22T23:59:00.000+09:00,0,0,False,False,12915,78,131,19,1045,4936,1,Territory Executive,https://daoift3qrrnil.cloudfront.net/company_groups/images/000/001/045/webp/jss_hashed_6044e3ffc36ca8e97f2f_20260723T134800_JNJ_Logo_SingleLine_Red_RGB_%281%29.webp?1784782081,1,https://daoift3qrrnil.cloudfront.net/content_images/images/000/344/884/webp/%EC%A1%B4%EC%8A%A8.webp?1773194907,,2026-03-11T11:08:43.000+09:00,2026-03-11T11:31:07.000+09:00,2026-08-31
102989,https://jasoseol.com/recruit/102989,존슨앤드존슨,[Vision Care] AI Engineer - Techonology Leadership Development Program,big_business,https://jnj.careerlink.kr/jobs,2026-03-11T11:00:00.000+09:00,2026-03-29T23:59:00.000+09:00,0,0,False,False,17469,308,866,149,1045,4936,1,AI Engineer,https://daoift3qrrnil.cloudfront.net/company_groups/images/000/001/045/webp/jss_hashed_6044e3ffc36ca8e97f2f_20260723T134800_JNJ_Logo_SingleLine_Red_RGB_%281%29.webp?1784782081,1,https://daoift3qrrnil.cloudfront.net/content_images/images/000/344/884/webp/%EC%A1%B4%EC%8A%A8.webp?1773194907,,2026-03-11T11:16:53.000+09:00,2026-03-11T11:18:23.000+09:00,2026-08-31
102999,https://jasoseol.com/recruit/102999,세아특수강,2026 상반기 채용 신입/경력 각 분야 (사무기술직/별정직),big_business,https://seahsp.career.greetinghr.com/ko/home,2026-03-12T10:00:00.000+09:00,2026-03-22T23:59:00.000+09:00,0,0,False,False,89183,433,465,177,1876,5767,3,디지털혁신팀/사무기술직 | 물류팀/사무기술직 | 운영지원팀/별정직,https://daoift3qrrnil.cloudfront.net/company_groups/images/000/001/876/webp/%EC%84%B8%EC%95%84%ED%8A%B9%EC%88%98%EA%B0%95_%EB%A1%9C%EA%B3%A0.webp?1684485638,1,https://daoift3qrrnil.cloudfront.net/content_images/images/000/344/953/webp/image.webp?1773208324,,2026-03-11T14:52:07.000+09:00,2026-03-12T10:00:04.000+09:00,2026-08-31
103001,https://jasoseol.com/recruit/103001,LG유플러스,2026년 3월 신입채용,big_business,https://m.site.naver.com/22rKi,2026-03-13T15:00:00.000+09:00,2026-03-29T23:00:00.000+09:00,0,0,False,False,102460,3601,4417,2218,4683,11066,3,Consumer부문 - 모바일 정책기획 | Enterprise부문(B2B) - B2B영업 | NW부문 - NW기술(유·무선),https://daoift3qrrnil.cloudfront.net/company_groups/images/000/004/683/webp/%EB%A1%9C%EA%B3%A0_LG%EC%9C%A0%ED%94%8C%EB%9F%AC%EC%8A%A4_CI_png-.webp?1684486721,1,https://daoift3qrrnil.cloudfront.net/content_images/images/000/344/984/webp/image.webp?1773214017,,2026-03-11T16:27:21.000+09:00,2026-03-13T15:00:02.000+09:00,2026-08-31
103002,https://jasoseol.com/recruit/103002,GS칼텍스,2026년 상반기 신입/경력사원 채용,big_business,https://recruit2026-gscaltex.com/,2026-03-18T09:00:00.000+09:00,2026-03-31T23:59:00.000+09:00,0,0,False,False,174417,5537,6142,3701,2500,6391,8,Supply & Trading  | Retail/Commercial 영업 | 재무 | 인사 | 엔지니어 (전기) | 엔지니어 (화공)  | 안전 | DX/AX (여수공장) (경력),https://daoift3qrrnil.cloudfront.net/company_groups/images/000/002/500/webp/data.webp?1689045040,1,https://daoift3qrrnil.cloudfront.net/content_images/images/000/345/989/webp/26%EC%83%81_03_GS%EC%B9%BC%ED%85%8D%EC%8A%A4_%EC%8B%A0%EC%9E%85%EC%B1%84%EC%9A%A9_%EC%9B%B9%ED%94%8C%EB%9D%BC%EC%9D%B4%EC%96%B4_v4%28%EC%9E%AC%EB%B0%9C%EC%86%A1%29.webp?1773708179,,2026-03-11T16:45:07.000+09:00,2026-03-18T09:00:02.000+09:00,2026-08-31
103017,https://jasoseol.com/recruit/103017,세아제강,2026년 상반기 신입/경력사원 채용,big_business,https://seahsteel.recruiter.co.kr/career/job?utm_source=jasoseol&utm_medium=banner&utm_campaign=2603seahsteel,2026-03-12T00:00:00.000+09:00,2026-03-18T23:59:00.000+09:00,0,0,False,False,44866,1999,2315,1354,793,4684,12,[세아제강지주] IR  | [세아제강] 인사  | [세아제강] 인사 | [세아제강] 경영기획  | [세아제강] 경영기획  | [세아제강] 해외영업  | [세아제강] 해외영업 | [세아제강] 회계  | [세아제강] 회계  | [세아제강] 신제품/신소재개발  | [세아제강] 인사/노무  | [세아제강] 총무/혁신 ,https://daoift3qrrnil.cloudfront.net/company_groups/images/000/000/793/webp/%EC%84%B8%EC%95%84%EC%A0%9C%EA%B0%95_CI.webp?1739257559,1,https://daoift3qrrnil.cloudfront.net/content_images/images/000/345/877/webp/%EC%84%B8%EC%95%84%EC%A0%9C%EA%B0%95_2026%EB%85%84_%EC%83%81%EB%B0%98%EA%B8%B0_3%EC%9B%94_%EA%B3%B5%EA%B3%A0%EB%AC%B8_%EC%B5%9C%EC%A2%85.webp?1773643044,,2026-03-12T10:16:57.000+09:00,2026-03-12T10:25:46.000+09:00,2026-08-31
103055,https://jasoseol.com/recruit/103055,한화시스템,2026년 상반기 방산부문 대규모 신입사원 채용,big_business,https://m.hanwhain.com/hanwha/jobs/jobs_recruit_detail.do?rtSeq=18249,2026-03-13T10:00:00.000+09:00,2026-03-26T11:00:00.000+09:00,0,0,False,False,161870,7304,13495,6157,4332,10669,17,System Engineering | Hardware | Software | 함정설계 | 기계 | 전원 | 제어 | 연구기획 | 광학 | 품질 | 해외영업 | 사업기획 | 금융/회계 | 원가 | 구매 | ESH | HR,https://daoift3qrrnil.cloudfront.net/company_groups/images/000/004/332/webp/news_1640566741_1067121_m_1.webp?1684486612,1,https://daoift3qrrnil.cloudfront.net/content_images/images/000/345/369/webp/image.webp?1773365806,,2026-03-13T10:36:55.000+09:00,2026-03-13T10:41:22.000+09:00,2026-08-31
103075,https://jasoseol.com/recruit/103075,SK하이닉스,['26년 상반기] Talent hy-way 신입 (이천/분당/서울),big_business,https://www.skcareers.com/Recruit/Detail/R260521,2026-03-10T09:00:00.000+09:00,2026-03-23T17:00:00.000+09:00,0,0,False,False,204408,8920,21406,10052,1511,5402,26,"Tech R&D - 설계 | Tech R&D - 소자 | Tech R&D - R&D 공정 | Tech R&D - Product Engineering | Tech R&D - Application Engineering | Tech R&D - PKG 개발 | 제조 - 양산기술 | 제조 - 양산기술(P&T) | 제조 - 기반기술 | 제조 - 양산관리 | 건설/플랜트 - Utility기술(공조/배기, 배관) | 건설/플랜트 - Utility기술(Gas, Chemical, 수처리) | 건설/플랜트 - Utility기술(전기, 제어) | 건설/플랜트 - Utility기술(건축, BIM/5D) | 안전보건 - SHE(안전) | 안전보건 - SHE(보건) | 안전보건 - SHE(환경/화학물질관리) | 안전보건 - SHE(P&S기술) | 전략기획 - 경영전략 | 구매 - 구매 | 기업문화 - 기업문화 | Tech R&D - System Arch./Solution SW | 영업 - 영업/마케팅/상품기획/신제품사업화 | Tech R&D - 개발Test&Infra | 재무 - 재무 | IT - IT",https://daoift3qrrnil.cloudfront.net/company_groups/images/000/001/511/webp/%ED%95%98%EC%9D%B4%EB%8B%89%EC%8A%A4-%EC%98%81%EB%AC%B8_%EB%B0%B0%EA%B2%BD%EC%83%89-%EC%A0%9C%EA%B1%B0.webp?1684485495,1,https://daoift3qrrnil.cloudfront.net/content_images/images/000/345/531/webp/screencapture-skcareers-Recruit-Detail-R260521-2026-03-13-16_14_12.webp?1773386374,,2026-03-13T16:18:23.000+09:00,2026-03-13T16:23:28.000+09:00,2026-08-31
103076,https://jasoseol.com/recruit/103076,SK하이닉스,['26년 상반기] Talent hy-way 신입 (청주),big_business,https://www.skcareers.com/Recruit/Detail/R260523,2026-03-10T09:00:00.000+09:00,2026-03-23T17:00:00.000+09:00,0,0,False,False,91384,2938,5039,2746,1511,5402,10,"제조 - 양산기술 | 제조 - 양산기술(P&T) | 제조 - 기반기술 | 제조 - 양산관리 | 건설/플랜트 - Utility기술(공조/배기, 배관) | 건설/플랜트 - Utility기술(Gas, Chemical, 수처리) | 건설/플랜트 - Utility기술(전기, 제어) | 건설/플랜트 - Utility기술(건축, BIM/5D) | 안전보건 - SHE(안전) | 안전보건 - SHE(P&S기술)",https://daoift3qrrnil.cloudfront.net/company_groups/images/000/001/511/webp/%ED%95%98%EC%9D%B4%EB%8B%89%EC%8A%A4-%EC%98%81%EB%AC%B8_%EB%B0%B0%EA%B2%BD%EC%83%89-%EC%A0%9C%EA%B1%B0.webp?1684485495,1,https://daoift3qrrnil.cloudfront.net/content_images/images/000/345/532/webp/image.webp?1773386409,,2026-03-13T16:20:11.000+09:00,2026-03-13T16:22:56.000+09:00,2026-08-31
103078,https://jasoseol.com/recruit/103078,세아베스틸,2026 상반기 신입/경력사원 채용,big_business,https://seah.recruiter.co.kr/career/jobs/103125,2026-03-13T00:00:00.000+09:00,2026-03-22T23:59:00.000+09:00,0,0,False,False,86694,1832,2568,1271,5635,12022,7,경영관리  | 생산/연구 | ESG | 설비 | 안전경영 | 인사 | 설비 (창녕),https://daoift3qrrnil.cloudfront.net/company_groups/images/000/005/635/webp/%EB%8B%A4%EC%9A%B4%EB%A1%9C%EB%93%9C_%2810%29.webp?1700624506,1,https://daoift3qrrnil.cloudfront.net/content_images/images/000/346/598/webp/2026_%EC%83%81%EB%B0%98%EA%B8%B0_%EC%84%B8%EC%95%84%EB%B2%A0%EC%8A%A4%ED%8B%B8_%EC%B1%84%EC%9A%A9_%EA%B3%B5%EA%B3%A0%EB%AC%B8_v8_0313.webp?1773905860,,2026-03-13T16:39:24.000+09:00,2026-03-13T16:43:36.000+09:00,2026-08-31
103082,https://jasoseol.com/recruit/103082,드림라인,드림라인 상반기 채용,big_business,https://www.saramin.co.kr/zf_user/jobs/view?rec_idx=53327160&view_type=etc&ref=recruit_manage,2026-03-16T00:00:00.000+09:00,2026-03-29T23:59:00.000+09:00,0,4,False,False,17205,414,522,162,2937,8192,7,글로벌 영업 | 글로벌 기획 | 커머스 영업 | 기업 영업 | 통신 인프라 | IP기술 | 회계,https://daoift3qrrnil.cloudfront.net/company_groups/images/000/002/937/webp/%EB%93%9C%EB%A6%BC%EB%9D%BC%EC%9D%B8_CI_%28%EB%B0%94%ED%83%95%ED%88%AC%EB%AA%85_%EA%B2%80%EC%9D%80%EC%83%89%EA%B8%80%EC%94%A8%29.webp?1684486060,2,https://daoift3qrrnil.cloudfront.net/content_images/images/000/348/047/webp/%E2%98%85%EC%9E%90%EC%86%8C%EC%84%A4%EB%8B%B7%EC%BB%B4_%EC%95%9E%EB%A9%B4%282026.03%29.webp?1774256491 | https://daoift3qrrnil.cloudfront.net/content_images/images/000/348/049/webp/%E2%98%85%EC%9E%90%EC%86%8C%EC%84%A4%EB%8B%B7%EC%BB%B4_%EB%92%B7%EB%A9%B4%282026.03%29.webp?1774256494,,2026-03-13T17:31:31.000+09:00,2026-03-13T17:31:31.000+09:00,2026-08-31
103083,https://jasoseol.com/recruit/103083,현대자동차,3월 신입 채용,big_business,https://talent-hyundai-now.com/?utm_source=jasoseol&utm_medium=banner&utm_campaign=3mth_recruit,2026-03-20T09:00:00.000+09:00,2026-04-03T17:00:00.000+09:00,0,0,False,False,352749,16075,37869,17311,1472,5363,83,"오픈소스 컴플라이언스 | AVP 차량개발 전략 | R&D 기술경영 | 디지털엔지니어링 | 로보틱스 기술 및 사업 개발 | 모빌리티 서비스 개발/기획/UX/사업 | 모빌리티 시스템 선행 개발 | 차량 SW/HW 아키텍처 개발 | Feature 상품 전략/기획 및 SW 서비스/사업 개발 | 배터리 제조/공정 기술 개발 | 전동화 에너지 개발(연료전지/배터리) 및 소재 연구 | 인포테인먼트 개발 및 검증 | 자율주행개발-시험 | 전자개발 | 상용차 시작 개발 | 전동화/SDV 차량제어 SW 개발·검증 | 차량 시스템 개발 | [채용전환형 인턴] 기아 CMF(Color, Material, Finish) 디자인 | [채용전환형 인턴] 기아 내장 디자인 | [채용전환형 인턴] 제네시스 모빌리티 디자인 | [채용전환형 인턴] 현대 CMF(Color, Material, Finish) 디자인 | [채용전환형 인턴] 현대 모빌리티 디자인 | [채용전환형 인턴] 현대/기아/제네시스 디자인엔지니어링 | 기아 디자인 PM | 현대/기아 디자인 CQM(Color Quality Management) | 구매 | 구매 (남양연구소) | 구매 (울산공장) | 플랜트 운영 (아산공장) | 플랜트 운영 (울산공장) | 플랜트 운영 (전주공장) | 생산기술 (남양연구소) | 생산기술 (아산공장) | 생산기술 (울산공장) | 생산기술 (전주공장) | 선행품질 (남양연구소) | 선행품질 (울산공장) | 안전품질 | 품질보증 (남양연구소) | 품질보증 (아산공장) | 품질보증 (울산공장) | 경영기획 | 경영연구 | 미래사업전략 기획/개발 | 미래사업전략 기획/개발 (의왕연구소) | 신사업전략/법인 운영 | 프로세스 개선 | 국내사업 | 글로벌 상용&LCV사업 | 글로벌사업 | 글로벌사업 (울산공장) | 에너지&수소사업 | 제네시스사업 | 글로벌 SDV 전략 | 글로벌 대외협력 | 상품기획/운영 | 상품전략/MI | 브랜드경험 | 브랜드마케팅 및 인테리어/전시 디자인 | PR | 국내생산 경영지원 | 비즈니스 지원 (공간기획/개인정보보호) | 안전/환경 | 재경 | 재경 (남양연구소) | 재경 (울산공장) | 노사기획 | HR | HRD 기획/운영 | R&D 경영지원 | SW Development | SW Architect | Security Engineering | Infra Engineering | 정보보안 | Data Engineering | [장애인 신입 특별채용] 플랜트 운영 | [장애인 신입 특별채용] 미래사업전략 기획/개발 | [장애인 신입 특별채용] 브랜드마케팅 | [장애인 신입 특별채용] 상품전략/MI | [장애인 신입 특별채용] 비즈니스 지원 | [장애인 신입 특별채용] 안전/환경 | [장애인 신입 특별채용] HRD 기획/운영",https://daoift3qrrnil.cloudfront.net/company_groups/images/000/001/472/webp/HYU_Logo_Horizontal_Blue_RGB.webp?1684485479,1,https://daoift3qrrnil.cloudfront.net/content_images/images/000/346/592/webp/26_%ED%98%84%EB%8C%80%EC%9E%90%EB%8F%99%EC%B0%A8_3%EC%9B%94_%EC%8B%A0%EC%9E%85_%EC%B1%84%EC%9A%A9_%EC%9B%B9%EA%B3%B5%EA%B3%A0%EB%AC%B8_%EC%88%98%EC%A0%95.webp?1773905131,,2026-03-13T17:36:07.000+09:00,2026-03-16T15:03:25.000+09:00,2026-08-31
103097,https://jasoseol.com/recruit/103097,한화에어로스페이스,2026년 상반기 외국인 유학생 특별채용,big_business,https://www.hanwhain.com/web/apply/notification/view.do?rtSeq=18338,2026-03-16T10:00:00.000+09:00,2026-03-30T15:00:00.000+09:00,0,0,False,False,10298,111,72,12,4216,10553,2,사업개발 (유럽권) | 사업개발 (중동권),https://daoift3qrrnil.cloudfront.net/company_groups/images/000/004/216/webp/news-p.v1.20221031.6c2eb1acddb1475d8522211403fe576e_P1.webp?1700665842,1,https://daoift3qrrnil.cloudfront.net/content_images/images/000/345/761/webp/image.webp?1773626570,,2026-03-16T11:02:55.000+09:00,2026-03-16T11:12:47.000+09:00,2026-08-31
103108,https://jasoseol.com/recruit/103108,KT&G,2026년 상반기 신입/경력사원 채용,big_business,https://ktng.recruiter.co.kr/,2026-03-16T16:00:00.000+09:00,2026-04-06T15:00:00.000+09:00,0,0,False,False,249925,2321,2800,1251,2941,8206,9,R&D - 제품개발 | R&D - 향료연구 | R&D - 기구개발 | R&D - 회로개발 | R&D - SW개발 | 생산직 - 일반전형 | 생산직 - 보훈제한경쟁 | 사업개발 | 디바이스 부품 품질관리,https://daoift3qrrnil.cloudfront.net/company_groups/images/000/002/941/webp/%EB%8B%A4%EC%9A%B4%EB%A1%9C%EB%93%9C_%2815%29.webp?1697607784,1,https://daoift3qrrnil.cloudfront.net/content_images/images/000/345/859/webp/image.webp?1773640525,,2026-03-16T14:55:42.000+09:00,2026-03-16T16:00:18.000+09:00,2026-08-31
103126,https://jasoseol.com/recruit/103126,LG에너지솔루션,2026년 상반기(3월) 신입사원 수시채용,big_business,https://careers.lg.com/apply/detail?id=1001397,2026-03-05T00:00:00.000+09:00,2026-03-19T23:00:00.000+09:00,0,0,False,False,58269,1493,4760,1586,11672,15474,37,자동차개발센터 전극공정기술_각형 | 자동차개발센터 설비기술_각형 | 자동차개발센터 생산기술_각형 | 자동차개발센터 활성화공정기술_각형 | ESS전지개발센터 Cell개발 | ESS전지개발센터 Pack제품설계 | ESS전지개발센터 System개발 | ESS전지개발센터 BMS SW | 생산기술혁신센터 설비기술_전극 | 생산기술혁신센터 공정기술_전극 | 생산기술혁신센터 검사기술_전극 | 생산기술혁신센터 조립공정기술_파우치 | 생산기술혁신센터 활성화공정기술_파우치 | 생산기술혁신센터 검사기술_파우치 | 생산기술혁신센터 설비기술_파우치 | 생산기술혁신센터 공정기술_원통형조립/와인더 | 생산기술혁신센터 공정기술_원통형 활성화 | 생산기술혁신센터 설비기술_원통형 | 생산기술혁신센터 요소기술_원통형DE | 생산기술혁신센터 제조지능화_원격기술 | 생산기술혁신센터 설비기술_Pack | 생산기술혁신센터 공정기술_Pack | 생산기술혁신센터 공무/생산인프라 | 생산기술혁신센터 설비기술_인프라 | CTO 차세대전지_공정개발 | CTO 차세대전지_Pack System 선행개발 | CTO 차세대전지_기반기술개발 | CTO 소재기술 | CTO 제품시뮬레이션 | CTO 전장부품설계 | CTO Data Engineering | CTO 퇴화예측 기술개발 | CTO BMS SW개발 | CTO 진단기술 | CTO 전지분석 | CDO AI기술개발 | CDO Data Science/최적화 알고리즘 개발,https://daoift3qrrnil.cloudfront.net/company_groups/images/000/011/672/webp/LG%EC%97%90%EB%84%88%EC%A7%80%EC%86%94%EB%A3%A8%EC%85%98_CI-01.webp?1684488078,1,https://daoift3qrrnil.cloudfront.net/content_images/images/000/346/019/webp/image.webp?1773709310,,2026-03-17T10:01:55.000+09:00,2026-03-17T10:29:36.000+09:00,2026-08-31
103145,https://jasoseol.com/recruit/103145,KB국민은행,2026년 상반기 신입행원 채용,big_business,https://m.site.naver.com/23ddA,2026-03-18T00:00:00.000+09:00,2026-03-25T18:00:00.000+09:00,0,0,False,False,158626,3799,5656,4455,2439,6330,13,[UB부문] 기업고객금융·고객자산관리 | [UB부문] 부산·울산·경남 | [UB부문] 대구·경북 | [UB부문] 대전·세종·충청 | [UB부문] 광주·호남 | [UB부문] 강원 | [UB부문] 제주 | [전역장교부문] 신입행원 | [ESG동반성장부문] 기초생활수급 | [ESG동반성장부문] 다문화가족자녀 | [ESG동반성장부문] 북한이탈주민 | [ESG동반성장부문] 장애인 | [보훈부문] 신입행원,https://daoift3qrrnil.cloudfront.net/company_groups/images/000/002/439/webp/jss_hashed_7effe82abbf4675447e7_20260616T083908_KB_Signature_row_kr_3-removebg-preview.webp?1781566753,4,https://daoift3qrrnil.cloudfront.net/content_images/images/000/346/181/webp/%EA%B3%B5%EA%B3%A0%EB%AC%B8%28UB%EB%B6%80%EB%AC%B8%29.webp?1773729576 | https://daoift3qrrnil.cloudfront.net/content_images/images/000/346/275/webp/2026_%EC%83%81%EB%B0%98%EA%B8%B0_KB%EA%B5%AD%EB%AF%BC%EC%9D%80%ED%96%89_%EC%B1%84%EC%9A%A9_%EA%B3%B5%EA%B3%A0%EB%AC%B8%28%EC%A0%84%EC%97%AD%EC%9E%A5%EA%B5%90%EB%B6%80%EB%AC%B8%29.webp?1773790158 | https://daoift3qrrnil.cloudfront.net/content_images/images/000/346/201/webp/%EA%B3%B5%EA%B3%A0%EB%AC%B8%28ESG%EB%8F%99%EB%B0%98%EC%84%B1%EC%9E%A5%29.webp?1773733405 | https://daoift3qrrnil.cloudfront.net/content_images/images/000/346/184/webp/%EA%B3%B5%EA%B3%A0%EB%AC%B8%28%EB%B3%B4%ED%9B%88%EB%B6%80%EB%AC%B8%29.webp?1773729595,,2026-03-17T15:37:38.000+09:00,2026-03-18T00:00:08.000+09:00,2026-08-31
103159,https://jasoseol.com/recruit/103159,CJ제일제당(식품사업부문),2026 Future Marketer League,big_business,https://cjleague.kr/?utm_source=jasoseol&utm_medium=banner&utm_campaign=2026,2026-03-18T10:00:00.000+09:00,2026-04-01T17:00:00.000+09:00,0,0,False,False,13567,305,151,140,15773,20545,1,Product 마케팅,https://daoift3qrrnil.cloudfront.net/company_groups/images/000/015/773/webp/jss_hashed_74f35ab9a1bd6d2f0908_20251020T175724_CJ%EC%A0%9C%EC%9D%BC%EC%A0%9C%EB%8B%B9%28%EC%A3%BC%29_1675051483_185x72.webp?1760950644,1,https://daoift3qrrnil.cloudfront.net/content_images/images/000/346/285/webp/26%EC%83%81_03_CJ%EC%A0%9C%EC%9D%BC%EC%A0%9C%EB%8B%B9_%ED%93%A8%EB%A7%88%EB%A6%AC_%EC%9B%B9%ED%94%8C%EB%9D%BC%EC%9D%B4%EC%96%B4_v2.webp?1773794121,,2026-03-18T09:40:20.000+09:00,2026-03-18T10:31:00.000+09:00,2026-08-31
103160,https://jasoseol.com/recruit/103160,CJ제일제당(BIO), 2026 BIO/공통부문 신입사원 모집,big_business,https://recruit.cj.net/recruit/ko/recruit/recruit/detail.fo?zz_jo_num=8594,2026-03-18T10:00:00.000+09:00,2026-04-01T17:00:00.000+09:00,0,0,False,False,53396,1673,1510,1146,14064,17471,8,[재경전형] 재경 | [일반전형] 미디어PR | [일반전형] 보안기술 | [일반전형] 사업관리  | [일반전형] Global Sales  | [일반전형] 생산기술 (발효/정제)  | [R&D전형] BIO AI | [R&D전형] Regulatory Sciences ,https://daoift3qrrnil.cloudfront.net/company_groups/images/000/014/064/webp/CJ_CheilJedang_Horizontal_%28KOR%29.webp?1694404097,1,https://daoift3qrrnil.cloudfront.net/content_images/images/000/346/288/webp/image.webp?1773794693,,2026-03-18T09:45:04.000+09:00,2026-03-18T10:05:16.000+09:00,2026-08-31
103161,https://jasoseol.com/recruit/103161,CJ올리브영,2026 신입사원 모집,big_business,https://recruit.cj.net/recruit/ko/recruit/recruit/detail.fo?zz_jo_num=8582,2026-03-18T10:00:00.000+09:00,2026-04-01T17:00:00.000+09:00,0,0,False,False,106150,4488,5721,4964,11055,14863,23,MD | 상품개발BM | 상품마케팅 | 브랜드 콘텐츠마케팅 | 브랜드 커뮤니케이션 | 그로스마케팅 | 커머스마케팅 | 비주얼 콘텐츠마케팅 | Product Management | 백엔드 개발 | 소프트웨어 엔지니어 | QA엔지니어 | Data Modeling | 비주얼디자인 | VMD | 인테리어 | 스토어기획 | SCM | 재무 | 사업관리 | [글로벌전형] 글로벌 그로스마케팅 | [글로벌전형] 글로벌 상권개발 | [글로벌전형] 글로벌 SCM,https://daoift3qrrnil.cloudfront.net/company_groups/images/000/011/055/webp/CJ_OliveYoung_Horizontal_Full_Color.webp?1727680574,1,https://daoift3qrrnil.cloudfront.net/content_images/images/000/346/289/webp/image.webp?1773794834,,2026-03-18T09:47:22.000+09:00,2026-03-18T10:04:29.000+09:00,2026-08-31
103162,https://jasoseol.com/recruit/103162,CJ ENM(엔터테인먼트),2026 일반/Creator 신입사원 모집,big_business,https://recruit.cj.net/recruit/ko/recruit/recruit/detail.fo?zz_jo_num=8587,2026-03-18T10:00:00.000+09:00,2026-04-01T17:00:00.000+09:00,0,0,False,False,37970,1338,1432,1456,14059,17466,13,[Creator전형] 예능 제작PD | [Creator전형] 음악 제작PD | [Creator전형] 드라마 프로듀서 | [일반전형] 영화기획제작 | [일반전형] 아티스트제작 | [일반전형] Business Planning | [일반전형] Global Business Planning | [일반전형] Finance | [일반전형] Business Planning(TVING) | [일반전형] Global Marketing | [일반전형] Global HR | [Tech&Art전형] 무대디자인 | [Tech&Art전형] 콘텐츠촬영,https://daoift3qrrnil.cloudfront.net/company_groups/images/000/014/059/webp/05._CJ_ENM%28E_M%29.webp?1684488624,1,https://daoift3qrrnil.cloudfront.net/content_images/images/000/347/936/webp/CJ%EA%B7%B8%EB%A3%B9%28CJENM%29_%EB%A7%88%EB%8D%94%EA%B3%B5%EA%B3%A0%282%29-100.webp?1774232643,,2026-03-18T09:54:06.000+09:00,2026-03-18T10:04:38.000+09:00,2026-08-31
103163,https://jasoseol.com/recruit/103163,CJ올리브네트웍스,2026년 상반기 신입사원 모집,big_business,https://recruit.cj.net/recruit/ko/recruit/recruit/detail.fo?zz_jo_num=8581,2026-03-18T10:00:00.000+09:00,2026-04-01T17:00:00.000+09:00,0,0,False,False,195861,3738,6251,2918,736,4627,12,AI Engineer | Data Engineer | DX Engineer | Software Engineer | ERP System Engineer | Security Engineer | Infra Service Engineer | Network Service Engineer | UX/UI | 경영지원(재무/관리) | 사업지원 | 인사,https://daoift3qrrnil.cloudfront.net/company_groups/images/000/000/736/webp/ci_Bioetc._01.webp?1699318022,1,https://daoift3qrrnil.cloudfront.net/content_images/images/000/346/321/webp/CJ%EA%B7%B8%EB%A3%B9%28%EC%98%AC%EB%A6%AC%EB%B8%8C%EB%84%A4%ED%8A%B8%EC%9B%8D%EC%8A%A4_%EB%A7%88%EB%8D%94-100.webp?1773799312,,2026-03-18T10:01:30.000+09:00,2026-03-18T10:03:26.000+09:00,2026-08-31
103164,https://jasoseol.com/recruit/103164,CJ ENM(엔터테인먼트),2026 Be the First 전형 (Creator 조기 선발),big_business,https://recruit.cj.net/recruit/ko/recruit/recruit/detail.fo?zz_jo_num=8583,2026-03-18T10:00:00.000+09:00,2026-04-01T17:00:00.000+09:00,0,0,False,False,14529,136,101,46,14059,17466,2,예능 제작PD | 음악 제작PD,https://daoift3qrrnil.cloudfront.net/company_groups/images/000/014/059/webp/05._CJ_ENM%28E_M%29.webp?1684488624,1,https://daoift3qrrnil.cloudfront.net/content_images/images/000/347/935/webp/CJ%EA%B7%B8%EB%A3%B9%28CJENM%29_Be_the_Fritst%282%29-100.webp?1774232345,,2026-03-18T10:03:59.000+09:00,2026-03-18T10:12:45.000+09:00,2026-08-31
103166,https://jasoseol.com/recruit/103166,CJ제일제당(식품사업부문),2026 상반기 신입사원 모집 ,big_business,https://recruit.cj.net/recruit/ko/recruit/recruit/detail.fo?zz_jo_num=8598,2026-03-18T10:00:00.000+09:00,2026-04-01T17:00:00.000+09:00,0,0,False,False,107831,3180,4474,3529,15773,20545,15,[마케팅 전형] Product 마케팅 | [마케팅 전형] 디지털 마케팅 | [마케팅 전형] 트렌드 마케팅 | [마케팅 전형] 온라인 마케팅 | [마케팅 전형] 콘텐츠 마케팅 | [R&D 전형] R&D (식품) | [일반 전형] Food Sales (B2B/B2C) | [일반 전형] e-Commerce Sales | [일반 전형] 구매 | [일반 전형] DX 솔루션 기획 | [일반 전형] 플랫폼 서비스 기획 | [일반 전형] 플랫폼 개발 (Front/Back-End) | [일반 전형] UI/UX 디자인 | [일반 전형] 브랜드/패키지 디자인 | [일반 전형] 생산기술,https://daoift3qrrnil.cloudfront.net/company_groups/images/000/015/773/webp/jss_hashed_74f35ab9a1bd6d2f0908_20251020T175724_CJ%EC%A0%9C%EC%9D%BC%EC%A0%9C%EB%8B%B9%28%EC%A3%BC%29_1675051483_185x72.webp?1760950644,1,https://daoift3qrrnil.cloudfront.net/content_images/images/000/346/304/webp/image.webp?1773797996,,2026-03-18T10:40:06.000+09:00,2026-03-18T10:51:00.000+09:00,2026-08-31
103170,https://jasoseol.com/recruit/103170,아모레퍼시픽,2026 상반기 신입사원 수시채용,big_business,https://m.site.naver.com/23iNt,2026-03-18T00:00:00.000+09:00,2026-04-08T23:59:00.000+09:00,0,0,False,False,152707,2964,3152,1549,39,3930,4,공간디자인 | 생산시스템 엔지니어 | 포장재 구매 | 스킨케어 제품개발 (R&I),https://daoift3qrrnil.cloudfront.net/company_groups/images/000/000/039/webp/%EC%95%84%EB%AA%A8%EB%A0%88%ED%8D%BC%EC%8B%9C%ED%94%BD_%EB%A1%9C%EA%B3%A0_png.webp?1684484618,1,https://daoift3qrrnil.cloudfront.net/content_images/images/000/346/337/webp/image.webp?1773806974,,2026-03-18T13:09:40.000+09:00,2026-03-18T13:24:10.000+09:00,2026-08-31
103202,https://jasoseol.com/recruit/103202,CJ대한통운,2026년 상반기 신입사원 모집,big_business,https://recruit.cj.net/recruit/ko/recruit/recruit/detail.fo?zz_jo_num=8590,2026-03-18T10:00:00.000+09:00,2026-04-01T17:00:00.000+09:00,0,0,False,False,97387,2013,2782,1509,98,3989,8,[일반전형] SCM (운영) | [일반전형] Robotics | [일반전형] AI/빅데이터 | [일반전형] IT 개발 | [일반전형] 재무/회계 | [일반전형] 안전/보건 | [글로벌전형] 글로벌 SCM (영업·운영) | [글로벌전형] 글로벌 사업관리,https://daoift3qrrnil.cloudfront.net/company_groups/images/000/000/098/webp/_CJ2018_CJ_Logistics_CI_%EA%B5%AD%EB%AC%B8_%EA%B0%80%EB%A1%9C%ED%98%95.webp?1684484638,1,https://daoift3qrrnil.cloudfront.net/content_images/images/000/346/616/webp/image.webp?1773910009,,2026-03-19T17:46:59.000+09:00,2026-03-19T17:56:09.000+09:00,2026-08-31
103208,https://jasoseol.com/recruit/103208,삼양그룹,2026년 3월 신입사원 채용,big_business,https://recruit-samyang.com/,2026-03-23T00:00:00.000+09:00,2026-04-05T23:59:00.000+09:00,0,0,False,False,70600,2613,3179,1651,3252,9469,14,[대졸신입/Junior Career] 기계설비_화학 | [대졸신입/Junior Career] 공정기술_화학 | [대졸신입/Junior Career] 생산관리_화학 | [신입연구/Junior Career] R&D(Mobility)_화학 | [신입연구/Junior Career] R&D(RO)_화학 | [신입연구/Junior Career] R&D(전기전자)_화학 | [대졸신입/Junior Career] 생산관리_의약바이오 | [신입연구/Junior Career] R&D(공정개발)_의약바이오 | [신입연구/Junior Career] R&D(Medical Device)_의약바이오 | [대졸신입/Junior Career] 전사 안전보건 총괄관리_패키징 | [대졸신입/Junior Career] Beverage Development_패키징 | [대졸신입/Junior Career] 안전보건_패키징 | [대졸신입/Global Talent/Junior Career] 재경(대전)_Staff | [대졸신입/Global Talent/Junior Career] 재경(전주)_Staff,https://daoift3qrrnil.cloudfront.net/company_groups/images/000/003/252/webp/SAMYANG_LOGOTYPE_PRIMARY_VERSION_RGB_POSITIVE.webp?1728027832,1,https://daoift3qrrnil.cloudfront.net/content_images/images/000/346/683/webp/image.webp?1773968260,,2026-03-20T09:57:53.000+09:00,2026-03-23T00:00:09.000+09:00,2026-08-31
103223,https://jasoseol.com/recruit/103223,한솔제지,신입사원 수시채용 (해외영업),big_business,https://hansolpaper.careerlink.kr/jobs/RC20260320025847,2026-03-20T16:48:00.000+09:00,2026-04-01T23:59:00.000+09:00,0,4,False,False,15491,558,512,266,3326,9662,1,해외영업,https://daoift3qrrnil.cloudfront.net/company_groups/images/000/003/326/webp/img_%2851%29.webp?1700448853,1,https://daoift3qrrnil.cloudfront.net/content_images/images/000/346/838/webp/%ED%95%B4%EC%99%B8%EC%98%81%EC%97%85_%EC%8B%A0%EC%9E%85%EC%82%AC%EC%9B%90_%EA%B3%B5%EA%B3%A0.webp?1773993294,,2026-03-20T17:25:33.000+09:00,2026-03-20T17:26:05.000+09:00,2026-08-31
103240,https://jasoseol.com/recruit/103240,신한은행,2026년 상반기 일반직 신입행원 채용,big_business,https://shinhan.recruiter.co.kr/career/jobs/104029,2026-03-23T00:00:00.000+09:00,2026-04-03T14:00:00.000+09:00,0,0,False,False,143158,3543,3762,3810,164,4055,2,일반직_일반 | 일반직_지역인재,https://daoift3qrrnil.cloudfront.net/company_groups/images/000/000/164/webp/2._%EC%9D%80%ED%96%89_%EA%B5%AD%EB%AC%B8_%EC%83%81%ED%95%98%EC%A1%B0%ED%95%A9_Blue.webp?1684484653,1,https://daoift3qrrnil.cloudfront.net/content_images/images/000/347/980/webp/26_2_%EC%8B%A0%ED%95%9C%EC%9D%80%ED%96%89_%EC%B1%84%EC%9A%A9%EA%B3%B5%EA%B3%A0_%EC%9D%BC%EB%B0%98%EC%A7%81_%EC%B5%9C%EC%A2%85.webp?1774243106,,2026-03-23T14:17:33.000+09:00,2026-03-23T14:21:22.000+09:00,2026-08-31
103241,https://jasoseol.com/recruit/103241,신한은행,2026년 디지털/ICT 수시채용,big_business,https://shinhandigital.recruiter.co.kr/career/jobs/104193,2026-03-23T00:00:00.000+09:00,2026-04-03T14:00:00.000+09:00,0,0,False,False,121211,2108,4082,1837,164,4055,3,뱅킹서비스 개발 및 운영 | AI 애플리케이션 엔지니어링 | 정보보호,https://daoift3qrrnil.cloudfront.net/company_groups/images/000/000/164/webp/2._%EC%9D%80%ED%96%89_%EA%B5%AD%EB%AC%B8_%EC%83%81%ED%95%98%EC%A1%B0%ED%95%A9_Blue.webp?1684484653,1,https://daoift3qrrnil.cloudfront.net/content_images/images/000/347/986/webp/image.webp?1774243940,,2026-03-23T14:32:42.000+09:00,2026-03-23T14:35:46.000+09:00,2026-08-31
103265,https://jasoseol.com/recruit/103265,LS MnM,신입사원 수시채용 - 설비엔지니어(기계),big_business,https://lsmnm.recruiter.co.kr/app/jobnotice/view?systemKindCode=MRS2&jobnoticeSn=248798,2026-03-24T16:00:00.000+09:00,2026-04-05T23:59:00.000+09:00,0,0,False,False,28134,476,541,248,1236,5127,1,설비엔지니어(기계),https://daoift3qrrnil.cloudfront.net/company_groups/images/000/001/236/webp/data.webp?1684485374,1,https://daoift3qrrnil.cloudfront.net/content_images/images/000/348/167/webp/image.webp?1774337760,,2026-03-24T16:36:01.000+09:00,2026-03-24T16:38:27.000+09:00,2026-08-31
103283,https://jasoseol.com/recruit/103283,경신,2026년 상반기 신입/경력사원 채용,big_business,https://kyungshinhr.recruiter.co.kr/career/home,2026-03-30T09:00:00.000+09:00,2026-04-12T23:59:00.000+09:00,0,0,False,False,88359,1735,2373,1190,1589,5480,14,생산기술 (채용연계형) | 사업관리 (채용연계형) | 부품설계 (채용연계형) | 전장설계(경로) | 전장설계(회로) | 생산관리  | 물류지원 | 품질관리  | 통합구매 | 전장설계(경로) | 전장설계(회로) | 물류지원 | 부품설계  | 품질보증,https://daoift3qrrnil.cloudfront.net/company_groups/images/000/001/589/webp/Vertical_K_Blue-1.webp?1684485523,1,https://daoift3qrrnil.cloudfront.net/content_images/images/000/348/270/webp/image.webp?1774422253,,2026-03-25T16:04:17.000+09:00,2026-03-30T09:00:04.000+09:00,2026-08-31
103285,https://jasoseol.com/recruit/103285,현대모비스,"[반도체사업담당] 26년 3월 관리직 신입채용 (Chief of Semiconductor Business, entry-admin.)",big_business,https://careers.mobis.com/jobs-view?seq=3776,2026-03-25T15:00:00.000+09:00,2026-04-06T10:00:00.000+09:00,0,0,False,False,44255,1523,1382,572,27,3918,1,기획_Planning-사업관리_PM-사업기획/운영_Business Planning&Management,https://daoift3qrrnil.cloudfront.net/company_groups/images/000/000/027/webp/img_%285%29.webp?1698989843,1,https://daoift3qrrnil.cloudfront.net/content_images/images/000/348/317/webp/%ED%98%84%EB%8C%80%EB%AA%A8%EB%B9%84%EC%8A%A4_%EA%B3%B5%EA%B3%A0%EB%AC%B8_%EC%88%98%EC%A0%95.webp?1774486457,,2026-03-25T16:19:12.000+09:00,2026-03-25T16:19:38.000+09:00,2026-08-31
103287,https://jasoseol.com/recruit/103287,한국투자증권,FY2026 상반기 PB 공채 (신입사원 5급),big_business,https://career.koreainvestment.com/announcementList,2026-03-26T09:00:00.000+09:00,2026-04-09T17:00:00.000+09:00,0,0,False,False,137222,2103,2400,1382,43,3934,8,[서울/인천/경기] PB(Private Banker) | [대구/울산/경북] PB(Private Banker) | [대전/충청] PB(Private Banker) | [부산/경남] PB(Private Banker) | [전주/전북] PB(Private Banker) | [춘천/강원/제주] PB(Private Banker) | [광주/전남] PB(Private Banker) | [근무지 무관] PB(Private Banker),https://daoift3qrrnil.cloudfront.net/company_groups/images/000/000/043/webp/_2977543_%ED%95%9C%EA%B5%AD%ED%88%AC%EC%9E%90%EC%A6%9D%EA%B6%8C_%EA%B5%AD%EB%AC%B8CI.webp?1684484619,1,https://daoift3qrrnil.cloudfront.net/content_images/images/000/348/293/webp/image.webp?1774427326,,2026-03-25T17:28:48.000+09:00,2026-03-26T09:00:14.000+09:00,2026-08-31
103299,https://jasoseol.com/recruit/103299,동국제강,2026년 신입&경력 공개채용,big_business,https://dongkuk.career.greetinghr.com/ko/list2,2026-03-30T10:00:00.000+09:00,2026-04-12T23:59:00.000+09:00,0,0,False,False,142002,3868,5679,2839,2391,6282,26,변호사 | 설비관리-기계 | 설비관리-전기 | 제련 연구 | 기획 | 생산계획관리 | 법무 | 해외영업 | 설비관리(기계) | 생산관리(봉강) | 물류(인천) | 인사/노무(인천) | 생산관리(제강) | 품질관리 | 품질보증 | 물류(포항) | 인사/노무(포항) | 구매(국내) | 후판연구 | 생산관리(후판) | 설비관리(전기) | 인사/총무 | 구매지원(수입관리) | 구매지원(대금 지급 외) | 안전보건 지원 | 생산관리 지원,https://daoift3qrrnil.cloudfront.net/company_groups/images/000/002/391/webp/jss_hashed_d63036974a713ee9f3f4_20260710T090923_%EB%8F%99%EA%B5%AD%EC%A0%9C%EA%B0%95_%EA%B5%AD%EB%AC%B8_%EC%84%B8%EB%A1%9C%ED%98%95.webp?1783642214,1,https://daoift3qrrnil.cloudfront.net/content_images/images/000/348/495/webp/2026%EB%85%84_%EB%8F%99%EA%B5%AD%EC%A0%9C%EA%B0%95_%EA%B3%B5%EA%B0%9C%EC%B1%84%EC%9A%A9_%EC%B1%84%EC%9A%A9%EA%B3%B5%EA%B3%A0_%EC%9D%B4%EB%AF%B8%EC%A7%80_%EC%88%98%EC%A0%95.webp?1774588226,,2026-03-26T14:56:47.000+09:00,2026-03-30T10:00:03.000+09:00,2026-08-31
103315,https://jasoseol.com/recruit/103315,여주에너지서비스,2026 상반기 발전운영 신입 채용,big_business,https://www.skcareers.com/Recruit/Detail/R260697,2026-03-27T00:00:00.000+09:00,2026-04-15T23:59:00.000+09:00,0,0,False,False,79777,669,592,239,10233,19506,1,발전운영,https://daoift3qrrnil.cloudfront.net/company_groups/images/000/010/233/webp/jss_hashed_623e2fd9d3ea2f2f820a_20260115T114342_ci_cont02_img01.webp?1768445022,1,https://daoift3qrrnil.cloudfront.net/content_images/images/000/348/479/webp/image.webp?1774579046,,2026-03-27T11:37:31.000+09:00,2026-03-27T11:43:53.000+09:00,2026-08-31
103317,https://jasoseol.com/recruit/103317,NH농협손해보험,2026년 상반기 신규직원 채용,big_business,https://nhfire.saramin.co.kr/,2026-03-30T17:00:00.000+09:00,2026-04-08T17:00:00.000+09:00,0,0,False,False,106880,1566,1536,1055,1608,5499,4,[강원권] 6급 초급 일반직 | [충청권] 6급 초급 일반직 | [전라권] 6급 초급 일반직 | [경남권] 6급 초급 일반직,https://daoift3qrrnil.cloudfront.net/company_groups/images/000/001/608/webp/%E1%84%82%E1%85%A9%E1%86%BC%E1%84%92%E1%85%A7%E1%86%B8%E1%84%89%E1%85%A9%E1%86%AB%E1%84%92%E1%85%A2%E1%84%87%E1%85%A9%E1%84%92%E1%85%A5%E1%86%B7.webp?1684485531,1,https://daoift3qrrnil.cloudfront.net/content_images/images/000/348/492/webp/image.webp?1774587061,,2026-03-27T13:51:08.000+09:00,2026-03-30T17:00:04.000+09:00,2026-08-31
103321,https://jasoseol.com/recruit/103321,현대모비스,2026 상반기 연구장학생 모집,big_business,https://careers.mobis.com/jobs,2026-03-30T11:30:00.000+09:00,2026-04-16T15:00:00.000+09:00,0,0,False,False,42237,244,755,353,27,3918,13,자율주행 편의 기능 개발 | 자율주행 AI 알고리즘 개발 | 감속기 구조 해석 | 전력회로 설계 | EV BSA 시작개발 | 기능안전 기반 컨버터 개발 | 파워모듈/냉각기 설계 및 해석 검증 | 파워모듈 패키징 공정 및 접합 소재 설계  | SoC 개발  | 아날로그 반도체 설계 | 로보틱스 모터 설계 | 로보틱스 회로 설계 | 차량용 Multimodal LLM 개발 ,https://daoift3qrrnil.cloudfront.net/company_groups/images/000/000/027/webp/img_%285%29.webp?1698989843,1,https://daoift3qrrnil.cloudfront.net/content_images/images/000/348/508/webp/image.webp?1774591584,,2026-03-27T15:06:29.000+09:00,2026-03-30T11:30:00.000+09:00,2026-08-31
103326,https://jasoseol.com/recruit/103326,코오롱생명과학,2026년 상반기 정기채용,big_business,https://dream.kolon.com/RECRUIT_KOLON/hr/rec/recruit/jobopen/controller/candidate/JobOpen310WebController/init.hr,2026-03-27T16:00:00.000+09:00,2026-04-07T23:59:00.000+09:00,0,0,False,False,102142,965,1082,604,2460,6351,16,[코오롱생명과학] 법무 | [코오롱생명과학] 인사 | [코오롱생명과학] 구매 | [코오롱생명과학] Warehouse/Logistics | [코오롱생명과학] 품질보증(QA)  | [코오롱생명과학] 품질보증(QA) - 통합 CAPA 관리/실사 및 감사 대응 | [코오롱생명과학] 품질보증(QA) - 공급자 평가/자격 관리 | [코오롱생명과학] 공정기술 | [코오롱바이오텍] Bio생산 공정 개발 | [코오롱바이오텍] 품질보증(QA)  | [코오롱바이오텍] 품질보증(QA)  | [코오롱바이오텍] 품질관리(QC) | [코오롱바이오텍] 물류관리  | [코오롱바이오텍] 물류관리 | [코오롱바이오텍] Bio생산  | [코오롱바이오텍] Bio생산 ,https://daoift3qrrnil.cloudfront.net/company_groups/images/000/002/460/webp/qg9p8u_qfew-1kki2i0_logo.webp?1684485881,1,https://daoift3qrrnil.cloudfront.net/content_images/images/000/348/532/webp/image.webp?1774596560,,2026-03-27T16:29:22.000+09:00,2026-03-27T16:39:51.000+09:00,2026-08-31
103327,https://jasoseol.com/recruit/103327,팬오션,2026년 신입사원 채용,big_business,https://recruit.panocean.com/main.do,2026-04-01T09:30:00.000+09:00,2026-04-15T14:00:00.000+09:00,0,0,False,False,117342,2376,2195,1380,5834,12219,2,영업 | 관리,https://daoift3qrrnil.cloudfront.net/company_groups/images/000/005/834/webp/WordMark.webp?1684487120,1,https://daoift3qrrnil.cloudfront.net/content_images/images/000/348/537/webp/image.webp?1774597706,,2026-03-27T16:48:29.000+09:00,2026-04-01T09:30:01.000+09:00,2026-08-31
103329,https://jasoseol.com/recruit/103329,동부건설,2026년 대졸 신입사원 공개채용,big_business,https://dongbucon.recruiter.co.kr/app/jobnotice/view?systemKindCode=MRS2&jobnoticeSn=249267,2026-03-30T09:00:00.000+09:00,2026-04-12T23:50:00.000+09:00,0,0,False,False,50949,2191,3254,1315,1830,5721,11,토목사업-토목 | 건축사업-건축 | 건축사업-기계 | 건축사업-전기 | 플랜트사업-건축 | 플랜트사업-기계 | 플랜트사업-전기 | 안전-안전관리 | 경영지원-사무 | 경영지원-IT | 품질-품질관리,https://daoift3qrrnil.cloudfront.net/company_groups/images/000/001/830/webp/open-uri20220629-6865-1ki0xv8.webp?1684485618,1,https://dongbucon.recruiter.co.kr/upload/138733/image/202603/6c09d1f0-405e-46bb-a759-55358d33952e.png,,2026-03-27T18:14:55.000+09:00,2026-03-27T18:20:54.000+09:00,2026-08-31
103350,https://jasoseol.com/recruit/103350,한화손보,2026 상반기 신입사원 모집,big_business,https://m.site.naver.com/24geI,2026-04-06T13:00:00.000+09:00,2026-04-20T15:00:00.000+09:00,0,0,False,False,145908,4113,4938,2368,1806,5697,4,펨테크 | 사이버보험 | 회계 | 경영지원,https://daoift3qrrnil.cloudfront.net/company_groups/images/000/001/806/webp/jss_hashed_8fc724d11e71c4db1235_20260330T144240_%ED%95%9C%ED%99%94%EC%86%90%EB%B3%B4_%EB%A1%9C%EA%B3%A0.webp?1774849360,1,https://daoift3qrrnil.cloudfront.net/content_images/images/000/348/715/webp/image.webp?1774849100,,2026-03-30T14:38:24.000+09:00,2026-03-30T15:00:03.000+09:00,2026-08-31
103354,https://jasoseol.com/recruit/103354,IBK캐피탈,2026년 신입사원 모집,big_business,https://ibkc.incruit.com/,2026-04-09T09:00:00.000+09:00,2026-04-22T17:00:00.000+09:00,0,0,False,False,63858,3074,3067,1945,2310,6201,2,일반분야 | 전산분야,https://daoift3qrrnil.cloudfront.net/company_groups/images/000/002/310/webp/0005067334_ibk%EC%BA%90%ED%94%BC%ED%83%88_185x72.webp?1684485816,1,https://daoift3qrrnil.cloudfront.net/content_images/images/000/348/742/webp/image.webp?1774854596,,2026-03-30T16:10:16.000+09:00,2026-04-09T09:00:03.000+09:00,2026-08-31
103363,https://jasoseol.com/recruit/103363,기아,2026 상반기 기아 신입 채용,big_business,https://career.kia.com/main/main.kc?utm_source=jasoseol&utm_medium=banner&utm_campaign=kia_recruit_2026_h1,2026-04-01T11:00:00.000+09:00,2026-04-13T11:00:00.000+09:00,0,0,False,False,265101,11120,26302,11733,1690,5581,41,CKD 기획 및 운영 | 구매 | 상용차 부품 구매/개발 | 생산기술 | 생산운영 및 공정기술 (AutoLand광명) | 생산운영 및 공정기술 (AutoLand광주) | 생산운영 및 공정기술 (AutoLand화성) | 생산운영 및 공정기술 (파워트레인) | 신차품질 | 안전관리 (AutoLand광주) | 안전관리 (AutoLand화성) | 안전관리 (파워트레인) | 차량사이버보안 | 품질기획 | 품질보증 | Data Scientist | IT Project Manager | Machine Learning Engineer | Mobile Developer | Solution Architect (ERP FI 모듈 재무회계) | 글로벌 CRM | PBV 신사업 전략 수립 | PBV 일본 B2B 영업 관리 | SDV 전략 기획 | 글로벌사업 | 기업전략 | 상품 | 신사업 전략/법인 운영 | 에너지&수소 사업 기획 및 개발 | 오픈이노베이션 기획 및 운영 | 정책연구 | 특수사업 컨버전 상품 개발 및 운영 | 해외 서비스 기술/기획 | 해외 신사업전략 수립 | HRD 기획 및 운영 | IT 인재 채용 및 운영 | 경영지원 | 경영지원 (AutoLand화성) | 노사 기획 및 커뮤니케이션 | 재경 | 특수사업 개발 설계,https://daoift3qrrnil.cloudfront.net/company_groups/images/000/001/690/webp/%EA%B8%B0%EC%95%84_%EB%A1%9C%EA%B3%A0.webp?1684485564,1,https://daoift3qrrnil.cloudfront.net/content_images/images/000/348/790/webp/image.webp?1774915892,,2026-03-31T09:11:52.000+09:00,2026-04-01T11:00:00.000+09:00,2026-08-31
103429,https://jasoseol.com/recruit/103429,코카콜라음료,재경 직무 신입 채용,big_business,https://careers.lg.com/apply/detail?id=1001528,2026-04-02T14:00:00.000+09:00,2026-04-13T23:00:00.000+09:00,0,4,False,False,18815,512,517,244,1741,5632,1,재경,https://daoift3qrrnil.cloudfront.net/company_groups/images/000/001/741/webp/%E1%84%89%E1%85%B3%E1%84%8F%E1%85%B3%E1%84%85%E1%85%B5%E1%86%AB%E1%84%89%E1%85%A3%E1%86%BA_2021-04-12_%E1%84%8B%E1%85%A9%E1%84%92%E1%85%AE_2.12.50.webp?1684485582,1,https://daoift3qrrnil.cloudfront.net/content_images/images/000/349/216/webp/_%EC%BD%94%EC%B9%B4%EC%BD%9C%EB%9D%BC%EC%9D%8C%EB%A3%8C__%EC%9E%AC%EA%B2%BD_%EC%A7%81%EB%AC%B4_%EC%8B%A0%EC%9E%85_%EC%B1%84%EC%9A%A9_%EA%B3%B5%EA%B3%A0%EB%AC%B8.webp?1775108440,,2026-04-02T14:43:11.000+09:00,2026-04-02T14:44:09.000+09:00,2026-08-31
103433,https://jasoseol.com/recruit/103433,현대모비스,"[로보틱스사업실] 26년 4월 연구직 신입채용 (Robotics Business Group, entry-res.)",big_business,https://mobis.recruiter.co.kr/career/jobs/104858,2026-04-02T15:00:00.000+09:00,2026-04-13T10:00:00.000+09:00,0,0,False,False,20196,422,786,149,27,3918,1,HW-기구_Electric Parts-로보틱스 전장기구,https://daoift3qrrnil.cloudfront.net/company_groups/images/000/000/027/webp/img_%285%29.webp?1698989843,1,https://daoift3qrrnil.cloudfront.net/content_images/images/000/349/623/webp/%EC%8B%A0%EC%9E%85_%EC%97%B0%EA%B5%AC%EC%A7%81_%EA%B8%B0%EA%B5%AC%EC%84%A4%EA%B3%84%EC%A0%84%EC%9E%A5.webp?1775456023,,2026-04-02T16:13:25.000+09:00,2026-04-02T16:14:30.000+09:00,2026-08-31
103434,https://jasoseol.com/recruit/103434,현대모비스,[로보틱스사업실] 26년 4월 관리직 신입채용 (로보틱스 생산기술),big_business,https://careers.mobis.com/jobs-view?seq=3777,2026-04-02T15:00:00.000+09:00,2026-04-13T10:00:00.000+09:00,0,0,False,False,20886,495,783,236,27,3918,1,생산_Production-생산기술_Production Engineering-로보틱스_Robotics,https://daoift3qrrnil.cloudfront.net/company_groups/images/000/000/027/webp/img_%285%29.webp?1698989843,1,https://daoift3qrrnil.cloudfront.net/content_images/images/000/349/620/webp/%EC%8B%A0%EC%9E%85_%EA%B4%80%EB%A6%AC%EC%A7%81_%EC%83%9D%EC%82%B0%EA%B8%B0%EC%88%A0_%282%29.webp?1775455710,,2026-04-02T16:16:21.000+09:00,2026-04-02T16:17:09.000+09:00,2026-08-31
103435,https://jasoseol.com/recruit/103435,동원그룹,2026년 GO:FIELD 신입사원 채용,big_business,https://dongwon-recruit.com/,2026-04-06T09:00:00.000+09:00,2026-04-20T14:00:00.000+09:00,0,0,False,False,109406,1995,2776,1344,210,4101,21,[동원F&B] 식품유통영업 | [동원시스템즈] 2차전지기술영업 | [동원홈푸드] 식자재유통영업 | [동원홈푸드] 급식수주영업 | [동원건설산업] 건축수주영업 | [동원건설산업] 토목수주영업 | [동원F&B] 생산기술 | [동원시스템즈] 생산기술(배터리캔) | [동원시스템즈] 생산지원(연포장) | [동원F&B] 생산관리 | [동원시스템즈] 생산관리(연포장)  | [동원시스템즈] 생산관리(유리병) | [동원시스템즈] 생산관리(알루미늄캔) | [동원시스템즈] 생산관리(아셉틱) | [동원시스템즈] 품질관리(연포장) | [동원시스템즈] 품질관리(알루미늄캔) | [동원시스템즈] 품질관리(알미늄) | [동원시스템즈] 공정관리(알미늄) | [동원건설산업] 건축 | [동원건설산업] 토목시공 | [동원건설산업] 안전,https://daoift3qrrnil.cloudfront.net/company_groups/images/000/000/210/webp/dongwon.webp?1684484668,1,https://daoift3qrrnil.cloudfront.net/content_images/images/000/350/518/webp/26%EC%83%81_%EB%8F%99%EC%9B%90%EA%B7%B8%EB%A3%B9_%EC%B1%84%EC%9A%A9_%EC%9B%B9%ED%94%8C%EB%9D%BC%EC%9D%B4%EC%96%B4%28%EC%B5%9C%EC%A2%85%29_%EC%9D%B4%EB%A6%84%EB%B3%80%EA%B2%BD.webp?1776070741,,2026-04-02T16:20:08.000+09:00,2026-04-06T09:00:09.000+09:00,2026-08-31
103441,https://jasoseol.com/recruit/103441,행복나래,각 부문별 신입/경력사원 채용,big_business,https://happynarae.saramin.co.kr/main/index,2026-04-04T00:00:00.000+09:00,2026-04-13T23:59:00.000+09:00,0,0,False,False,45146,750,696,334,2669,6969,7,반도체구매 | 액셀러레이팅 | 통신구매 | 통합구매 | 반도체구매 | 액셀러레이팅 | 통신구매,https://daoift3qrrnil.cloudfront.net/company_groups/images/000/002/669/webp/happynarae.webp?1684485962,1,https://daoift3qrrnil.cloudfront.net/content_images/images/000/349/291/webp/image.webp?1775118525,,2026-04-02T17:28:48.000+09:00,2026-04-04T00:00:01.000+09:00,2026-08-31
103447,https://jasoseol.com/recruit/103447,한화생명금융서비스,2026년 신입사원 채용,big_business,https://recruit-hwlifefs.co.kr/,2026-04-06T10:00:00.000+09:00,2026-04-20T15:00:00.000+09:00,0,0,False,False,40667,1637,1772,1166,13921,17321,1,영업마케팅,https://daoift3qrrnil.cloudfront.net/company_groups/images/000/013/921/webp/og_img.webp?1695284309,1,https://daoift3qrrnil.cloudfront.net/content_images/images/000/349/333/webp/2026_%ED%95%9C%EA%B8%88%EC%84%9C_%EC%B1%84%EC%9A%A9%EA%B3%B5%EA%B3%A0%28x1%29_4x-100.webp?1775173995,,2026-04-03T08:59:23.000+09:00,2026-04-06T00:00:01.000+09:00,2026-08-31
103448,https://jasoseol.com/recruit/103448,LS MnM,신입/경력사원 수시채용,big_business,https://lsmnm.recruiter.co.kr/app/jobnotice/view?systemKindCode=MRS2&jobnoticeSn=249951,2026-04-03T00:00:00.000+09:00,2026-04-15T23:59:00.000+09:00,0,0,False,False,42302,1021,1090,600,1236,5127,3,생산엔지니어 | 설비엔지니어 (기계) | 사업전략,https://daoift3qrrnil.cloudfront.net/company_groups/images/000/001/236/webp/data.webp?1684485374,1,https://daoift3qrrnil.cloudfront.net/content_images/images/000/349/340/webp/image.webp?1775177182,,2026-04-03T09:46:24.000+09:00,2026-04-03T09:53:23.000+09:00,2026-08-31
103455,https://jasoseol.com/recruit/103455,HDC현대EP,2026년 상반기 신입/경력 채용,big_business,https://job.incruit.com/jobdb_info/jobpost.asp?job=2604030000870&handle=6522B8E090CBBB0A10107288079DF881449FC6CFAF77CE5232ED8E5BD28B3C7C,2026-04-04T00:00:00.000+09:00,2026-04-17T23:59:00.000+09:00,0,4,False,False,31546,480,678,258,3609,9946,7,(HDC현대EP) PO연구개발 | (HDC현대EP) PS연구개발 | (HDC현대EP)PO사업기획 | (HDC현대EP) 인프라지원 | (HDC현대EP) 재경 | (HDC폴리올) 기계설비 | (HDC폴리올) 생산관리,https://daoift3qrrnil.cloudfront.net/company_groups/images/000/003/609/webp/1680214377_HDC%ED%98%84%EB%8C%80EP%28%EC%A3%BC%29_185x72.webp?1684486326,1,https://daoift3qrrnil.cloudfront.net/content_images/images/000/350/432/webp/260413_HDC%ED%98%84%EB%8C%80EP.webp?1776047049,,2026-04-03T13:16:57.000+09:00,2026-04-03T13:16:57.000+09:00,2026-08-31
103481,https://jasoseol.com/recruit/103481,애경케미칼,각 부문 신입 및 경력 채용,big_business,https://aekyungchemical.applyin.co.kr/jobs/,2026-04-06T14:00:00.000+09:00,2026-04-16T23:59:00.000+09:00,0,0,False,False,40522,1405,1419,698,219,4110,8,구매 | 해외영업 (가소제) | 설비관리 엔지니어 | 생산 엔지니어 | 법무/컴플라이언스 | 국내/해외영업 (윤활기유) | 해외영업 (생활화학) | 생산 엔지니어,https://daoift3qrrnil.cloudfront.net/company_groups/images/000/000/219/webp/%EC%95%A0%EA%B2%BD%EC%BC%80%EB%AF%B8%EC%B9%BCCI.webp?1698910555,1,https://daoift3qrrnil.cloudfront.net/content_images/images/000/349/781/webp/%EC%95%A0%EA%B2%BD%EC%BC%80%EB%AF%B8%EC%B9%BC_%EC%8B%9C%EC%95%88_0407%28%EC%B5%9C%EC%A2%85%29.webp?1775527175,,2026-04-06T14:00:46.000+09:00,2026-04-06T14:06:20.000+09:00,2026-08-31
103486,https://jasoseol.com/recruit/103486,현대모비스,"[로보틱스사업실] 26년 4월 연구직 신입채용 (Robotics Business Group, entry-res.)",big_business,https://careers.mobis.com/jobs-view?seq=3784,2026-04-02T15:00:00.000+09:00,2026-04-13T10:00:00.000+09:00,0,0,False,False,22688,327,595,83,27,3918,1,HW-기구_Electric Parts-로보틱스 모터 설계,https://daoift3qrrnil.cloudfront.net/company_groups/images/000/000/027/webp/img_%285%29.webp?1698989843,1,https://daoift3qrrnil.cloudfront.net/content_images/images/000/349/614/webp/%EC%8B%A0%EC%9E%85_%EC%97%B0%EA%B5%AC%EC%A7%81_%EB%AA%A8%ED%84%B0_%281%29.webp?1775454928,,2026-04-06T14:57:01.000+09:00,2026-04-06T15:02:12.000+09:00,2026-08-31
103510,https://jasoseol.com/recruit/103510,산은캐피탈,2026년 상반기 신입 채용 공고,big_business,https://recruit.incruit.com/kdbc/,2026-04-08T18:00:00.000+09:00,2026-04-19T22:00:00.000+09:00,0,4,False,False,33235,1857,1502,1064,15600,20282,2,공통 일반직(정규직) | 이공계열 일반직(정규직),https://daoift3qrrnil.cloudfront.net/company_groups/images/000/015/600/webp/%EC%82%B0%EC%9D%80%EC%BA%90%ED%94%BC%ED%83%88_%EB%A1%9C%EA%B3%A0.webp?1751872280,1,https://daoift3qrrnil.cloudfront.net/content_images/images/000/350/014/webp/%EC%82%B0%EC%9D%80_%EC%88%98%EC%A0%95.webp?1775631056,https://daoift3qrrnil.cloudfront.net/employment_companies/guidebooks/000/103/510/original/%EB%B3%84%EC%B2%A8%EC%84%9C%EB%A5%98.zip,2026-04-07T16:39:03.000+09:00,2026-04-07T16:39:03.000+09:00,2026-08-31
103512,https://jasoseol.com/recruit/103512,LG생활건강,AX 신입 채용,big_business,https://careers.lg.com/apply/detail?id=1001576,2026-04-05T06:00:00.000+09:00,2026-04-14T23:00:00.000+09:00,0,0,False,False,28307,718,1684,452,21,3912,1,AX (AI/ML Engineer),https://daoift3qrrnil.cloudfront.net/company_groups/images/000/000/021/webp/2560px-LG_Household___Health_Care_logo_%28korean%29.svg.webp?1698989473,1,https://daoift3qrrnil.cloudfront.net/content_images/images/000/349/857/webp/image.webp?1775553126,,2026-04-07T18:12:07.000+09:00,2026-04-07T18:13:50.000+09:00,2026-08-31
103526,https://jasoseol.com/recruit/103526,보령LNG터미널,2026 상반기 신입/경력 채용,big_business,https://boryeonglng.career.greetinghr.com/,2026-04-09T09:00:00.000+09:00,2026-04-19T23:59:00.000+09:00,0,0,False,False,51714,676,572,277,6005,12391,2,인사 | IT보안/인프라,https://daoift3qrrnil.cloudfront.net/company_groups/images/000/006/005/webp/%EB%B3%B4%EB%A0%B9.webp?1684487188,1,https://daoift3qrrnil.cloudfront.net/content_images/images/000/349/976/webp/image.webp?1775623710,,2026-04-08T13:48:34.000+09:00,2026-04-09T09:00:03.000+09:00,2026-08-31
103528,https://jasoseol.com/recruit/103528,SGC이앤씨,2026년 상반기 신입사원 공개채용,big_business,https://sgc.careerlink.kr/jobs,2026-04-13T00:00:00.000+09:00,2026-04-26T23:59:00.000+09:00,0,0,False,False,128870,2757,3068,1586,1619,5510,16,화공플랜트 공사관리 | 공정설계 | 기계설계 | 배관설계 | 전기설계 | 계장설계 | 토목/건축설계 | 공조/소방설계 | 안전기획 | 건설사업관리 | 분양마케팅 | 구매 (Buying) | 수출관리 | 외주 | 회계 | 해외 영업,https://daoift3qrrnil.cloudfront.net/company_groups/images/000/001/619/webp/SGC%EC%9D%B4%EC%95%A4%EC%94%A8.webp?1729218203,1,https://daoift3qrrnil.cloudfront.net/content_images/images/000/349/986/webp/image.webp?1775627735,,2026-04-08T14:55:37.000+09:00,2026-04-13T00:00:07.000+09:00,2026-08-31
103543,https://jasoseol.com/recruit/103543,수협,26년도 상반기 전국 일괄공개채용 공고,big_business,https://job.incruit.com/jobdb_info/jobpost.asp?job=2604090000813,2026-04-09T11:24:00.000+09:00,2026-04-23T23:59:00.000+09:00,0,4,False,False,32625,1075,2161,968,6514,12903,73,"(서울)냉동냉장수협 일반관리계 | (경인)경기수협 일반관리계 | (경인)경인북부수협 일반관리계 | (경인)경인서부수협 일반관리계 | (경인)영흥수협 일반관리계 | (강원)강릉시수협 일반관리계 | (강원)삼척수협 일반관리계 | (강원)동해시수협 일반관리계 | (강원)양양군수협 일반관리계 | (강원)대포수협 일반관리계 | (강원)강원고성군수협 일반관리계 | (강원)삼척원덕수협 일반관리계 | (강원)죽왕수협 일반관리계 | (강원)속초시수협 일반관리계 | (충남)태안남부수협 일반관리계 | (충남)보령수협 일반관리계 | (충남)안면도수협 일반관리계 | (전북)김제수협 일반관리계 | (전북)부안수협 일반관리계 | (전북)고창군수협 일반관리계 | (전남)고흥군수협 일반관리계 | (전남)완도금일수협 일반관리계 | (전남)전남정치망수협 일반관리계 | (전남)서남해수 어류양식수협 일반관리계 | (전남)신안군수협 일반관리계 | (전남)장흥군수협 일반관리계 | (전남)영광군수협 일반관리계 | (전남)해남군수엽 일반관리계 | (전남)목포수협 일반관리계 | (경북)구룡포수협 일반관리계 | (경북)울진후포수협 일반관리계 | (경북)영덕북부수협 일반관리계 | (경북)강구수협 일반관리계 | (경남)경남고성군수협 일반관리계 | (경남)패류살포양식수협 일반관리계 | (경남)굴수하식수협 일반관리계 | (경남)멍게수하식수협 일반관리계 | (경남)울산수협 일반관리계 | (경남)하동군수협 일반관리계 | (경남)거제수협 일반관리계 | (경남)남해군수협 일반관리계 | (경남)통영수협 일반관리계 | (경남)진해수협 일반관리계 | (경남)삼천포수협 일반관리계 | (경남)마산수협 일반관리계 | (부산)제1,2구잠수기수협 일반관리계 | (부산)경남정치망수협 일반관리계 | (부산)부산시수협 일반관리계 | (부산)기장수협 일반관리계 | (부산)대형기선 저인망수협 일반관리계 | (부산)서남구기선 저인망수협 | (제주)모슬포수협 일반관리계 | (제주)성산포수협 일반관리계 | (제주)한림수협 일반관리계 | (제주)제주시수협 일반관리계 | (제주)서귀포수협 일반관리계 | (경인)경인북부수협 기술계 | (강원)강릉시수협 일반관리계(보훈) | (강원)강원고성군수협 일반관리계(보훈) | (강원)속초시수협 기술계 | (전북)김제수협 일반관리계(보훈) | (전남)고흥군수협 일반관리계(보훈) | (전남)서남해수 어류양식수협 기술계 | (전남)영광군수협 기술계 | (전남)영광군수협 기능계 | (경북)구룡포수협 일반관리계(보훈) | (경남)거제수협 일반관리계(보훈) | (경남)삼천포수협 기술계 | (경남)마산수협 일반관리계(보훈) | (부산)부산시수협 일반관리계(보훈) | (부산)부산시수협 기술계 | (부산)부산시수협 기능계 | (제주)서귀포수협 기술계",https://daoift3qrrnil.cloudfront.net/company_groups/images/000/006/514/webp/img_%2848%29.webp?1700202656,1,https://daoift3qrrnil.cloudfront.net/content_images/images/000/350/102/webp/%EC%88%98%ED%98%91%ED%9A%8C%EC%9B%90%EC%A1%B0%ED%95%A9_%EC%99%B8%EB%B6%80.webp?1775703193,,2026-04-09T13:18:57.000+09:00,2026-04-09T13:33:01.000+09:00,2026-08-31
103545,https://jasoseol.com/recruit/103545,세아창원특수강,2026년 상반기 채용,big_business,https://m.site.naver.com/25bRy,2026-04-09T15:00:00.000+09:00,2026-04-19T23:59:00.000+09:00,0,0,False,False,66364,1263,1383,769,1594,5485,4,해외영업 | 총무 | 생산기술 | 희토류 자성소재 및 공정개발,https://daoift3qrrnil.cloudfront.net/company_groups/images/000/001/594/webp/2015-06-23.webp?1684485525,1,https://daoift3qrrnil.cloudfront.net/content_images/images/000/350/129/webp/image.webp?1775714058,,2026-04-09T14:54:26.000+09:00,2026-04-09T15:00:05.000+09:00,2026-08-31
103551,https://jasoseol.com/recruit/103551,SK머티리얼즈,2026 신입사원 채용,big_business,https://careers.sk-materials.com/,2026-04-09T14:18:00.000+09:00,2026-04-21T18:00:00.000+09:00,0,4,False,False,36735,537,735,334,4646,11029,4,[SK머티리얼즈퍼포먼스] Photo Resist | [SK머티리얼즈퍼포먼스] Adv.PKG | [SK트리켐] Precursor | [SK머티리얼즈제이엔씨] OLED 소재 개발 및 합성,https://daoift3qrrnil.cloudfront.net/company_groups/images/000/004/646/webp/ocisklogo.webp?1684486710,1,https://daoift3qrrnil.cloudfront.net/content_images/images/000/350/142/webp/26%E1%84%82%E1%85%A7%E1%86%AB_%E1%84%89%E1%85%B5%E1%86%AB%E1%84%8B%E1%85%B5%E1%86%B8_%E1%84%8E%E1%85%A2%E1%84%8B%E1%85%AD%E1%86%BC_%E1%84%80%E1%85%A9%E1%86%BC%E1%84%80%E1%85%A9_final.webp?1775716448,,2026-04-09T16:24:57.000+09:00,2026-04-09T16:31:25.000+09:00,2026-08-31
103561,https://jasoseol.com/recruit/103561,한화투자증권,2026년 상반기 신입사원 공개채용,big_business,https://recruit-hanwhawm2026.com/?utm_source=jasoseol&utm_medium=cpc,2026-04-13T17:00:00.000+09:00,2026-04-27T15:00:00.000+09:00,0,0,False,False,152342,4178,4219,2470,1821,5712,3,본사영업 | 본사지원 | 디지털금융(Trading /IT),https://daoift3qrrnil.cloudfront.net/company_groups/images/000/001/821/webp/Hanwha_Investment_Securities_RGB_4_KH%28%EA%B5%AD%EB%AC%B8%29.webp?1684485615,1,https://daoift3qrrnil.cloudfront.net/content_images/images/000/350/527/webp/26%EC%83%81_04_%ED%95%9C%ED%99%94%ED%88%AC%EC%9E%90%EC%A6%9D%EA%B6%8C_%EC%8B%A0%EC%9E%85%EC%B1%84%EC%9A%A9_%EC%9B%B9%ED%94%8C%EB%9D%BC%EC%9D%B4%EC%96%B4_v6.webp?1776123409,,2026-04-10T09:39:19.000+09:00,2026-04-13T17:00:05.000+09:00,2026-08-31
103573,https://jasoseol.com/recruit/103573,포스코DX,2026년 상반기 신입사원 채용,big_business,https://recruit.posco.com/h22a01-front/H22A1001.html?id=609000,2026-04-10T14:00:00.000+09:00,2026-04-27T11:00:00.000+09:00,0,0,False,False,181303,4604,6849,2797,54,3945,12,전기설계 | 전산설계 | IT인프라 | 통신설계 | Agentic Intelligence | Agentic Workflow | Decision Intelligence | Spatial Intelligence | 전략기획 | 재무 | HR | 홍보,https://daoift3qrrnil.cloudfront.net/company_groups/images/000/000/054/webp/03_POSCO_DX_%28Korean%29_Blue.webp?1690325829,1,https://daoift3qrrnil.cloudfront.net/content_images/images/000/350/292/webp/image.webp?1775796348,,2026-04-10T13:46:01.000+09:00,2026-04-10T14:00:15.000+09:00,2026-08-31
103595,https://jasoseol.com/recruit/103595,AJ네트웍스,수시채용 (신입/경력),big_business,https://ajnet.recruiter.co.kr/career/jobs/106578,2026-04-13T00:00:00.000+09:00,2026-04-26T23:59:00.000+09:00,0,0,False,False,52926,797,684,313,1382,5273,23,영업지원  | 통합구매  | 회계 | 리스크관리 | 파렛트 회수  | 파렛트 B2B 영업 | 해외영업  | 해외영업  | 사업기획/경영기획 | 폴란드법인 행정지원 | 로봇SI  | 로봇설치 및 유지보수 | 로봇영업 | IT장비 B2B영업 | IT장비 B2B영업 | IT장비 B2G영업 | 영업기획  | 전략마케팅 | 산업장비 유통상품 영업 | 고소장비 B2B영업 | 영업기획  | 경영/상품기획 (팀장급) | 경영/상품기획 (팀원급),https://daoift3qrrnil.cloudfront.net/company_groups/images/000/001/382/webp/AJ%EB%84%A4%ED%8A%B8%EC%9B%8D%EC%8A%A4.webp?1684485444,1,https://daoift3qrrnil.cloudfront.net/content_images/images/000/351/042/webp/AJ%EB%84%A4%ED%8A%B8%EC%9B%8D%EC%8A%A4_%EA%B3%B5%EA%B3%A0_%EC%9D%B4%EB%AF%B8%EC%A7%80_%28%EC%99%B8%EB%B6%80%29_26.04.17.webp?1776405563,,2026-04-13T13:11:48.000+09:00,2026-04-13T13:16:33.000+09:00,2026-08-31
103618,https://jasoseol.com/recruit/103618,부산은행,2026년 IT직군 신입행원 채용,big_business,https://busanbank.recruiter.co.kr/career/home,2026-04-15T12:00:00.000+09:00,2026-04-27T17:00:00.000+09:00,0,0,False,False,34022,817,1100,577,2510,6401,2,일반_지역전형 | 일반_비지역전형,https://daoift3qrrnil.cloudfront.net/company_groups/images/000/002/510/webp/%E1%84%87%E1%85%AE%E1%84%89%E1%85%A1%E1%86%AB%E1%84%8B%E1%85%B3%E1%86%AB%E1%84%92%E1%85%A2%E1%86%BC.webp?1684485901,1,https://daoift3qrrnil.cloudfront.net/content_images/images/000/350/617/webp/image.webp?1776148461,,2026-04-14T15:34:23.000+09:00,2026-04-15T12:00:15.000+09:00,2026-08-31
103647,https://jasoseol.com/recruit/103647,한주,2026년도 하반기 신입사원 채용,big_business,https://hanjucorp.careerlink.kr/,2026-04-22T09:00:00.000+09:00,2026-04-29T16:00:00.000+09:00,0,0,False,False,52730,358,452,213,6010,12396,2,안전보건 | 동력,https://daoift3qrrnil.cloudfront.net/company_groups/images/000/006/010/webp/h76YoSVHOzMieZb9RSJc4_wMU8LAvJ1HZ5CE6ukeViuBboVRpZVtYFY6qrvxg3uP5tfWfxzszUYkLcXFa5d_0w.webp?1700619773,1,https://daoift3qrrnil.cloudfront.net/content_images/images/000/350/854/webp/%EC%B1%84%EC%9A%A9%EA%B3%B5%EA%B3%A0_%EC%B5%9C%EC%A2%85%EB%B3%B8%2804.16.%29.webp?1776313775,https://daoift3qrrnil.cloudfront.net/employment_companies/guidebooks/000/103/647/original/4._%EC%9E%85%EC%82%AC%EC%A7%80%EC%9B%90%EC%84%9C_%EC%8B%A0%EC%9E%85%282026%29.hwp,2026-04-15T16:42:30.000+09:00,2026-04-22T09:00:01.000+09:00,2026-08-31
103657,https://jasoseol.com/recruit/103657,현대차증권,2026년 2분기 신입 수시채용 ,big_business,https://recruit.hmsec.com/,2026-04-16T00:00:00.000+09:00,2026-04-29T15:00:00.000+09:00,0,0,False,False,83700,2776,4113,1925,1591,5482,7,지점영업 (PB) | 퇴직연금 | WM본부 | IT | 회계 | RA | 해외주식 야간데스크 (미들/야간 2교대),https://daoift3qrrnil.cloudfront.net/company_groups/images/000/001/591/webp/open-uri20230710-32717-32f0ew.webp?1688958616,1,https://daoift3qrrnil.cloudfront.net/content_images/images/000/350/859/webp/image.webp?1776319885,,2026-04-16T15:11:37.000+09:00,2026-04-16T15:18:02.000+09:00,2026-08-31
103678,https://jasoseol.com/recruit/103678,한화솔루션 인사이트부문,2026 상반기 신입사원 모집,big_business,https://www.hanwhain.com/portal/apply/recruit/detail?rtSeq=18678,2026-04-21T08:00:00.000+09:00,2026-05-03T18:00:00.000+09:00,0,0,False,False,105197,1457,1151,750,15221,19361,2,부동산개발업 | 경영관리(PLS),https://daoift3qrrnil.cloudfront.net/company_groups/images/000/015/221/webp/%ED%95%9C%ED%99%94%EC%86%94%EB%A3%A8%EC%85%98%EC%9D%B8%EC%82%AC%EC%9D%B4%ED%8A%B8%EB%B6%80%EB%AC%B8.webp?1696467961,1,https://daoift3qrrnil.cloudfront.net/content_images/images/000/351/391/webp/26%EB%85%84_%ED%95%9C%ED%99%94%EC%86%94%EB%A3%A8%EC%85%98_%EC%9D%B8%EC%82%AC%EC%9D%B4%ED%8A%B8%EB%B6%80%EB%AC%B8_%EC%83%81%EB%B0%98%EA%B8%B0_%EC%8B%A0%EC%9E%85%EC%82%AC%EC%9B%90_%EB%AA%A8%EC%A7%91.webp?1776753177,,2026-04-17T11:21:46.000+09:00,2026-04-21T09:11:48.000+09:00,2026-08-31
103697,https://jasoseol.com/recruit/103697,현대로템,2026 상반기 신입사원 집중채용,big_business,https://hyundai-rotem-2026recruit.com/?utm_source=jasoseol_pre&utm_medium=cpc,2026-04-25T00:00:00.000+09:00,2026-05-03T23:59:00.000+09:00,0,0,False,False,184786,6922,12775,4776,3887,10224,48,[DS사업]경영기획 | [DS사업]사업관리 | [DS사업]PM | [DS연구]R&D기획 | [DS연구]해석 | [DS연구]시험평가 | [DS연구]체계설계 | [DS연구]전기전자 | [DS연구]전기 | [DS연구]방산보안 | [DS연구]소프트웨어설계 | [DS연구]기계 | [RS사업]철도영업_퀀텀 | [RS사업]기술영업 | [RS사업]철도PM | [RS사업]철도영업_의왕 | [RS연구]기계 | [RS연구]CBM | [RS연구]신호통신 | [RS연구]전기전자 | [RS연구]SE | [EP]기계_퀀텀 | [EP]소프트웨어설계 | [EP]설계검증 | [EP]PM | [EP]전기전자 | [EP]ICT | [EP]기계_당진 | [EP]전기_당진 | [EP]전기_퀀텀 | [생산]생산관리(방산) | [생산]자재관리(방산) | [생산]방산생산제조기술 | [생산]생산기술기획 | [생산]철도생산기술 | [품질]품질관리_창원 | [품질]품질관리_광주 또는 부산 | [품질]품질관리_당진 | [구매]부품구매 | [구매]상생협력 | [구매]구매기획 | [재경]경영분석 | [재경]회계 | [재경]세무 | [경영지원]ICT | [경영지원]보안_창원 | [경영지원]보안_의왕 | [경영지원]인사/노무,https://daoift3qrrnil.cloudfront.net/company_groups/images/000/003/887/webp/data.webp?1684486436,1,https://daoift3qrrnil.cloudfront.net/content_images/images/000/351/216/webp/26%EC%83%81_%ED%98%84%EB%8C%80%EB%A1%9C%ED%85%9C_%EC%83%81%EB%B0%98%EA%B8%B0_%EC%A7%91%EC%A4%91%EC%B1%84%EC%9A%A9_%EC%9B%B9%ED%94%8C%EB%9D%BC%EC%9D%B4%EC%96%B4_F.webp?1776661064,,2026-04-17T16:55:10.000+09:00,2026-04-17T16:57:31.000+09:00,2026-08-31
103713,https://jasoseol.com/recruit/103713,김앤장 법률사무소,송무 및 상업등기 스탭(신입) 채용,big_business,https://careers.kimchang.com/ko/guide/detail.kc?idx=34615&category=H,2026-04-20T09:00:00.000+09:00,2026-04-28T23:59:00.000+09:00,0,4,False,False,9884,230,150,55,1542,5433,2,송무 스탭 | 상업 등기 스탭,https://daoift3qrrnil.cloudfront.net/company_groups/images/000/001/542/webp/%E1%84%80%E1%85%B5%E1%86%B7%E1%84%8B%E1%85%A2%E1%86%AB%E1%84%8C%E1%85%A1%E1%86%BC.webp?1684485507,1,https://daoift3qrrnil.cloudfront.net/content_images/images/000/351/155/webp/_%EA%B9%80.%EC%9E%A5_%EB%B2%95%EB%A5%A0%EC%82%AC%EB%AC%B4%EC%86%8C__%EC%86%A1%EB%AC%B4_%EB%B0%8F_%EC%83%81%EC%97%85%EB%93%B1%EA%B8%B0_%EC%8A%A4%ED%83%AD%28%EC%8B%A0%EC%9E%85%29_%EC%B1%84%EC%9A%A9_26.4.28_%EB%A7%88%EA%B0%90.webp?1776648360,,2026-04-20T13:33:50.000+09:00,2026-04-20T13:52:02.000+09:00,2026-08-31
103759,https://jasoseol.com/recruit/103759,한솔제지,신입사원 수시채용 (해외영업/내수영업),big_business,https://www.hansol-recruit.com/jobs,2026-04-22T14:33:00.000+09:00,2026-04-28T17:00:00.000+09:00,0,4,False,False,11236,382,281,167,3326,9662,1,해외영업,https://daoift3qrrnil.cloudfront.net/company_groups/images/000/003/326/webp/img_%2851%29.webp?1700448853,1,https://daoift3qrrnil.cloudfront.net/content_images/images/000/351/507/webp/%EC%9D%B8%EC%87%84%EC%88%98%EC%B6%9C_%EC%8B%A0%EC%9E%85.webp?1776836478,,2026-04-22T14:42:58.000+09:00,2026-04-22T14:44:15.000+09:00,2026-08-31
103762,https://jasoseol.com/recruit/103762,대우건설,2026년 상반기 신입사원 및 채용연계형 인턴 채용,big_business,https://recruit.daewooenc.com/daewooenc2026.html,2026-04-23T14:00:00.000+09:00,2026-05-06T23:59:00.000+09:00,0,0,False,False,108609,1648,2384,1471,87,3978,30,건축시공 | 구조 | 건축기계설비 | 건축전기설비 | 건축토목 | 영업개발 | 토목시공 | 토목토질설계 | 토목구조설계 | 토목항만설계 | 토목도로설계 | 토목BIM | 연구개발 | 토목기계설비 | 토목전기설비 | 플랜트건축 | 플랜트토목 | 플랜트기계 | 플랜트전기 | 원자력 | 안전 | 건축시공(채용연계형) | 건축기계설비(채용연계형) | 건축전기설비(채용연계형) | 토목시공(채용연계형) | 플랜트건축(채용연계형) | 플랜트토목(채용연계형) | 플랜트기계(채용연계형) | 플랜트전기(채용연계형) | 원자력(채용연계형),https://daoift3qrrnil.cloudfront.net/company_groups/images/000/000/087/webp/%EB%8C%80%EC%9A%B0%EA%B1%B4%EC%84%A4_%EB%A1%9C%EA%B3%A0.webp?1684484635,1,https://daoift3qrrnil.cloudfront.net/content_images/images/000/351/564/webp/260422_ONEHR_%EB%8C%80%EC%9A%B0%EA%B1%B4%EC%84%A4%EC%8B%A0%EC%9E%85%EC%B1%84%EC%9A%A9_%EC%9B%B9%EA%B3%B5%EA%B3%A0_v6-2_%281%29.webp?1776844366,,2026-04-22T16:11:02.000+09:00,2026-04-23T14:00:10.000+09:00,2026-08-31
103787,https://jasoseol.com/recruit/103787,어플라이드 머티어리얼즈 코리아,[Semiconductor 분야] Customer Engineer (장비 엔지니어),big_business,https://appliedkorea.applyin.co.kr/,2026-04-27T10:00:00.000+09:00,2026-05-06T17:00:00.000+09:00,0,0,False,False,29810,1129,1366,1116,3070,8739,1,Customer Engineer (장비 엔지니어),https://daoift3qrrnil.cloudfront.net/company_groups/images/000/003/070/webp/jss_hashed_9574abdda62ba6b8da29_20251231T110950_APPLIED_Impact_Logo_blue.webp?1767146991,1,https://daoift3qrrnil.cloudfront.net/content_images/images/000/351/872/webp/Semiconductor_%EB%B6%84%EC%95%BC_AGS_202604_NCG_v1_%EC%88%98%EC%A0%95.webp?1777246566,,2026-04-24T09:47:23.000+09:00,2026-04-27T10:00:11.000+09:00,2026-08-31
103789,https://jasoseol.com/recruit/103789,인카금융서비스,2026년 신입사원 공개 채용,big_business,https://incar.ninehire.site/job_posting/ssaBpcas,2026-04-27T00:00:00.000+09:00,2026-05-11T23:59:00.000+09:00,0,0,False,False,32185,376,348,226,4059,10396,1,영업관리직,https://daoift3qrrnil.cloudfront.net/company_groups/images/000/004/059/webp/%EC%8B%9C%EA%B7%B8%EB%8B%88%EC%B2%98_%EA%B5%AD%EB%AC%B8.webp?1745889742,1,https://daoift3qrrnil.cloudfront.net/content_images/images/000/351/752/webp/image.webp?1776997897,,2026-04-24T11:31:39.000+09:00,2026-04-27T00:00:03.000+09:00,2026-08-31
103790,https://jasoseol.com/recruit/103790,현대자동차,2026 계약학과 모집,big_business,https://talent.hyundai.com/main/main.hc,2026-04-24T09:00:00.000+09:00,2026-05-08T17:00:00.000+09:00,0,0,False,False,48886,399,2317,475,1472,5363,41,[차량제어개발/한양대] SDV 차량 제어 개발 | [차량제어개발/연세대] SDV 차량 제어 개발 | [차량제어개발/한양대] 차량 거동 제어 개발 | [차량제어개발/서울대] 차량 구동 통합 제어 개발 | [차량제어개발/서울대] 차량 구동 SW 제어 개발 | [차량제어개발/서울대] AI Agent 개발 및 프로젝트 관리 | [차량제어개발/한양대] 차량 통합 검증 체계 구축 | [차량아키텍처개발/한양대] 전자아키텍처 개발 | [차량아키텍처개발/연세대] SDV 차량 검증 | [차량성능개발/서울대] 버추얼/시험 융합 NVH 개발 | [차량성능개발/서울대] 버추얼 기반 시스템 내구 모드 개발 | [제조SW개발/한양대] 제조SW 플랫폼 개발 | [제조SW개발/한양대] AI솔루션 개발 | [전자개발/연세대] 디지털 키 SW 개발 | [전자개발/연세대] SDV 조작계 햅틱 인터페이스 기능 개발 | [전자개발/서울대] 차량 전원 제어 시스템 평가 | [전동화개발/서울대] 인버터 시스템 설계 | [전동화개발/서울대] 컨버터 제어 설계 | [자율주행기술개발/연세대] 자율주차 기술 | [자율주행기술개발/서울대] 자율주행 AI | [자율주행기술개발/한양대] 자율주행 기능 시험 | [자율주행기술개발/연세대] 자율주행 기능 시험 | [자율주행기술개발/서울대] 검증 환경 구축 | [자율주행기술개발/서울대] 생성형 AI 및 E2E 강화학습 개발 | [자율주행기술개발/연세대] Data/MLOps 및 파이프라인 개발 | [자율주행기술개발/서울대] 판단 기술 개발 | [수소연료전지개발/서울대] PEM 수전해 스택 기술 개발 | [수소연료전지개발/서울대] 연료전지 시스템 내구 및 신뢰성 개발 | [수소연료전지개발/한양대] 모터/제어기 설계 및 해석 | [수소연료전지개발/한양대] 연료전지 수소/공기 공급시스템 제어 로직 개발 | [수소연료전지개발/서울대] 수소저장시스템 설계 | [소재연구개발] 배터리 재활용 요소기술 개발 | [소재연구개발] 차세대 재활용 신기술 개발 | [소재연구개발] EU 배터리 법규 대응 | [선행생기/연세대] 전장 검사 기술 개발 | [선행생기/연세대] 차량 무인이송 기술 및 전장 진단 플랫폼 개발 | [배터리개발/서울대] 전고체 배터리 개발   | [배터리개발/서울대] 배터리 시스템 설계 | [배터리개발/서울대] 미래모빌리티 배터리 개발  | [배터리개발/한양대] BMS SW 개발 및 검증 | [로봇 제어] 로봇 제어,https://daoift3qrrnil.cloudfront.net/company_groups/images/000/001/472/webp/HYU_Logo_Horizontal_Blue_RGB.webp?1684485479,1,https://daoift3qrrnil.cloudfront.net/content_images/images/000/351/753/webp/image.webp?1777001719,,2026-04-24T12:35:25.000+09:00,2026-04-24T13:14:38.000+09:00,2026-08-31
103809,https://jasoseol.com/recruit/103809,수협은행,2026년 상반기 신입행원 전역장교 특별채용,big_business,https://shbank.incruit.com/,2026-04-27T15:00:00.000+09:00,2026-05-11T15:00:00.000+09:00,0,0,False,False,61454,248,481,204,352,4243,1,전역장교,https://daoift3qrrnil.cloudfront.net/company_groups/images/000/000/352/webp/suhyupbank.webp?1684484698,1,https://daoift3qrrnil.cloudfront.net/content_images/images/000/351/818/webp/image.webp?1777020937,,2026-04-24T17:55:40.000+09:00,2026-04-27T15:00:13.000+09:00,2026-08-31
103831,https://jasoseol.com/recruit/103831,KT sat,2026년 상반기 경력/신입사원 공개채용,big_business,https://kt.recruiter.co.kr/career/jobs/108049,2026-04-28T00:00:00.000+09:00,2026-05-10T23:59:00.000+09:00,0,0,False,False,76782,1006,1050,567,956,4847,7,사업개발 (위성지상국 설계 리드) | 사업개발 (위성지상국 설계) | 서비스 솔루션개발 | IT기획/개발 | 재무 | 정보보안 | 해양위성통신 서비스,https://daoift3qrrnil.cloudfront.net/company_groups/images/000/000/956/webp/%E1%84%8F%E1%85%A6%E1%84%8B%E1%85%B5%E1%84%90%E1%85%B5%E1%84%89%E1%85%A6%E1%87%80.webp?1684485295,1,https://daoift3qrrnil.cloudfront.net/content_images/images/000/352/012/webp/image.webp?1777275822,,2026-04-27T16:43:46.000+09:00,2026-04-28T00:00:28.000+09:00,2026-08-31
103834,https://jasoseol.com/recruit/103834,유니드,2026년 수시채용,big_business,https://unid.recruiter.co.kr/app/jobnotice/view?systemKindCode=MRS2&jobnoticeSn=252105,2026-04-28T13:00:00.000+09:00,2026-05-11T23:59:00.000+09:00,0,0,False,False,57767,2065,1750,1136,687,4578,14,인사 (신입) | 인사 (경력) | 재무 | 회계  | 전산  | 전략기획 (신입) | 전략기획 (경력) | 사업개발 (신입) | 사업개발 (경력) | 해외영업  | 생산  | 기술개발 | 품질관리 | 관리 ,https://daoift3qrrnil.cloudfront.net/company_groups/images/000/000/687/webp/%EC%9C%A0%EB%8B%88%EB%93%9C_%EB%A1%9C%EA%B3%A0.webp?1684485239,1,https://daoift3qrrnil.cloudfront.net/content_images/images/000/352/036/webp/image.webp?1777280721,,2026-04-27T18:05:23.000+09:00,2026-04-28T13:00:15.000+09:00,2026-08-31
103846,https://jasoseol.com/recruit/103846,현대그린푸드,2026년 상반기 신입영양사 공개채용,big_business,https://recruit.ehyundai.com/recruit-info/announcement/view.nhd?hireId=2026298&regCoCd=HDGF,2026-04-27T00:00:00.000+09:00,2026-05-10T23:59:00.000+09:00,0,0,False,False,15764,106,113,42,276,4167,5,일반 | 병원군 | 그리팅 등 상품개발 | 단체급식 메뉴개발 | 식품안전,https://daoift3qrrnil.cloudfront.net/company_groups/images/000/000/276/webp/ci_greenfood.webp?1698998655,1,https://daoift3qrrnil.cloudfront.net/content_images/images/000/352/178/webp/1777363976353.webp?1777364515,,2026-04-28T11:07:50.000+09:00,2026-04-28T11:13:22.000+09:00,2026-08-31
103849,https://jasoseol.com/recruit/103849,SK바이오사이언스,26년 5월 신입/경력사원 수시채용,big_business,https://www.skcareers.com/Recruit,2026-04-28T00:00:00.000+09:00,2026-05-10T23:59:00.000+09:00,0,4,False,False,41537,683,1586,447,6770,13167,9,DS(원액생산) | DP(완제생산) | 생산공정 데이터 분석 및 효율화(O/E) | QA Validation | QC Micro | QC System | QC Chem | Digital Transformation | Global RA,https://daoift3qrrnil.cloudfront.net/company_groups/images/000/006/770/webp/open-uri20220705-9327-15kiov5.webp?1684487448,1,https://daoift3qrrnil.cloudfront.net/content_images/images/000/352/227/webp/%EC%B1%84%EC%9A%A92.webp?1777427193,,2026-04-28T11:23:24.000+09:00,2026-04-28T11:28:20.000+09:00,2026-08-31
103851,https://jasoseol.com/recruit/103851,현대백화점그룹,2026년 상반기 신입사원 채용,big_business,https://ehyundai-recruit.com/?utm_source=jasoseol&utm_medium=cpc&utm_campaign=2026,2026-04-30T09:00:00.000+09:00,2026-05-13T17:00:00.000+09:00,0,0,False,False,118352,4591,6286,3395,172,4063,30,[현대백화점] 영업관리_일반전형 | [현대백화점] 영업관리_오픈PR전형 | [현대백화점] 마케팅_일반전형 | [현대백화점] 마케팅_오픈PR전형 | [현대백화점] 경영지원_일반전형 | [현대백화점] 경영지원_오픈PR전형 | [현대홈쇼핑] MD_일반전형 | [현대홈쇼핑] MD_오픈PR전형 | [현대홈쇼핑] 영업지원_일반전형 | [현대홈쇼핑] 영업지원_오픈PR전형 | [현대홈쇼핑] CX기획/운영_일반전형 | [현대홈쇼핑] CX기획/운영_오픈PR전형 | [현대홈쇼핑] 심의_일반전형 | [현대홈쇼핑] 심의_오픈PR전형 | [현대홈쇼핑] 전략/기획_일반전형 | [현대홈쇼핑] 전략/기획_오픈PR전형 | [현대면세점] 영업관리 _일반전형 | [현대면세점] 영업관리 _오픈PR전형 | [현대면세점] 판매기획_일반전형 | [현대면세점] 판매기획_오픈PR전형 | [현대면세점] 경영전력/기획_일반전형 | [현대면세점] 경영전력/기획_오픈PR전형 | [현대면세점] 인사/교육_일반전형 | [현대면세점] 인사/교육_오픈PR전형 | [현대면세점] 총무_일반전형 | [현대면세점] 총무_오픈PR전형 | [현대면세점] 재경_일반전형 | [현대면세점] 재경_오픈PR전형 | [현대면세점] 디지털기획_일반전형 | [현대면세점] 디지털기획_오픈PR전형,https://daoift3qrrnil.cloudfront.net/company_groups/images/000/000/172/webp/%ED%98%84%EB%8C%80.webp?1684484656,1,https://daoift3qrrnil.cloudfront.net/content_images/images/000/352/419/webp/2026_SS_Hyundai_Department_Store_Recruiting%28QR%29.webp?1777529398,,2026-04-28T13:16:17.000+09:00,2026-04-30T09:00:03.000+09:00,2026-08-31
103855,https://jasoseol.com/recruit/103855,파주에너지서비스,2026년 신입구성원(설비관리) 영입,big_business,https://www.skcareers.com/Recruit/Detail/R260921,2026-04-29T00:00:00.000+09:00,2026-05-17T23:59:00.000+09:00,0,0,False,False,59591,553,502,245,6481,12870,1,설비관리,https://daoift3qrrnil.cloudfront.net/company_groups/images/000/006/481/webp/ci_cont02_img01.webp?1684487338,1,https://daoift3qrrnil.cloudfront.net/content_images/images/000/352/147/webp/image.webp?1777356107,,2026-04-28T15:01:51.000+09:00,2026-04-29T00:00:11.000+09:00,2026-08-31
103868,https://jasoseol.com/recruit/103868,한화파워,2026년 상반기 신입사원 채용,big_business,https://www.hanwhain.com/portal/apply/recruit/detail?rtSeq=18638,2026-04-28T09:00:00.000+09:00,2026-05-05T15:00:00.000+09:00,0,0,False,False,63999,1144,1873,676,5741,12126,7,설계 | 생산기술 (제조기술) | 생산기술 (시험평가) | 복합발전 엔지니어 | Project Manager | 조달 | 재무,https://daoift3qrrnil.cloudfront.net/company_groups/images/000/005/741/webp/jss_hashed_ddfabd88faae906ae50f_20260428T172016_Screenshot_58.webp?1777364416,1,https://daoift3qrrnil.cloudfront.net/content_images/images/000/352/177/webp/%ED%95%9C%ED%99%94%ED%8C%8C%EC%9B%8C_%EA%B3%B5%EA%B3%A0%EB%AC%B8.webp?1777364352,,2026-04-28T17:18:44.000+09:00,2026-04-28T17:24:19.000+09:00,2026-08-31
103890,https://jasoseol.com/recruit/103890,비씨카드,2026년 상반기 신입사원 채용,big_business,https://kt.recruiter.co.kr/career/jobs/108288?utm_source=jasoseol&utm_medium=banner&utm_campaign=2604bccard,2026-04-30T10:00:00.000+09:00,2026-05-11T15:00:00.000+09:00,0,0,False,False,60145,3238,4048,2380,1386,5277,2,Biz (일반) | DX (채용전환형),https://daoift3qrrnil.cloudfront.net/company_groups/images/000/001/386/webp/art_1625036198761_a042ff.webp?1699328076,1,https://daoift3qrrnil.cloudfront.net/content_images/images/000/352/287/webp/image.webp?1777439414,,2026-04-29T14:10:18.000+09:00,2026-04-30T10:00:06.000+09:00,2026-08-31
103917,https://jasoseol.com/recruit/103917,NH농협무역,2026년 상반기 정규직 직원 공개채용,big_business,https://jrs.jobkorea.co.kr/nhtra/nhtra26/Agi/Invite,2026-04-20T11:25:00.000+09:00,2026-05-08T17:00:00.000+09:00,0,4,False,False,16107,856,526,342,6669,13058,1,무역 사무,https://daoift3qrrnil.cloudfront.net/company_groups/images/000/006/669/webp/%E1%84%82%E1%85%A9%E1%86%BC%E1%84%92%E1%85%A7%E1%86%B8%E1%84%86%E1%85%AE%E1%84%8B%E1%85%A7%E1%86%A8.webp?1684487405,1,https://daoift3qrrnil.cloudfront.net/content_images/images/000/352/399/webp/%EC%B1%84%EC%9A%A9%EA%B3%B5%EA%B3%A0_%EC%9D%B4%EB%AF%B8%EC%A7%80.webp?1777522575,,2026-04-30T14:33:58.000+09:00,2026-04-30T14:38:21.000+09:00,2026-08-31
103929,https://jasoseol.com/recruit/103929,디앤오,[LG그룹] 지원 부문 인재 채용,big_business,https://careers.lg.com/apply,2026-04-30T00:00:00.000+09:00,2026-05-13T23:00:00.000+09:00,0,0,False,False,30939,497,473,219,1850,5741,2,AX기획 | 회계,https://daoift3qrrnil.cloudfront.net/company_groups/images/000/001/850/webp/%EB%94%94%EC%95%A4%EC%98%A4.webp?1703819040,1,https://daoift3qrrnil.cloudfront.net/content_images/images/000/352/453/webp/image.webp?1777536886,,2026-04-30T17:14:50.000+09:00,2026-04-30T17:51:44.000+09:00,2026-08-31
103944,https://jasoseol.com/recruit/103944,강동경희대학교병원,"2026년 행정, 홍보 정규직 신입직원 공개채용",big_business,https://recruit.incruit.com/khnmc/job/,2026-05-01T00:00:00.000+09:00,2026-05-10T23:59:00.000+09:00,0,4,False,False,10366,559,402,213,12123,15968,2,행정 | 홍보,https://daoift3qrrnil.cloudfront.net/company_groups/images/000/012/123/webp/%EA%B2%BD%ED%9D%AC%EB%8C%80%ED%95%99%EA%B5%90%EC%9D%98%EB%A3%8C%EC%9B%90_%EC%8B%9C%EA%B7%B8%EB%8B%88%EC%B2%98.webp?1684488223,1,https://daoift3qrrnil.cloudfront.net/content_images/images/000/352/483/webp/2026%EB%85%84_%ED%96%89%EC%A0%95%EB%B6%80%EC%84%9C_%ED%96%89%EC%A0%95%EC%A7%81%28%EC%A0%95%EA%B7%9C%EC%A7%81%29_%EA%B3%B5%EA%B3%A0%28%ED%99%8D%EB%B3%B4_%ED%96%89%EC%A0%95_%ED%95%A9%EB%B3%B8%29_v2.webp?1777610342,,2026-05-04T11:41:09.000+09:00,2026-05-04T11:43:34.000+09:00,2026-08-31
103945,https://jasoseol.com/recruit/103945,현대위아,2026 상반기 신입사원 집중 채용,big_business,https://hyundai-wia.recruiter.co.kr/career/jobs/107543?utm_source=jasoseol&utm_medium=banner&utm_campaign=2604hyundaiwia,2026-05-06T00:00:00.000+09:00,2026-05-19T11:59:00.000+09:00,0,0,False,False,161220,5811,9571,4715,25,3916,46,"사업 지표 / 실적 관리 | 사업 전략 수립 | 사업 수익성 관리 | 손익 / 원가관리 | 매출 / 경영관리 | 연결/내부회계, 공시 | 안전/환경 관리 | 언론 홍보 | HRD (AX 교육) | HRM (채용/인사관리) | AX 보안 설계 | 구매 원가 분석 | 열관리시스템 구매 | 전동식컴프레셔 부품 구매 | 제어시스템 선행 품질 | 부품/가공라인 품질관리 | 개발단계 선행 품질 | 열관리 공조시스템 선행 품질 | 열관리 공조시스템 양산공정 품질 | 가공 생산관리 | 전동화 생산기술 | PT 생산기술 | 엔진 영업 담당 | 샤시 모듈 영업 담당 | 공조 영업 담당 | 글로벌OE 해외영업 | 로봇 해외영업 | 모바일로봇 전장/제어 개발 | 모바일로봇 주행 SW 개발 | 협동로봇 비전 SW 개발 | 차량용 댐퍼 개발 | 모빌리티 부품 선행개발 | 통합형 드라이브 액슬(IDA) 개발 | 구동시스템 제어기 회로 설계 | 모터 제어 SW 개발 | 차량 성능 튜닝 및 평가 | 제어 시스템 기능안전 / 엔지니어 | AX/R&D 프로세스 고도화 | 차량부품(CVJ) 설계원가 | HVAC설계 | 컴프레셔 설계 | 열교환기 설계 | 열관리 공조시스템 설계 | 열관리 AI/1D 솔루션 개발 | 대체냉매 / 열관리 시스템 선행개발 | 열관리시스템 시험",https://daoift3qrrnil.cloudfront.net/company_groups/images/000/000/025/webp/Hyundai_Wia_logo.webp?1698989579,1,https://daoift3qrrnil.cloudfront.net/content_images/images/000/352/561/webp/image.webp?1777869385,,2026-05-04T13:36:39.000+09:00,2026-05-06T00:00:05.000+09:00,2026-08-31
103949,https://jasoseol.com/recruit/103949,한국투자증권,FY2026 전역장교 공채 (신입사원 5급),big_business,http://career.koreainvestment.com/,2026-05-06T09:00:00.000+09:00,2026-05-26T17:00:00.000+09:00,0,0,False,False,100361,420,865,324,43,3934,6,PB(Private Banker) | 본사관리(전략/기획) | IT(Front-end) | IT(Back-end) | IT(Infra) | IT(정보보호),https://daoift3qrrnil.cloudfront.net/company_groups/images/000/000/043/webp/_2977543_%ED%95%9C%EA%B5%AD%ED%88%AC%EC%9E%90%EC%A6%9D%EA%B6%8C_%EA%B5%AD%EB%AC%B8CI.webp?1684484619,1,https://daoift3qrrnil.cloudfront.net/content_images/images/000/352/597/webp/image.webp?1777883570,,2026-05-04T17:32:52.000+09:00,2026-05-06T09:00:05.000+09:00,2026-08-31
103951,https://jasoseol.com/recruit/103951,삼성카드고객서비스,2026년 3급 신입사원 채용,big_business,https://www.samsungcardcustomerservice.com/recruit/list.do?midMenu=1,2026-05-06T10:00:00.000+09:00,2026-05-14T18:00:00.000+09:00,0,0,False,False,55962,1136,920,498,1571,5462,2,인사 | 상담운영기획,https://daoift3qrrnil.cloudfront.net/company_groups/images/000/001/571/webp/%EB%94%94%EC%A7%80%ED%84%B8_%EC%82%BC%EC%84%B1%EC%B9%B4%EB%93%9C%EA%B3%A0%EA%B0%9D%EC%84%9C%EB%B9%84%EC%8A%A4CI_%EA%B5%AD%EB%AC%B8.webp?1715239504,1,https://daoift3qrrnil.cloudfront.net/content_images/images/000/352/605/webp/image.webp?1777886244,,2026-05-04T18:17:35.000+09:00,2026-05-06T10:00:08.000+09:00,2026-08-31
103961,https://jasoseol.com/recruit/103961,코닝정밀소재,2026년 대졸 엔지니어 정규직 신입 채용,big_business,https://m.site.naver.com/27dmu,2026-05-07T10:00:00.000+09:00,2026-05-21T23:59:00.000+09:00,0,0,False,False,72654,1569,1938,968,6936,13337,1,용해성형 제조/기술 엔지니어,https://daoift3qrrnil.cloudfront.net/company_groups/images/000/006/936/webp/%EC%BD%94%EB%8B%9D%EC%A0%95%EB%B0%80%EC%86%8C%EC%9E%AC_%EB%A1%9C%EA%B3%A0.webp?1684487497,1,https://daoift3qrrnil.cloudfront.net/content_images/images/000/352/682/webp/image.webp?1778035563,,2026-05-06T11:46:07.000+09:00,2026-05-06T11:47:04.000+09:00,2026-08-31
103973,https://jasoseol.com/recruit/103973,비바리퍼블리카(토스),General Affairs Assistant,big_business,https://toss.im/career/job-detail?job_id=5051743003,2026-05-06T18:02:00.000+09:00,2026-05-18T18:46:09.000+09:00,0,4,False,False,6351,61,73,11,11256,15043,1,General Affairs Assistant,https://daoift3qrrnil.cloudfront.net/company_groups/images/000/011/256/webp/icon-toss-logo_%281%29.webp?1684487963,1,https://daoift3qrrnil.cloudfront.net/content_images/images/000/352/790/webp/GA-750w.webp?1778058341,,2026-05-06T18:25:19.000+09:00,2026-05-07T08:35:33.000+09:00,2026-08-31
103979,https://jasoseol.com/recruit/103979,키움증권,2026년 상반기 키움금융센터 정규직 채용,big_business,https://kiwoom1.saramin.co.kr/,2026-05-11T10:00:00.000+09:00,2026-05-25T23:00:00.000+09:00,0,0,False,False,66085,335,215,148,236,4127,1,고객 상담,https://daoift3qrrnil.cloudfront.net/company_groups/images/000/000/236/webp/%ED%82%A4%EC%9B%80%EC%A6%9D%EA%B6%8C_%EB%A1%9C%EA%B3%A0.webp?1684484676,1,https://daoift3qrrnil.cloudfront.net/content_images/images/000/352/804/webp/image.webp?1778113877,,2026-05-07T09:31:20.000+09:00,2026-05-11T10:00:11.000+09:00,2026-08-31
103987,https://jasoseol.com/recruit/103987,다우기술,경력·신입 대규모 인재영입,big_business,https://recruit.daou.co.kr/,2026-05-08T00:00:00.000+09:00,2026-05-18T18:00:00.000+09:00,0,0,False,False,69178,1532,2327,900,730,4621,30,AI 개발 | Web Application PM/PL | Biz Application AI/서비스 개발 | 메일 시스템 서버 개발 | 원장 개발 | HTS 채널 개발 | MTS 채널 개발 | 소프트웨어 아키텍트 | 증권 퇴직연금 시스템 개발 | 품질 관리 엔지니어 | 정보보호관리 | 데이터베이스 엔지니어 | 금융 데이터 아키텍트 (DA) | 클라우드/AI 플랫폼 엔지니어 | 증권 품질 관리 | 증권 품질 보증 | 커머스 개인화 마케팅 솔루션 컨설턴트 | 커머스 플랫폼 서비스 기획 | 커머스 플랫폼 서비스 운영 | 금융 전략 및 사업 기획 | 모바일쿠폰 영업 | Biz Application HR 서비스 영업 | 세무 관리 | 법무 관리 (경력) | Biz Application 기술지원 엔지니어 | 데이터베이스 엔지니어 | AX 운영/기획 (AI Transformation) | 커머스 플랫폼 서비스 영업 | 재무 관리 | 법무 관리,https://daoift3qrrnil.cloudfront.net/company_groups/images/000/000/730/webp/CI_Manual_01.webp?1684485251,1,https://daoift3qrrnil.cloudfront.net/content_images/images/000/353/326/webp/%EC%B1%84%EC%9A%A9_%EA%B3%B5%EA%B3%A0_2026%EB%85%84_%ED%95%98%EB%B0%98%EA%B8%B0_%EC%8B%A0%EC%9E%85_%EA%B2%BD%EB%A0%A5%EC%82%AC%EC%9B%90_%EA%B3%B5%EC%B1%84_%EC%A0%84%EB%8B%AC%EC%9A%A9_%EC%88%98%EC%A0%95%280511%29-1.webp?1778472864,,2026-05-07T14:59:05.000+09:00,2026-05-07T15:05:30.000+09:00,2026-08-31
103988,https://jasoseol.com/recruit/103988,선진,2026년 2분기 신입/경력 채용,big_business,https://recruit-sj.com/?utm_source=jasoseol&utm_medium=plus&utm_campaign=202602,2026-05-08T00:00:00.000+09:00,2026-05-21T23:59:00.000+09:00,0,0,False,False,82129,1052,928,563,1113,5004,23,사료영업 | 식육영업 | 식육 온라인영업 | 육가공 식품영업(식품) | 육가공 식품영업(캐터링) | 육가공 식품영업(식재) | 육가공 급식영업 | 육가공 급식 제품상품기획담당 | 양돈 생산관리 | 식육 생산관리 | 육가공 생산관리 | 육가공 품질관리 | 육가공 공무기획 | 회계/세무 | HRD담당 | 안전관리 | 신용지원 | 육가공 냉장R&D | 품질위생 안전담당(Auditor) | 수의 | DBA/DA | 해외 시스템(ERP) | ICT 설계,https://daoift3qrrnil.cloudfront.net/company_groups/images/000/001/113/webp/%EC%84%A0%EC%A7%84CI_%EC%9B%8C%EB%93%9C%EB%A7%88%ED%81%AC.webp?1684485334,1,https://daoift3qrrnil.cloudfront.net/content_images/images/000/354/195/webp/260515_%EC%84%A0%EC%A7%84_%EC%9B%B9%EA%B3%B5%EA%B3%A0_v5-1_%281%29.webp?1778834161,,2026-05-07T15:11:24.000+09:00,2026-05-08T00:00:08.000+09:00,2026-08-31
103999,https://jasoseol.com/recruit/103999,삼성선물,2026년 상반기 신입사원 채용,big_business,https://www.ssfutures.com/ssf/company/hr/CPI_05101.cmd,2026-05-07T16:00:00.000+09:00,2026-05-14T17:00:00.000+09:00,0,4,False,False,38665,1152,1222,589,2842,7796,2,IT | 경영지원,https://daoift3qrrnil.cloudfront.net/company_groups/images/000/002/842/webp/%EB%94%94%EC%A7%80%ED%84%B8_%EC%82%BC%EC%84%B1%EC%84%A0%EB%AC%BCCI_%EA%B5%AD%EB%AC%B8.webp?1684486024,1,https://daoift3qrrnil.cloudfront.net/content_images/images/000/352/992/webp/2026%EB%85%84_%EC%83%81%EB%B0%98%EA%B8%B0_%EC%82%BC%EC%84%B1%EC%84%A0%EB%AC%BC_%EC%8B%A0%EC%9E%85%EC%82%AC%EC%9B%90_%EC%B1%84%EC%9A%A9%EA%B3%B5%EA%B3%A0.webp?1778137423,,2026-05-07T17:30:38.000+09:00,2026-05-07T17:34:49.000+09:00,2026-08-31
104006,https://jasoseol.com/recruit/104006,유니드글로벌상사,2026년 신입사원 공개채용,big_business,https://unidglobalcorp.career.greetinghr.com/ko/o/206793,2026-05-08T09:00:00.000+09:00,2026-05-18T10:59:00.000+09:00,0,4,False,False,14033,479,468,234,6107,12493,1,영업,https://daoift3qrrnil.cloudfront.net/company_groups/images/000/006/107/webp/%EC%98%81%EB%AC%B8%EB%A1%9C%EA%B3%A0_%EB%B0%B0%EA%B2%BD%EC%97%86%EC%9D%8C.webp?1684487227,1,https://daoift3qrrnil.cloudfront.net/content_images/images/000/353/123/webp/%28%EC%A3%BC%29%EC%9C%A0%EB%8B%88%EB%93%9C%EA%B8%80%EB%A1%9C%EB%B2%8C%EC%83%81%EC%82%AC_%EA%B3%B5%EA%B3%A0%28%EC%88%98%EC%A0%95%29.webp?1778203677,,2026-05-08T09:28:51.000+09:00,2026-05-08T09:28:51.000+09:00,2026-08-31
104067,https://jasoseol.com/recruit/104067,존슨앤드존슨,[MedTech] 영업직 신입사원 채용 (서울/부산),big_business,https://www.careers.jnj.com/en/,2026-05-12T00:00:00.000+09:00,2026-07-11T23:59:00.000+09:00,1,0,False,False,10242,207,81,38,1045,4936,2,Associate Professional Product Specialist - Surgery(부산) | Clinical Sales – Electrophysiology(서울),https://daoift3qrrnil.cloudfront.net/company_groups/images/000/001/045/webp/jss_hashed_6044e3ffc36ca8e97f2f_20260723T134800_JNJ_Logo_SingleLine_Red_RGB_%281%29.webp?1784782081,1,https://daoift3qrrnil.cloudfront.net/business_employment_companies/images/000/038/546/original/Johnson-Johnson-md-logo-500x239.png?1697011699,,2026-05-12T14:58:44.000+09:00,2026-05-12T15:06:53.000+09:00,2026-08-31
104077,https://jasoseol.com/recruit/104077,현대비앤지스틸,대졸신입사원 및 채용형 인턴 채용 (회계/경영지원),big_business,https://hyundai-bngsteel.applyin.co.kr/,2026-05-12T00:00:00.000+09:00,2026-05-21T23:00:00.000+09:00,0,0,False,False,43664,736,564,299,1407,20901,2,회계 | 경영지원,https://daoift3qrrnil.cloudfront.net/company_groups/images/000/001/407/webp/BNGSteel20CI.webp?1699333611,1,https://daoift3qrrnil.cloudfront.net/content_images/images/000/353/586/webp/image.webp?1778574175,,2026-05-12T17:19:36.000+09:00,2026-05-12T17:23:08.000+09:00,2026-08-31
104101,https://jasoseol.com/recruit/104101,KCC,2026년 5월 대졸 신입 수시채용,big_business,https://recruit.kccworld.co.kr/recruit/recruitMain?SiteType=A&SEQ=13572,2026-05-12T08:00:00.000+09:00,2026-05-19T23:59:00.000+09:00,0,4,False,False,32143,1032,1243,566,1328,5219,4,선박도료 해외영업 | 도료 영업/영업관리 | 도료 기술 | 총무,https://daoift3qrrnil.cloudfront.net/company_groups/images/000/001/328/webp/%EB%A1%9C%EA%B3%A0.webp?1684485423,4,https://daoift3qrrnil.cloudfront.net/content_images/images/000/353/695/webp/%EA%B3%B5%EA%B3%A01.webp?1778646691 | https://daoift3qrrnil.cloudfront.net/content_images/images/000/353/696/webp/%EA%B3%B5%EA%B3%A02.webp?1778646693 | https://daoift3qrrnil.cloudfront.net/content_images/images/000/353/697/webp/%EA%B3%B5%EA%B3%A03.webp?1778646695 | https://daoift3qrrnil.cloudfront.net/content_images/images/000/353/698/webp/%EA%B3%B5%EA%B3%A04.webp?1778646697,,2026-05-13T13:39:42.000+09:00,2026-05-13T13:41:53.000+09:00,2026-08-31
104116,https://jasoseol.com/recruit/104116,롯데글로벌로지스,HR실 신입 (JA) 채용,big_business,https://www.lotteglogis.com/home/company/recruit/notice/view?key=2026A0022&page=1,2026-05-13T15:22:00.000+09:00,2026-05-21T23:59:00.000+09:00,0,4,False,False,17790,588,419,188,912,4803,1,HR팀,https://daoift3qrrnil.cloudfront.net/company_groups/images/000/000/912/webp/%EB%A1%AF%EB%8D%B0%EA%B8%80%EB%A1%9C%EB%B2%8C%EB%A1%9C%EC%A7%80%EC%8A%A4CI_%EA%B5%AD%EB%AC%B8.webp?1698903787,1,https://daoift3qrrnil.cloudfront.net/business_employment_companies/images/000/051/864/original/%EB%A1%AF%EB%8D%B0%EA%B8%80%EB%A1%9C%EB%B2%8C%EB%A1%9C%EC%A7%80%EC%8A%A4CI_%EA%B5%AD%EB%AC%B8.jpg?1778658303,,2026-05-13T16:48:41.000+09:00,2026-05-13T16:52:22.000+09:00,2026-08-31
104206,https://jasoseol.com/recruit/104206,세아제강,2026년 상반기 순천공장 환경관리자 수시채용,big_business,https://seahsteel.recruiter.co.kr/career/jobs/113868,2026-05-18T15:00:00.000+09:00,2026-05-25T23:59:00.000+09:00,0,0,False,False,12123,151,166,80,793,4684,1,환경 관리,https://daoift3qrrnil.cloudfront.net/company_groups/images/000/000/793/webp/%EC%84%B8%EC%95%84%EC%A0%9C%EA%B0%95_CI.webp?1739257559,2,https://seahsteel.recruiter.co.kr/upload/211317/image/202605/5dc633e6-440d-4c35-b710-a5af9cff377d.png | https://seahsteel.recruiter.co.kr/upload/211317/image/202605/57876a39-a886-4017-91b8-82b6aaa098cb.png,https://daoift3qrrnil.cloudfront.net/employment_companies/guidebooks/000/104/206/original/%EC%B2%A8%EB%B6%80%ED%8C%8C%EC%9D%BC20260518-3689216-1s8y9kr.zip,2026-05-18T18:18:34.000+09:00,2026-05-18T18:20:07.000+09:00,2026-08-31
104211,https://jasoseol.com/recruit/104211,한국거래소,신입직원 채용,big_business,https://krx.saramin.co.kr/,2026-05-19T15:00:00.000+09:00,2026-06-02T15:00:00.000+09:00,0,0,False,False,104682,3420,4375,2669,89,3980,5,경영 | 경제 | 법학 | 통계 | IT,https://daoift3qrrnil.cloudfront.net/company_groups/images/000/000/089/webp/unnamed_%281%29.webp?1698994462,1,https://daoift3qrrnil.cloudfront.net/content_images/images/000/354/380/webp/image.webp?1779148152,,2026-05-19T08:49:14.000+09:00,2026-05-19T15:00:02.000+09:00,2026-08-31
104215,https://jasoseol.com/recruit/104215,에이플러스에셋,2026 군장교 공개채용,big_business,https://www.aplusgroup.co.kr/APG/RC/hireMember/view.do?num=11055&nowPage=1&prePage=0&company=A+%EC%97%90%EC%85%8B,2026-05-26T00:00:00.000+09:00,2026-06-06T23:59:00.000+09:00,0,0,False,False,42250,110,105,62,1280,5171,2,영업관리 | 경영지원,https://daoift3qrrnil.cloudfront.net/company_groups/images/000/001/280/webp/%EC%97%90%EC%85%8B%EB%A1%9C%EA%B3%A0.webp?1684485395,1,https://daoift3qrrnil.cloudfront.net/content_images/images/000/354/430/webp/image.webp?1779158083,,2026-05-19T11:34:49.000+09:00,2026-05-26T00:00:15.000+09:00,2026-08-31
104258,https://jasoseol.com/recruit/104258,드림라인,경영지원 신입사원 모집,big_business,https://www.saramin.co.kr/zf_user/jobs/view?rec_idx=53931691&view_type=etc&ref=recruit_manage,2026-05-19T00:00:00.000+09:00,2026-06-17T23:59:00.000+09:00,0,4,False,False,4884,106,111,28,2937,8192,1,경영지원팀,https://daoift3qrrnil.cloudfront.net/company_groups/images/000/002/937/webp/%EB%93%9C%EB%A6%BC%EB%9D%BC%EC%9D%B8_CI_%28%EB%B0%94%ED%83%95%ED%88%AC%EB%AA%85_%EA%B2%80%EC%9D%80%EC%83%89%EA%B8%80%EC%94%A8%29.webp?1684486060,2,https://daoift3qrrnil.cloudfront.net/content_images/images/000/354/715/webp/%EA%B3%B5%EA%B3%A0_%EC%9E%90%EC%86%8C%EC%84%A4%EB%8B%B7%EC%BB%B4_%EC%95%9E%EB%A9%B4%282605%29_%EA%B2%BD%EC%98%81%EC%A7%80%EC%9B%90%ED%8C%80%28%EC%8B%A0%EC%9E%85%29.webp?1779360986 | https://daoift3qrrnil.cloudfront.net/content_images/images/000/354/716/webp/%EA%B3%B5%EA%B3%A0_%EC%9E%90%EC%86%8C%EC%84%A4%EB%8B%B7%EC%BB%B4_%EB%92%B7%EB%A9%B4%282605%29_%EA%B2%BD%EC%98%81%EC%A7%80%EC%9B%90%ED%8C%80.webp?1779360992,,2026-05-22T08:23:59.000+09:00,2026-05-22T08:24:28.000+09:00,2026-08-31
104261,https://jasoseol.com/recruit/104261,셀트리온제약,신입/경력 수시채용,big_business,https://recruit.celltrionph.com/,2026-05-20T00:00:00.000+09:00,2026-06-01T15:00:00.000+09:00,0,0,False,False,41684,487,420,245,3492,9828,10,사업제휴 | 임상  | 인사  | 바이오 생산  | 바이오 생산  | 자재관리  | 자재관리  | 바이오 생산  | 바이오 생산  | 수동이물검사 및 포장지원,https://daoift3qrrnil.cloudfront.net/company_groups/images/000/003/492/webp/34573_27128_3948.webp?1684486280,1,https://daoift3qrrnil.cloudfront.net/content_images/images/000/354/730/webp/image.webp?1779410142,,2026-05-22T09:35:44.000+09:00,2026-05-22T09:48:44.000+09:00,2026-08-31
104286,https://jasoseol.com/recruit/104286,우리은행,2026년 상반기 채용 (지역인재/체험형 인턴/보훈),big_business,https://jrs.jobkorea.co.kr/wooribank,2026-05-26T10:00:00.000+09:00,2026-06-08T14:00:00.000+09:00,0,0,False,False,66996,2052,2516,2451,1,3892,7,지역인재 (대전/세종/충청) | 지역인재 (부산/울산/경남) | 지역인재 (대구/경북) | 지역인재 (광주/전남/전북) | 지역인재 (강원) | 일반 (하계 체험형) | 보훈 (사무지원직군) ,https://daoift3qrrnil.cloudfront.net/company_groups/images/000/000/001/webp/img_%281%29.webp?1698989125,3,https://daoift3qrrnil.cloudfront.net/content_images/images/000/354/884/webp/image.webp?1779754407 | https://daoift3qrrnil.cloudfront.net/content_images/images/000/354/885/webp/image.webp?1779754410 | https://daoift3qrrnil.cloudfront.net/content_images/images/000/354/886/webp/image.webp?1779754411,,2026-05-26T09:13:32.000+09:00,2026-05-26T10:00:15.000+09:00,2026-08-31
104333,https://jasoseol.com/recruit/104333,김앤장 법률사무소,송무 스탭(신입) 채용,big_business,https://careers.kimchang.com/ko/guide/detail.kc?idx=34854&category=H,2026-05-28T09:00:00.000+09:00,2026-06-06T23:59:00.000+09:00,0,4,False,False,7058,142,68,40,1542,5433,1,송무 스탭,https://daoift3qrrnil.cloudfront.net/company_groups/images/000/001/542/webp/%E1%84%80%E1%85%B5%E1%86%B7%E1%84%8B%E1%85%A2%E1%86%AB%E1%84%8C%E1%85%A1%E1%86%BC.webp?1684485507,1,https://daoift3qrrnil.cloudfront.net/content_images/images/000/355/169/webp/_%EA%B9%80.%EC%9E%A5_%EB%B2%95%EB%A5%A0%EC%82%AC%EB%AC%B4%EC%86%8C__%EC%86%A1%EB%AC%B4_%EC%8A%A4%ED%83%AD_260528-0606.webp?1779929665,,2026-05-28T09:55:44.000+09:00,2026-05-28T10:06:08.000+09:00,2026-08-31
104341,https://jasoseol.com/recruit/104341,롯데그룹,3·6·9·12 예측가능한 채용(6월),big_business,https://lotte-36912recruit.com/?nt_source=jasosal&nt_medium=cpc&nt_detail=recruit&nt_keyword=a,2026-06-02T10:00:00.000+09:00,2026-06-23T23:00:00.000+09:00,0,0,False,False,148622,3939,7073,3431,74,3965,33,[롯데글로벌로지스] 물류운영(SCM) | [롯데글로벌로지스] 물류운영(Lastmile) | [대홍기획] AE | [대홍기획] 디지털AE | [대홍기획] AD | [대홍기획] CW | [롯데GS화학] 생산 | [롯데CM사업본부] 기계 | [롯데CM사업본부] 전기 | [롯데이노베이트] 소프트웨어(호텔IS) | [롯데이노베이트] 소프트웨어(백화점IS) | [롯데이노베이트] 소프트웨어(월드IS) | [롯데이노베이트] 소프트웨어(웰푸드IS) | [롯데이노베이트] 소프트웨어(홈쇼핑IS) | [롯데이노베이트] 소프트웨어(카드IS) | [롯데이노베이트] 인프라(호텔IS) | [롯데이노베이트] ERP컨설팅 | [롯데이노베이트] 클라우드 | [롯데월드] HR | [롯데엠시시]공무(전기/계기) | [롯데엠시시] 회전기기 | [롯데건설] 토목시공(토목) | [롯데건설] 토목시공(건축) | [롯데건설] 건축시공 | [롯데건설] 토목영업 | [롯데건설] 건축영업 | [롯데건설] 주택영업 | [롯데건설] 안전 | [롯데월드] 경영기획 | [롯데하이마트] MD | [한국후지필름] MD | [롯데마트·롯데슈퍼] MD | [롯데마트·롯데슈퍼] 경영지원,https://daoift3qrrnil.cloudfront.net/company_groups/images/000/000/074/webp/jss_hashed_37a8ea8f70e803adea35_20260831T091514_%EB%A1%AF%EB%8D%B0_%EB%A1%9C%EA%B3%A0.webp?1788135314,1,https://daoift3qrrnil.cloudfront.net/content_images/images/000/355/729/webp/_NHR__26%EB%85%84_6%EC%9B%94_%EB%A1%AF%EB%8D%B0%EA%B7%B8%EB%A3%B9_%EC%B1%84%EC%9A%A9_%EC%9B%B9%ED%94%8C%EB%9D%BC%EC%9D%B4%EC%96%B4%28ver3%29_260602.webp?1780373551,,2026-05-28T14:21:32.000+09:00,2026-06-02T10:00:06.000+09:00,2026-08-31
104347,https://jasoseol.com/recruit/104347,KCC실리콘,해외영업부문 신입사원 채용,big_business,https://recruit.kccworld.co.kr/recruit/recruitMain.do?SiteType=C,2026-05-28T15:47:00.000+09:00,2026-06-07T23:59:00.000+09:00,0,4,False,False,10658,305,264,125,12220,16073,1,해외영업,https://daoift3qrrnil.cloudfront.net/company_groups/images/000/012/220/webp/kcc%EC%8B%A4%EB%A6%AC%EC%BD%98_ci.webp?1684488257,1,https://daoift3qrrnil.cloudfront.net/content_images/images/000/355/260/webp/%EC%B1%84%EC%9A%A9%EA%B3%B5%EA%B3%A0.webp?1779951100,,2026-05-28T16:00:54.000+09:00,2026-05-28T16:01:19.000+09:00,2026-08-31
104368,https://jasoseol.com/recruit/104368,LS MnM,"신입/경력사원 수시채용 [생산엔지니어, 설비엔지니어(계기), 배터리소재 Recycling 원료 구매]",big_business,https://lsmnm.recruiter.co.kr/app/jobnotice/view?systemKindCode=MRS2&jobnoticeSn=255178,2026-05-27T18:00:00.000+09:00,2026-06-09T23:59:00.000+09:00,0,0,False,False,37306,586,410,268,1236,5127,3,생산엔지니어 | 생산엔지니어(계기) | 배터리소재 Recycling 원료 구매,https://daoift3qrrnil.cloudfront.net/company_groups/images/000/001/236/webp/data.webp?1684485374,1,https://daoift3qrrnil.cloudfront.net/content_images/images/000/355/619/webp/20260601_%EC%88%98%EC%8B%9C%EC%B1%84%EC%9A%A9_%EA%B3%B5%EA%B3%A0%EB%AC%B8_%EC%83%9D%EC%82%B0_%EA%B3%84%EA%B8%B0_%EB%B0%B0%ED%84%B0%EB%A6%AC%EC%86%8C%EC%9E%AC%EC%9B%90%EB%A3%8C_%EA%B2%8C%EC%8B%9C%EC%9A%A9-1.webp?1780301467,,2026-05-29T14:48:31.000+09:00,2026-05-29T14:51:44.000+09:00,2026-08-31
104414,https://jasoseol.com/recruit/104414,애경케미칼,각 부문 신입 및 경력 채용,big_business,https://aekyungchemical.applyin.co.kr/jobs/,2026-06-02T00:00:00.000+09:00,2026-06-14T23:59:00.000+09:00,0,0,False,False,30445,670,550,344,219,4110,12,화장품 원료평가/제형개발 | R&D | 화학물질 규제 대응/관리 | 회계/세무 | 법무/컴플라이언스 | HRD | ESG | 국내/해외 영업 (윤활기유) | 국내영업 (바이오중유) | R&D | 품질분석 (울산공장) | 생산포장 (청양공장),https://daoift3qrrnil.cloudfront.net/company_groups/images/000/000/219/webp/%EC%95%A0%EA%B2%BD%EC%BC%80%EB%AF%B8%EC%B9%BCCI.webp?1698910555,1,https://daoift3qrrnil.cloudfront.net/content_images/images/000/355/770/webp/image.webp?1780381841,,2026-06-02T15:30:47.000+09:00,2026-06-02T16:11:18.000+09:00,2026-08-31
104420,https://jasoseol.com/recruit/104420,롯데컬처웍스,2026년 5월 현장 운영매니저 신입채용,big_business,https://recruit.lotte.co.kr/apply/announcement/detail/21856350?compcd=30006,2026-05-27T00:00:00.000+09:00,2026-06-05T23:00:00.000+09:00,0,0,False,False,9187,43,33,12,9774,5318,1,영화관 운영,https://daoift3qrrnil.cloudfront.net/company_groups/images/000/009/774/webp/%EB%A1%AF%EB%8D%B0%EC%BB%AC%EC%B2%98%EC%9B%8D%EC%8A%A4-%EC%98%81%EB%AC%B8%EC%8B%9C%EA%B7%B8%EB%8B%88%EC%B2%982.webp?1684487871,1,https://daoift3qrrnil.cloudfront.net/content_images/images/000/355/817/webp/image.webp?1780389591,,2026-06-02T17:39:52.000+09:00,2026-06-02T17:41:21.000+09:00,2026-08-31
104437,https://jasoseol.com/recruit/104437,램리서치코리아,2026 하반기 신입 반도체 엔지니어(FSE) 공개채용,big_business,https://lamresearch.eightfold.ai/events/candidate/landing?plannedEventId=Gba8ERojv,2026-06-08T00:00:00.000+09:00,2026-06-24T23:00:00.000+09:00,0,0,False,False,85734,1805,4063,1494,2956,8301,1,반도체 엔지니어(FSE),https://daoift3qrrnil.cloudfront.net/company_groups/images/000/002/956/webp/%E1%84%85%E1%85%A2%E1%86%B7%E1%84%85%E1%85%B5%E1%84%89%E1%85%A5%E1%84%8E%E1%85%B5%E1%84%8F%E1%85%A9%E1%84%85%E1%85%B5%E1%84%8B%E1%85%A1.webp?1684486067,1,https://daoift3qrrnil.cloudfront.net/content_images/images/000/355/917/webp/image.webp?1780550113,,2026-06-04T14:15:16.000+09:00,2026-06-08T00:00:00.000+09:00,2026-08-31
104455,https://jasoseol.com/recruit/104455,신한캐피탈,2026년 신입사원 공개채용,big_business,https://shcap.recruiter.co.kr/career/home?utm_source=jasoseol&utm_medium=banner&utm_campaign=2606shcap,2026-06-08T09:00:00.000+09:00,2026-06-21T23:59:00.000+09:00,0,0,False,False,67821,3814,2677,2576,1158,5049,3,IB | 경영기획/지원 | 디지털,https://daoift3qrrnil.cloudfront.net/company_groups/images/000/001/158/webp/%EC%8B%A0%ED%95%9C%EC%BA%90%ED%94%BC%ED%83%88_0001719421_185x72.webp?1684485347,1,https://daoift3qrrnil.cloudfront.net/content_images/images/000/356/007/webp/image.webp?1780623189,,2026-06-05T10:33:12.000+09:00,2026-06-08T09:24:35.000+09:00,2026-08-31
104468,https://jasoseol.com/recruit/104468,한솔제지,신입사원 수시채용 (해외영업),big_business,https://www.hansol-recruit.com/jobs/RC20260605030494,2026-06-05T14:15:00.000+09:00,2026-06-14T23:59:00.000+09:00,0,4,False,False,7433,316,212,104,3326,9662,1,해외영업,https://daoift3qrrnil.cloudfront.net/company_groups/images/000/003/326/webp/img_%2851%29.webp?1700448853,1,https://daoift3qrrnil.cloudfront.net/content_images/images/000/356/071/webp/%ED%95%9C%EC%86%94%EC%A0%9C%EC%A7%80_%ED%95%B4%EC%99%B8%EC%98%81%EC%97%85_%EC%B1%84%EC%9A%A9%EA%B3%B5%EA%B3%A0_6%EC%9B%94.webp?1780637107,,2026-06-05T14:26:49.000+09:00,2026-06-05T14:27:17.000+09:00,2026-08-31
104476,https://jasoseol.com/recruit/104476,LG CNS,2026년 상반기 신입사원 수시채용 (AX/DX & RX),big_business,https://careers.lg.com/apply?c=CNS,2026-06-06T00:00:00.000+09:00,2026-06-16T18:00:00.000+09:00,0,0,False,False,90856,1569,4068,1193,57,3948,3,Software Engineer | Robotics Engineer | Physical AI Scientist,https://daoift3qrrnil.cloudfront.net/company_groups/images/000/000/057/webp/LG-CNS.webp?1698992433,1,https://daoift3qrrnil.cloudfront.net/content_images/images/000/356/312/webp/LG_CNS_26%EC%83%81_%EC%88%98%EC%8B%9C_%EC%8B%A0%EC%9E%85%EC%82%AC%EC%9B%90_%EC%B1%84%EC%9A%A9_%ED%8F%AC%EC%8A%A4%ED%84%B0%28500X700%29_260608.webp?1780904346,,2026-06-05T17:34:14.000+09:00,2026-06-06T00:00:01.000+09:00,2026-08-31
104495,https://jasoseol.com/recruit/104495,유진투자선물,(신입) 리테일영업팀 채용,big_business,https://eugene.recruiter.co.kr/career/jobs/118094,2026-06-08T08:00:00.000+09:00,2026-06-14T23:59:00.000+09:00,0,0,False,False,5308,156,87,51,4155,10492,1,본사(여의도)-영업/마케팅-리테일영업,https://daoift3qrrnil.cloudfront.net/company_groups/images/000/004/155/webp/813161_20160620130424_425_0001.webp?1684486545,1,https://eugene.recruiter.co.kr/upload/331673/image/202606/4c73e8f0-b993-46d8-bfa5-d6652c5b031e.jpg,,2026-06-08T16:19:12.000+09:00,2026-06-08T16:19:39.000+09:00,2026-08-31
104500,https://jasoseol.com/recruit/104500,현대렌탈케어,B2B영업 / 제휴영업 신입 및 경력직 모집,big_business,https://hyundairentalcare.career.greetinghr.com/ko/guide,2026-06-09T10:39:00.000+09:00,2026-06-22T23:59:00.000+09:00,0,4,False,False,8205,427,262,137,3765,10102,3,B2B영업 | B2B영업 | 제휴영업,https://daoift3qrrnil.cloudfront.net/company_groups/images/000/003/765/webp/CI03.webp?1684486388,1,https://daoift3qrrnil.cloudfront.net/content_images/images/000/356/337/webp/%ED%98%84%EB%8C%80%EB%A0%8C%ED%83%88%EC%BC%80%EC%96%B4.webp?1780909301,,2026-06-09T08:47:45.000+09:00,2026-06-09T08:48:18.000+09:00,2026-08-31
104501,https://jasoseol.com/recruit/104501,SK에코플랜트,2026 하반기 Junior Talent 채용,big_business,https://recruit-skecoplant.com/?utm_source=jss,2026-06-10T10:00:00.000+09:00,2026-06-28T23:59:00.000+09:00,0,0,False,False,90495,2011,2166,1260,149,4040,3,반도체 플랜트 설계 | 반도체 플랜트 시공 | 반도체 모듈솔루션 개발,https://daoift3qrrnil.cloudfront.net/company_groups/images/000/000/149/webp/%EC%BB%A4%EB%AE%A4%EB%8B%88%EC%BC%80%EC%9D%B4%EC%85%98%EB%AA%85__%EC%98%81%EB%AC%B8.webp?1684484648,1,https://daoift3qrrnil.cloudfront.net/content_images/images/000/356/669/webp/%28%EC%88%98%EC%A0%95%29%EC%B1%84%EC%9A%A9%EA%B3%B5%EA%B3%A0%EB%AC%B8_%EC%82%AC%EC%9D%B4%EC%A6%88_%ED%99%95%EB%8C%80_0611.webp?1781141043,,2026-06-09T08:49:24.000+09:00,2026-06-10T00:00:18.000+09:00,2026-08-31
104513,https://jasoseol.com/recruit/104513,IBK자산운용,마케팅본부 신입/경력직 채용공고,big_business,https://www.ibkasset.com/,2026-06-09T00:00:00.000+09:00,2026-06-19T23:59:00.000+09:00,0,4,False,False,15611,792,495,270,15917,20815,2,마케팅(신입) | 마케팅(경력),https://daoift3qrrnil.cloudfront.net/company_groups/images/000/015/917/webp/jss_hashed_3dfc0c18a4608a27aed9_20260609T155557_IBK%EC%9E%90%EC%82%B0%EC%9A%B4%EC%9A%A9_%EB%A1%9C%EA%B3%A0%28%EB%B0%B0%EA%B2%BD%EC%A0%9C%EA%B1%B0%29.webp?1781142636,1,https://daoift3qrrnil.cloudfront.net/content_images/images/000/356/461/webp/%EC%9E%90%EC%86%8C%EC%84%A4%EB%8B%B7%EC%BB%B4_%EB%A7%88%EC%BC%80%ED%8C%85%EB%B3%B8%EB%B6%80.webp?1780987446,https://daoift3qrrnil.cloudfront.net/employment_companies/guidebooks/000/104/513/original/IBK%EC%9E%90%EC%82%B0%EC%9A%B4%EC%9A%A9_%EC%9E%85%EC%82%AC%EC%A7%80%EC%9B%90%EC%84%9C.zip,2026-06-09T15:55:57.000+09:00,2026-06-09T16:02:00.000+09:00,2026-08-31
104547,https://jasoseol.com/recruit/104547,현대모비스,2026년 6월 신입 채용,big_business,https://careers.mobis.com/jobs,2026-06-11T15:00:00.000+09:00,2026-06-25T11:00:00.000+09:00,0,0,False,False,133196,5789,10079,4598,27,3918,38,전장BU - HW - 디스플레이 시스템 개발 | 전장BU - HW - 패키지 설계 | 전장BU - HW - 디지털/인터페이스 회로설계 | 전장BU - 공통R&D - R&D 운영기획 | 전장BU - 공통R&D - R&D 기술전략 | 전장BU - 영업/마케팅 - 인포테인먼트 영업 | 샤시안전BU - HW - EPB 시스템 | 샤시안전BU - HW - 조향전장 회로 | 샤시안전BU - SW/로직 - 안전제어기 SW | 샤시안전BU - SW/로직 - 조향 Failsafe | 샤시안전BU - SW/로직 - 에어서스펜션 제어로직 | 샤시안전BU - 공통R&D - R&D 기술전략 | 샤시안전BU - 공통R&D - 안전제어기 시스템 | 샤시안전BU - 지원 - BU 경영지원 | 로보틱스사업실 - HW - 로보틱스 기구/시스템 설계 | 로보틱스사업실 - HW - 로보틱스 모터설계 | 로보틱스사업실 - HW - 로보틱스 회로설계 | 로보틱스사업실 - 공통R&D - 로보틱스 평가 | 로보틱스사업실 - 생산기술 - 로보틱스 생산기술 | 로보틱스사업실 - 기획 - 로보틱스 사업기획 | 로보틱스사업실 - 영업/마케팅 - 로보틱스 글로벌영업 | 로보틱스사업실 - 지원 - 로보틱스 인사지원 | 로보틱스사업실 - 재경 - 로보틱스 사전원가 | 영업부문 - 영업/마케팅 - 글로벌OE 인포테인먼트 영업 | 영업부문 - 영업/마케팅 - 글로벌OE 제동 영업 | 영업부문 - 영업/마케팅 - 글로벌OE 조향/현가 영업 | 영업부문 - 영업/마케팅 - 영업 기획/운영 | 구매담당 - 구매/구매개발 - 샤시모듈/제동부품 구매 | 구매담당 - 구매/구매개발 - 칵핏모듈부품 구매 | 구매담당 - 구매/구매개발 - 해외모듈부품 개발 | 구매담당 - 구매/구매개발 - 전자제어/로보틱스부품 구매 | 구매담당 - 구매/구매개발 - 자율주행부품 개발 | 생산개발담당 - 생산기술 - 배터리시스템 생산기술 | 생산개발담당 - 생산기술 - 물류자동화 생산기술 | 생산개발담당 - 생산기술 - 제어기 생산기술 | 경영지원담당 - 지원 - HR 기획/운영 | 노사정책담당 - 지원 - ER 관리 | 법무담당 - 법무 - 국제법무(변호사),https://daoift3qrrnil.cloudfront.net/company_groups/images/000/000/027/webp/img_%285%29.webp?1698989843,1,https://daoift3qrrnil.cloudfront.net/content_images/images/000/357/208/webp/%ED%98%84%EB%8C%80%EB%AA%A8%EB%B9%84%EC%8A%A4_6%EC%9B%94_%EC%8B%A0%EC%9E%85%EC%B1%84%EC%9A%A9_%EC%9B%B9%ED%94%8C%EB%9D%BC%EC%9D%B4%EC%96%B4_v1.3.webp?1781571687,,2026-06-11T12:47:23.000+09:00,2026-06-11T15:00:08.000+09:00,2026-08-31
104560,https://jasoseol.com/recruit/104560,현대비앤지스틸,대졸 신입사원(경영기획) 채용,big_business,https://hyundai-bngsteel.applyin.co.kr/,2026-06-11T00:00:00.000+09:00,2026-06-20T23:00:00.000+09:00,0,0,False,False,31106,741,428,233,1407,20901,1,경영기획,https://daoift3qrrnil.cloudfront.net/company_groups/images/000/001/407/webp/BNGSteel20CI.webp?1699333611,1,https://daoift3qrrnil.cloudfront.net/content_images/images/000/356/763/webp/image.webp?1781165371,,2026-06-11T17:09:32.000+09:00,2026-06-11T17:12:45.000+09:00,2026-08-31
104573,https://jasoseol.com/recruit/104573,셀트리온제약,신입/경력 수시채용,big_business,https://recruit.celltrionph.com/,2026-06-12T00:00:00.000+09:00,2026-06-22T14:00:00.000+09:00,0,0,False,False,38162,572,453,267,3492,9828,11,영업 (신입) | 영업 (경력) | 허가 | 보건 관리자 (신입) | 보건 관리자 (경력) | 인사 | 서버/Cloud 엔지니어 | 데이터 엔지니어 (snowflake) | Python 개발자 | 이물검사 및 포장지원 (신입) | 이물검사 및 포장지원 (경력),https://daoift3qrrnil.cloudfront.net/company_groups/images/000/003/492/webp/34573_27128_3948.webp?1684486280,1,https://daoift3qrrnil.cloudfront.net/content_images/images/000/356/853/webp/%EC%85%80%ED%8A%B8%EB%A6%AC%EC%98%A8%EC%A0%9C%EC%95%BD_%EC%88%98%EC%A0%95%EB%B3%B8.webp?1781237994,,2026-06-12T11:36:20.000+09:00,2026-06-12T11:45:40.000+09:00,2026-08-31
104577,https://jasoseol.com/recruit/104577,화승코퍼레이션,26년 하반기 수시채용,big_business,https://hwaseung.recruiter.co.kr/career/jobs/118472,2026-06-12T12:30:00.000+09:00,2026-06-23T23:59:00.000+09:00,0,4,False,False,18524,384,339,152,13639,17007,7,영업기획 | 기술영업 | 경영기획 | 설비엔지니어 | AI데이터엔지니어 | 제조혁신 | 신소재사업기획,https://daoift3qrrnil.cloudfront.net/company_groups/images/000/013/639/webp/%ED%99%94%EC%8A%B9%EC%BD%94%ED%8D%BC%EB%A0%88%EC%9D%B4%EC%85%98_ci.webp?1697438117,6,https://daoift3qrrnil.cloudfront.net/content_images/images/000/356/992/webp/1.webp?1781478963 | https://daoift3qrrnil.cloudfront.net/content_images/images/000/356/993/webp/2.webp?1781478967 | https://daoift3qrrnil.cloudfront.net/content_images/images/000/356/994/webp/3.webp?1781478968 | https://daoift3qrrnil.cloudfront.net/content_images/images/000/356/995/webp/4.webp?1781478968 | https://daoift3qrrnil.cloudfront.net/content_images/images/000/356/996/webp/5.webp?1781478969 | https://daoift3qrrnil.cloudfront.net/content_images/images/000/356/997/webp/6.webp?1781478970,,2026-06-12T13:21:14.000+09:00,2026-06-12T13:27:46.000+09:00,2026-08-31
104604,https://jasoseol.com/recruit/104604,LS MnM,행정직 신입사원 수시채용,big_business,https://lsmnm.recruiter.co.kr/,2026-06-12T00:00:00.000+09:00,2026-06-21T23:59:00.000+09:00,0,0,False,False,12962,463,273,146,1236,5127,1,영업지원,https://daoift3qrrnil.cloudfront.net/company_groups/images/000/001/236/webp/data.webp?1684485374,1,https://daoift3qrrnil.cloudfront.net/content_images/images/000/357/047/webp/image.webp?1781486363,,2026-06-15T10:19:23.000+09:00,2026-06-15T10:21:49.000+09:00,2026-08-31
104629,https://jasoseol.com/recruit/104629,대원강업,2026년 하반기 신입 공개 채용,big_business,https://recruit.ehyundai.com/recruit-info/announcement/list.nhd?pageNo=1&hireGb=01&coCd=HDDWKU,2026-06-17T09:00:00.000+09:00,2026-06-30T23:59:00.000+09:00,0,0,False,False,68823,1020,1568,636,1650,5541,3,설계/해석 (전동화) | 생산관리/설비공정혁신 | 국내/해외영업,https://daoift3qrrnil.cloudfront.net/company_groups/images/000/001/650/webp/jss_hashed_968eb56f14a8aeba4071_20260616T101226_28769_11919_1328-removebg-preview.webp?1781572346,1,https://daoift3qrrnil.cloudfront.net/content_images/images/000/357/368/webp/_%EB%8C%80%EC%9B%90%EA%B0%95%EC%97%85__%EC%B1%84%EC%9A%A9%EA%B3%B5%EA%B3%A0%EB%AC%B8_0617_%EC%98%A4%ED%94%88_%ED%9B%84_%EC%83%89%EB%B3%B4%EC%A0%95%28.webp?1781656184,,2026-06-16T10:06:36.000+09:00,2026-06-17T07:00:06.000+09:00,2026-08-31
104638,https://jasoseol.com/recruit/104638,KCC실리콘,R&D/관리/생산관리 신입사원 채용,big_business,https://recruit.kccworld.co.kr/recruit/recruitMain.do?SiteType=C,2026-06-16T13:24:00.000+09:00,2026-06-21T23:59:00.000+09:00,0,4,False,False,11413,228,292,134,12220,16073,3,R&D | 관리 | 생산관리,https://daoift3qrrnil.cloudfront.net/company_groups/images/000/012/220/webp/kcc%EC%8B%A4%EB%A6%AC%EC%BD%98_ci.webp?1684488257,1,https://daoift3qrrnil.cloudfront.net/content_images/images/000/357/266/webp/%EC%B1%84%EC%9A%A9.webp?1781584442,,2026-06-16T13:35:47.000+09:00,2026-06-16T13:37:28.000+09:00,2026-08-31
104640,https://jasoseol.com/recruit/104640,한국투자증권,FY2026 호남지역 업무직원 수시채용,big_business,https://career.koreainvestment.com/,2026-06-18T00:00:00.000+09:00,2026-06-28T17:00:00.000+09:00,0,0,False,False,22966,264,194,129,43,3934,1,지점창구업무 등,https://daoift3qrrnil.cloudfront.net/company_groups/images/000/000/043/webp/_2977543_%ED%95%9C%EA%B5%AD%ED%88%AC%EC%9E%90%EC%A6%9D%EA%B6%8C_%EA%B5%AD%EB%AC%B8CI.webp?1684484619,1,https://daoift3qrrnil.cloudfront.net/content_images/images/000/357/278/webp/image.webp?1781586973,,2026-06-16T14:16:15.000+09:00,2026-06-18T00:00:11.000+09:00,2026-08-31
104693,https://jasoseol.com/recruit/104693,현대글로비스,2026 하반기 신입 수시채용,big_business,https://glovis.recruiter.co.kr/career/jobs/118887,2026-06-19T10:00:00.000+09:00,2026-06-27T23:59:00.000+09:00,0,0,False,False,84335,2561,3478,1284,47,3938,5,HRD | W&D사업개발 | KD사업관리 | KD공급관리 | KD운영관리,https://daoift3qrrnil.cloudfront.net/company_groups/images/000/000/047/webp/open-uri20220427-31325-10a3f3.webp?1684484620,1,https://daoift3qrrnil.cloudfront.net/content_images/images/000/357/544/webp/image.webp?1781760692,,2026-06-18T14:31:49.000+09:00,2026-06-19T10:00:14.000+09:00,2026-08-31
104695,https://jasoseol.com/recruit/104695,AJ네트웍스,수시채용 (신입/경력),big_business,https://ajnet.recruiter.co.kr/career/jobs/119174,2026-06-18T00:00:00.000+09:00,2026-06-28T23:59:00.000+09:00,0,0,False,False,41017,628,625,272,1382,5273,45,통합구매 | 유통사업 영업지원  | 해외영업 | 구매영업 | 파렛트 B2B 영업 | 파렛트 회수 | 화물 운송관리 | IT장비 B2B영업 | 자산운영 | 영업기획 | 로봇설치 및 유지보수 | 고소장비 B2B영업 | 지게차 B2B영업 | 회계 | 인사 | 총무 | 자산관리 | 리스크관리 | 채권관리 | 구매영업 | 파렛트 B2B 영업  | 파렛트 회수 | 자산 회수관리 | 화물 운송관리 | 경영기획  | 해외영업 | IT장비 B2B영업 | IT장비 B2G영업  | AI인프라 영업 | 로봇 영업 | 자산운영 | 영업기획 | 전략마케팅 (팀장급) | 전략마케팅 | 로봇SI (팀장급) | 로봇SI | 로봇설치 및 유지보수 | 로봇서비스 관제 운영 | IT서비스 운영관리 | 고소장비 B2B영업 | 지게차 B2B영업  | 산업장비 유통상품 영업 | MRO 상품기획 | 경영/상품기획  | 경영/상품기획,https://daoift3qrrnil.cloudfront.net/company_groups/images/000/001/382/webp/AJ%EB%84%A4%ED%8A%B8%EC%9B%8D%EC%8A%A4.webp?1684485444,1,https://daoift3qrrnil.cloudfront.net/content_images/images/000/358/366/webp/260625_AJ%E1%84%82%E1%85%A6%E1%84%90%E1%85%B3%E1%84%8B%E1%85%AF%E1%86%A8%E1%84%89%E1%85%B3_%E1%84%80%E1%85%A9%E1%86%BC%E1%84%80%E1%85%A9%E1%84%8B%E1%85%B5%E1%84%86%E1%85%B5%E1%84%8C%E1%85%B5_%28%E1%84%8B%E1%85%AC%E1%84%87%E1%85%AE%29%E1%84%89%E1%85%AE%E1%84%8C%E1%85%A5%E1%86%BC.webp?1782435399,,2026-06-18T15:24:33.000+09:00,2026-06-18T15:29:38.000+09:00,2026-08-31
104709,https://jasoseol.com/recruit/104709,SK하이닉스,[6월] Talent hy - way 신입 (이천/분당/청주),big_business,https://www.skcareers.com/Recruit/Detail/R261349,2026-06-17T00:00:00.000+09:00,2026-06-23T17:00:00.000+09:00,0,0,False,False,116869,2329,7150,4454,1511,5402,5,Tech R&D - 설계 | Tech R&D - 소자 | Tech R&D - R&D 공정 | Tech R&D - Product Engineering | IT - IT(AMHS),https://daoift3qrrnil.cloudfront.net/company_groups/images/000/001/511/webp/%ED%95%98%EC%9D%B4%EB%8B%89%EC%8A%A4-%EC%98%81%EB%AC%B8_%EB%B0%B0%EA%B2%BD%EC%83%89-%EC%A0%9C%EA%B1%B0.webp?1684485495,1,https://daoift3qrrnil.cloudfront.net/content_images/images/000/357/695/webp/image.webp?1781836475,,2026-06-19T11:34:38.000+09:00,2026-06-19T11:37:40.000+09:00,2026-08-31
104737,https://jasoseol.com/recruit/104737,어플라이드 머티어리얼즈 코리아,신입/경력 반도체 엔지니어 채용,big_business,https://bit.ly/4elti8I,2026-06-23T09:00:00.000+09:00,2026-08-22T23:59:00.000+09:00,1,4,False,False,96173,1587,2547,1223,3070,8739,7,Customer Engineer(반도체 장비 엔지니어)_학사 | Process Support Engineer(반도체 공정 엔지니어)_석사 | Customer Engineer(반도체 장비 엔지니어) | Process Support Engineer(반도체 공정 엔지니어) | Customer Support Technician(반도체/디스플레이 장비 테크니션)_전문학사 | Customer Support Technician(반도체 장비 테크니션)_전문학사 | Optical Patterned Wafer Inspection System Engineer_석·박사,https://daoift3qrrnil.cloudfront.net/company_groups/images/000/003/070/webp/jss_hashed_9574abdda62ba6b8da29_20251231T110950_APPLIED_Impact_Logo_blue.webp?1767146991,1,https://daoift3qrrnil.cloudfront.net/content_images/images/000/357/900/webp/Jasosel_Applied_Job_Opening_Final_v2.webp?1782107499,,2026-06-22T14:58:50.000+09:00,2026-06-22T14:58:50.000+09:00,2026-08-31
104742,https://jasoseol.com/recruit/104742,현대오토에버,2026 3분기 신입사원 채용,big_business,https://career.hyundai-autoever.com/ko/2026newrecruit3q,2026-06-23T09:30:00.000+09:00,2026-07-13T13:00:00.000+09:00,0,0,False,False,156147,3601,7785,3060,269,4160,63,(코딩)[로봇SW]Platform Engineer-로봇 플랫폼 Backend 개발 | (코딩)[로봇SW]Platform Engineer-로봇 플랫폼 Frontend 개발 | (코딩)[모빌리티]Backend Developer-차량 및 로봇관제 자체 플랫폼 개발 | (코딩)[모빌리티]Backend Developer-국내외 커넥티드카 서비스 개발/운영 | (코딩)[모빌리티]Backend Developer-서비스 플랫폼 개발/운영 | (코딩)[엔터프라이즈 IT]Fullstack Developer-완성차 글로벌 정비시스템 개발/운영 | (코딩)[엔터프라이즈 IT]Fullstack Developer-완성차 AS 포털 및 컨텐츠 관리시스템 개발/운영 | (코딩)[엔터프라이즈 IT]Fullstack Developer-엔터프라이즈IT 백오피스 서비스 개발 | (코딩)[엔터프라이즈 IT]Fullstack Developer-연구소 엔지니어링 SW 관리시스템 운영 | (코딩)[엔터프라이즈 IT]Fullstack Developer-금융 IT 시스템 개발 | (코딩)[엔터프라이즈 IT]Fullstack Developer-차세대결재시스템 개발/운영 | (코딩)[엔터프라이즈 IT]Fullstack Developer-오토웨이(Autoway)그룹웨어 플랫폼 개발/운영 | (코딩)[엔터프라이즈 IT]Backend Developer-완성차 전시장 및 POS시스템 개발/운영 | (코딩)[엔터프라이즈 IT]Backend Developer-커머스 서비스 개발/운영 | (코딩)[엔터프라이즈 IT]Backend Developer-IT시스템 개발/운영 | (코딩)[엔터프라이즈 IT]Backend Developer-생산계획시스템 웹 개발/운영 | (코딩)[엔터프라이즈 IT]Solution Developer-CRM 시스템 개발/운영 및 컨설팅 | (코딩)[엔터프라이즈 IT]IT PM-프로젝트 수행/사업관리 | (코딩)[엔터프라이즈 IT]Service Engineer-사내 IT 시스템 BA/운영/개발 | (코딩)[엔터프라이즈 IT]Service Engineer-완성차 구매 및 품질시스템 개발/운영 | (코딩)[엔터프라이즈 IT]Service Engineer-WEB시스템 운영 | (코딩)[엔터프라이즈 IT]Service Engineer-현대모비스 시스템 운영 | (코딩)[엔터프라이즈 IT]Service Engineer-현대제철 시스템 운영 | (코딩)[엔터프라이즈 IT]Service Engineer-IT시스템 개발/운영 | (코딩)[클라우드_인프라]Platform Developer-Private Cloud 개발/운영 | (코딩)[데이터기술]Data Scientist-데이터 처리 솔루션 개발 및 최적화 모델 운영 | (코딩)[데이터기술]Data Engineer-데이터 엔지니어 파이프라인 개발/운영 | (코딩)[스마트팩토리]Fullstack Developer-제조OT시스템 개발/운영 | (코딩)[스마트팩토리]Backend Developer-제조품질시스템 웹 개발/운영 | (코딩)[스마트팩토리]Backend Developer-완성차 수출물류시스템 개발/운영 | (코딩)[스마트팩토리]Backend Developer-해외 완성차 MES시스템 개발/구축 | (코딩)[스마트팩토리]Platform Developer-디지털트윈 서비스 개발 | (코딩)[스마트팩토리]Solution Developer-MES Framework 개발/운영 | (코딩)[스마트팩토리]Service Engineer-그룹표준 MES시스템 개발/운영 | (코딩)[스마트팩토리]Service Engineer-스마트태그시스템 개발/운영 | (코딩)[스마트팩토리]Data Engineer-데이터 파이프라인 개발/운영 | (과제)[전장]Business Manager-사업기획/영업 및 마케팅 | (과제)[전장]Embedded SW QA Engineer-차량제어 SW 플랫폼 품질 점검 | (과제)[엔터프라이즈 IT]Solution Developer-SAP ABAP/BTP 개발 | (과제)[엔터프라이즈 IT]Solution Architect-완성차 Global ERP 기준정보 운영/구축 | (과제)[보안]Infra Security Engineer-SIEM 운영 | (과제)[보안]Infra Security Engineer-보안 솔루션 운영 | (과제)[보안]Security Strategy-클라우드 보안 전략 | (과제)[보안]Security Strategy-보안 정책 관리 | (과제)[보안]Security Strategy-OT 보안 기획 | (과제)[보안]Service Security Engineer-그룹 보안 기획 | (과제)[클라우드_인프라]Platform Engineer-AI Cloud/hClound 공장형 플랫폼 구축/운영 | (과제)[클라우드_인프라]Platform Engineer-hCloud 공장형 네트워크 운영 | (과제)[클라우드_인프라]Platform Engineer-컨테이너플랫폼 구축/운영 | (과제)[클라우드_인프라]Platform Engineer-AI 플랫폼 구축/운영 | (과제)[클라우드_인프라]Platform Engineer-DBMS 운영 관리 플랫폼 개발 | (과제)[클라우드_인프라]Network Engineer-해외법인 네트웍 운영 | (과제)[클라우드_인프라]Network Engineer-음성통신 서비스 운영 | (과제)[클라우드_인프라]Network Engineer-사업장 네트웍 운영 | (과제)[클라우드_인프라]Middleware Engineer-WEB/WAS 운영 | (과제)[클라우드_인프라]Server Engineer-OS 운영 | (과제)[클라우드_인프라]DB Administrator-DBMS 운영 | (과제)[클라우드_인프라]IDC Architect-IDC 운영 | (과제)[데이터기술]AI Engineer-AI MLOps 개발 및 데이터레이크 운영 | (과제)[스마트팩토리]Service Engineer-MES 운영 | (과제)[전사공통]Accounting & Tax-회계 | (과제)[전사공통]ER-노무/도급 기획 운영 | (과제)[전사공통]HRD-L&D/조직문화,https://daoift3qrrnil.cloudfront.net/company_groups/images/000/000/269/webp/logo2_%282%29.webp?1700813561,1,https://daoift3qrrnil.cloudfront.net/content_images/images/000/359/687/webp/_%ED%98%84%EB%8C%80%EC%98%A4%ED%86%A0%EC%97%90%EB%B2%84__2026_3%EB%B6%84%EA%B8%B0_%EC%8B%A0%EC%9E%85%EC%82%AC%EC%9B%90_%EC%B1%84%EC%9A%A9_%EA%B3%B5%EA%B3%A0_%281%29.webp?1783483325,,2026-06-22T16:37:03.000+09:00,2026-06-23T10:05:18.000+09:00,2026-08-31
104743,https://jasoseol.com/recruit/104743,LS MnM,신입/경력사원 수시채용,big_business,https://lsmnm.recruiter.co.kr/app/jobnotice/view?systemKindCode=MRS2&jobnoticeSn=257665,2026-06-22T00:00:00.000+09:00,2026-07-05T23:59:00.000+09:00,0,0,False,False,37840,379,384,200,1236,5127,3,설비엔지니어 (계기) | 설비엔지니어 (전기) | 회계 (세무),https://daoift3qrrnil.cloudfront.net/company_groups/images/000/001/236/webp/data.webp?1684485374,1,https://daoift3qrrnil.cloudfront.net/content_images/images/000/357/942/webp/image.webp?1782114468,,2026-06-22T16:47:50.000+09:00,2026-06-22T16:50:20.000+09:00,2026-08-31
104751,https://jasoseol.com/recruit/104751,존슨앤드존슨,[MedTech] Clinical Sales - Electrophysiology (Daegu),big_business,https://www.careers.jnj.com/en/jobs/r-081209/medtech-clinical-sales-electrophysiology-daegu/,2026-06-23T00:00:00.000+09:00,2026-07-12T23:59:00.000+09:00,0,0,False,False,7415,75,58,4,1045,4936,1,[MedTech] Clinical Sales - Electrophysiology (Daegu),https://daoift3qrrnil.cloudfront.net/company_groups/images/000/001/045/webp/jss_hashed_6044e3ffc36ca8e97f2f_20260723T134800_JNJ_Logo_SingleLine_Red_RGB_%281%29.webp?1784782081,1,https://daoift3qrrnil.cloudfront.net/business_employment_companies/images/000/038/546/original/Johnson-Johnson-md-logo-500x239.png?1697011699,,2026-06-23T09:53:08.000+09:00,2026-06-23T10:50:53.000+09:00,2026-08-31
104760,https://jasoseol.com/recruit/104760,고려아연,2026년도 계열사 신입사원 채용,big_business,https://koreazinc.recruiter.co.kr/app/jobnotice/view?systemKindCode=MRS2&jobnoticeSn=256854,2026-06-23T17:00:00.000+09:00,2026-07-03T23:59:00.000+09:00,0,0,False,False,109037,3447,3789,2539,2705,7155,16,기술 | 재무 | 영업 | 원료구매 | 자재구매 | 회계 | 생산관리 | 품질보증 | 정비 | 안전보건 | 환경 | 물류 | R&D(연구소) | 분석관리(연구소) | 보안 | 에너지생산,https://daoift3qrrnil.cloudfront.net/company_groups/images/000/002/705/webp/%EA%B3%A0%EB%A0%A4%EC%95%84%EC%97%B0_%EB%A1%9C%EA%B3%A0_%EC%88%98%EC%A0%95-removebg-preview_%281%29.webp?1697607816,1,https://daoift3qrrnil.cloudfront.net/content_images/images/000/358/057/webp/image.webp?1782194902,,2026-06-23T15:08:27.000+09:00,2026-06-23T17:00:04.000+09:00,2026-08-31
104771,https://jasoseol.com/recruit/104771,키움증권,리테일플랫폼부문 해외상품지원파트 신입사원 채용,big_business,https://jasoseol.com/recruit/104771,2026-06-25T00:00:00.000+09:00,2026-07-08T17:00:00.000+09:00,0,0,False,False,34313,180,226,52,236,4127,1,해외상품지원파트,https://daoift3qrrnil.cloudfront.net/company_groups/images/000/000/236/webp/%ED%82%A4%EC%9B%80%EC%A6%9D%EA%B6%8C_%EB%A1%9C%EA%B3%A0.webp?1684484676,1,https://daoift3qrrnil.cloudfront.net/content_images/images/000/359/654/webp/%EB%A6%AC%ED%85%8C%EC%9D%BC%ED%8C%8C%EC%83%9D%ED%8C%80_%EC%B1%84%EC%9A%A9_%EA%B3%B5%EA%B3%A0%EB%AC%B8_v2%28%EA%B3%A0%ED%99%94%EC%A7%88%29_%281%29.webp?1783468882,https://daoift3qrrnil.cloudfront.net/employment_companies/guidebooks/000/104/771/original/%E1%84%8B%E1%85%B5%E1%84%85%E1%85%A7%E1%86%A8%E1%84%89%E1%85%A5%28%E1%84%8B%E1%85%A3%E1%86%BC%E1%84%89%E1%85%B5%E1%86%A8%29__%E1%84%92%E1%85%A2%E1%84%8B%E1%85%AC%E1%84%89%E1%85%A1%E1%86%BC%E1%84%91%E1%85%AE%E1%86%B7%E1%84%8C%E1%85%B5%E1%84%8B%E1%85%AF%E1%86%AB%E1%84%91%E1%85%A1%E1%84%90%E1%85%B3_000%28%E1%84%87%E1%85%A9%E1%86%AB%E1%84%8B%E1%85%B5%E1%86%AB%E1%84%8B%E1%85%B5%E1%84%85%E1%85%B3%E1%86%B7%29.docx,2026-06-24T13:37:11.000+09:00,2026-06-25T00:00:05.000+09:00,2026-08-31
104786,https://jasoseol.com/recruit/104786,유진투자선물,(신입/경력) 국제영업 FEP 프로그램 운영,big_business,https://eugene.recruiter.co.kr/career/jobs/119764,2026-06-24T08:00:00.000+09:00,2026-07-12T23:59:00.000+09:00,0,0,False,False,6067,85,92,30,4155,10492,2,FEP 운영자 | FEP 운영자,https://daoift3qrrnil.cloudfront.net/company_groups/images/000/004/155/webp/813161_20160620130424_425_0001.webp?1684486545,1,https://eugene.recruiter.co.kr/upload/331673/image/202606/b60795ed-10d9-4568-acc2-19dfda8bba0b.jpg,,2026-06-24T16:13:44.000+09:00,2026-06-24T16:14:52.000+09:00,2026-08-31
104818,https://jasoseol.com/recruit/104818,AXA손해보험,재무계리팀 신입사원 채용,big_business,https://axa.career.greetinghr.com/ko/o/224435,2026-06-25T16:44:00.000+09:00,2026-07-12T23:59:00.000+09:00,0,4,False,False,7775,191,127,68,1264,5155,1,자동차 및 일반보험 결산 담당,https://daoift3qrrnil.cloudfront.net/company_groups/images/000/001/264/webp/AXA_Logo.webp?1684485388,1,https://daoift3qrrnil.cloudfront.net/content_images/images/000/358/318/webp/%EC%9E%AC%EB%AC%B4%EA%B3%84%EB%A6%AC%ED%8C%80_%EC%8B%A0%EC%9E%85%EC%82%AC%EC%9B%90_%EC%B1%84%EC%9A%A9.webp?1782374299,,2026-06-25T17:09:21.000+09:00,2026-06-25T17:09:56.000+09:00,2026-08-31
104839,https://jasoseol.com/recruit/104839,여주에너지서비스,2026 하반기 발전운영직무 신입 채용,big_business,https://www.skcareers.com/Recruit/Detail/R261451,2026-06-26T00:00:00.000+09:00,2026-07-12T23:59:00.000+09:00,0,0,False,False,43961,448,357,149,10233,19506,1,발전운영,https://daoift3qrrnil.cloudfront.net/company_groups/images/000/010/233/webp/jss_hashed_623e2fd9d3ea2f2f820a_20260115T114342_ci_cont02_img01.webp?1768445022,1,https://daoift3qrrnil.cloudfront.net/content_images/images/000/358/435/webp/image.webp?1782451287,,2026-06-26T14:21:31.000+09:00,2026-06-26T14:23:07.000+09:00,2026-08-31
104850,https://jasoseol.com/recruit/104850,SBS A&T,2026년 신입사원 공개채용,big_business,https://sbsant.careerlink.kr/,2026-06-29T11:00:00.000+09:00,2026-07-19T18:00:00.000+09:00,0,0,False,False,43352,318,387,158,6467,12856,3,방송조명 | 영상기자 | 방송엔지니어,https://daoift3qrrnil.cloudfront.net/company_groups/images/000/006/467/webp/%EB%A1%9C%EA%B3%A0.webp?1684487333,1,https://daoift3qrrnil.cloudfront.net/content_images/images/000/358/505/webp/image.webp?1782460742,,2026-06-26T16:59:06.000+09:00,2026-06-29T11:00:20.000+09:00,2026-08-31
104909,https://jasoseol.com/recruit/104909,유진투자증권,재경팀 업무직원 채용,big_business,https://eugene.recruiter.co.kr/career/jobs/120440,2026-07-01T00:00:00.000+09:00,2026-07-14T23:59:00.000+09:00,0,0,False,False,8055,324,268,171,1336,5227,1,재경팀(업무직),https://daoift3qrrnil.cloudfront.net/company_groups/images/000/001/336/webp/Eugene_Wordmark.webp?1684485426,1,https://eugene.recruiter.co.kr/upload/331673/image/202607/1a94cc75-0b81-415c-af0c-71256a41544b.jpg,,2026-07-01T14:14:33.000+09:00,2026-07-01T14:15:28.000+09:00,2026-08-31
104937,https://jasoseol.com/recruit/104937,AXA손해보험,회계구매팀 신입사원 채용,big_business,https://axa.career.greetinghr.com/ko/o/226128,2026-07-02T11:53:00.000+09:00,2026-07-19T23:59:00.000+09:00,0,4,False,False,9791,435,256,189,1264,5155,1,회계 및 세무,https://daoift3qrrnil.cloudfront.net/company_groups/images/000/001/264/webp/AXA_Logo.webp?1684485388,1,https://daoift3qrrnil.cloudfront.net/content_images/images/000/359/093/webp/%ED%9A%8C%EA%B3%84%EA%B5%AC%EB%A7%A4%ED%8C%80_%EC%8B%A0%EC%9E%85%EC%82%AC%EC%9B%90_%EC%B1%84%EC%9A%A9.webp?1782961093,,2026-07-02T13:26:51.000+09:00,2026-07-02T13:27:58.000+09:00,2026-08-31
104946,https://jasoseol.com/recruit/104946,셀트리온,2026년 상반기 신입/경력 채용,big_business,https://celltrion.recruiter.co.kr/career/jobs?utm_source=jasoseol&utm_medium=banner&utm_campaign=2607celltrion,2026-07-02T00:00:00.000+09:00,2026-07-12T23:59:00.000+09:00,0,0,False,False,50238,1103,1121,802,1040,4931,24,IT인프라 | 정보보안 | 바이오신약 [항체신약/다중항체] | 바이오신약 [항체공학/약리평가] | 바이오신약 [ADC/항체접합체] | 비임상개발 [PK/PD·MIDD] | 펩타이드 신약개발 [합성] | 펩타이드 신약개발 [약리/전임상] | 사업개발 | 정제공정기술 | DP공정기술 | 연구관리 | 임상분석 | 제품분석 | 배양공정개발 | 세포주개발 | 제형개발 | 정제공정개발 | 국내법무 | 인력운영 | 인력운영 | 총무/자산관리 | 해외IR | Brand Communication,https://daoift3qrrnil.cloudfront.net/company_groups/images/000/001/040/webp/_EC_85_80_ED_8A_B8_EB_A6_AC_EC_98_A8_CI_JPG.webp?1684485316,1,https://daoift3qrrnil.cloudfront.net/content_images/images/000/359/148/webp/image.webp?1782976270,,2026-07-02T16:11:26.000+09:00,2026-07-02T16:23:43.000+09:00,2026-08-31
104965,https://jasoseol.com/recruit/104965,김앤장 법률사무소,송무 스탭(신입) 채용,big_business,https://careers.kimchang.com/ko/guide/index.kc?category=H,2026-07-03T09:24:00.000+09:00,2026-07-09T23:59:00.000+09:00,0,4,False,False,5623,125,64,31,1542,5433,1,송무 스탭,https://daoift3qrrnil.cloudfront.net/company_groups/images/000/001/542/webp/%E1%84%80%E1%85%B5%E1%86%B7%E1%84%8B%E1%85%A2%E1%86%AB%E1%84%8C%E1%85%A1%E1%86%BC.webp?1684485507,1,https://daoift3qrrnil.cloudfront.net/content_images/images/000/359/242/webp/_%EA%B9%80.%EC%9E%A5_%EB%B2%95%EB%A5%A0%EC%82%AC%EB%AC%B4%EC%86%8C__%EC%86%A1%EB%AC%B4%EC%8A%A4%ED%83%AD_%EC%B1%84%EC%9A%A9%28_7.9_%EB%A7%88%EA%B0%90%29.webp?1783038292,,2026-07-03T10:48:37.000+09:00,2026-07-03T10:49:00.000+09:00,2026-08-31
104986,https://jasoseol.com/recruit/104986,KT,2027년도 봄학기 AI석사과정 신입생 모집 (KAIST·POSTECH 진학연계),big_business,https://recruit.kt.com/careers/259124,2026-07-07T14:00:00.000+09:00,2026-07-20T16:00:00.000+09:00,0,0,False,False,45230,233,280,89,1878,5769,2,코어·서비스 AI 연구개발 | 데이터 AX 연구개발,https://daoift3qrrnil.cloudfront.net/company_groups/images/000/001/878/webp/KT%EB%A1%9C%EA%B3%A0_%281%29.webp?1684485639,1,https://daoift3qrrnil.cloudfront.net/content_images/images/000/359/365/webp/image.webp?1783294703,,2026-07-06T08:38:27.000+09:00,2026-07-07T14:00:06.000+09:00,2026-08-31
104991,https://jasoseol.com/recruit/104991,세아특수강,2026 하반기 사무기술직  채용,big_business,https://seahsp.career.greetinghr.com/ko/home,2026-07-06T15:00:00.000+09:00,2026-07-13T23:59:00.000+09:00,0,0,False,False,41746,455,666,250,1876,5767,5,영업개발팀 | 생산팀 | 품질팀 | 설계팀(설계/개발) | 설계팀(시험/시작),https://daoift3qrrnil.cloudfront.net/company_groups/images/000/001/876/webp/%EC%84%B8%EC%95%84%ED%8A%B9%EC%88%98%EA%B0%95_%EB%A1%9C%EA%B3%A0.webp?1684485638,1,https://daoift3qrrnil.cloudfront.net/content_images/images/000/359/386/webp/image.webp?1783299135,,2026-07-06T09:52:19.000+09:00,2026-07-06T09:53:22.000+09:00,2026-08-31
105015,https://jasoseol.com/recruit/105015,SK바이오사이언스,26년 7월 신입사원 수시채용,big_business,https://www.skcareers.com/Recruit,2026-07-07T00:00:00.000+09:00,2026-07-20T23:59:00.000+09:00,0,4,False,False,13826,213,464,98,6770,13167,1,생산기획,https://daoift3qrrnil.cloudfront.net/company_groups/images/000/006/770/webp/open-uri20220705-9327-15kiov5.webp?1684487448,1,https://daoift3qrrnil.cloudfront.net/content_images/images/000/359/545/webp/%EC%83%9D%EC%82%B0%EA%B8%B0%ED%9A%8D_%281%29.webp?1783383785,,2026-07-07T09:40:36.000+09:00,2026-07-07T09:41:06.000+09:00,2026-08-31
105021,https://jasoseol.com/recruit/105021,드림라인,2026 하반기 채용,big_business,https://www.saramin.co.kr/zf_user/jobs/view?rec_idx=54282871&view_type=etc&ref=recruit_manage,2026-07-01T00:00:00.000+09:00,2026-07-17T23:59:00.000+09:00,0,4,False,False,5293,69,79,17,2937,8192,4,정보보호 | 기술 영업 및 기술관리 | 글로벌 영업 | 글로벌 사업,https://daoift3qrrnil.cloudfront.net/company_groups/images/000/002/937/webp/%EB%93%9C%EB%A6%BC%EB%9D%BC%EC%9D%B8_CI_%28%EB%B0%94%ED%83%95%ED%88%AC%EB%AA%85_%EA%B2%80%EC%9D%80%EC%83%89%EA%B8%80%EC%94%A8%29.webp?1684486060,2,https://daoift3qrrnil.cloudfront.net/content_images/images/000/360/123/webp/%ED%8B%80%29_%EC%9E%90%EC%86%8C%EC%84%A4%EB%8B%B7%EC%BB%B4_%EC%95%9E%EB%A9%B4%282607%29%28%EC%97%B0%EC%9E%A5%29.webp?1783931391 | https://daoift3qrrnil.cloudfront.net/content_images/images/000/360/124/webp/%ED%8B%80%29_%EC%9E%90%EC%86%8C%EC%84%A4%EB%8B%B7%EC%BB%B4_%EB%92%B7%EB%A9%B4%282607%29.webp?1783931399,,2026-07-07T16:36:05.000+09:00,2026-07-07T16:38:16.000+09:00,2026-08-31
105030,https://jasoseol.com/recruit/105030,KT sat,2026년 하반기 경력/신입사원 공개채용,big_business,https://recruit.kt.com/,2026-07-08T16:00:00.000+09:00,2026-07-16T23:59:00.000+09:00,0,0,False,False,37081,237,315,87,956,4847,8,"사업개발 (시스템설계) | 사업개발 (NW 설계) | 사업개발/기획 | 플랫폼개발/운영 | 영업AM (국방) | 사업수행/제안 (항법,국방) | 정보보안 | 위성서비스 운영",https://daoift3qrrnil.cloudfront.net/company_groups/images/000/000/956/webp/%E1%84%8F%E1%85%A6%E1%84%8B%E1%85%B5%E1%84%90%E1%85%B5%E1%84%89%E1%85%A6%E1%87%80.webp?1684485295,1,https://daoift3qrrnil.cloudfront.net/content_images/images/000/359/698/webp/image.webp?1783486662,,2026-07-08T13:57:47.000+09:00,2026-07-08T16:00:01.000+09:00,2026-08-31
105047,https://jasoseol.com/recruit/105047,한국투자증권,FY2026 Chat in Seoul - 해외 대학생 채용 설명회,big_business,https://forms.gle/6FJXbU8xJU4EiVuA8,2026-07-13T00:00:00.000+09:00,2026-08-04T23:59:00.000+09:00,1,0,False,False,55901,56,88,18,43,3934,1,해외 대학생 채용 설명회,https://daoift3qrrnil.cloudfront.net/company_groups/images/000/000/043/webp/_2977543_%ED%95%9C%EA%B5%AD%ED%88%AC%EC%9E%90%EC%A6%9D%EA%B6%8C_%EA%B5%AD%EB%AC%B8CI.webp?1684484619,1,https://daoift3qrrnil.cloudfront.net/content_images/images/000/359/799/webp/image.webp?1783558050,,2026-07-09T09:47:31.000+09:00,2026-07-13T00:00:19.000+09:00,2026-08-31
105083,https://jasoseol.com/recruit/105083,LX세미콘,2026년 7월 박사 신입사원 채용,big_business,https://lx.recruiter.co.kr/career/jobs/121558,2026-07-13T09:00:00.000+09:00,2026-07-26T23:00:00.000+09:00,0,0,False,False,20628,16,50,13,1660,5551,4,Analog Design Interface [SerDes Architect (Phy)]  | Digital Design Interface [SerDes Architect (Link)]  | Analog Design MCU  | Digital Design MCU [Logic Design],https://daoift3qrrnil.cloudfront.net/company_groups/images/000/001/660/webp/%EB%A1%9C%EA%B3%A0..webp?1684485553,1,https://daoift3qrrnil.cloudfront.net/content_images/images/000/359/974/webp/image.webp?1783670423,,2026-07-10T17:00:46.000+09:00,2026-07-10T17:02:54.000+09:00,2026-08-31
105117,https://jasoseol.com/recruit/105117,NES머티리얼즈,하반기 고졸 신입 모집 (반도체소재 생산 운전),big_business,https://with.nonghyup.com/,2026-07-16T15:00:00.000+09:00,2026-07-22T17:00:00.000+09:00,0,0,False,False,6983,26,29,4,15649,20371,1,[신입] 반도체소재 생산,https://daoift3qrrnil.cloudfront.net/company_groups/images/000/015/649/webp/jss_hashed_f457ff9b200e1edeb859_20250612T120159_rld6fo_e9q1-wbgg9s_logo.webp?1749697321,4,https://daoift3qrrnil.cloudfront.net/content_images/images/000/360/267/webp/_%EC%97%94%EC%9D%B4%EC%97%90%EC%8A%A4%EB%A8%B8%ED%8B%B0%EB%A6%AC%EC%96%BC%EC%A6%88%28%EC%A3%BC%29__2026%EB%85%84_%ED%95%98%EB%B0%98%EA%B8%B0_%EA%B3%A0%EC%A1%B8_%EC%A0%84%EB%AC%B8%EA%B8%B0%EB%8A%A5%EC%A7%81%28%ED%98%84%EC%9E%A5%EC%9A%B4%EC%A0%84%EC%9B%90%29_%EB%AA%A8%EC%A7%91%EC%9A%94%EA%B0%95_v2_1_%281%29.webp?1784012611 | https://daoift3qrrnil.cloudfront.net/content_images/images/000/360/268/webp/_%EC%97%94%EC%9D%B4%EC%97%90%EC%8A%A4%EB%A8%B8%ED%8B%B0%EB%A6%AC%EC%96%BC%EC%A6%88%28%EC%A3%BC%29__2026%EB%85%84_%ED%95%98%EB%B0%98%EA%B8%B0_%EA%B3%A0%EC%A1%B8_%EC%A0%84%EB%AC%B8%EA%B8%B0%EB%8A%A5%EC%A7%81%28%ED%98%84%EC%9E%A5%EC%9A%B4%EC%A0%84%EC%9B%90%29_%EB%AA%A8%EC%A7%91%EC%9A%94%EA%B0%95_v2_2_%281%29.webp?1784012611 | https://daoift3qrrnil.cloudfront.net/content_images/images/000/360/269/webp/_%EC%97%94%EC%9D%B4%EC%97%90%EC%8A%A4%EB%A8%B8%ED%8B%B0%EB%A6%AC%EC%96%BC%EC%A6%88%28%EC%A3%BC%29__2026%EB%85%84_%ED%95%98%EB%B0%98%EA%B8%B0_%EA%B3%A0%EC%A1%B8_%EC%A0%84%EB%AC%B8%EA%B8%B0%EB%8A%A5%EC%A7%81%28%ED%98%84%EC%9E%A5%EC%9A%B4%EC%A0%84%EC%9B%90%29_%EB%AA%A8%EC%A7%91%EC%9A%94%EA%B0%95_v2_3_%281%29.webp?1784012612 | https://daoift3qrrnil.cloudfront.net/content_images/images/000/360/266/webp/_%EC%97%94%EC%9D%B4%EC%97%90%EC%8A%A4%EB%A8%B8%ED%8B%B0%EB%A6%AC%EC%96%BC%EC%A6%88%28%EC%A3%BC%29__2026%EB%85%84_%ED%95%98%EB%B0%98%EA%B8%B0_%EA%B3%A0%EC%A1%B8_%EC%A0%84%EB%AC%B8%EA%B8%B0%EB%8A%A5%EC%A7%81%28%ED%98%84%EC%9E%A5%EC%9A%B4%EC%A0%84%EC%9B%90%29_%EB%AA%A8%EC%A7%91%EC%9A%94%EA%B0%95_v2_4_%281%29.webp?1784012611,,2026-07-14T14:00:40.000+09:00,2026-07-16T15:00:05.000+09:00,2026-08-31
105122,https://jasoseol.com/recruit/105122,코스포영남파워,2026년 신입 및 경력(계약직) 직원 공개채용,big_business,https://job.incruit.com/jobdb_info/jobpost.asp?job=2607140002471&handle=7DD0114106B382A0DDB47567D931DB20626FDC183059B24D5BA3F2BBE0BBCF71,2026-07-15T10:00:00.000+09:00,2026-07-29T23:59:00.000+09:00,0,4,False,False,8692,111,113,44,13628,16995,4,전기 | 사무 | 계측제어 | 환경화학,https://daoift3qrrnil.cloudfront.net/company_groups/images/000/013/628/webp/%EC%BD%94%EC%8A%A4%ED%8F%AC%EC%98%81%EB%82%A8%ED%8C%8C%EC%9B%8C%28%EC%A3%BC%29_1667998947_185x72.webp?1684488529,1,https://daoift3qrrnil.cloudfront.net/content_images/images/000/360/281/webp/%EC%BD%94%EC%8A%A4%ED%8F%AC%EC%98%81%EB%82%A8%ED%8C%8C%EC%9B%8C_260710.webp?1784014845,,2026-07-14T16:43:23.000+09:00,2026-07-14T16:43:23.000+09:00,2026-08-31
105127,https://jasoseol.com/recruit/105127,현대엔지비,2026년 정규직 신입 채용,big_business,https://ngv.recruiter.co.kr/career/jobs/122035,2026-07-15T00:00:00.000+09:00,2026-07-29T23:59:00.000+09:00,0,0,False,False,19891,520,393,205,614,4505,1,기술인재육성-HRD 컨설팅 및 모빌리티 기술 인재육성 프로그램 기획/개발/운영,https://daoift3qrrnil.cloudfront.net/company_groups/images/000/000/614/webp/CI.webp?1684485222,1,https://daoift3qrrnil.cloudfront.net/content_images/images/000/360/302/webp/%ED%98%84%EB%8C%80%EC%97%94%EC%A7%80%EB%B9%84_2026%EB%85%84_3%EB%B6%84%EA%B8%B0_%EC%A0%95%EA%B7%9C%EC%A7%81_%EC%B1%84%EC%9A%A9_%EA%B3%B5%EA%B3%A0.webp?1784017077,,2026-07-14T17:18:22.000+09:00,2026-07-15T00:00:10.000+09:00,2026-08-31
105132,https://jasoseol.com/recruit/105132,어플라이드 머티어리얼즈 코리아,Logistics Operations 신입/경력 채용,big_business,https://appliedkorea.applyin.co.kr/jobs/22677,2026-07-15T10:00:00.000+09:00,2026-07-24T17:00:00.000+09:00,0,0,False,False,14789,488,363,174,3070,8739,2,Logistics Operations | Logistics Operations,https://daoift3qrrnil.cloudfront.net/company_groups/images/000/003/070/webp/jss_hashed_9574abdda62ba6b8da29_20251231T110950_APPLIED_Impact_Logo_blue.webp?1767146991,1,https://daoift3qrrnil.cloudfront.net/content_images/images/000/360/367/webp/image.webp?1784077910,,2026-07-15T10:11:57.000+09:00,2026-07-15T10:14:59.000+09:00,2026-08-31
105138,https://jasoseol.com/recruit/105138,앰코테크놀로지코리아,2026년 하반기 신입/경력사원 공채,big_business,https://amkor.recruiter.co.kr/career/career,2026-07-15T13:00:00.000+09:00,2026-07-23T23:59:00.000+09:00,0,0,False,False,68101,1899,3693,1462,4293,10630,31,R&D - 특성분석 | R&D - 재료개발 | R&D - 선행개발 | R&D - RF 개발 | R&D - 제품개발 | Engineer - Assembly/Bump | Engineer - Test | Engineer - Quality | 자동화 - 공장자동화 (S/W 개발) | PCS - 생산/고객관리 | 생산기획 - Industrial Engineering | 구매 - 전략구매 | 물류 | 환경 - 환경 운영 | R&D - RF 개발 | R&D - 제품개발 | Engineer - Assembly/Bump | Engineer - Test | PCS - 생산/고객관리 | 구매 - 원재료/장비/Substrate | 구매 - Global SCM | 환경 - 인허가 관리 | 시설 - 전기 (학사) | Technician - Test Equipment | IT - Infrastructure | 자동화 - 공장자동화 H/W 개발 | 안전 - 소방 (운영관리) | 안전 - 안전관리 | 환경 - 환경 운영  | 시설 - 설비 | 시설 - 전기 (전문학사),https://daoift3qrrnil.cloudfront.net/company_groups/images/000/004/293/webp/315_222.webp?1684486597,1,https://daoift3qrrnil.cloudfront.net/content_images/images/000/360/397/webp/image.webp?1784089737,,2026-07-15T13:29:03.000+09:00,2026-07-15T13:42:08.000+09:00,2026-08-31
105150,https://jasoseol.com/recruit/105150,LS MnM,신입/경력사원 수시채용,big_business,https://lsmnm.recruiter.co.kr/app/jobnotice/view?systemKindCode=MRS2&jobnoticeSn=260329,2026-07-15T16:00:00.000+09:00,2026-07-29T23:59:00.000+09:00,0,0,False,False,41101,812,748,473,1236,5127,5,생산엔지니어 (제련) | 품질관리 | 설비엔지니어 (기계) | 배터리소재 수주영업 | 회계,https://daoift3qrrnil.cloudfront.net/company_groups/images/000/001/236/webp/data.webp?1684485374,1,https://daoift3qrrnil.cloudfront.net/content_images/images/000/360/724/webp/20260720_%EC%88%98%EC%8B%9C%EC%B1%84%EC%9A%A9_%EA%B3%B5%EA%B3%A0%EB%AC%B8_%EC%83%9D%EC%82%B0%28%EC%A0%9C%EB%A0%A8%29_%ED%92%88%EC%A7%88_%EA%B8%B0%EA%B3%84_%EB%B0%B0%ED%84%B0%EB%A6%AC%EC%86%8C%EC%9E%AC%EC%88%98%EC%A3%BC%EC%98%81%EC%97%85__%ED%9A%8C%EA%B3%842_%EA%B2%8C%EC%8B%9C-1.webp?1784514048,,2026-07-15T16:58:41.000+09:00,2026-07-15T17:02:09.000+09:00,2026-08-31
105166,https://jasoseol.com/recruit/105166,존슨앤드존슨,"[MedTech] Clinical Sales - Electrophysiology(Seoul, Busan)",big_business,https://www.careers.jnj.com/,2026-07-16T18:00:00.000+09:00,2026-08-04T23:59:00.000+09:00,0,0,False,False,7284,120,74,18,1045,4936,1,"[MedTech] Clinical Sales - Electrophysiology(Seoul, Busan)",https://daoift3qrrnil.cloudfront.net/company_groups/images/000/001/045/webp/jss_hashed_6044e3ffc36ca8e97f2f_20260723T134800_JNJ_Logo_SingleLine_Red_RGB_%281%29.webp?1784782081,1,https://daoift3qrrnil.cloudfront.net/business_employment_companies/images/000/038/546/original/Johnson-Johnson-md-logo-500x239.png?1697011699,,2026-07-16T14:40:53.000+09:00,2026-07-16T18:00:12.000+09:00,2026-08-31
105170,https://jasoseol.com/recruit/105170,행복나래,각 부문별 신입/경력사원 채용,big_business,https://happynarae.saramin.co.kr/main/index,2026-07-17T00:00:00.000+09:00,2026-07-26T23:59:00.000+09:00,0,0,False,False,22589,700,352,258,2669,6969,5,재무 | 통합구매 | 법무 | 영업 | 통합구매,https://daoift3qrrnil.cloudfront.net/company_groups/images/000/002/669/webp/happynarae.webp?1684485962,1,https://daoift3qrrnil.cloudfront.net/content_images/images/000/360/600/webp/image.webp?1784184104,,2026-07-16T15:41:47.000+09:00,2026-07-17T00:00:03.000+09:00,2026-08-31
105213,https://jasoseol.com/recruit/105213,GS파워,2026년 하반기 신입사원 공개채용,big_business,https://gspower.incruit.com/apply/candidate.asp?projectid=101,2026-07-24T00:00:00.000+09:00,2026-07-31T18:00:00.000+09:00,0,0,False,False,47688,262,328,108,2792,7589,1,발전소 운영 (기술직),https://daoift3qrrnil.cloudfront.net/company_groups/images/000/002/792/webp/GS%ED%8C%8C%EC%9B%8C.webp?1684486005,1,https://daoift3qrrnil.cloudfront.net/content_images/images/000/360/879/webp/GS%ED%8C%8C%EC%9B%8C_260716_v3%28%EC%B5%9C%EC%A2%85%29_V2.webp?1784616547,,2026-07-21T13:30:05.000+09:00,2026-07-22T10:12:40.000+09:00,2026-08-31
105222,https://jasoseol.com/recruit/105222,금호폴리켐,2026년 기술직 신입사원 모집공고,big_business,http://recruit.kkpc.com/,2026-07-22T13:00:00.000+09:00,2026-07-29T23:59:00.000+09:00,0,4,False,False,27764,70,79,35,15325,19717,2,안전환경 | 품질보증,https://daoift3qrrnil.cloudfront.net/company_groups/images/000/015/325/webp/CI.webp?1710408022,1,https://daoift3qrrnil.cloudfront.net/content_images/images/000/360/936/webp/%EB%8C%80%EC%A7%80_1_2x.webp?1784687527,,2026-07-22T11:33:12.000+09:00,2026-07-22T11:33:12.000+09:00,2026-08-31
105228,https://jasoseol.com/recruit/105228,존슨앤드존슨,[J&J Vision Care]Account Specialist(아큐브 사업부 영업직 신입 채용),big_business,https://www.careers.jnj.com/en/jobs/r-089585/vision-care-account-specialist-%EC%98%81%EC%97%85%EC%A7%81-%EC%8B%A0%EC%9E%85-%EC%B1%84%EC%9A%A9/,2026-07-22T15:00:00.000+09:00,2026-08-05T23:59:00.000+09:00,0,0,False,False,5853,149,100,42,1045,4936,1,Account Specialist,https://daoift3qrrnil.cloudfront.net/company_groups/images/000/001/045/webp/jss_hashed_6044e3ffc36ca8e97f2f_20260723T134800_JNJ_Logo_SingleLine_Red_RGB_%281%29.webp?1784782081,1,https://daoift3qrrnil.cloudfront.net/content_images/images/000/361/149/webp/JNJ_Logo_SingleLine_Red_RGB_%281%29.webp?1784782065,,2026-07-22T15:23:58.000+09:00,2026-07-22T15:25:22.000+09:00,2026-08-31
105240,https://jasoseol.com/recruit/105240,코카콜라음료,여주공장 안전관리자 신입 채용,big_business,https://careers.lg.com,2026-07-22T13:00:00.000+09:00,2026-08-02T23:00:00.000+09:00,0,4,False,False,9331,156,209,87,1741,5632,1,환경안전,https://daoift3qrrnil.cloudfront.net/company_groups/images/000/001/741/webp/%E1%84%89%E1%85%B3%E1%84%8F%E1%85%B3%E1%84%85%E1%85%B5%E1%86%AB%E1%84%89%E1%85%A3%E1%86%BA_2021-04-12_%E1%84%8B%E1%85%A9%E1%84%92%E1%85%AE_2.12.50.webp?1684485582,1,https://daoift3qrrnil.cloudfront.net/content_images/images/000/361/031/webp/%EC%BD%94%EC%B9%B4%EC%BD%9C%EB%9D%BC%EC%9D%8C%EB%A3%8C_%EC%97%AC%EC%A3%BC%EA%B3%B5%EC%9E%A5_%EC%95%88%EC%A0%84%EA%B4%80%EB%A6%AC%EC%9E%90_%EC%B1%84%EC%9A%A9%EA%B3%B5%EA%B3%A0%EB%AC%B8%28260722%29_%EC%9E%90%EC%86%8C%EC%84%A4%EB%8B%B7%EC%BB%B4_%EC%B5%9C%EC%A2%85.webp?1784711833,,2026-07-23T09:11:46.000+09:00,2026-07-23T09:12:14.000+09:00,2026-08-31
105251,https://jasoseol.com/recruit/105251,현대자동차,2026 계약학과 모집,big_business,https://talent.hyundai.com/,2026-07-27T09:00:00.000+09:00,2026-08-07T17:00:00.000+09:00,0,0,False,False,65553,702,1815,524,1472,5363,10,[계약학과] 자율주행기술개발 | [계약학과] 시스템 시험 및 검증 | [계약학과] 차량제어개발 | [계약학과] 소재연구개발 | [계약학과] 배터리 시스템 설계 (선행개발) | [계약학과] BMS SW 개발 및 검증 | [계약학과] 수소연료전지개발 | [계약학과] 전동화개발 | [계약학과] 선행생기 | [계약학과] 제조 SW개발,https://daoift3qrrnil.cloudfront.net/company_groups/images/000/001/472/webp/HYU_Logo_Horizontal_Blue_RGB.webp?1684485479,1,https://daoift3qrrnil.cloudfront.net/content_images/images/000/361/137/webp/image.webp?1784780468,,2026-07-23T13:21:11.000+09:00,2026-07-27T09:00:03.000+09:00,2026-08-31
105271,https://jasoseol.com/recruit/105271,KCC실리콘,관리부문 신입사원 채용,big_business,https://recruit.kccworld.co.kr/recruit/recruitMain.do?SiteType=C,2026-07-24T00:00:00.000+09:00,2026-08-02T23:59:00.000+09:00,0,4,False,False,6289,52,84,28,12220,16073,1,관리,https://daoift3qrrnil.cloudfront.net/company_groups/images/000/012/220/webp/kcc%EC%8B%A4%EB%A6%AC%EC%BD%98_ci.webp?1684488257,1,https://daoift3qrrnil.cloudfront.net/content_images/images/000/361/294/webp/%EC%B1%84%EC%9A%A9%EA%B3%B5%EA%B3%A0.webp?1784866399,,2026-07-24T13:52:03.000+09:00,2026-07-24T13:53:50.000+09:00,2026-08-31
105308,https://jasoseol.com/recruit/105308,AJ네트웍스,2026년 하반기 7월 수시 채용,big_business,https://ajnet.recruiter.co.kr/career/jobs/123062,2026-07-28T00:00:00.000+09:00,2026-08-09T23:59:00.000+09:00,0,0,False,False,45954,498,505,251,1382,5273,21,IT장비 B2B영업 | AI인프라 영업 | 로봇 영업 | 물류장비 B2B영업 | 고소장비 B2B영업 | 파렛트 회수 | 인사 | 총무 | 로봇설치 및 유지보수 | 양중 | 패트롤 | 서류관리 | 운영기획 | 정비교육 | 운영관리 | 운영개선 | 장비매각 | 지게차 정비 | 고소장비 정비 | 자재관리 | 순회정비,https://daoift3qrrnil.cloudfront.net/company_groups/images/000/001/382/webp/AJ%EB%84%A4%ED%8A%B8%EC%9B%8D%EC%8A%A4.webp?1684485444,1,https://daoift3qrrnil.cloudfront.net/content_images/images/000/362/498/webp/260724_AJ%EB%84%A4%ED%8A%B8%EC%9B%8D%EC%8A%A4_%EA%B3%B5%EA%B3%A0%EB%AC%B8_v7.webp?1785400119,,2026-07-27T17:33:42.000+09:00,2026-07-28T00:00:26.000+09:00,2026-08-31
105341,https://jasoseol.com/recruit/105341,한국투자저축은행,2026년 하반기 대졸 신입사원 공개채용,big_business,https://recruit.truefriend.com/announcementView?_ev=AfSf4%2FNoj976N681UNZJuEcj3jCCFON3hOqPbs3WrUsRRPjid2uia%2BUBQ348AF%2F5ZmF86NNhz75NQLE2GyEKP%2FagrlH7VcmR30WWKasAQCqVMK9QONNrk1PzLYnY8i0XbKP8jLXWhSfsOxMf63JIhYP8HVozTLjfupsmf6SZs275nPc42UfJ%2FNMXtFdj4BUY3N%2Fhj%2B0mnG4aiuHRrSggpI10E4ymkZsMmyJjOlQ7Lgle%2Fv5orxVjq3jzxoTUeSQfzl1iI0tIyvC2HFKzMcieP%2FfDXYUb1VrxGBSP8xOZFv0tBZKNdvxPZxc9vfO7Mp18U65XBEHhu94SagTEp7ciPA%3D%3D&_ec=XUrK9lYrvGip5LahKScIc3TraTfWIR9TJ%2Bq%2FFO6tfB4%3D,2026-08-03T00:00:00.000+09:00,2026-08-17T23:59:00.000+09:00,0,0,False,False,69751,2117,1795,1368,2539,6430,1,종합직(일반),https://daoift3qrrnil.cloudfront.net/company_groups/images/000/002/539/webp/jss_hashed_12f0784edee022a27fa2_20250729T144018__%ED%95%9C%EA%B5%AD%ED%88%AC%EC%9E%90%EC%A0%80%EC%B6%95%EC%9D%80%ED%96%89_logo_300x180.webp?1753767619,1,https://daoift3qrrnil.cloudfront.net/content_images/images/000/362/050/webp/image.webp?1785225034,,2026-07-28T16:50:40.000+09:00,2026-08-03T00:00:09.000+09:00,2026-08-31
105375,https://jasoseol.com/recruit/105375,유니드비티플러스,2026년 하반기 신입 및 경력 채용,big_business,https://unidbtplus.recruiter.co.kr/career/jobs?utm_source=jasoseol&utm_medium=banner&utm_campaign=2607unidbtplus,2026-07-31T09:00:00.000+09:00,2026-08-10T23:59:00.000+09:00,0,0,False,False,35445,158,208,106,15232,19388,4,군산공장 생산 | 군산공장 생산 | 군산공장 공무 | 군산공장 공무,https://daoift3qrrnil.cloudfront.net/company_groups/images/000/015/232/webp/%EB%8B%A4%EC%9A%B4%EB%A1%9C%EB%93%9C_%2816%29.webp?1697782021,1,https://daoift3qrrnil.cloudfront.net/content_images/images/000/362/378/webp/image.webp?1785382148,,2026-07-30T12:29:09.000+09:00,2026-07-31T09:00:17.000+09:00,2026-08-31
105382,https://jasoseol.com/recruit/105382,KB라이프파트너스,본사 직영 KBxL 2기 모집,big_business,https://kblifepartners.recruiter.co.kr/career/jobs/123005,2026-08-01T00:00:00.000+09:00,2026-08-16T23:59:00.000+09:00,0,0,False,False,20268,68,37,23,13951,20831,1,KBxL 2기 (영업관리자 트랙),https://daoift3qrrnil.cloudfront.net/company_groups/images/000/013/951/webp/rdgj8h_7pcn-2rvxu5_logo.webp?1684488595,1,https://daoift3qrrnil.cloudfront.net/content_images/images/000/362/461/webp/image.webp?1785393435,,2026-07-30T15:37:18.000+09:00,2026-08-01T00:00:02.000+09:00,2026-08-31
105426,https://jasoseol.com/recruit/105426,애경케미칼,각 부문 신입 및 경력 채용,big_business,https://aekyungchemical.applyin.co.kr/jobs/,2026-08-03T00:00:00.000+09:00,2026-08-17T23:59:00.000+09:00,0,0,False,False,33182,871,771,444,219,4110,8,화학물질 및 환경규제 관리 | 해외영업 (가소제) | 국내영업 (바이오연료) | 설비관리 엔지니어 | 회계/세무 | 분석연구 | 생산 (울산공장) | 전기설비 점검/보수,https://daoift3qrrnil.cloudfront.net/company_groups/images/000/000/219/webp/%EC%95%A0%EA%B2%BD%EC%BC%80%EB%AF%B8%EC%B9%BCCI.webp?1698910555,1,https://daoift3qrrnil.cloudfront.net/content_images/images/000/362/893/webp/%EC%95%A0%EA%B2%BD%EC%BC%80%EB%AF%B8%EC%B9%BC_0803.webp?1785799420,,2026-08-03T10:11:29.000+09:00,2026-08-03T10:16:44.000+09:00,2026-08-31
105442,https://jasoseol.com/recruit/105442,AXA손해보험,자동차업무팀 신입사원 채용,big_business,https://axa.career.greetinghr.com/ko/o/231285,2026-08-03T09:00:00.000+09:00,2026-08-09T23:59:00.000+09:00,0,4,False,False,6325,265,223,113,1264,5155,1,자동차업무팀,https://daoift3qrrnil.cloudfront.net/company_groups/images/000/001/264/webp/AXA_Logo.webp?1684485388,1,https://daoift3qrrnil.cloudfront.net/content_images/images/000/362/870/webp/%EC%9E%90%EB%8F%99%EC%B0%A8%EC%97%85%EB%AC%B4%ED%8C%80_%EC%8B%A0%EC%9E%85%EC%82%AC%EC%9B%90_%EC%B1%84%EC%9A%A9_%281%29.webp?1785745623,,2026-08-03T17:27:52.000+09:00,2026-08-03T17:29:49.000+09:00,2026-08-31
105449,https://jasoseol.com/recruit/105449,현대해상화재보험,2026 전문대졸 신입사원 채용,big_business,https://hi.recruiter.co.kr/career/jobs/122743,2026-07-27T00:00:00.000+09:00,2026-08-10T18:00:00.000+09:00,0,0,False,False,27487,161,78,77,2118,6009,2,지점총무 (사무직) | 자동차보험 소액보상 (사무직),https://daoift3qrrnil.cloudfront.net/company_groups/images/000/002/118/webp/714466042_2217.webp?1699946701,1,https://daoift3qrrnil.cloudfront.net/content_images/images/000/362/917/webp/image.webp?1785806911,,2026-08-04T10:28:35.000+09:00,2026-08-04T10:36:35.000+09:00,2026-08-31
105505,https://jasoseol.com/recruit/105505,kt p&m,2026년 하반기 신입·경력·계약직 채용,big_business,https://kt.recruiter.co.kr/career/jobs/124268,2026-08-06T00:00:00.000+09:00,2026-08-19T23:59:00.000+09:00,0,0,False,False,44757,644,629,344,15782,20573,6,전원 | MW | 재무회계 | 전원-전기안전관리 | 전원-시설 점검/정비 | HR (보수/복지),https://daoift3qrrnil.cloudfront.net/company_groups/images/000/015/782/webp/jss_hashed_9d0140657658018f19f4_20251103T143449_KT_p_m_CI_%28%EA%B8%B0%EB%B3%B8%ED%98%95_Positive%29_%281%29_%282%29.webp?1762148213,1,https://daoift3qrrnil.cloudfront.net/content_images/images/000/364/019/webp/%28260811%292026%E1%84%82%E1%85%A7%E1%86%AB_%E1%84%92%E1%85%A1%E1%84%87%E1%85%A1%E1%86%AB%E1%84%80%E1%85%B5_%E1%84%89%E1%85%B5%E1%86%AB%E1%84%8B%E1%85%B5%E1%86%B8%E1%84%80%E1%85%A7%E1%86%BC%E1%84%85%E1%85%A7%E1%86%A8%E1%84%80%E1%85%A8%E1%84%8B%E1%85%A3%E1%86%A8%E1%84%8C%E1%85%B5%E1%86%A8_%E1%84%8E%E1%85%A2%E1%84%8B%E1%85%AD%E1%86%BC%E1%84%80%E1%85%A9%E1%86%BC%E1%84%80%E1%85%A9.webp?1786428935,,2026-08-05T17:15:05.000+09:00,2026-08-06T00:00:02.000+09:00,2026-08-31
105523,https://jasoseol.com/recruit/105523,어플라이드 머티어리얼즈 코리아,[신입] Global Software Support Engineer (학사),big_business,https://appliedkorea.applyin.co.kr/jobs/22894/applications/create,2026-08-06T11:40:00.000+09:00,2026-08-20T17:00:00.000+09:00,0,0,False,False,17570,384,533,188,3070,8739,1,Global Software Support Engineer,https://daoift3qrrnil.cloudfront.net/company_groups/images/000/003/070/webp/jss_hashed_9574abdda62ba6b8da29_20251231T110950_APPLIED_Impact_Logo_blue.webp?1767146991,1,https://daoift3qrrnil.cloudfront.net/content_images/images/000/363/393/webp/image.webp?1785984085,,2026-08-06T11:41:30.000+09:00,2026-08-06T11:45:36.000+09:00,2026-08-31
105529,https://jasoseol.com/recruit/105529,한솔제지,신입사원 수시채용 (구매),big_business,https://www.hansol-recruit.com/jobs/RC20260806032937,2026-08-06T14:00:00.000+09:00,2026-08-13T23:59:00.000+09:00,0,4,False,False,10003,506,465,216,3326,9662,1,구매,https://daoift3qrrnil.cloudfront.net/company_groups/images/000/003/326/webp/img_%2851%29.webp?1700448853,1,https://daoift3qrrnil.cloudfront.net/content_images/images/000/363/415/webp/%EA%B5%AC%EB%A7%A4%288%EC%9B%94%29.webp?1785993650,,2026-08-06T15:12:40.000+09:00,2026-08-06T15:13:33.000+09:00,2026-08-31
105539,https://jasoseol.com/recruit/105539,HJ중공업,[건설부문] 2026년도 신입사원 공개채용,big_business,https://career.hjsc.co.kr/,2026-08-11T09:00:00.000+09:00,2026-08-24T23:59:00.000+09:00,0,0,False,False,87954,1952,2253,1284,1991,5882,11,건축 | 토목 | 기계 | 전기 | 플랜트 | 안전 | 개발영업 | 회계 | 영업기획 | 노무 | 홍보,https://daoift3qrrnil.cloudfront.net/company_groups/images/000/001/991/webp/%EC%97%90%EC%9D%B4%EC%B9%98%EC%A0%9C%EC%9D%B4%EC%A4%91%EA%B3%B5%EC%97%85-%EA%B1%B4%EC%84%A4%EB%B6%80%EB%AC%B8_0003265742_185x72.webp?1684485686,3,https://daoift3qrrnil.cloudfront.net/content_images/images/000/363/915/webp/2026_%EC%8B%A0%EC%9E%85%EC%82%AC%EC%9B%90_%EC%B1%84%EC%9A%A9%EA%B3%B5%EA%B3%A0_%EC%B5%9C%EC%A2%85%EC%95%88%28%EA%B3%B5%EB%B0%B1_%EC%A0%9C%EA%B1%B0%29_1.webp?1786408959 | https://daoift3qrrnil.cloudfront.net/content_images/images/000/363/913/webp/2026_%EC%8B%A0%EC%9E%85%EC%82%AC%EC%9B%90_%EC%B1%84%EC%9A%A9%EA%B3%B5%EA%B3%A0_%EC%B5%9C%EC%A2%85%EC%95%88%28%EA%B3%B5%EB%B0%B1_%EC%A0%9C%EA%B1%B0%29_2.webp?1786408958 | https://daoift3qrrnil.cloudfront.net/content_images/images/000/363/914/webp/2026_%EC%8B%A0%EC%9E%85%EC%82%AC%EC%9B%90_%EC%B1%84%EC%9A%A9%EA%B3%B5%EA%B3%A0_%EC%B5%9C%EC%A2%85%EC%95%88%28%EA%B3%B5%EB%B0%B1_%EC%A0%9C%EA%B1%B0%29_3.webp?1786408958,,2026-08-06T17:26:09.000+09:00,2026-08-11T09:00:24.000+09:00,2026-08-31
105566,https://jasoseol.com/recruit/105566,KT&G,2026년 하반기 신입사원 채용,big_business,https://ktng.recruiter.co.kr/career/home,2026-08-10T15:00:00.000+09:00,2026-09-10T15:00:00.000+09:00,0,0,False,False,172668,5364,4238,2655,2941,8206,9,경영기획 | 해외사업 | 브랜드매니저 | 제조 | SCM | R&D - 제품개발 | R&D - 향료연구 | R&D - 기구개발 | R&D - 회로개발,https://daoift3qrrnil.cloudfront.net/company_groups/images/000/002/941/webp/%EB%8B%A4%EC%9A%B4%EB%A1%9C%EB%93%9C_%2815%29.webp?1697607784,1,https://daoift3qrrnil.cloudfront.net/content_images/images/000/365/721/webp/KT_G_%EA%B3%B5%EA%B3%A0%EB%AC%B8_%EC%8B%A0%EC%9E%85%28%EC%82%AC%EB%AC%B4%29-100.webp?1787724011,,2026-08-10T11:03:49.000+09:00,2026-08-10T15:00:27.000+09:00,2026-08-31
105606,https://jasoseol.com/recruit/105606,안산도시개발,2026년 신입직원 공개채용 (채용형 인턴),big_business,https://asudi.incruit.com/apply/?projectid=101,2026-08-13T00:00:00.000+09:00,2026-08-23T23:59:00.000+09:00,0,4,False,False,5510,106,193,51,5107,11493,4,기계 | 전기 | 전자 | 화공,https://daoift3qrrnil.cloudfront.net/company_groups/images/000/005/107/webp/135x90.webp?1684486867,1,https://daoift3qrrnil.cloudfront.net/content_images/images/000/364/007/webp/%EC%95%88%EC%82%B0%EB%8F%84%EC%8B%9C%EA%B0%9C%EB%B0%9C%28%EC%A3%BC%29_%EC%88%98%EC%A0%95_%281%29.webp?1786427552,,2026-08-11T15:27:15.000+09:00,2026-08-11T15:27:15.000+09:00,2026-08-31
105608,https://jasoseol.com/recruit/105608,현대차증권,2026년 3분기 신입 수시채용,big_business,https://recruit.hmsec.com/,2026-08-11T00:00:00.000+09:00,2026-08-25T15:00:00.000+09:00,0,0,False,False,51912,1543,1411,810,1591,5482,3,재무 | IB | Trading,https://daoift3qrrnil.cloudfront.net/company_groups/images/000/001/591/webp/open-uri20230710-32717-32f0ew.webp?1688958616,1,https://daoift3qrrnil.cloudfront.net/content_images/images/000/364/063/webp/26%E1%84%82%E1%85%A7%E1%86%AB_3%E1%84%87%E1%85%AE%E1%86%AB%E1%84%80%E1%85%B5_%E1%84%89%E1%85%B5%E1%86%AB%E1%84%8B%E1%85%B5%E1%86%B8%E1%84%8E%E1%85%A2%E1%84%8B%E1%85%AD%E1%86%BC_%E1%84%90%E1%85%A9%E1%86%BC%E1%84%92%E1%85%A1%E1%86%B8.webp?1786491614,,2026-08-11T16:45:57.000+09:00,2026-08-11T17:13:04.000+09:00,2026-08-31
105625,https://jasoseol.com/recruit/105625,SGI서울보증,2027년 신입사원(4급) 채용,big_business,https://sgi.incruit.com,2026-08-13T10:00:00.000+09:00,2026-09-04T17:00:00.000+09:00,0,0,False,False,108469,3181,1633,1490,2563,6454,9,금융일반 - 경영 | 금융일반 - 경제 | 금융일반 - 법학 | 금융일반 - 통계 | 전산 - 정보기술 | 전산 - 정보보호 | 전문자격 (공인회계사·변호사·보험계리사) | 지역전문 (경영·경제·법학) | 취업지원 (경영·경제·법학·통계·정보기술·정보보호)),https://daoift3qrrnil.cloudfront.net/company_groups/images/000/002/563/webp/RASP4_%EB%A9%94%EC%9D%B8%EB%A1%9C%EA%B3%A0_%EC%9C%A0%EC%83%89_%281%29.webp?1684485925,1,https://daoift3qrrnil.cloudfront.net/content_images/images/000/364/274/webp/SGI%EC%84%9C%EC%9A%B8%EB%B3%B4%EC%A6%9D_%EC%B1%84%EC%9A%A9%EA%B3%B5%EA%B3%A0_%EC%9B%B9%ED%94%8C%EB%9D%BC%EC%9D%B4%EC%96%B4_%EB%B6%99%EC%9E%84%EC%82%AD%EC%A0%9C.webp?1786586322,,2026-08-12T14:45:42.000+09:00,2026-08-13T10:00:12.000+09:00,2026-08-31
105641,https://jasoseol.com/recruit/105641,세아제강,2026년 하반기 신입/경력사원 채용,big_business,https://seahsteel.recruiter.co.kr/career/job?utm_source=jasoseol&utm_medium=banner&utm_campaign=2608seahsteel,2026-08-14T00:00:00.000+09:00,2026-08-23T23:59:00.000+09:00,0,0,False,False,41473,1188,1151,745,793,4684,18,[서울] 인사 | [서울] 해외영업 | [포항] 품질관리 | [포항] 생산기술-기계 | [포항] 생산기술-전기 | [포항] 생산기술-시스템개발 | [포항] 연구개발-특수관 | [포항] 연구개발-특수관 | [포항] 연구개발-기계 | [포항] 에너지/환경 | [부산] 국내영업 | [부산] 국내영업 | [창원] 전기 | [순천] 품질관리 | [순천] 안전/보건 - 운영관리 | [순천] 안전/보건 - 운영관리 | [순천] 안전/보건 - Audit 대응 | [순천] 노무/총무,https://daoift3qrrnil.cloudfront.net/company_groups/images/000/000/793/webp/%EC%84%B8%EC%95%84%EC%A0%9C%EA%B0%95_CI.webp?1739257559,1,https://daoift3qrrnil.cloudfront.net/content_images/images/000/364/456/webp/%EC%84%B8%EC%95%84%EC%A0%9C%EA%B0%95_26%EB%85%84_%ED%95%98%EB%B0%98%EA%B8%B0_%EC%B1%84%EC%9A%A9%EA%B3%B5%EA%B3%A0%EB%AC%B8_V2_%EC%82%AC%EC%A7%84_0814.webp?1786684881,,2026-08-13T14:49:24.000+09:00,2026-08-14T00:00:12.000+09:00,2026-08-31
105642,https://jasoseol.com/recruit/105642,에어리퀴드코리아,생산엔지니어/오퍼레이터 신입채용,big_business,https://incruit.dig-airgas.com,2026-08-13T14:00:00.000+09:00,2026-08-24T23:59:00.000+09:00,0,4,False,False,11139,355,544,190,1545,5436,2,생산엔지니어 | 오퍼레이터,https://daoift3qrrnil.cloudfront.net/company_groups/images/000/001/545/webp/rbp0oj_pgjc-1a0xnv6_logo.webp?1699422108,1,https://daoift3qrrnil.cloudfront.net/content_images/images/000/364/317/webp/%EC%B1%84%EC%9A%A9%ED%99%88%ED%8E%98%EC%9D%B4%EC%A7%80_%EA%B3%B5%EA%B3%A0__20260813_%28%EC%8B%A0%EC%9E%85%29_%EC%83%9D%EC%82%B0%EC%97%94%EC%A7%80%EB%8B%88%EC%96%B4_%EC%98%A4%ED%8D%BC%EB%A0%88%EC%9D%B4%ED%84%B0%28%EA%B5%AC%EB%AF%B8_%EC%97%AC%EC%B2%9C%29.webp?1786600218,,2026-08-13T14:57:46.000+09:00,2026-08-13T15:29:04.000+09:00,2026-08-31
105668,https://jasoseol.com/recruit/105668,IM뱅크,2026년 신입행원 채용,big_business,https://im.recruiter.co.kr/career/home,2026-08-14T17:00:00.000+09:00,2026-08-29T23:59:00.000+09:00,0,4,False,False,44505,2406,2206,2175,5072,11457,3,일반 | 지역 | 전문,https://daoift3qrrnil.cloudfront.net/company_groups/images/000/005/072/webp/IMG_1156.webp?1723017747,1,https://daoift3qrrnil.cloudfront.net/content_images/images/000/364/534/webp/%28%EA%B3%B5%EA%B3%A0%29_iM%EB%B1%85%ED%81%AC_26.08.14_v6.webp?1786696218,,2026-08-14T17:03:48.000+09:00,2026-08-14T17:03:48.000+09:00,2026-08-31
105679,https://jasoseol.com/recruit/105679,NH투자증권,2026년 하반기 업무직 신입사원 채용,big_business,https://m.site.naver.com/2extp,2026-08-18T11:00:00.000+09:00,2026-08-31T17:00:00.000+09:00,0,4,False,False,21838,620,336,256,5534,11921,6,[서울(여의도)] 본사영업지원 | [수도권] 지점영업지원 | [강원권] 지점영업지원 | [충청권] 지점영업지원 | [광주·전라권] 지점영업지원 | [대구·경북권] 지점영업지원,https://daoift3qrrnil.cloudfront.net/company_groups/images/000/005/534/webp/NH_Investment___Securities_Logo_%28KOR%29.svg.webp?1700632237,1,https://daoift3qrrnil.cloudfront.net/content_images/images/000/364/551/webp/26%ED%95%98_NH%ED%88%AC%EC%9E%90%EC%A6%9D%EA%B6%8C_%EC%97%85%EB%AC%B4%EC%A7%81_%EC%B1%84%EC%9A%A9_%EA%B3%B5%EA%B3%A0%EB%AC%B8_F.webp?1786872215,,2026-08-18T09:35:53.000+09:00,2026-08-18T09:35:53.000+09:00,2026-08-31
105706,https://jasoseol.com/recruit/105706,기아,26년 엔지니어(생산직) 채용,big_business,https://career.kia.com/apply/applyView.kc?recuYy=2026&recuType=N4&recuCls=6,2026-08-19T10:00:00.000+09:00,2026-08-21T14:00:00.000+09:00,0,0,False,False,35202,259,870,294,1690,5581,1,엔지니어(생산직),https://daoift3qrrnil.cloudfront.net/company_groups/images/000/001/690/webp/%EA%B8%B0%EC%95%84_%EB%A1%9C%EA%B3%A0.webp?1684485564,1,https://daoift3qrrnil.cloudfront.net/content_images/images/000/364/763/webp/image.webp?1787100634,,2026-08-19T09:50:36.000+09:00,2026-08-19T09:54:22.000+09:00,2026-08-31
105709,https://jasoseol.com/recruit/105709,KCC,2026년 3분기 부문별 대졸 신입 수시채용,big_business,https://recruit.kccworld.co.kr/recruit/recruitMain?SiteType=A&SEQ=14192,2026-08-19T08:00:00.000+09:00,2026-08-30T23:59:00.000+09:00,0,4,False,False,44913,1806,3211,1211,1328,5219,11,도료영업/영업관리 | 자동차기술(해외담당) | 도료기술 | 컬러개발 | 보온재기술 | 소재기술 | 소재생산 | 회계 | 물류지원 | 채권관리 | IT,https://daoift3qrrnil.cloudfront.net/company_groups/images/000/001/328/webp/%EB%A1%9C%EA%B3%A0.webp?1684485423,4,https://daoift3qrrnil.cloudfront.net/content_images/images/000/364/789/webp/%EA%B3%B5%EA%B3%A01.webp?1787101557 | https://daoift3qrrnil.cloudfront.net/content_images/images/000/364/790/webp/%EA%B3%B5%EA%B3%A02.webp?1787101558 | https://daoift3qrrnil.cloudfront.net/content_images/images/000/364/791/webp/%EA%B3%B5%EA%B3%A03.webp?1787101559 | https://daoift3qrrnil.cloudfront.net/content_images/images/000/364/792/webp/%EA%B3%B5%EA%B3%A04.webp?1787101559,,2026-08-19T15:19:42.000+09:00,2026-08-19T15:22:24.000+09:00,2026-08-31
105712,https://jasoseol.com/recruit/105712,동부건설, 2026년 하반기 신입사원 수시채용,big_business,https://dongbucon.recruiter.co.kr/app/jobnotice/view?systemKindCode=MRS2&jobnoticeSn=263579,2026-08-19T00:00:00.000+09:00,2026-08-30T23:50:00.000+09:00,0,0,False,False,13857,347,531,276,1830,5721,3,신입-플랜트사업본부-건축-본사 및 현장(국내/해외) | 신입-플랜트사업본부-기계-본사 및 현장(국내/해외) | 신입-플랜트사업본부-전기-본사 및 현장(국내/해외),https://daoift3qrrnil.cloudfront.net/company_groups/images/000/001/830/webp/open-uri20220629-6865-1ki0xv8.webp?1684485618,1,https://dongbucon.recruiter.co.kr/upload/138733/image/202608/35236f7d-b691-414c-9fd2-60335a3c40f7.png,,2026-08-19T15:32:24.000+09:00,2026-08-19T15:32:54.000+09:00,2026-08-31
105725,https://jasoseol.com/recruit/105725,SK텔레콤,2026 Junior Talent 채용,big_business,https://www.skt-juniortalent.co.kr/,2026-08-24T10:00:00.000+09:00,2026-08-30T17:00:00.000+09:00,0,0,False,False,100507,3640,6940,1835,144,4035,13,고객 - B2C | 고객 - B2B | 고객 - 서비스기획 | Infra - 무선 Network | Infra - 유선/IP Network | Infra - Core Network | Infra - Network 설비 | Tech - SW개발 | Tech - AI Model | Staff - 재무 | Staff - CR/PR | Staff - HR | 법무,https://daoift3qrrnil.cloudfront.net/company_groups/images/000/000/144/webp/SKT_%E1%84%85%E1%85%A9%E1%84%80%E1%85%A9-100.webp?1698997938,1,https://daoift3qrrnil.cloudfront.net/content_images/images/000/364/955/webp/image.webp?1787187414,,2026-08-20T09:56:57.000+09:00,2026-08-24T10:00:07.000+09:00,2026-08-31
105730,https://jasoseol.com/recruit/105730,KCC실리콘,EHS부문 신입사원 채용,big_business,https://recruit.kccworld.co.kr/recruit/recruitMain.do?SiteType=C,2026-08-20T00:00:00.000+09:00,2026-08-26T23:59:00.000+09:00,0,4,False,False,8551,147,172,85,12220,16073,1,EHS,https://daoift3qrrnil.cloudfront.net/company_groups/images/000/012/220/webp/kcc%EC%8B%A4%EB%A6%AC%EC%BD%98_ci.webp?1684488257,1,https://daoift3qrrnil.cloudfront.net/content_images/images/000/364/976/webp/%EC%B1%84%EC%9A%A9%EA%B3%B5%EA%B3%A0.webp?1787192324,,2026-08-20T11:37:07.000+09:00,2026-08-20T11:37:59.000+09:00,2026-08-31
105766,https://jasoseol.com/recruit/105766,SK하이닉스,['26년 하반기] Talent hy-way 기술사무직 신입,big_business,https://www.skcareers.com/Recruit/Detail/R261762,2026-08-20T00:00:00.000+09:00,2026-08-26T17:00:00.000+09:00,0,0,False,False,110457,5172,11325,7720,1511,5402,23,"Tech R&D - 설계 | Tech R&D - 소자 | Tech R&D - R&D 공정 | Tech R&D - Product Engineering | Tech R&D - PKG 개발 | Tech R&D - System Arch./SW Solution | Tech R&D - Solution SW | Tech R&D - Solution HW | IT - IT | 제조 - 양산기술 | 제조 - 양산기술(P&T) | 제조 - 기반기술 | 제조 - 품질보증 | 제조 - 양산관리 | 건설/플랜트 - Utility기술(공조/배기, 배관) | 건설/플랜트 - Utility기술(Gas, Chemical, 수처리) | 건설/플랜트 - Utility기술(전기, 제어) | 건설/플랜트 - Utility기술(건축, BIM/5D) | 영업 - 영업/마케팅/상품기획/신제품사업화 | 안전보건 - SHE(안전) | 안전보건 - SHE(보건) | 안전보건 - SHE(환경/화학물질관리) | 안전보건 - SHE(P&S기술)",https://daoift3qrrnil.cloudfront.net/company_groups/images/000/001/511/webp/%ED%95%98%EC%9D%B4%EB%8B%89%EC%8A%A4-%EC%98%81%EB%AC%B8_%EB%B0%B0%EA%B2%BD%EC%83%89-%EC%A0%9C%EA%B1%B0.webp?1684485495,1,https://daoift3qrrnil.cloudfront.net/content_images/images/000/365/178/webp/www.skcareers.com_Recruit_Detail_R261762_%281%29.webp?1787293621,,2026-08-21T15:22:42.000+09:00,2026-08-21T15:29:43.000+09:00,2026-08-31
105769,https://jasoseol.com/recruit/105769,현대로템,항공우주 분야 채용,big_business,https://m.site.naver.com/2eYEC,2026-08-24T00:00:00.000+09:00,2026-09-20T23:59:00.000+09:00,0,0,False,False,68356,2247,2052,495,3887,10224,21,생산기지 시스템 설계 총괄 | 극초음속 유도무기 탄 및 엔진 제어기 개발 | 우주사업 기획담당 | 덕티드 램제트 엔진 고체 추진체(화약) 부품 개발 | 덕티드 램제트 유도무기 기체구조 개발 | 액체추진기관 시험설비 설계/제작/운용 | 제어계측시스템 통합관리 | 시험장 설비 및 안전관리 | 메탄엔진 체계설계 | 메탄엔진 제어구성품 개발 | 메탄엔진 터보펌프 개발 | 우주발사체 유도·제어 기술 개발 | 우주사업 기획담당 | 덕티드 램제트 엔진 고체 추진체(화약) 부품 개발 | 덕티드 램제트 유도무기 기체구조 개발 | 시험장 설비 및 안전관리 | 한국형발사체 추진기관시스템 시험설비 유공압시스템 | 한국형발사체 추진기관시스템 시험설비 기계시스템 | 메탄엔진 제어구성품 개발 | 메탄엔진 터보펌프 개발 | 우주발사체 유도·제어 기술 개발,https://daoift3qrrnil.cloudfront.net/company_groups/images/000/003/887/webp/data.webp?1684486436,1,https://daoift3qrrnil.cloudfront.net/content_images/images/000/365/190/webp/image.webp?1787300100,,2026-08-21T17:15:10.000+09:00,2026-08-24T00:00:00.000+09:00,2026-08-31
105771,https://jasoseol.com/recruit/105771,현대자동차,9월 신입 채용,big_business,https://talent-hyundai-now.com/?utm_source=jasoseol&utm_medium=banner&utm_campaign=26_09_recruit,2026-09-01T09:00:00.000+09:00,2026-09-14T17:00:00.000+09:00,0,0,False,False,69669,8765,4929,0,1472,5363,92,AVP 차량 프로젝트 관리 | R&D 기술경영 | SW/디지털 엔지니어링 | 로보틱스 기술 및 사업 개발 | 모빌리티 플랫폼 개발/UX/사업 | AI 반도체 (NPU) 개발 | 소재 및 공정기술 연구개발 | 전동화 에너지 개발 (연료전지/배터리) | 인포테인먼트 개발 | 자율주행 검증 | 자율주행/자율주차 설계 및 시스템 개발 | 상용 특장 개발 | 상용차 시작/파이롯트 개발 | 전동화 PT/PE 개발 | 차량 시스템 설계/시험 | 차량제어 SW 개발 | SDV 플랫폼 개발 | 항공파워트레인 기획/개발 | SDV 통합검증 | [채용전환형 인턴] 현대/제네시스 CGI/VR 디자인 | 기아 컨텍스트 디자인/엔지니어링 솔루션 | 현대/제네시스 디자인 전략/CQM (Color Quality Management) | 구매 | 구매 (남양연구소) | 상용차 부품 구매/개발 | 플랜트 운영 (아산공장) | 플랜트 운영 (울산공장) | 플랜트 운영 (전주공장) | 생산기술 (남양연구소) | 생산기술 (아산공장) | 생산기술 (울산공장) | 생산기술 (의왕연구소) | 생산기술 (전주공장) | 선행품질 (남양연구소) | 선행품질 (울산공장) | 안전품질 전략 | 품질보증 (남양연구소) | 품질보증 (울산공장) | 필드 안전품질 | 경영연구 | 경영전략 | 대외협력 | 미래사업전략 기획/개발 | 국내사업 | 국내사업 (지역 비즈니스) | 글로벌 상용 & LCV 사업 | 글로벌사업 | 글로벌사업 (울산공장) | 에너지 & 수소연료전지 사업 | 제네시스사업 | 중국사업 | 글로벌 SDV 전략 | 상품기획/운영 | 상품전략/MI (Market Intelligence) | AVP 전략 기획 | Feature & SW 서비스 사업 기획/개발 | 브랜드마케팅/디자인 및 아트기획 | 국내생산 경영지원 (아산공장) | 국내생산 경영지원 (울산공장) | 비즈니스 지원 (일반/건축) | R&D 경영지원 | 안전/환경 | 안전/환경 (울산공장) | 안전관리 (전주공장) | 재경 | 재경 (남양연구소) | 재경 (울산공장) | 재경 (전주공장) | IR | HR | HRD 기획/운영 | R&D 노무관리 | 노사기획 | 정보보안 | Infra Engineering | Security Engineering | SW Development | [장애인 신입 특별채용] 노사기획 | [장애인 신입 특별채용] 비즈니스 지원 | [장애인 신입 특별채용] 재경 (전주공장) | [장애인 신입 특별채용] PR | [장애인 신입 특별채용] 경영전략 | [장애인 신입 특별채용] 국내사업 | [장애인 신입 특별채용] 글로벌 상용 & LCV 사업 | [장애인 신입 특별채용] 미래사업전략 기획/개발 | [장애인 신입 특별채용] 상품전략/MI (Market Intelligence) | [장애인 신입 특별채용] 구매 | [장애인 신입 특별채용] 선행품질 (남양연구소) | [장애인 신입 특별채용] 선행품질 (울산공장) | [장애인 신입 특별채용] 안전품질 전략 | [장애인 신입 특별채용] 품질보증 (남양연구소) | [장애인 신입 특별채용] 필드 안전품질,https://daoift3qrrnil.cloudfront.net/company_groups/images/000/001/472/webp/HYU_Logo_Horizontal_Blue_RGB.webp?1684485479,1,https://daoift3qrrnil.cloudfront.net/content_images/images/000/365/251/webp/image.webp?1787529060,,2026-08-24T08:51:06.000+09:00,2026-08-24T09:00:25.000+09:00,2026-08-31
105776,https://jasoseol.com/recruit/105776,KT,2026년 대졸신입 채용,big_business,https://recruit.kt.com/careers/263897,2026-08-25T10:00:00.000+09:00,2026-09-07T16:00:00.000+09:00,0,0,False,False,61198,2925,1427,1099,1878,5769,3,NW 인프라운용 | B2B컨설팅&세일즈 | B2C마케팅&세일즈,https://daoift3qrrnil.cloudfront.net/company_groups/images/000/001/878/webp/KT%EB%A1%9C%EA%B3%A0_%281%29.webp?1684485639,1,https://daoift3qrrnil.cloudfront.net/content_images/images/000/365/339/webp/image.webp?1787545734,,2026-08-24T13:29:02.000+09:00,2026-08-25T10:00:04.000+09:00,2026-08-31
105780,https://jasoseol.com/recruit/105780,LG전자,2026 하반기 신입사원 채용,big_business,https://lge-recruit.com/?utm_source=jasoseol&utm_medium=fit&utm_campaign=august,2026-08-24T15:00:00.000+09:00,2026-09-13T23:00:00.000+09:00,0,0,False,False,95091,7490,8565,3331,789,4680,31,HS사업본부_HR | HS사업본부_로봇 | HS사업본부_기계 | HS사업본부_전기전자 | HS사업본부_Finance | MS사업본부_구매 | MS사업본부_영업/마케팅 | MS사업본부_HR | MS사업본부_SCM | MS사업본부_기계 | MS사업본부_전기전자 | MS사업본부_Finance | MS사업본부_생산 | MS사업본부_품질 | VS사업본부_사업/전략기획 | VS사업본부_구매 | VS사업본부_영업/마케팅 | VS사업본부_SCM | VS사업본부_Finance | VS사업본부_생산 | VS사업본부_품질 | ES사업본부_구매 | ES사업본부_영업/마케팅 | ES사업본부_기계 | ES사업본부_전기전자 | ES사업본부_Finance | 한국영업본부_영업/마케팅 | 생산기술원_로봇 | 생산기술원_기계 | 생산기술원_생산기술 | 생산기술원_전기전자,https://daoift3qrrnil.cloudfront.net/company_groups/images/000/000/789/webp/LG%EC%A0%84%EC%9E%90_%EB%A1%9C%EA%B3%A0_%ED%95%9C%EA%B8%80_2.webp?1684485267,1,https://daoift3qrrnil.cloudfront.net/content_images/images/000/365/379/webp/image.webp?1787551418,,2026-08-24T15:03:42.000+09:00,2026-08-24T15:19:41.000+09:00,2026-08-31
105798,https://jasoseol.com/recruit/105798,금호석유화학그룹,2026 하반기 신입사원 공개채용,big_business,http://kkpc-recruit2026.com/,2026-08-31T00:00:00.000+09:00,2026-09-11T23:59:00.000+09:00,0,0,False,False,6969,787,211,82,5803,12188,33,기업집단_금호석유화학 | 인사/총무_금호석유화학 | 인사/총무_금호폴리켐 | 재무/회계_금호폴리켐 | 자금_금호미쓰이화학 | 원가_금호피앤비화학 | 연구지원_금호폴리켐 | 영업지원_금호석유화학 | 영업기획_금호미쓰이화학 | 해외영업_금호석유화학 | 해외영업_금호미쓰이화학 | 해외영업_금호폴리켐 | 해외/국내영업_금호개발상사 | 국내영업_금호석유화학 | 국내영업_금호미쓰이화학 | 생산_금호석유화학(울산) | 생산_금호석유화학(여수) | 생산_금호미쓰이화학 | 품질보증_금호미쓰이화학 | 품질보증_금호폴리켐 | 환경_금호석유화학 | 안전_금호석유화학 | 안전_금호폴리켐 | 에너지발전_금호석유화학 | 설비(기계/배관)_금호티앤엘 | 고무연구개발(SSBR)_금호석유화학 | 고무 연구개발(솔루션)_금호석유화학 | 수지 연구개발(수지 Comp.)_금호석유화학 | 수지개발_금호피앤비화학 | 신소재연구개발_금호피앤비화학 | MDI연구(PU 응용제품 개발)_금호미쓰이화학 | MDI연구(경질 폼 개발)_금호미쓰이화학 | MDI연구(MDI 분석)_금호미쓰이화학,https://daoift3qrrnil.cloudfront.net/company_groups/images/000/005/803/webp/%EC%8A%AC%EB%A1%9C%EA%B1%B4%EC%A1%B0%ED%95%A9_%EA%B5%AD%EB%AC%B8_%EC%8B%9C%EA%B7%B8%EB%8B%88%EC%B2%984.webp?1684487110,1,https://daoift3qrrnil.cloudfront.net/content_images/images/000/365/784/webp/1._26%EB%85%84_%EC%9B%B9%ED%8E%98%EC%9D%B4%EC%A7%80%EC%9A%A9_%EA%B3%B5%EA%B3%A0%EB%AC%B8_%28W%291920px_V2.webp?1787787184,,2026-08-25T09:00:56.000+09:00,2026-08-31T00:00:20.000+09:00,2026-08-31
105829,https://jasoseol.com/recruit/105829,한화에어로스페이스,2026년 하반기 대규모 신입사원 채용,big_business,http://hanwhaaerospace-recruit.com/?utm_source=jasoseol&utm_medium=cpc&utm_campaign=20263Q,2026-08-31T00:00:00.000+09:00,2026-09-20T23:59:00.000+09:00,0,0,False,False,39166,4331,2677,0,4216,10553,1,"R&D, 제조/생산기술, 품질, 구매, 사업개발, 경영지원 등 채용 예정",https://daoift3qrrnil.cloudfront.net/company_groups/images/000/004/216/webp/news-p.v1.20221031.6c2eb1acddb1475d8522211403fe576e_P1.webp?1700665842,1,https://daoift3qrrnil.cloudfront.net/content_images/images/000/365/626/webp/image.webp?1787644806,,2026-08-25T17:00:11.000+09:00,2026-08-25T17:00:46.000+09:00,2026-08-31
105832,https://jasoseol.com/recruit/105832,현대비앤지스틸,대졸 신입사원 채용,big_business,https://hyundai-bngsteel.applyin.co.kr/jobs/23152,2026-08-26T00:00:00.000+09:00,2026-09-04T23:00:00.000+09:00,0,0,False,False,24087,732,291,178,1407,20901,1,경영기획,https://daoift3qrrnil.cloudfront.net/company_groups/images/000/001/407/webp/BNGSteel20CI.webp?1699333611,1,https://daoift3qrrnil.cloudfront.net/content_images/images/000/365/640/webp/image.webp?1787648940,,2026-08-25T18:09:02.000+09:00,2026-08-26T00:00:19.000+09:00,2026-08-31
105852,https://jasoseol.com/recruit/105852,현대카드/현대커머셜,2026 신입 인재 모집,big_business,https://m.site.naver.com/21dBn,2026-08-31T10:00:00.000+09:00,2026-09-14T10:00:00.000+09:00,0,0,False,False,2644,445,86,0,14210,18429,1,General,https://daoift3qrrnil.cloudfront.net/company_groups/images/000/014/210/webp/%ED%98%84%EB%8C%80%EC%B9%B4%EB%93%9C_%EB%A1%9C%EA%B3%A0.webp?1684488657,1,https://daoift3qrrnil.cloudfront.net/content_images/images/000/365/787/webp/image.webp?1787789849,,2026-08-27T09:17:34.000+09:00,2026-08-31T10:00:09.000+09:00,2026-08-31
105855,https://jasoseol.com/recruit/105855,쎄트렉아이,2026 하반기 신입 채용 SIFUTURE-SHIP 모집,big_business,https://sifuture-ship.careerlink.kr/,2026-08-31T10:00:00.000+09:00,2026-09-15T23:59:00.000+09:00,0,0,False,False,11260,589,578,0,3926,10263,12,(학사)SW-임베디드 | (학사)SW-지상국 | (학사)SW-궤도역학 | (학사)SW-신뢰성 시험 | (학사)HW-추진 | (학사)HW-전자 | (학사)HW-전력 | (학사)HW-구조 | (학사)HW-임베디드 | (석/박사)SW-비행제어 | (석/박사)HW-RF | (석/박사)관리직-품질,https://daoift3qrrnil.cloudfront.net/company_groups/images/000/003/926/webp/%EC%B5%9C%EC%A2%85CI_%EC%9A%A9%EB%9F%89_%EC%A4%84%EC%9D%B8%EB%B2%84%EC%A0%84.webp?1684486451,1,https://daoift3qrrnil.cloudfront.net/content_images/images/000/365/807/webp/image.webp?1787792289,,2026-08-27T09:58:12.000+09:00,2026-08-27T09:58:50.000+09:00,2026-08-31
105856,https://jasoseol.com/recruit/105856,어플라이드 머티어리얼즈 코리아,신입 채용,big_business,https://appliedkorea.applyin.co.kr/jobs/,2026-08-27T09:00:00.000+09:00,2026-09-09T17:00:00.000+09:00,0,0,False,False,40722,1701,1914,721,3070,8739,5,AGS Account Sales- Semiconductor Service Business (반도체 서비스 영업) | Application Engineer (반도체 기술 솔루션 엔지니어) | Non-Technical Project/Program Management (FabVantage Team) (비즈니스 운영 지원) | Meso Vision Algorithm Developer (반도체 계측장비 알고리즘 개발자) | Metrology Algorithm Developer (반도체 계측장비 알고리즘 개발자),https://daoift3qrrnil.cloudfront.net/company_groups/images/000/003/070/webp/jss_hashed_9574abdda62ba6b8da29_20251231T110950_APPLIED_Impact_Logo_blue.webp?1767146991,1,https://daoift3qrrnil.cloudfront.net/content_images/images/000/365/822/webp/image.webp?1787793364,,2026-08-27T10:16:10.000+09:00,2026-08-27T10:30:02.000+09:00,2026-08-31
105857,https://jasoseol.com/recruit/105857,LG생활건강,2026년 하반기 신입사원 채용,big_business,https://careers.lg.com/apply,2026-08-31T10:00:00.000+09:00,2026-09-13T23:00:00.000+09:00,0,0,False,False,2429,355,101,0,21,3912,6,뷰티마케팅 | 국내영업 | 해외영업(동남아&EMEA) | 회계/세무 | 생산관리 | 물류관리,https://daoift3qrrnil.cloudfront.net/company_groups/images/000/000/021/webp/2560px-LG_Household___Health_Care_logo_%28korean%29.svg.webp?1698989473,1,https://daoift3qrrnil.cloudfront.net/content_images/images/000/365/823/webp/image.webp?1787793395,,2026-08-27T10:16:53.000+09:00,2026-08-31T10:00:09.000+09:00,2026-08-31
105868,https://jasoseol.com/recruit/105868,다우기술,경력·신입 대규모 인재영입,big_business,https://blog.naver.com/daoustory/224389835245,2026-08-31T00:00:00.000+09:00,2026-09-10T18:00:00.000+09:00,0,0,False,False,12575,858,464,10,730,4621,30,AI 개발 | Web Application PM/PL | 메일 시스템 서버 개발 | 증권 퇴직연금 시스템 개발 | HTS 채널 개발 | MTS 채널 개발 | AI 보안 엔지니어 | 정보보호관리 | 금융 데이터 아키텍트 (DA) | 증권 품질 관리 | 전략 기획 | 커머스 플랫폼 사업 개발 | 커머스 플랫폼 서비스 운영 | 커머스 플랫폼 서비스 마케팅 | 커머스 개인화 마케팅 솔루션 CRM 마케팅 | 커머스 플랫폼 서비스 영업 | 커머스 물류 솔루션 영업 | Biz Application HR 서비스 영업 | 데이터센터 기계설비 담당 | 데이터센터 사업관리 및 전기설비 담당 | 법무 관리 | 세무 관리 | IT 구매 및 자산 관리 | 금융/증권 IT 개발 | AI 개발 | 데이터센터 네트워크 엔지니어 | 데이터센터 시스템 엔지니어 | 데이터센터 개발 및 영업 | 법무 관리 | 부동산 관리,https://daoift3qrrnil.cloudfront.net/company_groups/images/000/000/730/webp/CI_Manual_01.webp?1684485251,1,https://daoift3qrrnil.cloudfront.net/content_images/images/000/365/932/webp/image.webp?1787806566,,2026-08-27T13:56:18.000+09:00,2026-08-28T08:55:56.000+09:00,2026-08-31
105871,https://jasoseol.com/recruit/105871,우리은행,2026년 하반기 신입행원 채용,big_business,https://jrs.jobkorea.co.kr/wooribank,2026-08-27T15:00:00.000+09:00,2026-09-08T14:00:00.000+09:00,0,0,False,False,25963,3042,1396,1643,1,3892,11,기업금융 | 개인금융 | 우리 투게더 | IT개발 | 정보보호 | 변호사 | 회계사 | 세무사 | 통역 전문가 | 글로벌 | 보훈 (사무지원직군),https://daoift3qrrnil.cloudfront.net/company_groups/images/000/000/001/webp/img_%281%29.webp?1698989125,6,https://daoift3qrrnil.cloudfront.net/content_images/images/000/365/952/webp/1-1.%EA%B8%B0%EC%97%85%EA%B8%88%EC%9C%B5_%EA%B0%9C%EC%9D%B8%EA%B8%88%EC%9C%B5_%EB%B6%80%EB%AC%B8.webp?1787808933 | https://daoift3qrrnil.cloudfront.net/content_images/images/000/365/953/webp/1-2.%EC%9A%B0%EB%A6%AC_%ED%88%AC%EA%B2%8C%EB%8D%94_%EB%B6%80%EB%AC%B8.webp?1787808949 | https://daoift3qrrnil.cloudfront.net/content_images/images/000/365/954/webp/1-3.TECH_%EB%B6%80%EB%AC%B8.webp?1787808960 | https://daoift3qrrnil.cloudfront.net/content_images/images/000/365/956/webp/2-1.%EC%A0%84%EB%AC%B8_%EB%B6%80%EB%AC%B8_%ED%8A%B9%EB%B3%84%EC%B1%84%EC%9A%A9.webp?1787808977 | https://daoift3qrrnil.cloudfront.net/content_images/images/000/365/957/webp/2-2.%EA%B8%80%EB%A1%9C%EB%B2%8C_%EB%B6%80%EB%AC%B8.webp?1787808990 | https://daoift3qrrnil.cloudfront.net/content_images/images/000/365/958/webp/3.%EB%B3%B4%ED%9B%88_%ED%8A%B9%EB%B3%84%EC%B1%84%EC%9A%A9.webp?1787809002,,2026-08-27T14:14:14.000+09:00,2026-08-27T15:00:00.000+09:00,2026-08-31
105878,https://jasoseol.com/recruit/105878,LG에너지솔루션,2026년 하반기(9월) 신입사원 수시채용,big_business,https://careers.lg.com/apply/detail?id=1002075,2026-08-27T12:00:00.000+09:00,2026-09-10T23:00:00.000+09:00,0,0,False,False,48540,2903,3348,808,11672,15474,55,"자동차전지사업부 Cell개발(각형전지) | 자동차전지사업부 Cell개발(각형전지)_부품 | 자동차전지사업부 Cell개발(각형전지)_시뮬레이션/모델링 | 자동차전지사업부 Cell개발 | 자동차전지사업부 Pack개발 | 자동차전지사업부 Pack용접설계 | 자동차전지사업부 영업마케팅 | 소형전지사업부 원통형Cell개발 | 소형전지사업부 원통형Pack개발 | 소형전지사업부 선행공정기술_생산운영 | 소형전지사업부 마케팅 | ESS전지사업부 BMS HW개발 | ESS전지사업부 BMS SW개발 | ESS전지사업부 Cell개발 | ESS전지사업부 Pack개발 | ESS전지사업부 System개발 | CPO 생산운영(Cell) | CPO 설비관리(Cell) | CPO 설비관리(전극) | CPO 생산운영(전극) | 생산기술혁신센터 검사기술(전극) | 생산기술혁신센터 공정기술(전극) | 생산기술혁신센터 설비기술(전극) | 생산기술혁신센터 검사기술(원통형) | 생산기술혁신센터 공정기술(원통형) | 생산기술혁신센터 설비기술(원통형) | 생산기술혁신센터 요소기술(원통형DE) | 생산기술혁신센터 원통형DX | 생산기술혁신센터 제품기술(원통형) | 생산기술혁신센터 공정기술(Pack) | 생산기술혁신센터 설비기술(Pack, 제어) | 생산기술혁신센터 제조지능화(디지털트윈) | 생산기술혁신센터 제조지능화(로봇) | 생산기술혁신센터 제조지능화(원격) | 생산기술혁신센터 공무/생산인프라(에너지) | 생산기술혁신센터 설비기술(FA) | CTO Cell기반기술 | CTO 선행공정기술 | CTO 소재개발AX | CTO 소재기술 | CTO 양극재기술 | CTO AI진단솔루션개발 | CTO BMS_HW개발 | CTO BMS_SOX 알고리즘 설계 | CTO BMS_SW개발 | CTO Data Engineering | CTO Pack선행개발 | CTO 구조 시뮬레이션 | CTO 열유동 시뮬레이션(안전성) | CTO 열유동 시뮬레이션(전지) | CTO 진단기술개발 | CTO 전장부품설계 | CTO 차세대전지 개발(소듐이온전지) | CTO 차세대전지 생산운영 | CTO 특허 분석/개발/관리",https://daoift3qrrnil.cloudfront.net/company_groups/images/000/011/672/webp/LG%EC%97%90%EB%84%88%EC%A7%80%EC%86%94%EB%A3%A8%EC%85%98_CI-01.webp?1684488078,1,https://daoift3qrrnil.cloudfront.net/content_images/images/000/365/983/webp/image.webp?1787813549,,2026-08-27T15:52:46.000+09:00,2026-08-27T15:53:42.000+09:00,2026-08-31
105879,https://jasoseol.com/recruit/105879,롯데백화점,신입사원 채용 [일반전형],big_business,https://bit.ly/46jLqLV,2026-08-28T10:00:00.000+09:00,2026-09-10T18:00:00.000+09:00,0,0,False,False,28767,1723,589,623,15270,19605,1,영업점 통합직무,https://daoift3qrrnil.cloudfront.net/company_groups/images/000/015/270/webp/%EB%8B%A4%EC%9A%B4%EB%A1%9C%EB%93%9C_%2810%29.webp?1703120214,1,https://daoift3qrrnil.cloudfront.net/content_images/images/000/365/984/webp/image.webp?1787813676,,2026-08-27T15:54:40.000+09:00,2026-08-28T10:00:02.000+09:00,2026-08-31
105898,https://jasoseol.com/recruit/105898,현대모비스,2026년 하반기 신입 채용,big_business,https://careers.mobis.com/index,2026-08-28T15:00:00.000+09:00,2026-09-10T11:00:00.000+09:00,0,0,False,False,36073,4535,3809,1720,27,3918,80,전동화/모듈BU_HW_구동모터 설계 | 전동화/모듈BU_HW_배터리 안전기술 개발 | 전동화/모듈BU_HW_전력변환시스템 개발 | 전동화/모듈BU_HW_샤시/PE모듈설계 | 전동화/모듈BU_HW_칵핏모듈 설계 | 전동화/모듈BU_SW/로직_전동화 BSW 및 CDD 개발 | 전동화/모듈BU_SW/로직_EV/HEV용 컨버터 SW 개발 | 전동화/모듈BU_SW/로직_컨버터 제어개발 | 전동화/모듈BU_HW_인휠모터 기구설계 | 전동화/모듈BU_공통R&D_BSA 시작개발 | 전동화/모듈BU_공통R&D_감속기 시작개발 | 전동화/모듈BU_공통R&D_글로벌 BOM 운영 | 전동화/모듈BU_공통R&D_칵핏모듈 선행개발 | 전동화/모듈BU_공통R&D_모듈제품 시작검증 | 전동화/모듈BU_기획_사업전략기획 | 전동화/모듈BU_생산_생산물류 관리 | 전동화/모듈BU_생산_해외법인 운영지원 | 전동화/모듈BU_영업/마케팅_칵핏모듈 영업 | 전동화/모듈BU_영업/마케팅_PE시스템 영업 | 전동화/모듈BU_영업/마케팅_배터리시스템 영업 | 전동화/모듈BU_재경_R&D원가계산/관리 | 전동화/모듈BU_재경_사전원가 | 전동화/모듈BU_품질_모듈 품질관리 | 전동화/모듈BU_품질_구동모터 품질관리 | 전장BU_HW_디스플레이 개발 | 전장BU_HW_제어기 회로 설계/개발 | 전장BU_SW/로직_무빙디스플레이 모터제어 개발 | 전장BU_SW/로직_자율주행 통합제어기 개발 | 전장BU_SW/로직_온디바이스 AI SW개발 | 전장BU_SW/로직_영상 인식/인지 로직설계 | 전장BU_SW/로직_텔레서비스 SW설계 | 전장BU_SW/로직_시뮬레이션 개발 및 SW/시스템 검증 | 전장BU_SW/로직_SW Framework 개발 | 전장BU_SW/로직_AI Agent 개발 | 전장BU_SW/로직_AI 애플리케이션 개발 | 전장BU_공통R&D_R&D 운영기획 | 전장BU_영업/마케팅_자율주행 영업 | 전장BU_재경_전장제품 손익/원가관리 | 샤시안전BU_HW_에어백 모듈/기구 설계 | 샤시안전BU_생산_사업운영 관리 | 샤시안전BU_재경_원가/경영실적 관리 | 서비스부품BU_영업/마케팅_국내고객 VOC관리 | 서비스부품BU_영업/마케팅_사업장 영업관리 | 서비스부품BU_재경_사업 성과관리 | 반도체사업담당_공통R&D_반도체 검증 | 반도체사업담당_공통R&D_전력반도체 소자 평가 | 반도체사업담당_품질_반도체/파워모듈 품질관리 | FTCI_HW_선행 HW/시스템 설계 | FTCI_공통R&D_R&D 전략 | FTCI_영업/마케팅_PRM 수립 및 상품기획 | 구매담당_구매/구매개발_전기구동부품 구매 | 구매담당_구매/구매개발_자율주행부품 구매 | 구매담당_구매/구매개발_서비스부품 구매원가 | 구매담당_구매/구매개발_샤시모듈부품 개발 | 품질담당_품질_품질시스템 진단/평가 | 품질담당_품질_전장품 품질보증 | 품질담당_품질_로보틱스 개발품질 | 품질담당_품질_전장품 신차품질 | 품질담당_품질_제동부품 신차품질 | 품질담당_품질_전기구동 신차품질 | 품질담당_품질_에어백시스템 품질보증 | 생산개발담당_생산기술_안전부품 생산기술 | 생산개발담당_생산기술_자율주행부품 생산기술 | 생산개발담당_생산기술_배터리시스템 생산기술 | 생산개발담당_생산기술_PE시스템 생산기술 | 생산개발담당_생산기술_조향부품 생산기술 | 기획담당_기획_사업관리 | 기획담당_기획_투자관리 | 기획담당_기획_경영혁신 | 기획담당_기획_사업개발/전략투자 | 기획담당_지원_언론홍보/광고 | 재경담당_재경_경영관리 | 재경담당_재경_원가기획 | 경영지원담당_지원_MES 기획/관리 | 경영지원담당_지원_정보보호/보안관리 | 경영지원담당_지원_총무 기획/운영 | 안전보건담당_지원_안전보건 관리 | 법무담당_법무_브랜드보호 | 법무담당_법무_국내법무(변호사) | 법무담당_법무_국제법무(변호사),https://daoift3qrrnil.cloudfront.net/company_groups/images/000/000/027/webp/img_%285%29.webp?1698989843,1,https://daoift3qrrnil.cloudfront.net/content_images/images/000/366/254/webp/%E1%84%92%E1%85%A7%E1%86%AB%E1%84%83%E1%85%A2%E1%84%86%E1%85%A9%E1%84%87%E1%85%B5%E1%84%89%E1%85%B3_26%E1%84%82%E1%85%A7%E1%86%AB_%E1%84%92%E1%85%A1%E1%84%87%E1%85%A1%E1%86%AB%E1%84%80%E1%85%B5_%E1%84%87%E1%85%A1%E1%86%A8%E1%84%85%E1%85%A1%E1%86%B7%E1%84%92%E1%85%AC_%E1%84%8B%E1%85%B0%E1%86%B8%E1%84%91%E1%85%B3%E1%86%AF%E1%84%85%E1%85%A1%E1%84%8B%E1%85%B5%E1%84%8B%E1%85%A5_1.2.webp?1787902178,,2026-08-28T14:16:41.000+09:00,2026-08-28T15:00:09.000+09:00,2026-08-31
105899,https://jasoseol.com/recruit/105899,현대엔지니어링,2026년 신입사원 채용,big_business,https://hec.recruiter.co.kr/career/jobs/123862,2026-08-28T00:00:00.000+09:00,2026-09-09T23:59:00.000+09:00,0,0,False,False,31075,2375,1681,892,1377,5268,20,공사관리_건축 | 공사관리_전기 | 공사관리_설비(기계) | 공사관리_토목 | 공사관리_조경 | 영업_플랜트영업 | 영업_건축영업(해외) | 설계_건축 | 설계_에너지프로세스 | 설계_원자력 | 설계_전기 | 자산관리_기술지원 | 자산관리_사업관리 | 안전_안전관리 | 품질_품질관리 | 구매_외주관리 | 재경_재무/회계관리 | 전략기획_경영기획(브랜드마케팅) | 전략기획_홍보 | 경영지원_인사관리,https://daoift3qrrnil.cloudfront.net/company_groups/images/000/001/377/webp/img.webp?1691998138,1,https://daoift3qrrnil.cloudfront.net/content_images/images/000/366/183/webp/image.webp?1787894621,,2026-08-28T14:23:47.000+09:00,2026-08-28T15:35:20.000+09:00,2026-08-31
105902,https://jasoseol.com/recruit/105902,현대엘리베이터,2026년 하반기 연구장학생 모집,big_business,https://connect-elevator.com/?utm_source=jasoseol&utm_medium=ad&utm_campaign=26fw,2026-08-31T00:00:00.000+09:00,2026-09-30T23:59:00.000+09:00,0,0,False,False,5710,111,61,9,1963,5854,7,모터전자기개발 | 안전부품개발 | NVH시스템개발 | 전력변환장치 및 전동기 개발 | 제어시스템개발 | 군관리시스템개발 | 데이터/AI개발,https://daoift3qrrnil.cloudfront.net/company_groups/images/000/001/963/webp/2cb463fb78222ea7be096ee66e1674a0100220.webp?1684485675,1,https://daoift3qrrnil.cloudfront.net/content_images/images/000/366/283/webp/26%E1%84%92%E1%85%A1_08_%E1%84%92%E1%85%A7%E1%86%AB%E1%84%83%E1%85%A2%E1%84%8B%E1%85%A6%E1%86%AF%E1%84%85%E1%85%B5%E1%84%87%E1%85%A6%E1%84%8B%E1%85%B5%E1%84%90%E1%85%A5_%E1%84%8B%E1%85%B0%E1%86%B8%E1%84%91%E1%85%B3%E1%86%AF%E1%84%85%E1%85%A1%E1%84%8B%E1%85%B5%E1%84%8B%E1%85%A5.webp?1787905734,,2026-08-28T15:37:53.000+09:00,2026-08-31T00:00:20.000+09:00,2026-08-31
105903,https://jasoseol.com/recruit/105903,LS그룹,신입/경력 수시 채용,big_business,https://litt.ly/ls_careers,2026-08-31T00:00:00.000+09:00,2026-09-13T23:59:00.000+09:00,0,0,False,False,7540,570,246,50,14058,17465,30,[LS전선]R&D(전기/전자) | [LS전선]R&D(기계) | [LS전선]R&D(절연재료/신뢰성) | [LS전선]R&D(금속/복합재료) | [LS MnM]설비엔지니어(토건) | [LS MnM]홍보/총무 | [LS MnM]구매 | [LS MnM]사업전략 | [LS MnM]인사 | [LS Mtron]생산관리 | [LS Mtron]제품개발설계 | [LS Mtron]연구개발(신뢰성 시험) | [LS Mtron]연구개발(트랙터자율주행 시스템 개발) | [LS Mtron]연구개발(계측/검사시스템 개발) | [LS Mtron]영업(트랙터국내영업) | [LS Mtron]영업(사출기국내영업) | [LS Mtron]영업(사출기국내영업-계약직) | [LS Mtron]해외영업(트랙터해외영업) | [LS Mtron]해외영업(트랙터엔진영업) | [LS Mtron]생산기술 | [LS Mtron]제품개발설계(트랙터외장설계) | [LS Mtron]제품개발설계(정밀 커넥터 사출 금형 개발) | [LS Mtron]제품개발설계(현수장치설계) | [LS Mtron]품질보증(트랙터부품 품질보증) | [LS Mtron]품질보증(방산품질관리) | [LS Mtron]사업기획 | [LS Mtron]재무회계 | [LS Mtron]HRD | [LS Mtron]IT(AI기획 및 내부개발) | [LS Mtron]IT(글로벌서비스기획),https://daoift3qrrnil.cloudfront.net/company_groups/images/000/014/058/webp/LS_group_CI.webp?1684488624,1,https://daoift3qrrnil.cloudfront.net/content_images/images/000/366/233/webp/image.webp?1787900117,,2026-08-28T15:55:38.000+09:00,2026-08-31T00:00:20.000+09:00,2026-08-31
105911,https://jasoseol.com/recruit/105911,LG CNS,2026 하반기 신입사원 채용,big_business,https://careers-lgcns2026.com/,2026-08-31T00:00:00.000+09:00,2026-09-14T23:59:00.000+09:00,0,0,False,False,5369,516,385,100,57,3948,9,AI(AX) | Robotics(RX) | Consulting | DX Engineer | Cloud Application Modernization | Architect | ERP | Smart Factory | Convergence Engineer (설비/인프라),https://daoift3qrrnil.cloudfront.net/company_groups/images/000/000/057/webp/LG-CNS.webp?1698992433,1,https://daoift3qrrnil.cloudfront.net/content_images/images/000/366/338/webp/image.webp?1788134284,,2026-08-31T08:58:13.000+09:00,2026-08-31T09:02:28.000+09:00,2026-08-31
105912,https://jasoseol.com/recruit/105912,LG디스플레이,2026 하반기 신입사원/LGenius Master 채용,big_business,https://lgd-recruit.com/,2026-08-31T00:00:00.000+09:00,2026-09-16T17:00:00.000+09:00,0,0,False,False,3992,511,325,0,62,3953,11,Panel 설계 | 회로 | 기구 | 광학 | B2B영업 | 경영관리 | HR | LGenius Master - Panel 설계 | LGenius Master - 회로 | LGenius Master - 기구 | LGenius Master - 광학,https://daoift3qrrnil.cloudfront.net/company_groups/images/000/000/062/webp/lg_%EB%94%94%EC%8A%A4%ED%94%8C%EB%A0%88%EC%9D%B4_%EB%A1%9C%EA%B3%A0.webp?1698992629,1,https://daoift3qrrnil.cloudfront.net/content_images/images/000/366/344/webp/image.webp?1788134965,,2026-08-31T09:09:45.000+09:00,2026-08-31T09:17:15.000+09:00,2026-08-31
