posting_id,company,posting_title,end_time,employment_id,field,division,resume_count,employment_resume,duty_group_ids
99513,SGI서울보증,2026년 신입사원(4급) 채용,2025-09-04T17:00:00.000+09:00,398621,금융일반_경영,1,1042,True,"109,111,113,103"
99513,SGI서울보증,2026년 신입사원(4급) 채용,2025-09-04T17:00:00.000+09:00,398622,금융일반_경제,1,470,True,"109,111,113,103"
99513,SGI서울보증,2026년 신입사원(4급) 채용,2025-09-04T17:00:00.000+09:00,398623,금융일반_법학,1,81,True,255
99513,SGI서울보증,2026년 신입사원(4급) 채용,2025-09-04T17:00:00.000+09:00,398624,금융일반_통계,1,137,True,253
99513,SGI서울보증,2026년 신입사원(4급) 채용,2025-09-04T17:00:00.000+09:00,398625,전산,1,419,True,"164,165,166"
99513,SGI서울보증,2026년 신입사원(4급) 채용,2025-09-04T17:00:00.000+09:00,398626,전문자격_공인회계사·변호사·보험계리사,1,48,True,"212,255,256"
99513,SGI서울보증,2026년 신입사원(4급) 채용,2025-09-04T17:00:00.000+09:00,398627,지방인재_경영·경제·법학(택1),1,163,True,"109,111,103"
99513,SGI서울보증,2026년 신입사원(4급) 채용,2025-09-04T17:00:00.000+09:00,398628,취업지원_경영·경제·통계·법학·전산(택1),1,18,True,"109,111,113,108,103"
99557,GS네오텍,2025년 하반기 경력.신입사원 채용,2025-09-07T23:59:00.000+09:00,398747,[Contact Center] AI 컨택센터 기술제안/컨설팅,2,7,True,167
99557,GS네오텍,2025년 하반기 경력.신입사원 채용,2025-09-07T23:59:00.000+09:00,398748,[Contact Center] 컨택센터 Project Manager,2,5,True,171
99557,GS네오텍,2025년 하반기 경력.신입사원 채용,2025-09-07T23:59:00.000+09:00,398749,[Contact Center] 모바일 통화관리 시스템 개발,2,7,True,"164,165"
99557,GS네오텍,2025년 하반기 경력.신입사원 채용,2025-09-07T23:59:00.000+09:00,398750,[Cloud] Datadog Engineer,2,12,True,"164,165,170"
99557,GS네오텍,2025년 하반기 경력.신입사원 채용,2025-09-07T23:59:00.000+09:00,398751,[Cloud] Solutions Architect,2,12,True,170
99557,GS네오텍,2025년 하반기 경력.신입사원 채용,2025-09-07T23:59:00.000+09:00,398752,[Cloud] AI Research Engineer,2,32,True,167
99557,GS네오텍,2025년 하반기 경력.신입사원 채용,2025-09-07T23:59:00.000+09:00,398753,[IT개발] 플랫폼,2,65,True,166
99557,GS네오텍,2025년 하반기 경력.신입사원 채용,2025-09-07T23:59:00.000+09:00,398754,[IT개발] 솔루션,2,31,True,170
99557,GS네오텍,2025년 하반기 경력.신입사원 채용,2025-09-07T23:59:00.000+09:00,398853,[경영지원] 경영정보(사내IT인프라),2,16,True,"166,169,170"
99557,GS네오텍,2025년 하반기 경력.신입사원 채용,2025-09-07T23:59:00.000+09:00,398755,[Cloud] Datadog Engineer,1,57,True,"164,165,170"
99557,GS네오텍,2025년 하반기 경력.신입사원 채용,2025-09-07T23:59:00.000+09:00,398756,[Cloud] Solutions Architect,1,135,True,170
99557,GS네오텍,2025년 하반기 경력.신입사원 채용,2025-09-07T23:59:00.000+09:00,398757,[Cloud] AI Research Engineer,1,139,True,167
99557,GS네오텍,2025년 하반기 경력.신입사원 채용,2025-09-07T23:59:00.000+09:00,398758,[IT개발] 플랫폼,1,524,True,166
99557,GS네오텍,2025년 하반기 경력.신입사원 채용,2025-09-07T23:59:00.000+09:00,398759,[IT개발] 솔루션,1,204,True,170
99571,LX인터내셔널,2025년 하반기 신입사원 채용 (채용연계형 인턴십),2025-09-21T23:00:00.000+09:00,398778,해외영업,1,784,True,"154,155,156,157,196,197,146,147"
99571,LX인터내셔널,2025년 하반기 신입사원 채용 (채용연계형 인턴십),2025-09-21T23:00:00.000+09:00,398779,자원 개발,1,154,True,"187,206,208,230,231,183,217"
99571,LX인터내셔널,2025년 하반기 신입사원 채용 (채용연계형 인턴십),2025-09-21T23:00:00.000+09:00,398780,인프라 / 에너지 사업,1,339,True,"205,208,227,230,231,216,217"
99571,LX인터내셔널,2025년 하반기 신입사원 채용 (채용연계형 인턴십),2025-09-21T23:00:00.000+09:00,398781,재경,1,274,True,"122,123,126,106,105"
99574,KT sat,2025 하반기 신입사원 공개채용,2025-09-07T23:59:00.000+09:00,398785,위성통신 서비스기획,1,286,True,171
99574,KT sat,2025 하반기 신입사원 공개채용,2025-09-07T23:59:00.000+09:00,398786,사업 제안/수행,1,234,True,"110,112,103"
99574,KT sat,2025 하반기 신입사원 공개채용,2025-09-07T23:59:00.000+09:00,398787,위성운영,1,204,True,224
99590,HJ중공업,2025년 신입사원 공개채용,2025-09-05T23:59:00.000+09:00,398858,건축,1,264,True,207
99590,HJ중공업,2025년 신입사원 공개채용,2025-09-05T23:59:00.000+09:00,398859,토목,1,109,True,206
99590,HJ중공업,2025년 신입사원 공개채용,2025-09-05T23:59:00.000+09:00,398860,기계,1,341,True,205
99590,HJ중공업,2025년 신입사원 공개채용,2025-09-05T23:59:00.000+09:00,398861,전기,1,182,True,204
99590,HJ중공업,2025년 신입사원 공개채용,2025-09-05T23:59:00.000+09:00,398862,안전,1,197,True,"191,184"
99590,HJ중공업,2025년 신입사원 공개채용,2025-09-05T23:59:00.000+09:00,398863,전산,1,144,True,204
99590,HJ중공업,2025년 신입사원 공개채용,2025-09-05T23:59:00.000+09:00,398864,행정_부동산,1,135,True,209
99590,HJ중공업,2025년 신입사원 공개채용,2025-09-05T23:59:00.000+09:00,398865,행정_재무,1,327,True,"122,105"
99590,HJ중공업,2025년 신입사원 공개채용,2025-09-05T23:59:00.000+09:00,398866,행정_법무,1,65,True,108
99590,HJ중공업,2025년 신입사원 공개채용,2025-09-05T23:59:00.000+09:00,398867,행정_홍보,1,266,True,"142,133"
99590,HJ중공업,2025년 신입사원 공개채용,2025-09-05T23:59:00.000+09:00,398868,행정_노무,1,61,True,"116,104"
99590,HJ중공업,2025년 신입사원 공개채용,2025-09-05T23:59:00.000+09:00,398869,행정_일반행정,1,391,True,"127,128,107"
99601,현대로템,2025 신입사원 집중 채용,2025-09-07T23:59:00.000+09:00,398899,디펜스솔루션(DS글로벌사업1실)_사업관리,1,369,True,"110,112,103"
99601,현대로템,2025 신입사원 집중 채용,2025-09-07T23:59:00.000+09:00,398900,디펜스솔루션(체계공학실)_R&D기획/운영 (기술홍보/자원),1,190,True,"226,216"
99601,현대로템,2025 신입사원 집중 채용,2025-09-07T23:59:00.000+09:00,398901,디펜스솔루션(체계공학실)_체계시험평가,1,215,True,"227,216"
99601,현대로템,2025 신입사원 집중 채용,2025-09-07T23:59:00.000+09:00,398902,디펜스솔루션(체계공학실)_체계시험평가_전자파,1,120,True,"226,216"
99601,현대로템,2025 신입사원 집중 채용,2025-09-07T23:59:00.000+09:00,398903,디펜스솔루션(체계공학실)_EMC,1,98,True,167
99601,현대로템,2025 신입사원 집중 채용,2025-09-07T23:59:00.000+09:00,398904,디펜스솔루션(체계공학실)_RAM,1,211,True,"226,216"
99601,현대로템,2025 신입사원 집중 채용,2025-09-07T23:59:00.000+09:00,398905,디펜스솔루션(미래기술연구센터)_AI Engineer,1,257,True,"226,216"
99601,현대로템,2025 신입사원 집중 채용,2025-09-07T23:59:00.000+09:00,399054,디펜스솔루션(유무인복합체계실)_무인차량 완성차 설계 및 개발,1,364,True,"226,216"
99601,현대로템,2025 신입사원 집중 채용,2025-09-07T23:59:00.000+09:00,399055,디펜스솔루션(유무인복합체계실)_통신장치 개발,1,71,True,"226,216"
99601,현대로템,2025 신입사원 집중 채용,2025-09-07T23:59:00.000+09:00,399056,디펜스솔루션(유무인복합체계실)_응용SW 개발,1,134,True,"165,226,216"
99601,현대로템,2025 신입사원 집중 채용,2025-09-07T23:59:00.000+09:00,399057,디펜스솔루션(유무인복합체계실)_전장시스템 개발,1,79,True,"226,227,228,216"
99601,현대로템,2025 신입사원 집중 채용,2025-09-07T23:59:00.000+09:00,399058,디펜스솔루션(유무인복합체계실)_BSA 개발,1,39,True,"226,227,228,216"
99601,현대로템,2025 신입사원 집중 채용,2025-09-07T23:59:00.000+09:00,399059,디펜스솔루션(항공우주개발센터)_덕티드 램제트 엔진 개발,1,80,True,224
99601,현대로템,2025 신입사원 집중 채용,2025-09-07T23:59:00.000+09:00,399060,디펜스솔루션(기동체계개발실)_체계배치설계,1,265,True,"226,227,228,216"
99601,현대로템,2025 신입사원 집중 채용,2025-09-07T23:59:00.000+09:00,398906,레일솔루션(유럽/아중동권역사업실)_해외영업_유럽,1,268,True,"154,146"
99601,현대로템,2025 신입사원 집중 채용,2025-09-07T23:59:00.000+09:00,398907,레일솔루션(미주권역실)_해외영업_북/남미,1,250,True,"154,146"
99601,현대로템,2025 신입사원 집중 채용,2025-09-07T23:59:00.000+09:00,398908,레일솔루션(아태권역사업실)_해외영업_북아프리카,1,169,True,"154,146"
99601,현대로템,2025 신입사원 집중 채용,2025-09-07T23:59:00.000+09:00,398909,레일솔루션(아태권역사업실)_PM (Project Management),1,247,True,"110,112,103"
99601,현대로템,2025 신입사원 집중 채용,2025-09-07T23:59:00.000+09:00,398910,레일솔루션(RS사업기획실)_원가관리,1,170,True,"122,106,105"
99601,현대로템,2025 신입사원 집중 채용,2025-09-07T23:59:00.000+09:00,398911,레일솔루션(플랫폼개발실)_교육 관리,1,151,True,"117,104"
99601,현대로템,2025 신입사원 집중 채용,2025-09-07T23:59:00.000+09:00,398912,레일솔루션(완성차개발실)_차체설계,1,300,True,219
99601,현대로템,2025 신입사원 집중 채용,2025-09-07T23:59:00.000+09:00,398913,레일솔루션(완성차개발실)_의장설계,1,235,True,219
99601,현대로템,2025 신입사원 집중 채용,2025-09-07T23:59:00.000+09:00,398914,레일솔루션(완성차개발실)_기계설계,1,286,True,219
99601,현대로템,2025 신입사원 집중 채용,2025-09-07T23:59:00.000+09:00,398915,레일솔루션(핵심기술개발실)_구조해석/시험,1,134,True,220
99601,현대로템,2025 신입사원 집중 채용,2025-09-07T23:59:00.000+09:00,398916,레일솔루션(핵심기술개발실)_주행장치설계/동특성 해석,1,56,True,"164,165"
99601,현대로템,2025 신입사원 집중 채용,2025-09-07T23:59:00.000+09:00,398917,레일솔루션(신호통신연구실)_시스템 개발,1,106,True,220
99601,현대로템,2025 신입사원 집중 채용,2025-09-07T23:59:00.000+09:00,398918,레일솔루션(신호통신연구실)_열차제어시스템 개발,1,194,True,220
99601,현대로템,2025 신입사원 집중 채용,2025-09-07T23:59:00.000+09:00,398919,레일솔루션(신호통신연구실)_열차제어시스템 설계,1,134,True,220
99601,현대로템,2025 신입사원 집중 채용,2025-09-07T23:59:00.000+09:00,398920,레일솔루션(전장시스템개발센터)_추진시스템 개발,1,138,True,167
99601,현대로템,2025 신입사원 집중 채용,2025-09-07T23:59:00.000+09:00,398921,레일솔루션(연구소 직속)_AI 알고리즘 개발,1,76,True,"226,216"
99601,현대로템,2025 신입사원 집중 채용,2025-09-07T23:59:00.000+09:00,398922,에코플랜트-스마트물류사업실_차량제어 개발,1,160,True,"226,216"
99601,현대로템,2025 신입사원 집중 채용,2025-09-07T23:59:00.000+09:00,398925,재경-경영관리실_경영분석,1,338,True,"113,103"
99601,현대로템,2025 신입사원 집중 채용,2025-09-07T23:59:00.000+09:00,398926,재경-경영관리실_해외지사관리,1,216,True,"122,105"
99601,현대로템,2025 신입사원 집중 채용,2025-09-07T23:59:00.000+09:00,398927,재경-경영관리실_원가관리,1,204,True,"122,106,105"
99601,현대로템,2025 신입사원 집중 채용,2025-09-07T23:59:00.000+09:00,398928,재경-원가기획실_원가기획,1,146,True,"122,106,105"
99601,현대로템,2025 신입사원 집중 채용,2025-09-07T23:59:00.000+09:00,398933,경영지원-안전경영지원실_인프라기획(건축),1,108,True,"164,165,170"
99601,현대로템,2025 신입사원 집중 채용,2025-09-07T23:59:00.000+09:00,398934,경영지원-ICT추진실_네트워크 기획/운영,1,198,True,166
99601,현대로템,2025 신입사원 집중 채용,2025-09-07T23:59:00.000+09:00,399061,경영지원-인사실_인사관리,1,637,True,"115,104"
99601,현대로템,2025 신입사원 집중 채용,2025-09-07T23:59:00.000+09:00,398923,생산기술-방산생산기술실_IPS요소개발(지상무기체계),1,462,True,"187,183"
99601,현대로템,2025 신입사원 집중 채용,2025-09-07T23:59:00.000+09:00,398924,품질-철차CS실_본선 시운전,1,363,True,"189,183"
99601,현대로템,2025 신입사원 집중 채용,2025-09-07T23:59:00.000+09:00,400064,DS사업-DS국내사업실_전차 체계개발PM,1,83,True,"227,228,220,216"
99601,현대로템,2025 신입사원 집중 채용,2025-09-07T23:59:00.000+09:00,400065,DS사업-DS원가센터_방산원가,1,52,True,"125,126,105"
99601,현대로템,2025 신입사원 집중 채용,2025-09-07T23:59:00.000+09:00,400066,구매-DS구매실_구매/자재조달,1,247,True,"157,158,147"
99601,현대로템,2025 신입사원 집중 채용,2025-09-07T23:59:00.000+09:00,400067,생산기술-방산생산기술실_생산기술(전기전자),1,360,True,"187,220,183"
99607,행복나래,"구매, IT, 법무 신입/경력 채용",2025-09-03T23:59:00.000+09:00,398957,구매,1,176,True,"157,147"
99607,행복나래,"구매, IT, 법무 신입/경력 채용",2025-09-03T23:59:00.000+09:00,398958,IT,1,267,True,"164,165,166"
99607,행복나래,"구매, IT, 법무 신입/경력 채용",2025-09-03T23:59:00.000+09:00,398959,법무,4,7,True,108
99613,BNK금융그룹,"2025년 신입행원 채용(부산은행, 경남은행)",2025-09-08T17:00:00.000+09:00,398969,경남은행_일반(지역전형),1,466,True,214
99613,BNK금융그룹,"2025년 신입행원 채용(부산은행, 경남은행)",2025-09-08T17:00:00.000+09:00,398970,경남은행_일반(비지역전형),1,410,True,214
99613,BNK금융그룹,"2025년 신입행원 채용(부산은행, 경남은행)",2025-09-08T17:00:00.000+09:00,398971,경남은행_D-IT(지역전형),1,134,True,214
99613,BNK금융그룹,"2025년 신입행원 채용(부산은행, 경남은행)",2025-09-08T17:00:00.000+09:00,398972,경남은행_D-IT(비지역전형),1,166,True,214
99613,BNK금융그룹,"2025년 신입행원 채용(부산은행, 경남은행)",2025-09-08T17:00:00.000+09:00,398973,부산은행_일반(지역전형),1,643,True,214
99613,BNK금융그룹,"2025년 신입행원 채용(부산은행, 경남은행)",2025-09-08T17:00:00.000+09:00,398974,부산은행_일반(비지역전형),1,660,True,214
99613,BNK금융그룹,"2025년 신입행원 채용(부산은행, 경남은행)",2025-09-08T17:00:00.000+09:00,398975,부산은행_D-IT(지역전형),1,198,True,214
99613,BNK금융그룹,"2025년 신입행원 채용(부산은행, 경남은행)",2025-09-08T17:00:00.000+09:00,398976,부산은행_D-IT(비지역전형),1,257,True,214
99613,BNK금융그룹,"2025년 신입행원 채용(부산은행, 경남은행)",2025-09-08T17:00:00.000+09:00,398977,부산은행_전문,1,19,True,214
99617,한국투자증권,FY2025 일반 공채(신입사원 5급),2025-10-01T17:00:00.000+09:00,399003,PB,1,641,True,211
99617,한국투자증권,FY2025 일반 공채(신입사원 5급),2025-10-01T17:00:00.000+09:00,399004,IB,1,231,True,211
99617,한국투자증권,FY2025 일반 공채(신입사원 5급),2025-10-01T17:00:00.000+09:00,399005,PF,1,198,True,211
99617,한국투자증권,FY2025 일반 공채(신입사원 5급),2025-10-01T17:00:00.000+09:00,399006,운용,1,94,True,211
99617,한국투자증권,FY2025 일반 공채(신입사원 5급),2025-10-01T17:00:00.000+09:00,399007,Wholesale_국내법인대상,1,88,True,211
99617,한국투자증권,FY2025 일반 공채(신입사원 5급),2025-10-01T17:00:00.000+09:00,399008,Wholesale_해외법인대상,1,42,True,211
99617,한국투자증권,FY2025 일반 공채(신입사원 5급),2025-10-01T17:00:00.000+09:00,399009,퇴직연금,1,179,True,211
99617,한국투자증권,FY2025 일반 공채(신입사원 5급),2025-10-01T17:00:00.000+09:00,399010,리서치,1,199,True,253
99617,한국투자증권,FY2025 일반 공채(신입사원 5급),2025-10-01T17:00:00.000+09:00,399011,경영관리,1,684,True,"109,111,103"
99617,한국투자증권,FY2025 일반 공채(신입사원 5급),2025-10-01T17:00:00.000+09:00,399012,글로벌,1,176,True,"110,112,255,103"
99617,한국투자증권,FY2025 일반 공채(신입사원 5급),2025-10-01T17:00:00.000+09:00,399013,리스크관리,1,165,True,255
99617,한국투자증권,FY2025 일반 공채(신입사원 5급),2025-10-01T17:00:00.000+09:00,399014,IT/Digital_개발/운영,1,1134,True,"175,176,177,178,164,165,166,162"
99617,한국투자증권,FY2025 일반 공채(신입사원 5급),2025-10-01T17:00:00.000+09:00,399015,IT/Digital_디지털/데이터,1,742,True,"179,180,181,182,171,163"
99634,한화손해보험,2025 하반기 서무직 채용,2025-09-01T15:00:00.000+09:00,399067,지점총무/고객센터 및 사무지원,1,200,True,"114,106,127,128,130,103,107"
99652,삼성에스원,2025년 하반기 3급 신입사원 채용 공고,2025-09-03T17:00:00.000+09:00,399134,영업마케팅,1,103,True,"137,138,195,197,132"
99652,삼성에스원,2025년 하반기 3급 신입사원 채용 공고,2025-09-03T17:00:00.000+09:00,399136,부동산임대관리 / 마케팅,1,102,True,"137,138,209,132"
99652,삼성에스원,2025년 하반기 3급 신입사원 채용 공고,2025-09-03T17:00:00.000+09:00,399137,빌딩시설관리(FM),1,95,True,"203,204,205"
99652,삼성에스원,2025년 하반기 3급 신입사원 채용 공고,2025-09-03T17:00:00.000+09:00,399138,SI기술,1,31,True,"166,188,183"
99652,삼성에스원,2025년 하반기 3급 신입사원 채용 공고,2025-09-03T17:00:00.000+09:00,399139,연구개발(SW),1,89,True,"167,170,222"
99652,삼성에스원,2025년 하반기 3급 신입사원 채용 공고,2025-09-03T17:00:00.000+09:00,399135,IT,1,148,True,"164,165,166,169,170,171"
99652,삼성에스원,2025년 하반기 3급 신입사원 채용 공고,2025-09-03T17:00:00.000+09:00,399140,경영지원,1,141,True,"110,122,106,137,103,105,132"
99653,한화오션,대규모 신입채용&채용전환형 인턴십,2025-09-30T14:00:00.000+09:00,400192,기본성능연구_성능최적화연구,1,102,True,224
99653,한화오션,대규모 신입채용&채용전환형 인턴십,2025-09-30T14:00:00.000+09:00,400193,기본성능연구_구조/진동소음연구,1,73,True,"227,216"
99653,한화오션,대규모 신입채용&채용전환형 인턴십,2025-09-30T14:00:00.000+09:00,400194,에너지솔루션연구_액화가스저장연구,1,113,True,"229,217"
99653,한화오션,대규모 신입채용&채용전환형 인턴십,2025-09-30T14:00:00.000+09:00,400195,스마트솔루션연구_스마트야드연구,1,93,True,220
99653,한화오션,대규모 신입채용&채용전환형 인턴십,2025-09-30T14:00:00.000+09:00,400196,스마트솔루션연구_제어지능화연구,1,124,True,"227,216"
99653,한화오션,대규모 신입채용&채용전환형 인턴십,2025-09-30T14:00:00.000+09:00,400197,제조혁신연구_생산자동화연구,1,112,True,"227,216"
99653,한화오션,대규모 신입채용&채용전환형 인턴십,2025-09-30T14:00:00.000+09:00,400198,제조혁신연구_용접기술연구,1,51,True,224
99653,한화오션,대규모 신입채용&채용전환형 인턴십,2025-09-30T14:00:00.000+09:00,400199,제조혁신연구_도장공정연구,1,153,True,"229,217"
99653,한화오션,대규모 신입채용&채용전환형 인턴십,2025-09-30T14:00:00.000+09:00,400200,기술컨설팅_기술경영,1,85,True,"109,111,103"
99653,한화오션,대규모 신입채용&채용전환형 인턴십,2025-09-30T14:00:00.000+09:00,400201,기술컨설팅_기술지원,1,47,True,224
99653,한화오션,대규모 신입채용&채용전환형 인턴십,2025-09-30T14:00:00.000+09:00,400202,설계_기본설계,1,554,True,"227,216"
99653,한화오션,대규모 신입채용&채용전환형 인턴십,2025-09-30T14:00:00.000+09:00,400203,설계_의장설계(기계),1,295,True,"227,216"
99653,한화오션,대규모 신입채용&채용전환형 인턴십,2025-09-30T14:00:00.000+09:00,400204,설계_의장설계(전기),1,374,True,220
99653,한화오션,대규모 신입채용&채용전환형 인턴십,2025-09-30T14:00:00.000+09:00,400205,설계_의장설계(프로세스),1,146,True,"227,216"
99653,한화오션,대규모 신입채용&채용전환형 인턴십,2025-09-30T14:00:00.000+09:00,400206,설계_의장설계(안전),1,89,True,220
99653,한화오션,대규모 신입채용&채용전환형 인턴십,2025-09-30T14:00:00.000+09:00,400207,설계_의장설계(선실),1,40,True,"227,216"
99653,한화오션,대규모 신입채용&채용전환형 인턴십,2025-09-30T14:00:00.000+09:00,400208,설계_종합/구조설계(선체),1,101,True,224
99653,한화오션,대규모 신입채용&채용전환형 인턴십,2025-09-30T14:00:00.000+09:00,400209,설계_종합/구조설계(해양),1,70,True,224
99653,한화오션,대규모 신입채용&채용전환형 인턴십,2025-09-30T14:00:00.000+09:00,400210,설계_플랜트설계(기계),1,256,True,205
99653,한화오션,대규모 신입채용&채용전환형 인턴십,2025-09-30T14:00:00.000+09:00,400211,설계_플랜트설계(전기),1,152,True,204
99653,한화오션,대규모 신입채용&채용전환형 인턴십,2025-09-30T14:00:00.000+09:00,400212,설계_플랜트설계(프로세스),1,224,True,208
99653,한화오션,대규모 신입채용&채용전환형 인턴십,2025-09-30T14:00:00.000+09:00,400213,설계_플렌트설계(건축),1,100,True,207
99653,한화오션,대규모 신입채용&채용전환형 인턴십,2025-09-30T14:00:00.000+09:00,400214,생산관리_생산관리,1,616,True,"187,183"
99653,한화오션,대규모 신입채용&채용전환형 인턴십,2025-09-30T14:00:00.000+09:00,400215,생산관리_시운전,1,66,True,224
99653,한화오션,대규모 신입채용&채용전환형 인턴십,2025-09-30T14:00:00.000+09:00,400216,생산관리_품질관리,1,429,True,"189,183"
99653,한화오션,대규모 신입채용&채용전환형 인턴십,2025-09-30T14:00:00.000+09:00,400217,생산관리_공무,1,201,True,186
99653,한화오션,대규모 신입채용&채용전환형 인턴십,2025-09-30T14:00:00.000+09:00,400218,HSE_환경안전,1,397,True,"191,192,184"
99653,한화오션,대규모 신입채용&채용전환형 인턴십,2025-09-30T14:00:00.000+09:00,400219,시공_플랜트시공(기계),1,63,True,"227,216"
99653,한화오션,대규모 신입채용&채용전환형 인턴십,2025-09-30T14:00:00.000+09:00,400220,시공_플랜트시공(전기),1,58,True,204
99653,한화오션,대규모 신입채용&채용전환형 인턴십,2025-09-30T14:00:00.000+09:00,400221,시공_플랜트시공(건축),1,114,True,207
99653,한화오션,대규모 신입채용&채용전환형 인턴십,2025-09-30T14:00:00.000+09:00,400222,사업관리_프로젝트관리,1,199,True,"110,112,103"
99653,한화오션,대규모 신입채용&채용전환형 인턴십,2025-09-30T14:00:00.000+09:00,400223,경영지원_영업,1,658,True,"154,194,146"
99653,한화오션,대규모 신입채용&채용전환형 인턴십,2025-09-30T14:00:00.000+09:00,400224,경영지원_구매,1,334,True,"157,147"
99653,한화오션,대규모 신입채용&채용전환형 인턴십,2025-09-30T14:00:00.000+09:00,400225,경영지원_사업기획,1,343,True,"110,103"
99653,한화오션,대규모 신입채용&채용전환형 인턴십,2025-09-30T14:00:00.000+09:00,400226,경영지원_IT,1,517,True,"175,176,164,165,166,170,162"
99653,한화오션,대규모 신입채용&채용전환형 인턴십,2025-09-30T14:00:00.000+09:00,400227,경영지원_금융/회계,1,355,True,"106,210"
99653,한화오션,대규모 신입채용&채용전환형 인턴십,2025-09-30T14:00:00.000+09:00,400228,경영지원_상생협력,1,76,True,"109,111,103"
99653,한화오션,대규모 신입채용&채용전환형 인턴십,2025-09-30T14:00:00.000+09:00,400229,경영지원_HR,1,422,True,"115,117,118,119,120,104"
99654,현대카드/현대커머셜,2025 신입 인재 모집,2025-09-15T10:00:00.000+09:00,399143,General(통합모집),1,5041,True,"109,110,111,112,122,134,135,137,138,149,194,197,201,103,105,132"
99655,삼성물산(상사),25년 하반기 신입사원 공개채용,2025-09-03T17:00:00.000+09:00,399149,영업,1,360,True,194
99655,삼성물산(상사),25년 하반기 신입사원 공개채용,2025-09-03T17:00:00.000+09:00,399150,기술영업,1,130,True,195
99655,삼성물산(상사),25년 하반기 신입사원 공개채용,2025-09-03T17:00:00.000+09:00,399151,경영지원,1,253,True,"109,110,111,112,103"
99659,삼성물산(리조트),2025년 하반기 3급 신입사원 채용 공고,2025-09-03T17:00:00.000+09:00,399155,영업마케팅,1,327,True,"137,194,132"
99659,삼성물산(리조트),2025년 하반기 3급 신입사원 채용 공고,2025-09-03T17:00:00.000+09:00,399156,조경시공,1,47,True,206
99659,삼성물산(리조트),2025년 하반기 3급 신입사원 채용 공고,2025-09-03T17:00:00.000+09:00,399157,파크기획,1,225,True,"110,206,103"
99659,삼성물산(리조트),2025년 하반기 3급 신입사원 채용 공고,2025-09-03T17:00:00.000+09:00,399158,경영지원(일반),1,113,True,"109,255,103"
99659,삼성물산(리조트),2025년 하반기 3급 신입사원 채용 공고,2025-09-03T17:00:00.000+09:00,399159,경영지원(재무),1,137,True,"111,122,103,105"
99661,쎄트렉아이,"2025 하반기 신입 채용, SI Future-Ship 모집",2025-09-14T23:59:00.000+09:00,399168,SW-우주부문,1,156,True,"170,224"
99661,쎄트렉아이,"2025 하반기 신입 채용, SI Future-Ship 모집",2025-09-14T23:59:00.000+09:00,399169,SW-지상부문,1,280,True,170
99661,쎄트렉아이,"2025 하반기 신입 채용, SI Future-Ship 모집",2025-09-14T23:59:00.000+09:00,399170,HW(기계)-우주부문,1,333,True,"169,227,219,224,216"
99661,쎄트렉아이,"2025 하반기 신입 채용, SI Future-Ship 모집",2025-09-14T23:59:00.000+09:00,399171,HW(광학)-우주부문,1,45,True,"169,230,224,217"
99661,쎄트렉아이,"2025 하반기 신입 채용, SI Future-Ship 모집",2025-09-14T23:59:00.000+09:00,399172,HW(전자)-우주부문,1,376,True,"169,220,224"
99661,쎄트렉아이,"2025 하반기 신입 채용, SI Future-Ship 모집",2025-09-14T23:59:00.000+09:00,399173,HW(제작)-우주부문,1,76,True,169
99661,쎄트렉아이,"2025 하반기 신입 채용, SI Future-Ship 모집",2025-09-14T23:59:00.000+09:00,399174,SE(시스템)-우주부문,1,79,True,222
99661,쎄트렉아이,"2025 하반기 신입 채용, SI Future-Ship 모집",2025-09-14T23:59:00.000+09:00,399175,관리직-인사,1,214,True,"115,118,104"
99661,쎄트렉아이,"2025 하반기 신입 채용, SI Future-Ship 모집",2025-09-14T23:59:00.000+09:00,399176,관리직-기획,1,111,True,"110,112,171,103"
99661,쎄트렉아이,"2025 하반기 신입 채용, SI Future-Ship 모집",2025-09-14T23:59:00.000+09:00,399177,관리직-품질,1,282,True,"189,190,183"
99661,쎄트렉아이,"2025 하반기 신입 채용, SI Future-Ship 모집",2025-09-14T23:59:00.000+09:00,399178,관리직-보안,1,32,True,"166,257"
99677,삼성서울병원,2025년 하반기 3급 신입사원 채용,2025-09-03T17:00:00.000+09:00,399273,경영지원직,1,531,True,"109,111,115,117,118,119,120,127,157,166,103,104,107,147"
99678,삼성생명,2025 하반기 신입사원 채용,2025-09-03T17:00:00.000+09:00,399276,영업마케팅,1,535,True,"194,197,201"
99678,삼성생명,2025 하반기 신입사원 채용,2025-09-03T17:00:00.000+09:00,399277,상품계리,1,92,True,"201,212"
99678,삼성생명,2025 하반기 신입사원 채용,2025-09-03T17:00:00.000+09:00,399278,보험지원,1,156,True,"197,201,212"
99678,삼성생명,2025 하반기 신입사원 채용,2025-09-03T17:00:00.000+09:00,399279,자산운용,1,150,True,211
99678,삼성생명,2025 하반기 신입사원 채용,2025-09-03T17:00:00.000+09:00,399280,투자자산관리,1,166,True,"210,211"
99678,삼성생명,2025 하반기 신입사원 채용,2025-09-03T17:00:00.000+09:00,399281,디지털 서비스 기획/운영,1,347,True,"166,167,171"
99678,삼성생명,2025 하반기 신입사원 채용,2025-09-03T17:00:00.000+09:00,399282,IT 서비스 기획/운영,1,308,True,"166,171"
99680,삼성웰스토리,2025년 하반기 3급 신입사원 채용 공고,2025-09-03T17:00:00.000+09:00,399297,경영지원,1,153,True,"109,111,103"
99680,삼성웰스토리,2025년 하반기 3급 신입사원 채용 공고,2025-09-03T17:00:00.000+09:00,399298,수주영업,1,139,True,"194,196,197"
99680,삼성웰스토리,2025년 하반기 3급 신입사원 채용 공고,2025-09-03T17:00:00.000+09:00,399299,구매,1,171,True,"157,147"
99680,삼성웰스토리,2025년 하반기 3급 신입사원 채용 공고,2025-09-03T17:00:00.000+09:00,399300,안전관리,1,127,True,"191,184"
99681,삼성증권,2025년 하반기 3급 신입사원 채용 공고,2025-09-03T17:00:00.000+09:00,399301,WM,1,281,True,"194,197,201,210,211"
99681,삼성증권,2025년 하반기 3급 신입사원 채용 공고,2025-09-03T17:00:00.000+09:00,399302,IB(기업금융),1,136,True,"194,201,210,211"
99681,삼성증권,2025년 하반기 3급 신입사원 채용 공고,2025-09-03T17:00:00.000+09:00,399303,Global Markets (운용),1,37,True,"164,165,169,170"
99681,삼성증권,2025년 하반기 3급 신입사원 채용 공고,2025-09-03T17:00:00.000+09:00,399304,Global Markets (세일즈),1,50,True,"194,197,201,210,211"
99681,삼성증권,2025년 하반기 3급 신입사원 채용 공고,2025-09-03T17:00:00.000+09:00,399305,리서치,1,90,True,253
99681,삼성증권,2025년 하반기 3급 신입사원 채용 공고,2025-09-03T17:00:00.000+09:00,399306,IT 서비스 기획/운영,1,220,True,"164,165,169,170,171"
99681,삼성증권,2025년 하반기 3급 신입사원 채용 공고,2025-09-03T17:00:00.000+09:00,399307,디지털 서비스 기획/운영,1,242,True,"164,165,169,170,171"
99682,삼성디스플레이,2025년 하반기 3급 신입사원 채용 공고,2025-09-03T17:00:00.000+09:00,399308,연구개발,1,454,True,"220,221"
99682,삼성디스플레이,2025년 하반기 3급 신입사원 채용 공고,2025-09-03T17:00:00.000+09:00,399309,공정기술,1,307,True,"220,221"
99682,삼성디스플레이,2025년 하반기 3급 신입사원 채용 공고,2025-09-03T17:00:00.000+09:00,399310,경영지원,1,292,True,"109,111,103"
99682,삼성디스플레이,2025년 하반기 3급 신입사원 채용 공고,2025-09-03T17:00:00.000+09:00,399311,경영지원(재무),1,159,True,"122,123,105"
99682,삼성디스플레이,2025년 하반기 3급 신입사원 채용 공고,2025-09-03T17:00:00.000+09:00,399312,영업마케팅,1,205,True,"137,194,132"
99683,삼성E&A,2025년 하반기 3급 신입사원 채용 공고,2025-09-03T17:00:00.000+09:00,399313,기술직(사업관리/조달/품질),1,248,True,"110,112,103"
99683,삼성E&A,2025년 하반기 3급 신입사원 채용 공고,2025-09-03T17:00:00.000+09:00,399314,기술직(설계),1,360,True,219
99683,삼성E&A,2025년 하반기 3급 신입사원 채용 공고,2025-09-03T17:00:00.000+09:00,399315,기술직(시공관리),1,151,True,202
99683,삼성E&A,2025년 하반기 3급 신입사원 채용 공고,2025-09-03T17:00:00.000+09:00,399316,안전관리직,1,126,True,"191,184"
99683,삼성E&A,2025년 하반기 3급 신입사원 채용 공고,2025-09-03T17:00:00.000+09:00,399317,경영지원직,1,186,True,"109,111,103"
99683,삼성E&A,2025년 하반기 3급 신입사원 채용 공고,2025-09-03T17:00:00.000+09:00,399318,경영지원직(재무),1,146,True,"122,105"
99684,삼성전자 DS부문,2025년 하반기 3급 신입사원 채용 공고 (DS부문),2025-09-03T17:00:00.000+09:00,399319,[메모리사업부]회로설계,1,366,True,219
99684,삼성전자 DS부문,2025년 하반기 3급 신입사원 채용 공고 (DS부문),2025-09-03T17:00:00.000+09:00,399330,[메모리사업부]평가및분석,1,316,True,221
99684,삼성전자 DS부문,2025년 하반기 3급 신입사원 채용 공고 (DS부문),2025-09-03T17:00:00.000+09:00,399331,[메모리사업부]반도체공정설계,1,272,True,"219,221"
99684,삼성전자 DS부문,2025년 하반기 3급 신입사원 채용 공고 (DS부문),2025-09-03T17:00:00.000+09:00,399332,[메모리사업부]반도체공정기술,1,1252,True,"188,221,183"
99684,삼성전자 DS부문,2025년 하반기 3급 신입사원 채용 공고 (DS부문),2025-09-03T17:00:00.000+09:00,399333,[메모리사업부]패키지개발,1,148,True,"219,221"
99684,삼성전자 DS부문,2025년 하반기 3급 신입사원 채용 공고 (DS부문),2025-09-03T17:00:00.000+09:00,399334,[메모리사업부]설비기술,1,386,True,"185,221"
99684,삼성전자 DS부문,2025년 하반기 3급 신입사원 채용 공고 (DS부문),2025-09-03T17:00:00.000+09:00,399335,[메모리사업부]생산관리,1,269,True,"187,183"
99684,삼성전자 DS부문,2025년 하반기 3급 신입사원 채용 공고 (DS부문),2025-09-03T17:00:00.000+09:00,399336,[CTO_반도체연구소]반도체공정설계,1,81,True,"219,221"
99684,삼성전자 DS부문,2025년 하반기 3급 신입사원 채용 공고 (DS부문),2025-09-03T17:00:00.000+09:00,399337,[CTO_반도체연구소]반도체공정기술,1,151,True,"188,221,183"
99684,삼성전자 DS부문,2025년 하반기 3급 신입사원 채용 공고 (DS부문),2025-09-03T17:00:00.000+09:00,399338,[글로벌제조&인프라총괄]평가및분석,1,78,True,221
99684,삼성전자 DS부문,2025년 하반기 3급 신입사원 채용 공고 (DS부문),2025-09-03T17:00:00.000+09:00,399339,[글로벌제조&인프라총괄]반도체공정기술,1,205,True,"188,221,183"
99684,삼성전자 DS부문,2025년 하반기 3급 신입사원 채용 공고 (DS부문),2025-09-03T17:00:00.000+09:00,399340,[글로벌제조&인프라총괄]기구개발,1,182,True,"219,221"
99684,삼성전자 DS부문,2025년 하반기 3급 신입사원 채용 공고 (DS부문),2025-09-03T17:00:00.000+09:00,399341,[글로벌제조&인프라총괄]설비기술,1,166,True,"185,221"
99684,삼성전자 DS부문,2025년 하반기 3급 신입사원 채용 공고 (DS부문),2025-09-03T17:00:00.000+09:00,399342,[글로벌제조&인프라총괄]SW개발,1,149,True,170
99684,삼성전자 DS부문,2025년 하반기 3급 신입사원 채용 공고 (DS부문),2025-09-03T17:00:00.000+09:00,399343,[글로벌제조&인프라총괄]안전보건,1,233,True,"191,193,184"
99684,삼성전자 DS부문,2025년 하반기 3급 신입사원 채용 공고 (DS부문),2025-09-03T17:00:00.000+09:00,399344,[TSP총괄]평가및분석,1,124,True,221
99684,삼성전자 DS부문,2025년 하반기 3급 신입사원 채용 공고 (DS부문),2025-09-03T17:00:00.000+09:00,399345,[TSP총괄]반도체공정기술,1,212,True,"188,221,183"
99684,삼성전자 DS부문,2025년 하반기 3급 신입사원 채용 공고 (DS부문),2025-09-03T17:00:00.000+09:00,399346,[TSP총괄]패키지개발,1,73,True,"219,221"
99684,삼성전자 DS부문,2025년 하반기 3급 신입사원 채용 공고 (DS부문),2025-09-03T17:00:00.000+09:00,399347,[TSP총괄]설비기술,1,118,True,"185,221"
99684,삼성전자 DS부문,2025년 하반기 3급 신입사원 채용 공고 (DS부문),2025-09-03T17:00:00.000+09:00,399348,[TSP총괄]SW개발,1,74,True,170
99684,삼성전자 DS부문,2025년 하반기 3급 신입사원 채용 공고 (DS부문),2025-09-03T17:00:00.000+09:00,399349,[AI센터]신호및시스템설계,1,113,True,219
99684,삼성전자 DS부문,2025년 하반기 3급 신입사원 채용 공고 (DS부문),2025-09-03T17:00:00.000+09:00,399350,[AI센터]SW개발,1,104,True,170
99685,삼성화재,2025년 하반기 3급 신입사원 채용 공고,2025-09-03T17:00:00.000+09:00,399351,영업관리,1,345,True,197
99685,삼성화재,2025년 하반기 3급 신입사원 채용 공고,2025-09-03T17:00:00.000+09:00,399352,손해사정,1,105,True,212
99685,삼성화재,2025년 하반기 3급 신입사원 채용 공고,2025-09-03T17:00:00.000+09:00,399353,상품개발·계리,1,78,True,"138,212,132"
99685,삼성화재,2025년 하반기 3급 신입사원 채용 공고,2025-09-03T17:00:00.000+09:00,399354,계약심사(언더라이팅),1,108,True,197
99685,삼성화재,2025년 하반기 3급 신입사원 채용 공고,2025-09-03T17:00:00.000+09:00,399355,글로벌 사업 기획/운영,1,119,True,"110,103"
99685,삼성화재,2025년 하반기 3급 신입사원 채용 공고,2025-09-03T17:00:00.000+09:00,399356,자산운용,1,134,True,211
99685,삼성화재,2025년 하반기 3급 신입사원 채용 공고,2025-09-03T17:00:00.000+09:00,399357,디지털 서비스 기획/운영,1,363,True,171
99686,삼성전자 DX부문,2025년 하반기 3급 신입사원 채용 공고 (DX부문),2025-09-03T17:00:00.000+09:00,399358,DA사업부_회로설계,1,238,True,"220,221"
99686,삼성전자 DX부문,2025년 하반기 3급 신입사원 채용 공고 (DX부문),2025-09-03T17:00:00.000+09:00,399360,DA사업부_애플리케이션 개발,1,302,True,"172,173,174,161"
99686,삼성전자 DX부문,2025년 하반기 3급 신입사원 채용 공고 (DX부문),2025-09-03T17:00:00.000+09:00,399362,DA사업부_시스템 소프트웨어,1,138,True,"164,170"
99686,삼성전자 DX부문,2025년 하반기 3급 신입사원 채용 공고 (DX부문),2025-09-03T17:00:00.000+09:00,399365,DA사업부_기구개발,1,454,True,"220,221"
99686,삼성전자 DX부문,2025년 하반기 3급 신입사원 채용 공고 (DX부문),2025-09-03T17:00:00.000+09:00,399368,DA사업부_생산기술,1,228,True,"220,221"
99686,삼성전자 DX부문,2025년 하반기 3급 신입사원 채용 공고 (DX부문),2025-09-03T17:00:00.000+09:00,399370,DA사업부_B2C 영업,1,131,True,194
99686,삼성전자 DX부문,2025년 하반기 3급 신입사원 채용 공고 (DX부문),2025-09-03T17:00:00.000+09:00,399374,DA사업부_SCM/물류,1,268,True,"150,145"
99686,삼성전자 DX부문,2025년 하반기 3급 신입사원 채용 공고 (DX부문),2025-09-03T17:00:00.000+09:00,399366,Global CS센터_품질,1,246,True,"189,183"
99686,삼성전자 DX부문,2025년 하반기 3급 신입사원 채용 공고 (DX부문),2025-09-03T17:00:00.000+09:00,399367,Global CS센터_서비스,1,118,True,"189,200,183"
99686,삼성전자 DX부문,2025년 하반기 3급 신입사원 채용 공고 (DX부문),2025-09-03T17:00:00.000+09:00,399376,Global EHS실_환경안전,1,190,True,"191,192,193,184"
99686,삼성전자 DX부문,2025년 하반기 3급 신입사원 채용 공고 (DX부문),2025-09-03T17:00:00.000+09:00,399388,MX사업부_시스템 소프트웨어,1,178,True,"164,170"
99686,삼성전자 DX부문,2025년 하반기 3급 신입사원 채용 공고 (DX부문),2025-09-03T17:00:00.000+09:00,399359,MX사업부_인공지능,1,192,True,167
99686,삼성전자 DX부문,2025년 하반기 3급 신입사원 채용 공고 (DX부문),2025-09-03T17:00:00.000+09:00,399361,MX사업부_B2C 영업,1,190,True,194
99686,삼성전자 DX부문,2025년 하반기 3급 신입사원 채용 공고 (DX부문),2025-09-03T17:00:00.000+09:00,399363,MX사업부_구매,1,285,True,"157,147"
99686,삼성전자 DX부문,2025년 하반기 3급 신입사원 채용 공고 (DX부문),2025-09-03T17:00:00.000+09:00,399364,MX사업부_회로설계,1,177,True,"220,221"
99686,삼성전자 DX부문,2025년 하반기 3급 신입사원 채용 공고 (DX부문),2025-09-03T17:00:00.000+09:00,399369,Samsung Research_인공지능,1,125,True,167
99686,삼성전자 DX부문,2025년 하반기 3급 신입사원 채용 공고 (DX부문),2025-09-03T17:00:00.000+09:00,399371,네트워크사업부_B2B 영업,1,77,True,196
99686,삼성전자 DX부문,2025년 하반기 3급 신입사원 채용 공고 (DX부문),2025-09-03T17:00:00.000+09:00,399372,네트워크사업부_구매,1,74,True,"157,147"
99686,삼성전자 DX부문,2025년 하반기 3급 신입사원 채용 공고 (DX부문),2025-09-03T17:00:00.000+09:00,399373,네트워크사업부_시스템 개발,1,94,True,164
99686,삼성전자 DX부문,2025년 하반기 3급 신입사원 채용 공고 (DX부문),2025-09-03T17:00:00.000+09:00,399375,네트워크사업부_애플리케이션 개발,1,58,True,"172,173,174,161"
99686,삼성전자 DX부문,2025년 하반기 3급 신입사원 채용 공고 (DX부문),2025-09-03T17:00:00.000+09:00,399377,네트워크사업부_서버 소프트웨어,1,189,True,170
99686,삼성전자 DX부문,2025년 하반기 3급 신입사원 채용 공고 (DX부문),2025-09-03T17:00:00.000+09:00,399389,생산기술연구소_인공지능,1,97,True,167
99686,삼성전자 DX부문,2025년 하반기 3급 신입사원 채용 공고 (DX부문),2025-09-03T17:00:00.000+09:00,399390,생산기술연구소_제조 소프트웨어,1,122,True,170
99686,삼성전자 DX부문,2025년 하반기 3급 신입사원 채용 공고 (DX부문),2025-09-03T17:00:00.000+09:00,399391,생산기술연구소_회로설계,1,67,True,"220,221"
99686,삼성전자 DX부문,2025년 하반기 3급 신입사원 채용 공고 (DX부문),2025-09-03T17:00:00.000+09:00,399392,영상디스플레이사업부_시스템 소프트웨어,1,39,True,"164,170"
99686,삼성전자 DX부문,2025년 하반기 3급 신입사원 채용 공고 (DX부문),2025-09-03T17:00:00.000+09:00,399393,영상디스플레이사업부_제품/서비스 마케팅,1,345,True,194
99686,삼성전자 DX부문,2025년 하반기 3급 신입사원 채용 공고 (DX부문),2025-09-03T17:00:00.000+09:00,399394,영상디스플레이사업부_B2B 영업,1,118,True,196
99686,삼성전자 DX부문,2025년 하반기 3급 신입사원 채용 공고 (DX부문),2025-09-03T17:00:00.000+09:00,399395,영상디스플레이사업부_B2C 영업,1,91,True,194
99686,삼성전자 DX부문,2025년 하반기 3급 신입사원 채용 공고 (DX부문),2025-09-03T17:00:00.000+09:00,399396,영상디스플레이사업부_애플리케이션 개발,1,109,True,"172,173,174,161"
99686,삼성전자 DX부문,2025년 하반기 3급 신입사원 채용 공고 (DX부문),2025-09-03T17:00:00.000+09:00,399397,영상디스플레이사업부_회로설계,1,59,True,"220,221"
99686,삼성전자 DX부문,2025년 하반기 3급 신입사원 채용 공고 (DX부문),2025-09-03T17:00:00.000+09:00,399398,한국총괄_국내영업마케팅,1,527,True,"137,132"
99686,삼성전자 DX부문,2025년 하반기 3급 신입사원 채용 공고 (DX부문),2025-09-03T17:00:00.000+09:00,399399,전사직속-부문 공통_비주얼 인터랙션 디자인,1,107,True,"243,237"
99686,삼성전자 DX부문,2025년 하반기 3급 신입사원 채용 공고 (DX부문),2025-09-03T17:00:00.000+09:00,399400,전사직속-부문 공통_재무,1,289,True,"122,105"
99687,삼성바이오로직스,2025년 하반기 3급 신입사원 채용 공고,2025-09-03T17:00:00.000+09:00,399378,공정엔지니어링직,1,614,True,"188,185,229,183,217"
99687,삼성바이오로직스,2025년 하반기 3급 신입사원 채용 공고,2025-09-03T17:00:00.000+09:00,399404,경영지원직(재무),1,220,True,"122,128,105,107"
99688,삼성중공업,2025년 하반기 3급 신입사원 채용 공고,2025-09-03T17:00:00.000+09:00,399379,기본설계,1,109,True,"229,217"
99688,삼성중공업,2025년 하반기 3급 신입사원 채용 공고,2025-09-03T17:00:00.000+09:00,399380,해양설계,1,83,True,224
99688,삼성중공업,2025년 하반기 3급 신입사원 채용 공고,2025-09-03T17:00:00.000+09:00,399381,공정관리,1,249,True,"188,183"
99688,삼성중공업,2025년 하반기 3급 신입사원 채용 공고,2025-09-03T17:00:00.000+09:00,399382,구매,1,159,True,"157,147"
99688,삼성중공업,2025년 하반기 3급 신입사원 채용 공고,2025-09-03T17:00:00.000+09:00,399383,PM,1,27,True,224
99688,삼성중공업,2025년 하반기 3급 신입사원 채용 공고,2025-09-03T17:00:00.000+09:00,399384,R&D,1,125,True,224
99688,삼성중공업,2025년 하반기 3급 신입사원 채용 공고,2025-09-03T17:00:00.000+09:00,399385,자동화솔루션,1,88,True,220
99688,삼성중공업,2025년 하반기 3급 신입사원 채용 공고,2025-09-03T17:00:00.000+09:00,399386,해외영업,1,137,True,"154,146"
99688,삼성중공업,2025년 하반기 3급 신입사원 채용 공고,2025-09-03T17:00:00.000+09:00,399387,경영지원,1,172,True,"115,117,118,108,104"
99689,삼성물산(패션),2025년 하반기 신입사원 채용 공고,2025-09-03T17:00:00.000+09:00,399401,상품기획,1,269,True,149
99689,삼성물산(패션),2025년 하반기 신입사원 채용 공고,2025-09-03T17:00:00.000+09:00,399402,Retail영업,1,264,True,194
99689,삼성물산(패션),2025년 하반기 신입사원 채용 공고,2025-09-03T17:00:00.000+09:00,399403,경영지원(재무),1,140,True,"122,105"
99689,삼성물산(패션),2025년 하반기 신입사원 채용 공고,2025-09-03T17:00:00.000+09:00,399452,패션디자이너(남성복),1,28,True,240
99689,삼성물산(패션),2025년 하반기 신입사원 채용 공고,2025-09-03T17:00:00.000+09:00,399453,패션디자이너(캐쥬얼),1,57,True,240
99689,삼성물산(패션),2025년 하반기 신입사원 채용 공고,2025-09-03T17:00:00.000+09:00,399454,모델리스트,1,9,True,"187,240,183"
99689,삼성물산(패션),2025년 하반기 신입사원 채용 공고,2025-09-03T17:00:00.000+09:00,399455,VMD,1,86,True,"239,240"
99689,삼성물산(패션),2025년 하반기 신입사원 채용 공고,2025-09-03T17:00:00.000+09:00,399456,그래픽디자이너(3D),1,24,True,"243,237"
99690,제일기획,2025년 하반기 3급 신입사원 채용 공고,2025-09-03T17:00:00.000+09:00,399405,기획직,1,300,True,"109,110,103"
99690,제일기획,2025년 하반기 3급 신입사원 채용 공고,2025-09-03T17:00:00.000+09:00,399406,플랫폼기획직,1,102,True,"110,114,171,103"
99690,제일기획,2025년 하반기 3급 신입사원 채용 공고,2025-09-03T17:00:00.000+09:00,399407,데이터기획직,1,82,True,"137,180,132,163"
99690,제일기획,2025년 하반기 3급 신입사원 채용 공고,2025-09-03T17:00:00.000+09:00,399408,제작직(Art),1,84,True,"140,242,246,133,237"
99690,제일기획,2025년 하반기 3급 신입사원 채용 공고,2025-09-03T17:00:00.000+09:00,399409,제작직(CW),1,87,True,"140,141,133"
99690,제일기획,2025년 하반기 3급 신입사원 채용 공고,2025-09-03T17:00:00.000+09:00,399410,소프트웨어직,1,132,True,"164,165,170"
99691,삼성바이오에피스,2025년 하반기 3급 신입사원 채용 공고,2025-09-03T17:00:00.000+09:00,399411,연구개발,1,169,True,"229,234,217,218"
99691,삼성바이오에피스,2025년 하반기 3급 신입사원 채용 공고,2025-09-03T17:00:00.000+09:00,399412,경영지원,1,233,True,"110,112,115,118,127,103,104,107"
99692,삼성자산운용,2025년 하반기 3급 신입사원 채용 공고,2025-09-03T17:00:00.000+09:00,399413,자산운용,1,124,True,211
99692,삼성자산운용,2025년 하반기 3급 신입사원 채용 공고,2025-09-03T17:00:00.000+09:00,399414,영업마케팅,1,73,True,197
99694,삼성카드,2025년 하반기 3급 신입사원 채용 공고,2025-09-03T17:00:00.000+09:00,399426,영업/마케팅,1,792,True,196
99694,삼성카드,2025년 하반기 3급 신입사원 채용 공고,2025-09-03T17:00:00.000+09:00,399427,데이터분석,1,402,True,"180,163"
99694,삼성카드,2025년 하반기 3급 신입사원 채용 공고,2025-09-03T17:00:00.000+09:00,399428,IT 서비스 기획/운영,1,359,True,171
99695,삼성전자 DX부문,Full-time opportunity for international students (DX),2025-09-03T17:00:00.000+09:00,399429,Digital Appliance Business_System Software,1,6,True,"176,164,165,170,162"
99695,삼성전자 DX부문,Full-time opportunity for international students (DX),2025-09-03T17:00:00.000+09:00,399430,Digital Appliance Business_Mechanical R&D,1,3,True,222
99695,삼성전자 DX부문,Full-time opportunity for international students (DX),2025-09-03T17:00:00.000+09:00,399431,Digital Appliance Business_B2C Sales,1,1,True,194
99695,삼성전자 DX부문,Full-time opportunity for international students (DX),2025-09-03T17:00:00.000+09:00,399432,Digital Appliance Business_Application Development,1,4,True,"172,173,174,161"
99695,삼성전자 DX부문,Full-time opportunity for international students (DX),2025-09-03T17:00:00.000+09:00,399433,Digital Appliance Business_Circuit Design,1,1,True,220
99695,삼성전자 DX부문,Full-time opportunity for international students (DX),2025-09-03T17:00:00.000+09:00,399434,Mobile eXperience Business_Artificial Intelligence,1,0,True,220
99695,삼성전자 DX부문,Full-time opportunity for international students (DX),2025-09-03T17:00:00.000+09:00,399435,Mobile eXperience Business_System Software,1,3,True,"176,164,165,170,162"
99695,삼성전자 DX부문,Full-time opportunity for international students (DX),2025-09-03T17:00:00.000+09:00,399436,Mobile eXperience Business_B2C Sales,1,2,True,194
99695,삼성전자 DX부문,Full-time opportunity for international students (DX),2025-09-03T17:00:00.000+09:00,399437,Mobile eXperience Business_Circuit Design,1,0,True,220
99695,삼성전자 DX부문,Full-time opportunity for international students (DX),2025-09-03T17:00:00.000+09:00,399438,Samsung Research_Artificial Intelligence,1,0,True,220
99695,삼성전자 DX부문,Full-time opportunity for international students (DX),2025-09-03T17:00:00.000+09:00,399439,Network Business_B2C Sales,1,1,True,194
99695,삼성전자 DX부문,Full-time opportunity for international students (DX),2025-09-03T17:00:00.000+09:00,399440,Network Business_Application Development,1,0,True,"172,173,174,161"
99695,삼성전자 DX부문,Full-time opportunity for international students (DX),2025-09-03T17:00:00.000+09:00,399441,Network Business_System Development,1,1,True,"176,164,165,166,162"
99695,삼성전자 DX부문,Full-time opportunity for international students (DX),2025-09-03T17:00:00.000+09:00,399442,Network Business_Server Software,1,4,True,"164,165,170"
99695,삼성전자 DX부문,Full-time opportunity for international students (DX),2025-09-03T17:00:00.000+09:00,399443,Global Technology Research_Artificial Intelligence,1,0,True,220
99695,삼성전자 DX부문,Full-time opportunity for international students (DX),2025-09-03T17:00:00.000+09:00,399444,Global Technology Research_Manufacturing Software,1,0,True,170
99695,삼성전자 DX부문,Full-time opportunity for international students (DX),2025-09-03T17:00:00.000+09:00,399445,Global Technology Research_Circuit Design,1,1,True,220
99695,삼성전자 DX부문,Full-time opportunity for international students (DX),2025-09-03T17:00:00.000+09:00,399446,Visual Display Business_System Software,1,0,True,"164,165,170"
99695,삼성전자 DX부문,Full-time opportunity for international students (DX),2025-09-03T17:00:00.000+09:00,399447,Visual Display Business_Product/Service Marketing,1,9,True,"137,132"
99695,삼성전자 DX부문,Full-time opportunity for international students (DX),2025-09-03T17:00:00.000+09:00,399448,Visual Display Business_B2C Sales,1,2,True,194
99695,삼성전자 DX부문,Full-time opportunity for international students (DX),2025-09-03T17:00:00.000+09:00,399449,Visual Display Business_B2B Sales,1,2,True,196
99695,삼성전자 DX부문,Full-time opportunity for international students (DX),2025-09-03T17:00:00.000+09:00,399450,Visual Display Business_Application Development,1,0,True,"172,173,174,161"
99695,삼성전자 DX부문,Full-time opportunity for international students (DX),2025-09-03T17:00:00.000+09:00,399451,Visual Display Business_Circuit Design,1,0,True,220
99697,삼성SDI,2025년 하반기 3급 신입사원 채용 공고,2025-09-03T17:00:00.000+09:00,399457,기술,1,832,True,"226,227,228,220,216"
99698,삼성전자 DS부문,Full-time opportunity for international students (DS),2025-09-03T17:00:00.000+09:00,399458,Circuit Design,1,18,True,"219,221"
99698,삼성전자 DS부문,Full-time opportunity for international students (DS),2025-09-03T17:00:00.000+09:00,399459,Process Design,1,4,True,"188,219,221,183"
99698,삼성전자 DS부문,Full-time opportunity for international students (DS),2025-09-03T17:00:00.000+09:00,399460,Process Technology,1,3,True,"188,221,183"
99698,삼성전자 DS부문,Full-time opportunity for international students (DS),2025-09-03T17:00:00.000+09:00,399461,Software R&D,1,2,True,"170,221"
99702,삼성전기,2025년 하반기 3급 신입사원 채용 공고,2025-09-03T17:00:00.000+09:00,399467,연구개발직,1,828,True,"166,169,170,227,229,220,223,216,217"
99705,삼성물산(건설),2025년 하반기 3급 신입사원 채용 공고,2025-09-03T17:00:00.000+09:00,399482,기술직(건축):건축,1,225,True,207
99705,삼성물산(건설),2025년 하반기 3급 신입사원 채용 공고,2025-09-03T17:00:00.000+09:00,399483,기술직(건축):기계,1,44,True,"205,207"
99705,삼성물산(건설),2025년 하반기 3급 신입사원 채용 공고,2025-09-03T17:00:00.000+09:00,399484,기술직(건축):전기전자,1,44,True,"204,207"
99705,삼성물산(건설),2025년 하반기 3급 신입사원 채용 공고,2025-09-03T17:00:00.000+09:00,399485,기술직(플랜트):기계,1,81,True,"205,208"
99705,삼성물산(건설),2025년 하반기 3급 신입사원 채용 공고,2025-09-03T17:00:00.000+09:00,399486,기술직(플랜트):전기전자,1,67,True,"204,208"
99705,삼성물산(건설),2025년 하반기 3급 신입사원 채용 공고,2025-09-03T17:00:00.000+09:00,399487,기술직(주택):건축,1,131,True,207
99705,삼성물산(건설),2025년 하반기 3급 신입사원 채용 공고,2025-09-03T17:00:00.000+09:00,399488,기술직(반도체 생산설비):기계,1,40,True,"219,221"
99705,삼성물산(건설),2025년 하반기 3급 신입사원 채용 공고,2025-09-03T17:00:00.000+09:00,399489,기술직(반도체 생산설비):전기전자,1,46,True,"220,221"
99705,삼성물산(건설),2025년 하반기 3급 신입사원 채용 공고,2025-09-03T17:00:00.000+09:00,399490,기술직(IT기획/운영),1,100,True,"166,170"
99705,삼성물산(건설),2025년 하반기 3급 신입사원 채용 공고,2025-09-03T17:00:00.000+09:00,399491,경영지원직(일반),1,180,True,"109,127,103,107"
99721,기아,2025 하반기 집중 채용,2025-09-15T13:00:00.000+09:00,399598,경영지원_경영지원,1,1200,True,"109,110,111,112,113,114,103"
99721,기아,2025 하반기 집중 채용,2025-09-15T13:00:00.000+09:00,399599,경영지원_생산-경영지원 (AutoLand화성),1,398,True,"109,111,103"
99721,기아,2025 하반기 집중 채용,2025-09-15T13:00:00.000+09:00,399600,경영지원_생산-안전관리 (AutoLand화성),1,472,True,"191,184"
99721,기아,2025 하반기 집중 채용,2025-09-15T13:00:00.000+09:00,399601,경영지원_안전전략 수립 및 제도 기획,1,216,True,"191,184"
99721,기아,2025 하반기 집중 채용,2025-09-15T13:00:00.000+09:00,399602,사업/기획_PR컨텐츠 기획,1,750,True,"142,133"
99721,기아,2025 하반기 집중 채용,2025-09-15T13:00:00.000+09:00,399603,사업/기획_고객경험,1,1108,True,"110,112,103"
99721,기아,2025 하반기 집중 채용,2025-09-15T13:00:00.000+09:00,399604,사업/기획_국내사업,1,873,True,"110,112,103"
99721,기아,2025 하반기 집중 채용,2025-09-15T13:00:00.000+09:00,399605,사업/기획_글로벌사업,1,920,True,"110,112,103"
99721,기아,2025 하반기 집중 채용,2025-09-15T13:00:00.000+09:00,399606,사업/기획_상품기획,1,544,True,"138,132"
99721,기아,2025 하반기 집중 채용,2025-09-15T13:00:00.000+09:00,399607,사업/기획_특수사업-군용 및 상용사업 해외영업,1,254,True,"154,196,146"
99721,기아,2025 하반기 집중 채용,2025-09-15T13:00:00.000+09:00,399608,사업/기획_해외 서비스 기술/기획,1,141,True,"226,216"
99721,기아,2025 하반기 집중 채용,2025-09-15T13:00:00.000+09:00,399609,생산/제조_구매/부품개발,1,837,True,"157,226,147,216"
99721,기아,2025 하반기 집중 채용,2025-09-15T13:00:00.000+09:00,399610,생산/제조_상용차 전자 부품 구매/개발,1,315,True,"157,226,147,216"
99721,기아,2025 하반기 집중 채용,2025-09-15T13:00:00.000+09:00,399611,생산/제조_생산-생산운영 및 공정기술 (AutoLand광명),1,1182,True,"188,183"
99721,기아,2025 하반기 집중 채용,2025-09-15T13:00:00.000+09:00,399612,생산/제조_생산-생산운영 및 공정기술 (AutoLand광주),1,781,True,"188,183"
99721,기아,2025 하반기 집중 채용,2025-09-15T13:00:00.000+09:00,399613,생산/제조_생산-생산운영 및 공정기술 (AutoLand화성),1,1189,True,"188,183"
99721,기아,2025 하반기 집중 채용,2025-09-15T13:00:00.000+09:00,399614,생산/제조_생산-생산운영 및 공정기술 (파워트레인),1,409,True,"188,183"
99721,기아,2025 하반기 집중 채용,2025-09-15T13:00:00.000+09:00,399615,생산/제조_생산기술-신차개발/자동화설비기술,1,985,True,"187,183"
99721,기아,2025 하반기 집중 채용,2025-09-15T13:00:00.000+09:00,399616,생산/제조_신차품질,1,790,True,"189,183"
99721,기아,2025 하반기 집중 채용,2025-09-15T13:00:00.000+09:00,399617,생산/제조_품질보증 및 안전품질기획,1,520,True,"189,183"
99721,기아,2025 하반기 집중 채용,2025-09-15T13:00:00.000+09:00,399618,연구개발_특수사업-개발설계,1,455,True,"226,216"
99721,기아,2025 하반기 집중 채용,2025-09-15T13:00:00.000+09:00,399619,IT_Machine Learning Engineer,1,802,True,"164,165,167"
99721,기아,2025 하반기 집중 채용,2025-09-15T13:00:00.000+09:00,399620,외국인_사업/기획_고객경험,4,25,True,"110,112,103"
99721,기아,2025 하반기 집중 채용,2025-09-15T13:00:00.000+09:00,399621,외국인_사업/기획_글로벌사업,4,31,True,"110,112,103"
99721,기아,2025 하반기 집중 채용,2025-09-15T13:00:00.000+09:00,399622,외국인_사업/기획_CRM 글로벌 확산 지원,4,4,True,"110,112,103"
99721,기아,2025 하반기 집중 채용,2025-09-15T13:00:00.000+09:00,399623,외국인_사업/기획_ESG 관련 글로벌 소재사 비즈니스 협업,4,9,True,"109,111,103"
99721,기아,2025 하반기 집중 채용,2025-09-15T13:00:00.000+09:00,399624,외국인_사업/기획_Strategic Business Planning,4,6,True,"110,112,103"
99721,기아,2025 하반기 집중 채용,2025-09-15T13:00:00.000+09:00,399625,외국인_사업/기획_기아 글로벌 디지털 고객 플랫폼 (Web/App)운영,4,51,True,"172,173,174,175,176,161,162"
99721,기아,2025 하반기 집중 채용,2025-09-15T13:00:00.000+09:00,399626,외국인_사업/기획_기아 브랜드 특화 앱(차량용) 기획,4,4,True,"172,173,174,161"
99721,기아,2025 하반기 집중 채용,2025-09-15T13:00:00.000+09:00,399627,외국인_사업/기획_안전품질보증 분석/기획,4,10,True,"189,183"
99721,기아,2025 하반기 집중 채용,2025-09-15T13:00:00.000+09:00,399628,외국인_사업/기획_일본 모빌리티 시장 분석,4,5,True,"110,112,103"
99721,기아,2025 하반기 집중 채용,2025-09-15T13:00:00.000+09:00,399629,외국인_사업/기획_지정학 리스크 대응 및 규제 관련 전략 수립,4,4,True,"110,112,103"
99721,기아,2025 하반기 집중 채용,2025-09-15T13:00:00.000+09:00,399630,외국인_생산/제조_차량 사이버보안품질,4,6,True,"189,183"
99721,기아,2025 하반기 집중 채용,2025-09-15T13:00:00.000+09:00,399631,외국인_생산/제조_배터리원소재 공급사 발굴,4,5,True,"229,217"
99721,기아,2025 하반기 집중 채용,2025-09-15T13:00:00.000+09:00,399633,장애인_경영지원_생산-교육기획 및 운영(AutoLand광주),4,8,True,"117,104"
99721,기아,2025 하반기 집중 채용,2025-09-15T13:00:00.000+09:00,399634,장애인_경영지원_생산-안전/보건관리(AutoLand광주),4,6,True,"191,192,184"
99721,기아,2025 하반기 집중 채용,2025-09-15T13:00:00.000+09:00,399635,장애인_경영지원_생산-안전/환경관리(AutoLand광명),4,17,True,"191,192,184"
99721,기아,2025 하반기 집중 채용,2025-09-15T13:00:00.000+09:00,399885,장애인_경영지원_생산-자재관리(AutoLand화성),4,10,True,"158,147"
99721,기아,2025 하반기 집중 채용,2025-09-15T13:00:00.000+09:00,399637,장애인_사업/기획_PBV 디지털/온라인 채널 기획,4,6,True,"137,132"
99721,기아,2025 하반기 집중 채용,2025-09-15T13:00:00.000+09:00,399638,장애인_사업/기획_고객경험,4,13,True,"110,112,103"
99721,기아,2025 하반기 집중 채용,2025-09-15T13:00:00.000+09:00,399639,장애인_사업/기획_글로벌사업,4,5,True,"110,112,103"
99721,기아,2025 하반기 집중 채용,2025-09-15T13:00:00.000+09:00,399640,장애인_사업/기획_모빌리티 신소재 전략,4,12,True,"229,217"
99721,기아,2025 하반기 집중 채용,2025-09-15T13:00:00.000+09:00,399641,장애인_사업/기획_생산-데이터분석 (AutoLand광명),4,8,True,"180,163"
99721,기아,2025 하반기 집중 채용,2025-09-15T13:00:00.000+09:00,399642,장애인_생산/제조_SW품질,4,7,True,"189,183"
99725,현대모비스,2025 하반기 연구장학생 모집,2025-09-12T12:00:00.000+09:00,399655,전력반도체 개발,1,98,True,"220,222"
99728,하나은행,2025년 하반기 신입행원 채용,2025-09-17T18:00:00.000+09:00,399660,종합금융,1,2855,True,214
99728,하나은행,2025년 하반기 신입행원 채용,2025-09-17T18:00:00.000+09:00,399665,ICT,1,1353,True,"172,173,174,175,176,177,178,167,161,162"
99728,하나은행,2025년 하반기 신입행원 채용,2025-09-17T18:00:00.000+09:00,399666,디지털/AI,1,847,True,"172,173,174,175,176,177,178,167,161,162"
99728,하나은행,2025년 하반기 신입행원 채용,2025-09-17T18:00:00.000+09:00,399667,지역인재(영남),1,313,True,214
99728,하나은행,2025년 하반기 신입행원 채용,2025-09-17T18:00:00.000+09:00,400151,지역인재(충청),1,142,True,214
99728,하나은행,2025년 하반기 신입행원 채용,2025-09-17T18:00:00.000+09:00,400152,지역인재(호남),1,146,True,214
99728,하나은행,2025년 하반기 신입행원 채용,2025-09-17T18:00:00.000+09:00,400153,지역인재(강원),1,49,True,214
99734,한국후지필름비즈니스이노베이션,2025년도 하반기 신입사원 공개 채용,2025-09-14T23:59:00.000+09:00,399758,Sales Representative,1,250,True,196
99734,한국후지필름비즈니스이노베이션,2025년도 하반기 신입사원 공개 채용,2025-09-14T23:59:00.000+09:00,399759,Service Engineer,1,26,True,186
99734,한국후지필름비즈니스이노베이션,2025년도 하반기 신입사원 공개 채용,2025-09-14T23:59:00.000+09:00,399760,Graphic Communication System Analyst,1,22,True,195
99734,한국후지필름비즈니스이노베이션,2025년도 하반기 신입사원 공개 채용,2025-09-14T23:59:00.000+09:00,399761,Pre-sales,1,97,True,"166,170"
99734,한국후지필름비즈니스이노베이션,2025년도 하반기 신입사원 공개 채용,2025-09-14T23:59:00.000+09:00,399762,IT Managed Service,1,90,True,171
99734,한국후지필름비즈니스이노베이션,2025년도 하반기 신입사원 공개 채용,2025-09-14T23:59:00.000+09:00,399763,Solution 개발,1,130,True,"172,173,174,161"
99734,한국후지필름비즈니스이노베이션,2025년도 하반기 신입사원 공개 채용,2025-09-14T23:59:00.000+09:00,399764,Business Solution Specialist,1,39,True,195
99736,유니클로,2025 신입사원(UMC) 채용,2025-09-30T15:00:00.000+09:00,399766,유니클로 점장 후보직,1,715,True,"194,197,200,240"
99748,LG전자,2025 하반기 신입사원 채용,2025-09-22T11:00:00.000+09:00,399874,HS사업본부_기계,1,689,True,"227,216"
99748,LG전자,2025 하반기 신입사원 채용,2025-09-22T11:00:00.000+09:00,399875,HS사업본부_전기전자,1,640,True,220
99748,LG전자,2025 하반기 신입사원 채용,2025-09-22T11:00:00.000+09:00,399876,ES사업본부_기계,1,317,True,"227,216"
99748,LG전자,2025 하반기 신입사원 채용,2025-09-22T11:00:00.000+09:00,399877,VS사업본부_전기전자,1,505,True,220
99748,LG전자,2025 하반기 신입사원 채용,2025-09-22T11:00:00.000+09:00,399878,생산기술원_로봇,1,265,True,"227,216"
99748,LG전자,2025 하반기 신입사원 채용,2025-09-22T11:00:00.000+09:00,399879,생산기술원_기계,1,420,True,"227,216"
99748,LG전자,2025 하반기 신입사원 채용,2025-09-22T11:00:00.000+09:00,399880,생산기술원_생산기술,1,769,True,"185,227,216"
99748,LG전자,2025 하반기 신입사원 채용,2025-09-22T11:00:00.000+09:00,399881,생산기술원_전기전자,1,434,True,220
99748,LG전자,2025 하반기 신입사원 채용,2025-09-22T11:00:00.000+09:00,399882,생산기술원_소재/재료,1,927,True,"227,216"
99748,LG전자,2025 하반기 신입사원 채용,2025-09-22T11:00:00.000+09:00,399883,한국영업본부_영업/마케팅,1,2742,True,"137,194,132"
99749,LG전자,2025 하반기 산학장학생 채용,2025-09-22T11:00:00.000+09:00,400277,HS사업부_Hardware R&D,1,91,True,"227,229,219,220,216,217"
99749,LG전자,2025 하반기 산학장학생 채용,2025-09-22T11:00:00.000+09:00,400278,HS사업부_Material R&D,1,30,True,"226,229,230,231,234,216,217,218"
99749,LG전자,2025 하반기 산학장학생 채용,2025-09-22T11:00:00.000+09:00,400279,HS사업부_Mechanical R&D,1,37,True,"170,219,220"
99749,LG전자,2025 하반기 산학장학생 채용,2025-09-22T11:00:00.000+09:00,400280,VS사업부_Software R&D,1,56,True,"170,227,219,220,216"
99749,LG전자,2025 하반기 산학장학생 채용,2025-09-22T11:00:00.000+09:00,400281,VS사업부_Hardware R&D,1,38,True,"227,229,219,220,216,217"
99749,LG전자,2025 하반기 산학장학생 채용,2025-09-22T11:00:00.000+09:00,400282,VS사업부_IT/Communication R&D,1,53,True,"164,165,166,167,222"
99749,LG전자,2025 하반기 산학장학생 채용,2025-09-22T11:00:00.000+09:00,400283,VS사업부_Material R&D,1,9,True,"226,229,230,231,234,216,217,218"
99749,LG전자,2025 하반기 산학장학생 채용,2025-09-22T11:00:00.000+09:00,400284,VS사업부_Mechanical R&D,1,6,True,"170,219,220"
99749,LG전자,2025 하반기 산학장학생 채용,2025-09-22T11:00:00.000+09:00,400285,VS사업부_Production R&D,1,5,True,"219,220,223"
99749,LG전자,2025 하반기 산학장학생 채용,2025-09-22T11:00:00.000+09:00,400286,ES사업부_Software R&D,1,12,True,"170,227,219,220,216"
99749,LG전자,2025 하반기 산학장학생 채용,2025-09-22T11:00:00.000+09:00,400287,ES사업부_Hardware R&D,1,12,True,"227,229,219,220,216,217"
99749,LG전자,2025 하반기 산학장학생 채용,2025-09-22T11:00:00.000+09:00,400288,ES사업부_Material R&D,1,15,True,"226,229,230,231,234,216,217,218"
99749,LG전자,2025 하반기 산학장학생 채용,2025-09-22T11:00:00.000+09:00,400289,ES사업부_Mechanical R&D,1,17,True,"170,219,220"
99749,LG전자,2025 하반기 산학장학생 채용,2025-09-22T11:00:00.000+09:00,400290,ES사업부_Production R&D,1,4,True,"219,220,223"
99749,LG전자,2025 하반기 산학장학생 채용,2025-09-22T11:00:00.000+09:00,400291,CTO부문_SW_Security,1,23,True,"164,165,166,170"
99749,LG전자,2025 하반기 산학장학생 채용,2025-09-22T11:00:00.000+09:00,400292,생산기술원_Software R&D,1,34,True,"170,227,219,220,216"
99749,LG전자,2025 하반기 산학장학생 채용,2025-09-22T11:00:00.000+09:00,400293,생산기술원_Hardware R&D,1,29,True,"227,229,219,220,216,217"
99749,LG전자,2025 하반기 산학장학생 채용,2025-09-22T11:00:00.000+09:00,400294,생산기술원_Material R&D,1,67,True,"226,229,230,231,234,216,217,218"
99749,LG전자,2025 하반기 산학장학생 채용,2025-09-22T11:00:00.000+09:00,400295,생산기술원_Mechanical R&D,1,27,True,"170,219,220"
99749,LG전자,2025 하반기 산학장학생 채용,2025-09-22T11:00:00.000+09:00,400296,생산기술원_Production R&D,1,28,True,"219,220,223"
99751,LG CNS,2025 하반기 신입사원 채용,2025-09-18T18:00:00.000+09:00,399845,AI,1,735,True,167
99751,LG CNS,2025 하반기 신입사원 채용,2025-09-18T18:00:00.000+09:00,399846,Robotics,1,357,True,"180,167,227,228,163,216"
99751,LG CNS,2025 하반기 신입사원 채용,2025-09-18T18:00:00.000+09:00,399847,Consulting,1,729,True,"113,253,103"
99751,LG CNS,2025 하반기 신입사원 채용,2025-09-18T18:00:00.000+09:00,399848,Cloud Application Modernization,1,285,True,"172,173,174,167,161"
99751,LG CNS,2025 하반기 신입사원 채용,2025-09-18T18:00:00.000+09:00,399849,DX Engineer,1,1400,True,"175,176,162"
99751,LG CNS,2025 하반기 신입사원 채용,2025-09-18T18:00:00.000+09:00,399850,Architecture,1,262,True,"166,170"
99751,LG CNS,2025 하반기 신입사원 채용,2025-09-18T18:00:00.000+09:00,399851,Smart Factory,1,537,True,"167,170,187,188,183"
99751,LG CNS,2025 하반기 신입사원 채용,2025-09-18T18:00:00.000+09:00,399852,Smart Logistics ,1,280,True,"150,167,145"
99751,LG CNS,2025 하반기 신입사원 채용,2025-09-18T18:00:00.000+09:00,399853,ERP,1,279,True,170
99759,포스코,2025년 하반기 대졸 신입사원 채용,2025-09-17T15:00:00.000+09:00,399886,생산기술,1,1360,True,"187,185,183"
99759,포스코,2025년 하반기 대졸 신입사원 채용,2025-09-17T15:00:00.000+09:00,399887,설비기술,1,1398,True,185
99759,포스코,2025년 하반기 대졸 신입사원 채용,2025-09-17T15:00:00.000+09:00,399888,공정기술,1,541,True,"187,188,189,190,183"
99759,포스코,2025년 하반기 대졸 신입사원 채용,2025-09-17T15:00:00.000+09:00,399889,마케팅,1,1106,True,"137,132"
99759,포스코,2025년 하반기 대졸 신입사원 채용,2025-09-17T15:00:00.000+09:00,399890,구매(원료),1,468,True,"157,158,159,147"
99759,포스코,2025년 하반기 대졸 신입사원 채용,2025-09-17T15:00:00.000+09:00,400238,구매(설비자재),1,206,True,"157,158,159,147"
99759,포스코,2025년 하반기 대졸 신입사원 채용,2025-09-17T15:00:00.000+09:00,400239,구매(협력계약),1,150,True,"157,158,159,147"
99759,포스코,2025년 하반기 대졸 신입사원 채용,2025-09-17T15:00:00.000+09:00,399891,재무,1,331,True,"122,123,124,125,126,105"
99759,포스코,2025년 하반기 대졸 신입사원 채용,2025-09-17T15:00:00.000+09:00,399892,HR / 총무,1,479,True,"115,116,117,118,119,120,121,128,104,107"
99760,KB국민은행,2025년 하반기 신입행원 채용,2025-09-09T18:00:00.000+09:00,399893,UB_기업고객금융/고객자산관리,1,3493,True,"109,106,127,201,211,214,103,107"
99760,KB국민은행,2025년 하반기 신입행원 채용,2025-09-09T18:00:00.000+09:00,399894,UB_지역인재(부산/울산/경남),1,438,True,"109,106,127,201,211,214,103,107"
99760,KB국민은행,2025년 하반기 신입행원 채용,2025-09-09T18:00:00.000+09:00,399895,UB_지역인재(대구/경북),1,209,True,"109,106,127,201,211,214,103,107"
99760,KB국민은행,2025년 하반기 신입행원 채용,2025-09-09T18:00:00.000+09:00,399896,UB_지역인재(대전/세종/충청),1,208,True,"109,106,127,201,211,214,103,107"
99760,KB국민은행,2025년 하반기 신입행원 채용,2025-09-09T18:00:00.000+09:00,399897,UB_지역인재(광주/호남),1,222,True,"109,106,127,201,211,214,103,107"
99760,KB국민은행,2025년 하반기 신입행원 채용,2025-09-09T18:00:00.000+09:00,399898,UB_지역인재(강원),1,78,True,"109,106,127,201,211,214,103,107"
99760,KB국민은행,2025년 하반기 신입행원 채용,2025-09-09T18:00:00.000+09:00,399899,UB_지역인재(제주),1,37,True,"109,106,127,201,211,214,103,107"
99760,KB국민은행,2025년 하반기 신입행원 채용,2025-09-09T18:00:00.000+09:00,399900,전역장교,1,149,True,"109,106,127,201,211,214,103,107"
99760,KB국민은행,2025년 하반기 신입행원 채용,2025-09-09T18:00:00.000+09:00,399901,공인회계사(KICPA),1,75,True,256
99760,KB국민은행,2025년 하반기 신입행원 채용,2025-09-09T18:00:00.000+09:00,399902,IT,1,1290,True,"175,176,177,178,164,165,166,162"
99760,KB국민은행,2025년 하반기 신입행원 채용,2025-09-09T18:00:00.000+09:00,399903,IT_플랫폼개발,1,1197,True,"172,173,174,166,161"
99760,KB국민은행,2025년 하반기 신입행원 채용,2025-09-09T18:00:00.000+09:00,399904,보훈,1,22,True,"109,106,127,201,211,214,103,107"
99760,KB국민은행,2025년 하반기 신입행원 채용,2025-09-09T18:00:00.000+09:00,399905,특성화고,1,25,True,"109,106,127,201,211,214,103,107"
99768,DB그룹,2025년 하반기 신입사원 공개채용,2025-10-10T17:00:00.000+09:00,399915,[DB손해보험]영업관리,1,1069,True,197
99768,DB그룹,2025년 하반기 신입사원 공개채용,2025-10-10T17:00:00.000+09:00,399916,[DB손해보험]보상관리,1,235,True,212
99768,DB그룹,2025년 하반기 신입사원 공개채용,2025-10-10T17:00:00.000+09:00,399917,"[DB손해보험]상품업무, U/W",1,207,True,212
99768,DB그룹,2025년 하반기 신입사원 공개채용,2025-10-10T17:00:00.000+09:00,399918,"[DB손해보험]자산운용, 리스크관리",1,276,True,211
99768,DB그룹,2025년 하반기 신입사원 공개채용,2025-10-10T17:00:00.000+09:00,399919,[DB손해보험]경영지원,1,771,True,"106,137,132"
99768,DB그룹,2025년 하반기 신입사원 공개채용,2025-10-10T17:00:00.000+09:00,399920,[DB생명]종합직,1,377,True,"137,201,132"
99768,DB그룹,2025년 하반기 신입사원 공개채용,2025-10-10T17:00:00.000+09:00,399921,[DB생명]상품계리,1,121,True,212
99768,DB그룹,2025년 하반기 신입사원 공개채용,2025-10-10T17:00:00.000+09:00,399922,[DB생명]자산운용,1,153,True,211
99768,DB그룹,2025년 하반기 신입사원 공개채용,2025-10-10T17:00:00.000+09:00,399923,[DB생명]IT,1,486,True,166
99768,DB그룹,2025년 하반기 신입사원 공개채용,2025-10-10T17:00:00.000+09:00,399924,[DB생명]AI,1,378,True,167
99768,DB그룹,2025년 하반기 신입사원 공개채용,2025-10-10T17:00:00.000+09:00,399925,[DB증권]본사영업,1,389,True,"196,201"
99768,DB그룹,2025년 하반기 신입사원 공개채용,2025-10-10T17:00:00.000+09:00,399926,[DB증권]리서치,1,137,True,253
99768,DB그룹,2025년 하반기 신입사원 공개채용,2025-10-10T17:00:00.000+09:00,399927,[DB증권]본사관리,1,184,True,"210,211"
99768,DB그룹,2025년 하반기 신입사원 공개채용,2025-10-10T17:00:00.000+09:00,399928,[DB증권]IT,1,534,True,171
99768,DB그룹,2025년 하반기 신입사원 공개채용,2025-10-10T17:00:00.000+09:00,399929,[DB자산운용]글로벌펀드 운용,1,76,True,211
99768,DB그룹,2025년 하반기 신입사원 공개채용,2025-10-10T17:00:00.000+09:00,399930,[DB자산운용]상품관리,1,135,True,"212,213"
99768,DB그룹,2025년 하반기 신입사원 공개채용,2025-10-10T17:00:00.000+09:00,399931,[DB자산운용]재무회계,1,340,True,"122,106,105"
99768,DB그룹,2025년 하반기 신입사원 공개채용,2025-10-10T17:00:00.000+09:00,399932,[DB저축은행]기업금융,1,240,True,"196,201"
99768,DB그룹,2025년 하반기 신입사원 공개채용,2025-10-10T17:00:00.000+09:00,399933,[DB저축은행]경영지원,1,385,True,"115,122,104,105"
99768,DB그룹,2025년 하반기 신입사원 공개채용,2025-10-10T17:00:00.000+09:00,399934,[DB캐피탈]기업금융,1,206,True,"212,213"
99768,DB그룹,2025년 하반기 신입사원 공개채용,2025-10-10T17:00:00.000+09:00,399935,[DB Inc.]S/W엔지니어(보험·금융계열사),1,467,True,170
99768,DB그룹,2025년 하반기 신입사원 공개채용,2025-10-10T17:00:00.000+09:00,399936,[DB Inc.]S/W엔지니어(대외 프로젝트),1,279,True,170
99768,DB그룹,2025년 하반기 신입사원 공개채용,2025-10-10T17:00:00.000+09:00,399937,[DB Inc.]S/W엔지니어(DX),1,390,True,170
99768,DB그룹,2025년 하반기 신입사원 공개채용,2025-10-10T17:00:00.000+09:00,399938,[DB Inc.]Infra엔지니어(보험·금융계열사),1,129,True,"166,170"
99768,DB그룹,2025년 하반기 신입사원 공개채용,2025-10-10T17:00:00.000+09:00,399939,[DB Inc.]Infra엔지니어(정보보안),1,84,True,"166,170"
99768,DB그룹,2025년 하반기 신입사원 공개채용,2025-10-10T17:00:00.000+09:00,399940,[DB Inc.]Infra엔지니어(제조계열사),1,68,True,"166,170"
99768,DB그룹,2025년 하반기 신입사원 공개채용,2025-10-10T17:00:00.000+09:00,399941,[DB Inc.]EPC 사업관리,1,124,True,"230,217"
99768,DB그룹,2025년 하반기 신입사원 공개채용,2025-10-10T17:00:00.000+09:00,399942,[DB Inc.]IDC 시설관리,1,190,True,"185,186"
99768,DB그룹,2025년 하반기 신입사원 공개채용,2025-10-10T17:00:00.000+09:00,399943,[DB하이텍]기술기획,1,217,True,221
99768,DB그룹,2025년 하반기 신입사원 공개채용,2025-10-10T17:00:00.000+09:00,399944,[DB하이텍]소자,1,253,True,220
99768,DB그룹,2025년 하반기 신입사원 공개채용,2025-10-10T17:00:00.000+09:00,399945,[DB하이텍]PDK,1,167,True,"165,220"
99768,DB그룹,2025년 하반기 신입사원 공개채용,2025-10-10T17:00:00.000+09:00,399946,[DB하이텍]설계,1,256,True,219
99768,DB그룹,2025년 하반기 신입사원 공개채용,2025-10-10T17:00:00.000+09:00,399947,[DB하이텍]공정기술,1,1598,True,"188,183"
99768,DB그룹,2025년 하반기 신입사원 공개채용,2025-10-10T17:00:00.000+09:00,399948,[DB하이텍]구매,1,464,True,"157,147"
99769,한화시스템/방산부문,2025년 하반기 학/석사 신입사원 채용,2025-09-17T15:00:00.000+09:00,399949,System Engineering,1,469,True,"175,176,177,178,164,165,162"
99769,한화시스템/방산부문,2025년 하반기 학/석사 신입사원 채용,2025-09-17T15:00:00.000+09:00,399950,HW,1,709,True,"175,176,177,178,164,165,169,162"
99769,한화시스템/방산부문,2025년 하반기 학/석사 신입사원 채용,2025-09-17T15:00:00.000+09:00,399951,SW,1,679,True,"175,176,177,178,164,165,170,162"
99769,한화시스템/방산부문,2025년 하반기 학/석사 신입사원 채용,2025-09-17T15:00:00.000+09:00,399952,기계,1,896,True,205
99769,한화시스템/방산부문,2025년 하반기 학/석사 신입사원 채용,2025-09-17T15:00:00.000+09:00,399953,전원,1,180,True,205
99769,한화시스템/방산부문,2025년 하반기 학/석사 신입사원 채용,2025-09-17T15:00:00.000+09:00,399954,광학,1,61,True,205
99769,한화시스템/방산부문,2025년 하반기 학/석사 신입사원 채용,2025-09-17T15:00:00.000+09:00,399955,영업,1,630,True,"154,155,156,197,146"
99769,한화시스템/방산부문,2025년 하반기 학/석사 신입사원 채용,2025-09-17T15:00:00.000+09:00,399956,HR,1,481,True,"115,116,117,118,119,120,121,104"
99769,한화시스템/방산부문,2025년 하반기 학/석사 신입사원 채용,2025-09-17T15:00:00.000+09:00,399957,기획,1,407,True,"109,110,111,112,113,114,103"
99769,한화시스템/방산부문,2025년 하반기 학/석사 신입사원 채용,2025-09-17T15:00:00.000+09:00,399958,재무,1,360,True,"122,123,124,125,126,105"
99770,금호석유화학그룹,2025 하반기 신입사원 공개채용,2025-09-12T17:00:00.000+09:00,399959,IR_금호석유화학,1,141,True,"124,105"
99770,금호석유화학그룹,2025 하반기 신입사원 공개채용,2025-09-12T17:00:00.000+09:00,399960,물류_금호석유화학,1,235,True,"150,145"
99770,금호석유화학그룹,2025 하반기 신입사원 공개채용,2025-09-12T17:00:00.000+09:00,399961,물류_금호미쓰이화학,1,99,True,"150,145"
99770,금호석유화학그룹,2025 하반기 신입사원 공개채용,2025-09-12T17:00:00.000+09:00,399962,인사/총무_금호미쓰이화학,1,513,True,"115,128,104,107"
99770,금호석유화학그룹,2025 하반기 신입사원 공개채용,2025-09-12T17:00:00.000+09:00,399963,기획_금호폴리켐,1,251,True,"109,110,103"
99770,금호석유화학그룹,2025 하반기 신입사원 공개채용,2025-09-12T17:00:00.000+09:00,399964,재무회계_금호석유화학,1,416,True,"122,106,105"
99770,금호석유화학그룹,2025 하반기 신입사원 공개채용,2025-09-12T17:00:00.000+09:00,399965,시스템 관리_금호석유화학,1,374,True,"164,170"
99770,금호석유화학그룹,2025 하반기 신입사원 공개채용,2025-09-12T17:00:00.000+09:00,399966,정보보안_금호석유화학,1,94,True,166
99770,금호석유화학그룹,2025 하반기 신입사원 공개채용,2025-09-12T17:00:00.000+09:00,399967,해외영업_금호석유화학,1,554,True,"154,146"
99770,금호석유화학그룹,2025 하반기 신입사원 공개채용,2025-09-12T17:00:00.000+09:00,399968,국내영업_금호석유화학,1,261,True,194
99770,금호석유화학그룹,2025 하반기 신입사원 공개채용,2025-09-12T17:00:00.000+09:00,399969,생산_금호석유화학(울산),1,407,True,"187,185,183"
99770,금호석유화학그룹,2025 하반기 신입사원 공개채용,2025-09-12T17:00:00.000+09:00,399970,생산_금호석유화학(여수),1,221,True,"187,185,183"
99770,금호석유화학그룹,2025 하반기 신입사원 공개채용,2025-09-12T17:00:00.000+09:00,399971,생산_금호피앤비화학,1,53,True,"187,185,183"
99770,금호석유화학그룹,2025 하반기 신입사원 공개채용,2025-09-12T17:00:00.000+09:00,399972,생산_금호미쓰이화학,1,56,True,"187,185,183"
99770,금호석유화학그룹,2025 하반기 신입사원 공개채용,2025-09-12T17:00:00.000+09:00,399973,품질_금호석유화학,1,264,True,"189,183"
99770,금호석유화학그룹,2025 하반기 신입사원 공개채용,2025-09-12T17:00:00.000+09:00,399974,환경_금호석유호학,1,159,True,"192,184"
99770,금호석유화학그룹,2025 하반기 신입사원 공개채용,2025-09-12T17:00:00.000+09:00,399975,안전_금호폴리켐,1,205,True,"191,184"
99770,금호석유화학그룹,2025 하반기 신입사원 공개채용,2025-09-12T17:00:00.000+09:00,399976,설비(기계)_금호석유화학(울산),1,243,True,"185,205"
99770,금호석유화학그룹,2025 하반기 신입사원 공개채용,2025-09-12T17:00:00.000+09:00,399977,설비(기계)_금호석유화학(여수),1,120,True,"185,205"
99770,금호석유화학그룹,2025 하반기 신입사원 공개채용,2025-09-12T17:00:00.000+09:00,399978,설비(기계)_금호폴리켐,1,47,True,"185,205"
99770,금호석유화학그룹,2025 하반기 신입사원 공개채용,2025-09-12T17:00:00.000+09:00,399979,고무 연구개발(Solution)_금호석유호학,1,153,True,"229,233,217"
99770,금호석유화학그룹,2025 하반기 신입사원 공개채용,2025-09-12T17:00:00.000+09:00,399980,수지 연구개발(수지종합)_금호석유화학,1,72,True,"229,233,217"
99770,금호석유화학그룹,2025 하반기 신입사원 공개채용,2025-09-12T17:00:00.000+09:00,399981,수지 연구개발(수지 Comp.)_금호석유화학,1,80,True,"229,233,217"
99770,금호석유화학그룹,2025 하반기 신입사원 공개채용,2025-09-12T17:00:00.000+09:00,399982,라텍스 연구개발(Emulsion)_금호석유화학,1,50,True,"229,233,217"
99770,금호석유화학그룹,2025 하반기 신입사원 공개채용,2025-09-12T17:00:00.000+09:00,399983,신소재연구/수지개발_금호피앤비화학,1,56,True,"229,233,217"
99770,금호석유화학그룹,2025 하반기 신입사원 공개채용,2025-09-12T17:00:00.000+09:00,399984,신소재 재료 및 부품 개발_금호폴리켐,1,27,True,"229,233,217"
99770,금호석유화학그룹,2025 하반기 신입사원 공개채용,2025-09-12T17:00:00.000+09:00,399985,고객기술지원_금호폴리켐,1,18,True,"186,200,253"
99771,HL그룹,2025 하반기 신입사원 채용,2025-09-21T23:59:00.000+09:00,399986,[HL홀딩스]물류,1,458,True,"150,145"
99771,HL그룹,2025 하반기 신입사원 채용,2025-09-21T23:59:00.000+09:00,399987,[HL홀딩스]해외영업,1,589,True,"154,146"
99771,HL그룹,2025 하반기 신입사원 채용,2025-09-21T23:59:00.000+09:00,399988,[HL홀딩스]IT,1,921,True,"166,170"
99771,HL그룹,2025 하반기 신입사원 채용,2025-09-21T23:59:00.000+09:00,399989,[HL홀딩스]경영지원,1,626,True,"127,128,107"
99771,HL그룹,2025 하반기 신입사원 채용,2025-09-21T23:59:00.000+09:00,399990,[HL디앤아이한라]건축,1,349,True,207
99771,HL그룹,2025 하반기 신입사원 채용,2025-09-21T23:59:00.000+09:00,399991,[HL디앤아이한라]전기,1,226,True,204
99771,HL그룹,2025 하반기 신입사원 채용,2025-09-21T23:59:00.000+09:00,399992,[HL디앤아이한라]설비,1,150,True,205
99771,HL그룹,2025 하반기 신입사원 채용,2025-09-21T23:59:00.000+09:00,402185,[HL디앤아이한라]토목,1,30,True,206
99771,HL그룹,2025 하반기 신입사원 채용,2025-09-21T23:59:00.000+09:00,399993,[HL디앤아이한라]개발,1,153,True,"207,209"
99771,HL그룹,2025 하반기 신입사원 채용,2025-09-21T23:59:00.000+09:00,399994,"[HL디앤아이한라]경영지원(회계, 기획, 현장관리, 인사)",1,262,True,"202,207"
99771,HL그룹,2025 하반기 신입사원 채용,2025-09-21T23:59:00.000+09:00,399995,[HL만도]R&D,1,1339,True,"226,227,220,216"
99771,HL그룹,2025 하반기 신입사원 채용,2025-09-21T23:59:00.000+09:00,399996,[HL만도]품질,1,715,True,"189,183"
99771,HL그룹,2025 하반기 신입사원 채용,2025-09-21T23:59:00.000+09:00,399997,[HL만도]생산,1,934,True,"187,183"
99771,HL그룹,2025 하반기 신입사원 채용,2025-09-21T23:59:00.000+09:00,399998,[HL만도]구매,1,348,True,"157,147"
99771,HL그룹,2025 하반기 신입사원 채용,2025-09-21T23:59:00.000+09:00,399999,[HL만도]영업/마케팅,1,661,True,"137,194,132"
99771,HL그룹,2025 하반기 신입사원 채용,2025-09-21T23:59:00.000+09:00,400000,[HL만도]회계/경영관리,1,384,True,"111,106,103"
99771,HL그룹,2025 하반기 신입사원 채용,2025-09-21T23:59:00.000+09:00,400001,[HL만도]HR,1,334,True,"115,118,104"
99771,HL그룹,2025 하반기 신입사원 채용,2025-09-21T23:59:00.000+09:00,400002,[HL클레무브]R&D,1,647,True,"226,227,220,216"
99771,HL그룹,2025 하반기 신입사원 채용,2025-09-21T23:59:00.000+09:00,400003,[HL클레무브]회계,1,237,True,106
99771,HL그룹,2025 하반기 신입사원 채용,2025-09-21T23:59:00.000+09:00,400004,[HL클레무브]HR,1,301,True,"115,118,104"
99771,HL그룹,2025 하반기 신입사원 채용,2025-09-21T23:59:00.000+09:00,400005,[HL클레무브]영업,1,243,True,194
99771,HL그룹,2025 하반기 신입사원 채용,2025-09-21T23:59:00.000+09:00,400006,[HL클레무브]구매,1,219,True,"157,147"
99771,HL그룹,2025 하반기 신입사원 채용,2025-09-21T23:59:00.000+09:00,400007,[만도브로제]R&D,1,301,True,"226,227,220,216"
99771,HL그룹,2025 하반기 신입사원 채용,2025-09-21T23:59:00.000+09:00,400008,[만도브로제]영업,1,96,True,194
99771,HL그룹,2025 하반기 신입사원 채용,2025-09-21T23:59:00.000+09:00,400009,[만도브로제]생산,1,235,True,"187,183"
99771,HL그룹,2025 하반기 신입사원 채용,2025-09-21T23:59:00.000+09:00,400010,[만도브로제]품질,1,217,True,"189,183"
99771,HL그룹,2025 하반기 신입사원 채용,2025-09-21T23:59:00.000+09:00,400011,[HL로보틱스]R&D(자율주행로봇 SW 개발),1,349,True,"167,170,227,220,216"
99771,HL그룹,2025 하반기 신입사원 채용,2025-09-21T23:59:00.000+09:00,400439,[HL로보틱스]R&D(자율주행로봇 HW 개발),1,240,True,"167,169,227,220,216"
99773,한화시스템/ICT,2025년 하반기 신입사원 채용,2025-09-28T23:59:00.000+09:00,400013,서비스 개발・운영,1,1664,True,"175,176,177,178,164,165,162"
99773,한화시스템/ICT,2025년 하반기 신입사원 채용,2025-09-28T23:59:00.000+09:00,400014,인프라 구축・운영,1,493,True,"175,176,177,178,164,165,166,162"
99773,한화시스템/ICT,2025년 하반기 신입사원 채용,2025-09-28T23:59:00.000+09:00,400015,AI 엔지니어,1,378,True,167
99773,한화시스템/ICT,2025년 하반기 신입사원 채용,2025-09-28T23:59:00.000+09:00,400016,정보 보안,1,150,True,166
99773,한화시스템/ICT,2025년 하반기 신입사원 채용,2025-09-28T23:59:00.000+09:00,400017,재무/회계,1,515,True,"122,123,124,125,126,106,105"
99773,한화시스템/ICT,2025년 하반기 신입사원 채용,2025-09-28T23:59:00.000+09:00,400018,구매,1,439,True,"157,147"
99773,한화시스템/ICT,2025년 하반기 신입사원 채용,2025-09-28T23:59:00.000+09:00,400019,전략기획,1,778,True,"109,110,111,112,113,114,103"
99777,롯데케미칼,2025년 9월 신입사원 채용 일반전형,2025-09-16T23:00:00.000+09:00,400038,재무,1,203,True,"122,125,126,106,105"
99777,롯데케미칼,2025년 9월 신입사원 채용 일반전형,2025-09-16T23:00:00.000+09:00,400702,회계,1,189,True,"122,106,105"
99777,롯데케미칼,2025년 9월 신입사원 채용 일반전형,2025-09-16T23:00:00.000+09:00,400703,관세,1,83,True,"122,123,106,153,105,145"
99777,롯데케미칼,2025년 9월 신입사원 채용 일반전형,2025-09-16T23:00:00.000+09:00,400039,DT,1,574,True,"179,180,182,167,163"
99777,롯데케미칼,2025년 9월 신입사원 채용 일반전형,2025-09-16T23:00:00.000+09:00,400040,AI,1,138,True,"167,170"
99777,롯데케미칼,2025년 9월 신입사원 채용 일반전형,2025-09-16T23:00:00.000+09:00,400041,상품기획,1,115,True,"137,138,139,194,197,132"
99777,롯데케미칼,2025년 9월 신입사원 채용 일반전형,2025-09-16T23:00:00.000+09:00,400042,영업관리,1,316,True,"154,194,196,197,146"
99777,롯데케미칼,2025년 9월 신입사원 채용 일반전형,2025-09-16T23:00:00.000+09:00,400043,AD(기술영업),1,105,True,"154,194,196,197,146"
99777,롯데케미칼,2025년 9월 신입사원 채용 일반전형,2025-09-16T23:00:00.000+09:00,400044,연구개발,1,318,True,"229,217"
99777,롯데케미칼,2025년 9월 신입사원 채용 일반전형,2025-09-16T23:00:00.000+09:00,400045,생산관리,1,449,True,"187,188,189,190,183"
99777,롯데케미칼,2025년 9월 신입사원 채용 일반전형,2025-09-16T23:00:00.000+09:00,400046,품질관리,1,248,True,"188,189,191,192,193,183,184"
99777,롯데케미칼,2025년 9월 신입사원 채용 일반전형,2025-09-16T23:00:00.000+09:00,400047,SCM,1,217,True,"150,152,145"
99777,롯데케미칼,2025년 9월 신입사원 채용 일반전형,2025-09-16T23:00:00.000+09:00,400274,소재디자인,3,29,True,"243,246,238,237"
99778,두산 사업부문,2025년 하반기 신입사원·채용연계형 인턴·산학장학생 채용,2025-09-19T18:00:00.000+09:00,400048,[두산VCC]재무,1,356,True,"122,105"
99778,두산 사업부문,2025년 하반기 신입사원·채용연계형 인턴·산학장학생 채용,2025-09-19T18:00:00.000+09:00,400049,[두산VCC]회계,1,413,True,106
99778,두산 사업부문,2025년 하반기 신입사원·채용연계형 인턴·산학장학생 채용,2025-09-19T18:00:00.000+09:00,400050,[두산VCC]AI 전략기획 및 개발,1,384,True,"112,167,103"
99778,두산 사업부문,2025년 하반기 신입사원·채용연계형 인턴·산학장학생 채용,2025-09-19T18:00:00.000+09:00,400051,[두산VCC]HR,1,655,True,"115,118,104"
99778,두산 사업부문,2025년 하반기 신입사원·채용연계형 인턴·산학장학생 채용,2025-09-19T18:00:00.000+09:00,400052,[두산전자]R&D(제품개발),1,165,True,"229,220,217"
99778,두산 사업부문,2025년 하반기 신입사원·채용연계형 인턴·산학장학생 채용,2025-09-19T18:00:00.000+09:00,400053,[두산전자]R&D(연구개발),1,263,True,221
99778,두산 사업부문,2025년 하반기 신입사원·채용연계형 인턴·산학장학생 채용,2025-09-19T18:00:00.000+09:00,400054,[두산전자]생산/생산기술,1,903,True,"187,188,183"
99778,두산 사업부문,2025년 하반기 신입사원·채용연계형 인턴·산학장학생 채용,2025-09-19T18:00:00.000+09:00,400055,[두산전자]품질,1,512,True,"189,183"
99778,두산 사업부문,2025년 하반기 신입사원·채용연계형 인턴·산학장학생 채용,2025-09-19T18:00:00.000+09:00,400056,[두산전자]영업/마케팅,1,806,True,"194,197"
99778,두산 사업부문,2025년 하반기 신입사원·채용연계형 인턴·산학장학생 채용,2025-09-19T18:00:00.000+09:00,400057,[두산전자]FA,1,89,True,"109,122,103,105"
99778,두산 사업부문,2025년 하반기 신입사원·채용연계형 인턴·산학장학생 채용,2025-09-19T18:00:00.000+09:00,400058,[두산전자]전략,1,248,True,"110,112,103"
99778,두산 사업부문,2025년 하반기 신입사원·채용연계형 인턴·산학장학생 채용,2025-09-19T18:00:00.000+09:00,400059,[두산전자]AI,1,243,True,"180,167,163"
99778,두산 사업부문,2025년 하반기 신입사원·채용연계형 인턴·산학장학생 채용,2025-09-19T18:00:00.000+09:00,400060,[두산디지털이노베이션]AI,3,431,True,"110,180,167,103,163"
99778,두산 사업부문,2025년 하반기 신입사원·채용연계형 인턴·산학장학생 채용,2025-09-19T18:00:00.000+09:00,400061,[두산전자]R&D(제품개발),1,46,True,"229,220,217"
99778,두산 사업부문,2025년 하반기 신입사원·채용연계형 인턴·산학장학생 채용,2025-09-19T18:00:00.000+09:00,400062,[두산전자]R&D(연구개발),1,68,True,221
99778,두산 사업부문,2025년 하반기 신입사원·채용연계형 인턴·산학장학생 채용,2025-09-19T18:00:00.000+09:00,400063,[두산전자]AI,1,117,True,"180,167,163"
99781,포스코인터내셔널,2025 하반기 신입사원 채용,2025-09-17T15:00:00.000+09:00,400073,전력거래,1,259,True,"157,220,147"
99781,포스코인터내셔널,2025 하반기 신입사원 채용,2025-09-17T15:00:00.000+09:00,400074,LNG사업,1,278,True,"157,147"
99781,포스코인터내셔널,2025 하반기 신입사원 채용,2025-09-17T15:00:00.000+09:00,400075,계전엔지니어,1,208,True,"186,204,205"
99781,포스코인터내셔널,2025 하반기 신입사원 채용,2025-09-17T15:00:00.000+09:00,400076,기계엔지니어,1,242,True,"186,205"
99781,포스코인터내셔널,2025 하반기 신입사원 채용,2025-09-17T15:00:00.000+09:00,400077,영업,1,694,True,"154,194,146"
99781,포스코인터내셔널,2025 하반기 신입사원 채용,2025-09-17T15:00:00.000+09:00,400078,탐사평가,1,17,True,"231,224,217"
99781,포스코인터내셔널,2025 하반기 신입사원 채용,2025-09-17T15:00:00.000+09:00,400079,저류평가,1,33,True,"229,230,217"
99781,포스코인터내셔널,2025 하반기 신입사원 채용,2025-09-17T15:00:00.000+09:00,400080,생산평가,1,148,True,"187,227,229,183,216,217"
99781,포스코인터내셔널,2025 하반기 신입사원 채용,2025-09-17T15:00:00.000+09:00,400081,자원경제,1,38,True,"187,231,233,183,217"
99781,포스코인터내셔널,2025 하반기 신입사원 채용,2025-09-17T15:00:00.000+09:00,400082,가스생산설비엔지니어,1,14,True,"229,219,217"
99781,포스코인터내셔널,2025 하반기 신입사원 채용,2025-09-17T15:00:00.000+09:00,400083,시추엔지니어,1,16,True,"186,202,205"
99784,LG생활건강,2025년 마케팅/영업/R&D 신입 채용,2025-09-15T23:00:00.000+09:00,400108,브랜드마케팅 (화장품),1,695,True,"134,132"
99784,LG생활건강,2025년 마케팅/영업/R&D 신입 채용,2025-09-15T23:00:00.000+09:00,400190,브랜드마케팅 (생활용품),1,651,True,"134,132"
99784,LG생활건강,2025년 마케팅/영업/R&D 신입 채용,2025-09-15T23:00:00.000+09:00,400109,영업관리 (화장품),1,577,True,197
99784,LG생활건강,2025년 마케팅/영업/R&D 신입 채용,2025-09-15T23:00:00.000+09:00,400191,영업관리 (생활용품),1,609,True,197
99784,LG생활건강,2025년 마케팅/영업/R&D 신입 채용,2025-09-15T23:00:00.000+09:00,400110,Skin Longevity 연구,1,94,True,"232,217"
99784,LG생활건강,2025년 마케팅/영업/R&D 신입 채용,2025-09-15T23:00:00.000+09:00,400111,탈모/두피 연구,1,81,True,"232,217"
99784,LG생활건강,2025년 마케팅/영업/R&D 신입 채용,2025-09-15T23:00:00.000+09:00,400112,Beauty Device 연구,1,64,True,"232,217"
99785,현대위아,"신입, 연구장학생 ,경력 모집",2025-09-15T10:00:00.000+09:00,400113,"대졸_해석/시험_시스템 성능평가, 내구/신뢰성·시험법 개발",1,326,True,220
99785,현대위아,"신입, 연구장학생 ,경력 모집",2025-09-15T10:00:00.000+09:00,400114,대졸_해석/시험_열관리 공조시스템 시험,1,122,True,"226,216"
99785,현대위아,"신입, 연구장학생 ,경력 모집",2025-09-15T10:00:00.000+09:00,400115,대졸_해석/시험_열관리 공조시스템(1D) 선행해석/검증,1,51,True,220
99785,현대위아,"신입, 연구장학생 ,경력 모집",2025-09-15T10:00:00.000+09:00,400240,대졸_해석/시험_열관리 공조시스템(3D) 구조해석/검증,1,63,True,220
99785,현대위아,"신입, 연구장학생 ,경력 모집",2025-09-15T10:00:00.000+09:00,400242,대졸_설계/제어_냉각수/냉매 모듈 개발,1,87,True,220
99785,현대위아,"신입, 연구장학생 ,경력 모집",2025-09-15T10:00:00.000+09:00,400243,대졸_설계/제어_HVAC/쿨링모듈 시스템 열교환기 개발,1,111,True,220
99785,현대위아,"신입, 연구장학생 ,경력 모집",2025-09-15T10:00:00.000+09:00,400244,대졸_연구지원_공조시스템 설계원가 분석,1,112,True,"226,216"
99785,현대위아,"신입, 연구장학생 ,경력 모집",2025-09-15T10:00:00.000+09:00,400245,대졸_구동개발_모빌리티 부품 선행개발,1,298,True,220
99785,현대위아,"신입, 연구장학생 ,경력 모집",2025-09-15T10:00:00.000+09:00,400246,대졸_구동개발_구동부품 평가검증·TDP개발,1,167,True,"226,216"
99785,현대위아,"신입, 연구장학생 ,경력 모집",2025-09-15T10:00:00.000+09:00,400247,대졸_샤시개발_등속조인트 설계,1,230,True,220
99785,현대위아,"신입, 연구장학생 ,경력 모집",2025-09-15T10:00:00.000+09:00,400248,대졸_샤시개발_샤시부품 평가,1,165,True,220
99785,현대위아,"신입, 연구장학생 ,경력 모집",2025-09-15T10:00:00.000+09:00,400249,대졸_샤시개발_차량부품 재료 시험평가·개발,1,420,True,"226,216"
99785,현대위아,"신입, 연구장학생 ,경력 모집",2025-09-15T10:00:00.000+09:00,400250,대졸_제어 SW·검증_구동/샤시 시스템  제어 SW 개발,1,127,True,"226,216"
99785,현대위아,"신입, 연구장학생 ,경력 모집",2025-09-15T10:00:00.000+09:00,400251,대졸_제어 SW·검증_제어 검증,1,528,True,220
99785,현대위아,"신입, 연구장학생 ,경력 모집",2025-09-15T10:00:00.000+09:00,400252,대졸_제어 SW·검증_차량 성능 튜닝 및  평가,1,190,True,"226,216"
99785,현대위아,"신입, 연구장학생 ,경력 모집",2025-09-15T10:00:00.000+09:00,400253,대졸_특수개발_무기체계 기계 설계,1,247,True,219
99785,현대위아,"신입, 연구장학생 ,경력 모집",2025-09-15T10:00:00.000+09:00,400254,대졸_특수개발_무기체계 제어 SW 설계,1,158,True,"226,216"
99785,현대위아,"신입, 연구장학생 ,경력 모집",2025-09-15T10:00:00.000+09:00,400116,"연구장학생_TMS(열관리, 공조) 설계 및 제어",1,18,True,220
99785,현대위아,"신입, 연구장학생 ,경력 모집",2025-09-15T10:00:00.000+09:00,400233,"연구장학생_TMS(열관리, 공조) 해석 및 시험",1,13,True,220
99785,현대위아,"신입, 연구장학생 ,경력 모집",2025-09-15T10:00:00.000+09:00,400117,연구장학생_차량부품연구 설계 및 제어,1,27,True,"226,216"
99785,현대위아,"신입, 연구장학생 ,경력 모집",2025-09-15T10:00:00.000+09:00,400234,연구장학생_차량부품연구 해석 및 시험,1,18,True,"226,216"
99785,현대위아,"신입, 연구장학생 ,경력 모집",2025-09-15T10:00:00.000+09:00,400118,연구장학생_모빌리티솔루션 스마트팩토리,1,15,True,220
99785,현대위아,"신입, 연구장학생 ,경력 모집",2025-09-15T10:00:00.000+09:00,400235,연구장학생_모빌리티솔루션 로봇 제어,1,11,True,220
99785,현대위아,"신입, 연구장학생 ,경력 모집",2025-09-15T10:00:00.000+09:00,400119,연구장학생_방위산업 설계 및 제어,1,10,True,224
99785,현대위아,"신입, 연구장학생 ,경력 모집",2025-09-15T10:00:00.000+09:00,400236,연구장학생_방위산업 해석,1,8,True,224
99785,현대위아,"신입, 연구장학생 ,경력 모집",2025-09-15T10:00:00.000+09:00,400237,연구장학생_방위산업 기타,1,3,True,224
99785,현대위아,"신입, 연구장학생 ,경력 모집",2025-09-15T10:00:00.000+09:00,400120,TMS 설계/제어_HVAC 모듈 설계,2,13,True,"109,111,103"
99785,현대위아,"신입, 연구장학생 ,경력 모집",2025-09-15T10:00:00.000+09:00,400258,TMS 설계/제어_열관리 제어기 HW개발,2,11,True,220
99785,현대위아,"신입, 연구장학생 ,경력 모집",2025-09-15T10:00:00.000+09:00,400259,TMS 설계/제어_열관리 제어기 SW 개발,2,5,True,220
99785,현대위아,"신입, 연구장학생 ,경력 모집",2025-09-15T10:00:00.000+09:00,400260,TMS 설계/제어_열관리 제어기 전장/기구 개발,2,3,True,220
99785,현대위아,"신입, 연구장학생 ,경력 모집",2025-09-15T10:00:00.000+09:00,400261,TMS 설계/제어_전장시스템 엔지니어,2,3,True,220
99785,현대위아,"신입, 연구장학생 ,경력 모집",2025-09-15T10:00:00.000+09:00,400262,TMS 설계/제어_고전압 전력변환기 BSW개발,2,2,True,220
99785,현대위아,"신입, 연구장학생 ,경력 모집",2025-09-15T10:00:00.000+09:00,400263,TMS 설계/제어_모터 제어 SW 설계,2,2,True,220
99785,현대위아,"신입, 연구장학생 ,경력 모집",2025-09-15T10:00:00.000+09:00,400121,ICT,2,73,True,"164,165,166"
99785,현대위아,"신입, 연구장학생 ,경력 모집",2025-09-15T10:00:00.000+09:00,400122,TMS 시험,2,20,True,"226,216"
99785,현대위아,"신입, 연구장학생 ,경력 모집",2025-09-15T10:00:00.000+09:00,400123,TMS 품질,2,18,True,224
99785,현대위아,"신입, 연구장학생 ,경력 모집",2025-09-15T10:00:00.000+09:00,400255,차량부품 설계_모빌리티부품 선행개발,2,23,True,"226,216"
99785,현대위아,"신입, 연구장학생 ,경력 모집",2025-09-15T10:00:00.000+09:00,400264,차량부품 설계_등속조인트(CVJ) 설계 및 개발,2,20,True,"227,216"
99785,현대위아,"신입, 연구장학생 ,경력 모집",2025-09-15T10:00:00.000+09:00,400265,차량부품 설계_엑츄에이터 설계 및 개발,2,10,True,"227,216"
99785,현대위아,"신입, 연구장학생 ,경력 모집",2025-09-15T10:00:00.000+09:00,400256,차량부품 제어_구동/샤시 제어시스템 엔지니어,2,5,True,220
99785,현대위아,"신입, 연구장학생 ,경력 모집",2025-09-15T10:00:00.000+09:00,400266,차량부품 제어_전략변환시스템 PM,2,7,True,"226,216"
99785,현대위아,"신입, 연구장학생 ,경력 모집",2025-09-15T10:00:00.000+09:00,400267,차량부품 제어_프로세스 엔지니어,2,5,True,"226,216"
99785,현대위아,"신입, 연구장학생 ,경력 모집",2025-09-15T10:00:00.000+09:00,400268,차량부품 제어_인버터(제어기) 회로 개발,2,10,True,220
99785,현대위아,"신입, 연구장학생 ,경력 모집",2025-09-15T10:00:00.000+09:00,400269,차량부품 제어_전력변환 제어시스템 모터제어 SW 개발,2,6,True,170
99785,현대위아,"신입, 연구장학생 ,경력 모집",2025-09-15T10:00:00.000+09:00,400270,차량부품 제어_모빌리티 AI/ML SW 개발,2,15,True,170
99785,현대위아,"신입, 연구장학생 ,경력 모집",2025-09-15T10:00:00.000+09:00,400271,차량부품 제어_규동/샤시 시스템 성능 평가 및 캘리브레이션,2,13,True,220
99785,현대위아,"신입, 연구장학생 ,경력 모집",2025-09-15T10:00:00.000+09:00,400257,특수개발_방산 IPS(통합지원체계) 개발,2,14,True,"227,216"
99785,현대위아,"신입, 연구장학생 ,경력 모집",2025-09-15T10:00:00.000+09:00,400272,특수개발_해상 무기체계 연구개발 (설계/제어SW),2,19,True,220
99785,현대위아,"신입, 연구장학생 ,경력 모집",2025-09-15T10:00:00.000+09:00,400273,특수개발_방산 무기체계 연구개발 (기계설계/SW설계),2,44,True,219
99802,한화엔진,2025 하반기 학/석사 신입사원 채용,2025-09-30T23:59:00.000+09:00,400306,경영기획,1,195,True,"109,103"
99802,한화엔진,2025 하반기 학/석사 신입사원 채용,2025-09-30T23:59:00.000+09:00,400307,재무,1,184,True,"122,105"
99802,한화엔진,2025 하반기 학/석사 신입사원 채용,2025-09-30T23:59:00.000+09:00,400308,엔진영업,1,202,True,195
99802,한화엔진,2025 하반기 학/석사 신입사원 채용,2025-09-30T23:59:00.000+09:00,400309,프로젝트 엔지니어링,1,158,True,224
99802,한화엔진,2025 하반기 학/석사 신입사원 채용,2025-09-30T23:59:00.000+09:00,400310,AM영업,1,133,True,194
99802,한화엔진,2025 하반기 학/석사 신입사원 채용,2025-09-30T23:59:00.000+09:00,400311,생산기술,1,528,True,"219,224"
99802,한화엔진,2025 하반기 학/석사 신입사원 채용,2025-09-30T23:59:00.000+09:00,400312,시운전기술,1,137,True,"219,224"
99802,한화엔진,2025 하반기 학/석사 신입사원 채용,2025-09-30T23:59:00.000+09:00,400313,엔진설계,1,329,True,"219,224"
99802,한화엔진,2025 하반기 학/석사 신입사원 채용,2025-09-30T23:59:00.000+09:00,400314,제어설계,1,400,True,220
99802,한화엔진,2025 하반기 학/석사 신입사원 채용,2025-09-30T23:59:00.000+09:00,400315,제어시스템 개발 (R&D),1,76,True,"170,220"
99802,한화엔진,2025 하반기 학/석사 신입사원 채용,2025-09-30T23:59:00.000+09:00,400316,품질,1,319,True,"189,183"
99804,HD현대,25년 하반기 대졸 신입사원 모집,2025-09-22T15:00:00.000+09:00,400321,[HD한국조선해양] 선박영업,1,573,True,194
99804,HD현대,25년 하반기 대졸 신입사원 모집,2025-09-22T15:00:00.000+09:00,400322,[HD한국조선해양] 시스템장비설계,1,340,True,224
99804,HD현대,25년 하반기 대졸 신입사원 모집,2025-09-22T15:00:00.000+09:00,400323,[HD한국조선해양] 홍보,1,628,True,"142,133"
99804,HD현대,25년 하반기 대졸 신입사원 모집,2025-09-22T15:00:00.000+09:00,400324,[HD한국조선해양] AI전략,1,483,True,"112,167,103"
99804,HD현대,25년 하반기 대졸 신입사원 모집,2025-09-22T15:00:00.000+09:00,400325,[HD한국조선해양] 기술경영,1,241,True,"109,111,103"
99804,HD현대,25년 하반기 대졸 신입사원 모집,2025-09-22T15:00:00.000+09:00,400326,[HD현대중공업] 조선_기본설계,1,357,True,224
99804,HD현대,25년 하반기 대졸 신입사원 모집,2025-09-22T15:00:00.000+09:00,400327,[HD현대중공업] 조선_상세설계,1,239,True,224
99804,HD현대,25년 하반기 대졸 신입사원 모집,2025-09-22T15:00:00.000+09:00,400328,[HD현대중공업] 조선_생산관리,1,296,True,"187,183"
99804,HD현대,25년 하반기 대졸 신입사원 모집,2025-09-22T15:00:00.000+09:00,400329,[HD현대중공업] 조선_생산지원,1,170,True,185
99804,HD현대,25년 하반기 대졸 신입사원 모집,2025-09-22T15:00:00.000+09:00,400330,[HD현대중공업] 해양에너지_해양설계,1,127,True,224
99804,HD현대,25년 하반기 대졸 신입사원 모집,2025-09-22T15:00:00.000+09:00,400331,[HD현대중공업] 해양에너지_발사체설계,1,69,True,224
99804,HD현대,25년 하반기 대졸 신입사원 모집,2025-09-22T15:00:00.000+09:00,400332,[HD현대중공업] 특수선_설계,1,146,True,224
99804,HD현대,25년 하반기 대졸 신입사원 모집,2025-09-22T15:00:00.000+09:00,400333,[HD현대중공업] 엔진기계_영업,1,185,True,194
99804,HD현대,25년 하반기 대졸 신입사원 모집,2025-09-22T15:00:00.000+09:00,400334,[HD현대중공업] 엔진기계_설계,1,203,True,224
99804,HD현대,25년 하반기 대졸 신입사원 모집,2025-09-22T15:00:00.000+09:00,400335,[HD현대중공업] 엔진기계_생산관리,1,233,True,"187,183"
99804,HD현대,25년 하반기 대졸 신입사원 모집,2025-09-22T15:00:00.000+09:00,400336,[HD현대중공업] 엔진기계_품질,1,215,True,"189,183"
99804,HD현대,25년 하반기 대졸 신입사원 모집,2025-09-22T15:00:00.000+09:00,400337,[HD현대중공업] 엔진기계_기획,1,70,True,219
99804,HD현대,25년 하반기 대졸 신입사원 모집,2025-09-22T15:00:00.000+09:00,400338,[HD현대중공업] 경영_HR,1,275,True,"115,116,104"
99804,HD현대,25년 하반기 대졸 신입사원 모집,2025-09-22T15:00:00.000+09:00,400339,[HD현대중공업] 경영_구매,1,238,True,"157,147"
99804,HD현대,25년 하반기 대졸 신입사원 모집,2025-09-22T15:00:00.000+09:00,400340,[HD현대중공업] 경영_안전,1,177,True,203
99804,HD현대,25년 하반기 대졸 신입사원 모집,2025-09-22T15:00:00.000+09:00,400341,[HD현대중공업] 경영_자산운영,1,85,True,"122,123,105"
99804,HD현대,25년 하반기 대졸 신입사원 모집,2025-09-22T15:00:00.000+09:00,400342,[HD현대중공업] 경영_재경,1,215,True,"122,106,105"
99804,HD현대,25년 하반기 대졸 신입사원 모집,2025-09-22T15:00:00.000+09:00,400343,[HD현대중공업] 경영_DT,1,159,True,166
99804,HD현대,25년 하반기 대졸 신입사원 모집,2025-09-22T15:00:00.000+09:00,400344,[HD현대삼호] 설계,1,93,True,224
99804,HD현대,25년 하반기 대졸 신입사원 모집,2025-09-22T15:00:00.000+09:00,400345,[HD현대삼호] 공무,1,103,True,"127,107"
99804,HD현대,25년 하반기 대졸 신입사원 모집,2025-09-22T15:00:00.000+09:00,400346,[HD현대삼호] 사업기획,1,42,True,"110,103"
99804,HD현대,25년 하반기 대졸 신입사원 모집,2025-09-22T15:00:00.000+09:00,400347,[HD현대삼호] 품질,1,85,True,"189,183"
99804,HD현대,25년 하반기 대졸 신입사원 모집,2025-09-22T15:00:00.000+09:00,400348,[HD현대삼호] ICT/DT,1,168,True,166
99804,HD현대,25년 하반기 대졸 신입사원 모집,2025-09-22T15:00:00.000+09:00,400349,[HD현대삼호] 생산관리,1,105,True,"187,183"
99804,HD현대,25년 하반기 대졸 신입사원 모집,2025-09-22T15:00:00.000+09:00,400350,[HD현대삼호] 정보보안,1,58,True,166
99804,HD현대,25년 하반기 대졸 신입사원 모집,2025-09-22T15:00:00.000+09:00,400351,[HD현대삼호] HRD,1,120,True,"115,116,118,104"
99804,HD현대,25년 하반기 대졸 신입사원 모집,2025-09-22T15:00:00.000+09:00,400352,[HD현대삼호] 재무,1,91,True,"122,105"
99804,HD현대,25년 하반기 대졸 신입사원 모집,2025-09-22T15:00:00.000+09:00,400353,[HD현대마린솔루션] 영업,1,218,True,194
99804,HD현대,25년 하반기 대졸 신입사원 모집,2025-09-22T15:00:00.000+09:00,400354,[HD현대마린솔루션] 물류,1,319,True,"150,145"
99804,HD현대,25년 하반기 대졸 신입사원 모집,2025-09-22T15:00:00.000+09:00,400355,[HD현대마린솔루션] 스마트케어(보증),1,75,True,212
99804,HD현대,25년 하반기 대졸 신입사원 모집,2025-09-22T15:00:00.000+09:00,400356,[HD현대마린솔루션] DT설계,1,79,True,224
99804,HD현대,25년 하반기 대졸 신입사원 모집,2025-09-22T15:00:00.000+09:00,400357,[HD현대마린솔루션] 디지털기술,1,192,True,219
99804,HD현대,25년 하반기 대졸 신입사원 모집,2025-09-22T15:00:00.000+09:00,400358,[HD현대마린솔루션] ICT,1,519,True,166
99804,HD현대,25년 하반기 대졸 신입사원 모집,2025-09-22T15:00:00.000+09:00,400359,[HD현대일렉트릭] 전기설계,1,257,True,224
99804,HD현대,25년 하반기 대졸 신입사원 모집,2025-09-22T15:00:00.000+09:00,400360,[HD현대일렉트릭] 구조설계,1,114,True,224
99804,HD현대,25년 하반기 대졸 신입사원 모집,2025-09-22T15:00:00.000+09:00,400361,[HD현대일렉트릭] 품질경영,1,135,True,"189,183"
99804,HD현대,25년 하반기 대졸 신입사원 모집,2025-09-22T15:00:00.000+09:00,400362,[HD현대일렉트릭] 품질관리,1,232,True,"189,183"
99804,HD현대,25년 하반기 대졸 신입사원 모집,2025-09-22T15:00:00.000+09:00,400363,[HD현대일렉트릭] 영업,1,232,True,194
99804,HD현대,25년 하반기 대졸 신입사원 모집,2025-09-22T15:00:00.000+09:00,400364,[HD현대일렉트릭] 재경,1,460,True,"122,106,105"
99804,HD현대,25년 하반기 대졸 신입사원 모집,2025-09-22T15:00:00.000+09:00,400365,[HD현대일렉트릭] 구매,1,177,True,"157,147"
99804,HD현대,25년 하반기 대졸 신입사원 모집,2025-09-22T15:00:00.000+09:00,400366,[HD현대일렉트릭] HR,1,186,True,"115,116,118,104"
99804,HD현대,25년 하반기 대졸 신입사원 모집,2025-09-22T15:00:00.000+09:00,400367,[HD현대일렉트릭] 안전/환경,1,310,True,"191,192,193,184"
99804,HD현대,25년 하반기 대졸 신입사원 모집,2025-09-22T15:00:00.000+09:00,400368,[HD현대사이트솔루션] 제어시스템개발,1,112,True,224
99804,HD현대,25년 하반기 대졸 신입사원 모집,2025-09-22T15:00:00.000+09:00,400369,[HD현대사이트솔루션] 생산관리(산업차량),1,65,True,"187,183"
99804,HD현대,25년 하반기 대졸 신입사원 모집,2025-09-22T15:00:00.000+09:00,400370,[HD현대사이트솔루션] 자재관리(산업차량),1,37,True,"158,147"
99804,HD현대,25년 하반기 대졸 신입사원 모집,2025-09-22T15:00:00.000+09:00,400371,[HD현대사이트솔루션] 자재운영(컴포넌트),1,33,True,"158,147"
99804,HD현대,25년 하반기 대졸 신입사원 모집,2025-09-22T15:00:00.000+09:00,400372,[HD현대사이트솔루션] 품질(컴포넌트),1,62,True,"189,183"
99804,HD현대,25년 하반기 대졸 신입사원 모집,2025-09-22T15:00:00.000+09:00,400373,[HD현대인프라코어] 전기전자개발,1,171,True,220
99804,HD현대,25년 하반기 대졸 신입사원 모집,2025-09-22T15:00:00.000+09:00,400374,[HD현대인프라코어] 생산관리(엔진)_군산,1,62,True,"187,183"
99804,HD현대,25년 하반기 대졸 신입사원 모집,2025-09-22T15:00:00.000+09:00,400375,[HD현대인프라코어] 생산관리(엔진)_인천,1,159,True,"187,183"
99804,HD현대,25년 하반기 대졸 신입사원 모집,2025-09-22T15:00:00.000+09:00,400376,[HD현대인프라코어] 생산기술(엔진)_군산,1,109,True,"185,220"
99804,HD현대,25년 하반기 대졸 신입사원 모집,2025-09-22T15:00:00.000+09:00,400377,[HD현대인프라코어] 생산기술(엔진)_인천,1,220,True,"185,220"
99804,HD현대,25년 하반기 대졸 신입사원 모집,2025-09-22T15:00:00.000+09:00,400378,[HD현대인프라코어] 자재관리/물류,1,65,True,"158,147"
99804,HD현대,25년 하반기 대졸 신입사원 모집,2025-09-22T15:00:00.000+09:00,400379,[HD현대인프라코어] 제품시험(엔진),1,55,True,"189,183"
99804,HD현대,25년 하반기 대졸 신입사원 모집,2025-09-22T15:00:00.000+09:00,400380,[HD현대인프라코어] 품질(엔진),1,66,True,"189,183"
99804,HD현대,25년 하반기 대졸 신입사원 모집,2025-09-22T15:00:00.000+09:00,400381,[HD현대오일뱅크] 공정기술 생산기획,1,437,True,"187,188,183"
99804,HD현대,25년 하반기 대졸 신입사원 모집,2025-09-22T15:00:00.000+09:00,400382,[HD현대오일뱅크] 설비기술,1,201,True,185
99805,롯데그룹,3·6·9·12 예측가능한 채용(9월),2025-09-23T23:00:00.000+09:00,400385,[롯데GRS] 식품안전,3,155,True,"235,264,218"
99805,롯데그룹,3·6·9·12 예측가능한 채용(9월),2025-09-23T23:00:00.000+09:00,400383,[롯데GRS] HR,3,427,True,"115,117,118,104"
99805,롯데그룹,3·6·9·12 예측가능한 채용(9월),2025-09-23T23:00:00.000+09:00,400384,[롯데GRS] 마케팅,3,293,True,"134,135,136,137,138,132"
99805,롯데그룹,3·6·9·12 예측가능한 채용(9월),2025-09-23T23:00:00.000+09:00,400386,[롯데월드] 어트랙션정비,3,64,True,"186,205"
99805,롯데그룹,3·6·9·12 예측가능한 채용(9월),2025-09-23T23:00:00.000+09:00,400387,[롯데월드] 건축,3,168,True,"202,203,205,207"
99805,롯데그룹,3·6·9·12 예측가능한 채용(9월),2025-09-23T23:00:00.000+09:00,400388,[롯데면세점] 영업/마케팅,1,921,True,"137,138,194,197,132"
99805,롯데그룹,3·6·9·12 예측가능한 채용(9월),2025-09-23T23:00:00.000+09:00,400389,[롯데면세점] 재경,1,297,True,"122,106,105"
99805,롯데그룹,3·6·9·12 예측가능한 채용(9월),2025-09-23T23:00:00.000+09:00,400390,[롯데이노베이트] 소프트웨어(렌탈IS),1,259,True,"164,165,170"
99805,롯데그룹,3·6·9·12 예측가능한 채용(9월),2025-09-23T23:00:00.000+09:00,400391,[롯데이노베이트] 소프트웨어(홈쇼핑IS),1,267,True,"164,165,166,170"
99805,롯데그룹,3·6·9·12 예측가능한 채용(9월),2025-09-23T23:00:00.000+09:00,400393,[롯데이노베이트] 인프라(칠성IS),1,120,True,"164,165,166,171"
99805,롯데그룹,3·6·9·12 예측가능한 채용(9월),2025-09-23T23:00:00.000+09:00,400392,[롯데이노베이트] NLP AI (AI기술팀),1,94,True,"167,171"
99805,롯데그룹,3·6·9·12 예측가능한 채용(9월),2025-09-23T23:00:00.000+09:00,400394,[롯데웰푸드] 영업관리(푸드),1,399,True,"194,197"
99805,롯데그룹,3·6·9·12 예측가능한 채용(9월),2025-09-23T23:00:00.000+09:00,400395,[롯데웰푸드] 제품개발,1,143,True,"235,264,218"
99805,롯데그룹,3·6·9·12 예측가능한 채용(9월),2025-09-23T23:00:00.000+09:00,400396,[롯데중앙연구소] 제품개발(주류),1,98,True,"235,264,218"
99805,롯데그룹,3·6·9·12 예측가능한 채용(9월),2025-09-23T23:00:00.000+09:00,400704,[롯데중앙연구소] 식품안전(유통관리),1,119,True,"151,235,145,218"
99805,롯데그룹,3·6·9·12 예측가능한 채용(9월),2025-09-23T23:00:00.000+09:00,400397,[롯데이네오스화학] 회계/세무,1,157,True,"123,106,105"
99805,롯데그룹,3·6·9·12 예측가능한 채용(9월),2025-09-23T23:00:00.000+09:00,400398,[롯데엠시시] 안전환경,1,265,True,"191,192,184"
99805,롯데그룹,3·6·9·12 예측가능한 채용(9월),2025-09-23T23:00:00.000+09:00,400400,[롯데호텔] 재무,1,328,True,"122,106,105"
99805,롯데그룹,3·6·9·12 예측가능한 채용(9월),2025-09-23T23:00:00.000+09:00,400401,[롯데호텔] 호텔서비스,1,209,True,263
99805,롯데그룹,3·6·9·12 예측가능한 채용(9월),2025-09-23T23:00:00.000+09:00,400402,[롯데면세점] UX기획,3,218,True,241
99805,롯데그룹,3·6·9·12 예측가능한 채용(9월),2025-09-23T23:00:00.000+09:00,400403,[롯데백화점] 쇼핑몰MD/콘텐츠기획,3,339,True,"137,138,149,132"
99805,롯데그룹,3·6·9·12 예측가능한 채용(9월),2025-09-23T23:00:00.000+09:00,400404,[롯데백화점] VIP서비스기획,3,104,True,171
99805,롯데그룹,3·6·9·12 예측가능한 채용(9월),2025-09-23T23:00:00.000+09:00,400405,[롯데백화점] 브랜딩MKT,3,286,True,"137,138,132"
99805,롯데그룹,3·6·9·12 예측가능한 채용(9월),2025-09-23T23:00:00.000+09:00,400406,[롯데백화점] 아트콘텐츠,3,125,True,"135,243,244,132,237"
99805,롯데그룹,3·6·9·12 예측가능한 채용(9월),2025-09-23T23:00:00.000+09:00,400407,[롯데백화점] 신선직매입,3,85,True,"157,159,147"
99805,롯데그룹,3·6·9·12 예측가능한 채용(9월),2025-09-23T23:00:00.000+09:00,400408,[롯데백화점] IT기획,3,185,True,"164,165,171"
99805,롯데그룹,3·6·9·12 예측가능한 채용(9월),2025-09-23T23:00:00.000+09:00,400409,[롯데백화점] 온라인전략,3,133,True,"110,112,103"
99805,롯데그룹,3·6·9·12 예측가능한 채용(9월),2025-09-23T23:00:00.000+09:00,400410,[롯데월드] 디자인(인테리어),3,64,True,"242,243,238,237"
99805,롯데그룹,3·6·9·12 예측가능한 채용(9월),2025-09-23T23:00:00.000+09:00,400411,[롯데하이마트] DATA,3,151,True,"179,180,181,182,167,163"
99805,롯데그룹,3·6·9·12 예측가능한 채용(9월),2025-09-23T23:00:00.000+09:00,400412,[롯데하이마트] AI,3,126,True,167
99805,롯데그룹,3·6·9·12 예측가능한 채용(9월),2025-09-23T23:00:00.000+09:00,400413,[롯데하이마트] 오프라인마케팅,3,81,True,"134,135,136,132"
99805,롯데그룹,3·6·9·12 예측가능한 채용(9월),2025-09-23T23:00:00.000+09:00,400414,[롯데하이마트] 온라인마케팅,3,109,True,"134,135,136,132"
99805,롯데그룹,3·6·9·12 예측가능한 채용(9월),2025-09-23T23:00:00.000+09:00,400415,[롯데호텔] DX,3,116,True,241
99805,롯데그룹,3·6·9·12 예측가능한 채용(9월),2025-09-23T23:00:00.000+09:00,400417,[롯데월드] ICT전략,2,84,True,"164,165,166,170"
99805,롯데그룹,3·6·9·12 예측가능한 채용(9월),2025-09-23T23:00:00.000+09:00,400416,[롯데월드] CRM기획,2,71,True,"137,138,171,132"
99805,롯데그룹,3·6·9·12 예측가능한 채용(9월),2025-09-23T23:00:00.000+09:00,400418,[롯데홈쇼핑] 영업,2,185,True,"194,197"
99815,유진투자선물,글로벌비즈니스팀 신입사원 채용,2025-09-14T23:59:00.000+09:00,400453,해외파생상품 영업사원,1,45,True,"201,210"
99817,현대건설,2025년 하반기 신입사원 채용,2025-09-29T23:59:00.000+09:00,400455,토목사업_설계,1,74,True,207
99817,현대건설,2025년 하반기 신입사원 채용,2025-09-29T23:59:00.000+09:00,400456,토목사업_토목,1,133,True,206
99817,현대건설,2025년 하반기 신입사원 채용,2025-09-29T23:59:00.000+09:00,400457,건축/주택사업_건축,1,415,True,207
99817,현대건설,2025년 하반기 신입사원 채용,2025-09-29T23:59:00.000+09:00,400458,건축/주택사업_설비,1,145,True,205
99817,현대건설,2025년 하반기 신입사원 채용,2025-09-29T23:59:00.000+09:00,400459,건축/주택사업_전기,1,142,True,204
99817,현대건설,2025년 하반기 신입사원 채용,2025-09-29T23:59:00.000+09:00,400460,건축/주택사업_토목,1,38,True,206
99817,현대건설,2025년 하반기 신입사원 채용,2025-09-29T23:59:00.000+09:00,400461,플랜트사업_기계,1,292,True,205
99817,현대건설,2025년 하반기 신입사원 채용,2025-09-29T23:59:00.000+09:00,400462,플랜트사업_화공,1,264,True,205
99817,현대건설,2025년 하반기 신입사원 채용,2025-09-29T23:59:00.000+09:00,400463,플랜트사업_전기,1,164,True,204
99817,현대건설,2025년 하반기 신입사원 채용,2025-09-29T23:59:00.000+09:00,400464,NewEnergy사업_원자력,1,51,True,"229,230,217"
99817,현대건설,2025년 하반기 신입사원 채용,2025-09-29T23:59:00.000+09:00,400465,NewEnergy사업_기계,1,262,True,205
99817,현대건설,2025년 하반기 신입사원 채용,2025-09-29T23:59:00.000+09:00,400466,NewEnergy사업_화공,1,279,True,205
99817,현대건설,2025년 하반기 신입사원 채용,2025-09-29T23:59:00.000+09:00,400467,NewEnergy사업_전기,1,181,True,204
99817,현대건설,2025년 하반기 신입사원 채용,2025-09-29T23:59:00.000+09:00,400468,NewEnergy사업_토목,1,71,True,206
99817,현대건설,2025년 하반기 신입사원 채용,2025-09-29T23:59:00.000+09:00,400469,NewEnergy사업_건축,1,90,True,207
99817,현대건설,2025년 하반기 신입사원 채용,2025-09-29T23:59:00.000+09:00,400470,지원본부_경영일반,1,1365,True,"110,122,106,103,105"
99817,현대건설,2025년 하반기 신입사원 채용,2025-09-29T23:59:00.000+09:00,400471,안전,1,236,True,"191,184"
99821,현대그룹,2025 하반기 신입 매니저 채용,2025-09-23T23:59:00.000+09:00,400488,현대엘리베이터_R&D_제어시스템개발,1,263,True,"227,220,216"
99821,현대그룹,2025 하반기 신입 매니저 채용,2025-09-23T23:59:00.000+09:00,400489,현대엘리베이터_R&D_전력변환장치개발,1,120,True,"227,220,216"
99821,현대그룹,2025 하반기 신입 매니저 채용,2025-09-23T23:59:00.000+09:00,400490,현대엘리베이터_R&D_기계개발,1,184,True,"227,220,216"
99821,현대그룹,2025 하반기 신입 매니저 채용,2025-09-23T23:59:00.000+09:00,400491,현대엘리베이터_R&D_모듈러구조개발,1,41,True,"227,220,216"
99821,현대그룹,2025 하반기 신입 매니저 채용,2025-09-23T23:59:00.000+09:00,400492,현대엘리베이터_R&D_모듈러시스템개발,1,38,True,"227,220,216"
99821,현대그룹,2025 하반기 신입 매니저 채용,2025-09-23T23:59:00.000+09:00,400493,현대엘리베이터_설계_양산개발PM,1,203,True,"227,220,216"
99821,현대그룹,2025 하반기 신입 매니저 채용,2025-09-23T23:59:00.000+09:00,400494,현대엘리베이터_설계_전기설계,1,158,True,"227,220,216"
99821,현대그룹,2025 하반기 신입 매니저 채용,2025-09-23T23:59:00.000+09:00,400495,현대엘리베이터_품질_품질기술,1,418,True,"187,188,189,190,183"
99821,현대그룹,2025 하반기 신입 매니저 채용,2025-09-23T23:59:00.000+09:00,400496,현대엘리베이터_품질_인증,1,95,True,"187,188,189,190,183"
99821,현대그룹,2025 하반기 신입 매니저 채용,2025-09-23T23:59:00.000+09:00,400497,현대엘리베이터_SCM공정관리,1,227,True,"187,188,189,190,183"
99821,현대그룹,2025 하반기 신입 매니저 채용,2025-09-23T23:59:00.000+09:00,400498,현대엘리베이터_구매전략,1,203,True,"157,147"
99821,현대그룹,2025 하반기 신입 매니저 채용,2025-09-23T23:59:00.000+09:00,400499,현대엘리베이터_연구기술관리,1,88,True,"109,110,111,112,113,114,103"
99821,현대그룹,2025 하반기 신입 매니저 채용,2025-09-23T23:59:00.000+09:00,400500,현대엘리베이터_영업_제품영업,1,225,True,194
99821,현대그룹,2025 하반기 신입 매니저 채용,2025-09-23T23:59:00.000+09:00,400501,현대엘리베이터_영업_해외영업,1,348,True,"154,146"
99821,현대그룹,2025 하반기 신입 매니저 채용,2025-09-23T23:59:00.000+09:00,400502,현대엘리베이터_경영관리,1,512,True,"109,110,111,112,113,114,103"
99821,현대그룹,2025 하반기 신입 매니저 채용,2025-09-23T23:59:00.000+09:00,400503,현대엘리베이터_대외협력,1,197,True,"109,110,111,112,113,114,103"
99821,현대그룹,2025 하반기 신입 매니저 채용,2025-09-23T23:59:00.000+09:00,400504,현대무벡스_설계_전기설계,1,172,True,"227,220,216"
99821,현대그룹,2025 하반기 신입 매니저 채용,2025-09-23T23:59:00.000+09:00,400505,현대무벡스_설계_기계설계,1,293,True,"227,220,216"
99821,현대그룹,2025 하반기 신입 매니저 채용,2025-09-23T23:59:00.000+09:00,400506,현대무벡스_설계_시스템설계,1,144,True,"227,220,216"
99821,현대그룹,2025 하반기 신입 매니저 채용,2025-09-23T23:59:00.000+09:00,400507,현대무벡스_전기PE,1,150,True,"227,220,216"
99821,현대그룹,2025 하반기 신입 매니저 채용,2025-09-23T23:59:00.000+09:00,400508,현대무벡스_기계PE,1,146,True,"227,220,216"
99821,현대그룹,2025 하반기 신입 매니저 채용,2025-09-23T23:59:00.000+09:00,400509,현대무벡스_AI개발,1,500,True,"167,171"
99821,현대그룹,2025 하반기 신입 매니저 채용,2025-09-23T23:59:00.000+09:00,400510,현대무벡스_해외영업,1,243,True,"154,146"
99821,현대그룹,2025 하반기 신입 매니저 채용,2025-09-23T23:59:00.000+09:00,400511,현대무벡스_글로벌마케팅,1,301,True,"137,132"
99822,삼양그룹,2025년 9월 신입사원 수시채용,2025-09-21T23:59:00.000+09:00,400512,[대졸신입/Junior Career]설비관리,1,308,True,185
99822,삼양그룹,2025년 9월 신입사원 수시채용,2025-09-21T23:59:00.000+09:00,400513,[대졸신입/Junior Career]안전관리,1,415,True,"191,184"
99822,삼양그룹,2025년 9월 신입사원 수시채용,2025-09-21T23:59:00.000+09:00,400514,[대졸신입/Junior Career]시각디자인,1,96,True,"242,238,237"
99822,삼양그룹,2025년 9월 신입사원 수시채용,2025-09-21T23:59:00.000+09:00,400515,[Global Talent/Junior Career]설비구매,1,112,True,"157,185,147"
99822,삼양그룹,2025년 9월 신입사원 수시채용,2025-09-21T23:59:00.000+09:00,400516,[Global Talent/Junior Career]포장재구매,1,216,True,"157,158,147"
99822,삼양그룹,2025년 9월 신입사원 수시채용,2025-09-21T23:59:00.000+09:00,400517,[전문연구요원]친환경 소재 R&D(석사),1,83,True,"229,231,233,217"
99823,NH투자증권,2026- 2027년 해외대 신입사원 채용,2025-09-19T17:00:00.000+09:00,400518,IB 기업금융,1,84,True,"210,211"
99823,NH투자증권,2026- 2027년 해외대 신입사원 채용,2025-09-19T17:00:00.000+09:00,400519,IB 대체투자,1,22,True,"210,211"
99823,NH투자증권,2026- 2027년 해외대 신입사원 채용,2025-09-19T17:00:00.000+09:00,400520,본사영업,1,85,True,"201,210"
99823,NH투자증권,2026- 2027년 해외대 신입사원 채용,2025-09-19T17:00:00.000+09:00,400521,리서치,1,47,True,"210,253"
99827,코카콜라음료,양산공장 품질보증(QA) 신입사원 채용,2025-09-10T23:00:00.000+09:00,400529,품질보증(QA),1,176,True,"189,183"
99830,비씨카드,2025년 하반기 신입 채용,2025-09-14T23:59:00.000+09:00,400551,Biz(일반),1,2797,True,"110,137,142,103,132,133"
99830,비씨카드,2025년 하반기 신입 채용,2025-09-14T23:59:00.000+09:00,400552,Biz(보훈특별채용),1,38,True,"110,137,142,103,132,133"
99830,비씨카드,2025년 하반기 신입 채용,2025-09-14T23:59:00.000+09:00,400553,AX/DX,1,1236,True,"176,166,167,162"
99833,우리자산운용,2025년 하반기 신입사원 공개채용,2025-09-13T23:59:00.000+09:00,400603,채권,1,265,True,213
99833,우리자산운용,2025년 하반기 신입사원 공개채용,2025-09-13T23:59:00.000+09:00,400604,ETF,1,191,True,211
99839,한화비전,2025 한화그룹 기계/서비스 부문 핵심인재 채용,2025-09-17T23:59:00.000+09:00,400085,한화비전_Core Track_ 한화비전 전략인재,1,292,True,"109,111,103"
99839,한화비전,2025 한화그룹 기계/서비스 부문 핵심인재 채용,2025-09-17T23:59:00.000+09:00,400169,한화비전_Future Track_한화비전 AI연구원,1,168,True,167
99839,한화비전,2025 한화그룹 기계/서비스 부문 핵심인재 채용,2025-09-17T23:59:00.000+09:00,400090,한화비전_Future Track_한화비전 Front/Back End Engineer,1,556,True,"175,176,162"
99839,한화비전,2025 한화그룹 기계/서비스 부문 핵심인재 채용,2025-09-17T23:59:00.000+09:00,400091,한화비전_Future Track_한화비전 Edge Device/Window Application SW Engineer,1,103,True,"172,173,174,170,161"
99840,한화세미텍,2025 기계/서비스 부문 핵심인재 채용,2025-09-17T23:59:00.000+09:00,400168,한화세미텍_core track_한화세미텍 전략인재,1,137,True,"109,110,111,112,113,114,103"
99840,한화세미텍,2025 기계/서비스 부문 핵심인재 채용,2025-09-17T23:59:00.000+09:00,400092,한화세미텍_Future Track_한화세미텍 기계 시스템 설계,1,162,True,"164,165,166"
99840,한화세미텍,2025 기계/서비스 부문 핵심인재 채용,2025-09-17T23:59:00.000+09:00,400093,한화세미텍_Future Track_한화세미텍 시스템 제어 설계,1,105,True,"164,165,166"
99840,한화세미텍,2025 기계/서비스 부문 핵심인재 채용,2025-09-17T23:59:00.000+09:00,400149,한화세미텍_Future Track_한화세미텍 반도체 패키징 공정 개발,1,530,True,221
99841,한화 모멘텀부문,2025 기계/서비스 부문 핵심인재 채용,2025-09-17T23:59:00.000+09:00,400086,한화모멘텀_Core Track_ 한화모멘텀 전략인재,1,238,True,"109,111,103"
99841,한화 모멘텀부문,2025 기계/서비스 부문 핵심인재 채용,2025-09-17T23:59:00.000+09:00,400150,한화모멘텀_Future Track_한화모멘텀 이차전지 소재/공정 개발,1,573,True,221
99842,한화호텔앤드리조트,2025 기계/서비스 부문 핵심인재 채용,2025-09-17T23:59:00.000+09:00,400088,한화호텔앤드리조트_Core Track_한화호텔앤드리조트 전략인재,1,361,True,"109,111,103"
99845,한화갤러리아,2025 기계/서비스 부문 핵심인재 채용,2025-09-17T23:59:00.000+09:00,400087,한화갤러리아 _Core Track_한화갤러리아 전략인재,1,415,True,"109,111,103"
99849,코오롱생명과학,2025년 하반기 정기채용,2025-09-16T23:59:00.000+09:00,400614,[코오롱생명과학]Chemical 분석평가,4,18,True,"234,218"
99849,코오롱생명과학,2025년 하반기 정기채용,2025-09-16T23:59:00.000+09:00,400615,[코오롱생명과학]공정개발,5,39,True,"234,218"
99849,코오롱생명과학,2025년 하반기 정기채용,2025-09-16T23:59:00.000+09:00,400616,[코오롱생명과학]임상개발,5,43,True,"234,218"
99849,코오롱생명과학,2025년 하반기 정기채용,2025-09-16T23:59:00.000+09:00,400617,[코오롱생명과학]임상개발,2,16,True,"234,218"
99849,코오롱생명과학,2025년 하반기 정기채용,2025-09-16T23:59:00.000+09:00,400618,[코오롱생명과학]안전관리,2,23,True,"191,184"
99849,코오롱생명과학,2025년 하반기 정기채용,2025-09-16T23:59:00.000+09:00,400619,[코오롱생명과학]생산기술,5,183,True,"187,188,183"
99849,코오롱생명과학,2025년 하반기 정기채용,2025-09-16T23:59:00.000+09:00,400620,[코오롱생명과학]QA DI,2,5,True,"179,181,163"
99849,코오롱생명과학,2025년 하반기 정기채용,2025-09-16T23:59:00.000+09:00,400621,[코오롱생명과학]품질관리,1,228,True,"189,183"
99849,코오롱생명과학,2025년 하반기 정기채용,2025-09-16T23:59:00.000+09:00,400622,[코오롱바이오텍]QC,1,101,True,"234,218"
99849,코오롱생명과학,2025년 하반기 정기채용,2025-09-16T23:59:00.000+09:00,400623,[코오롱바이오텍]MSAT,1,25,True,"234,218"
99849,코오롱생명과학,2025년 하반기 정기채용,2025-09-16T23:59:00.000+09:00,400624,[코오롱바이오텍]MSAT,2,7,True,"234,218"
99852,현대해상화재보험,2025 대졸 신입사원 채용,2025-09-29T18:00:00.000+09:00,400640,디지털/데이터분석,1,698,True,"180,163"
99852,현대해상화재보험,2025 대졸 신입사원 채용,2025-09-29T18:00:00.000+09:00,400641,IT/정보보호,1,697,True,"181,166,170,163"
99852,현대해상화재보험,2025 대졸 신입사원 채용,2025-09-29T18:00:00.000+09:00,400642,보험계리/수리,1,224,True,212
99852,현대해상화재보험,2025 대졸 신입사원 채용,2025-09-29T18:00:00.000+09:00,400643,자산운용,1,458,True,211
99852,현대해상화재보험,2025 대졸 신입사원 채용,2025-09-29T18:00:00.000+09:00,400644,기업보험,1,254,True,201
99852,현대해상화재보험,2025 대졸 신입사원 채용,2025-09-29T18:00:00.000+09:00,400645,점포영업관리,1,1162,True,197
99852,현대해상화재보험,2025 대졸 신입사원 채용,2025-09-29T18:00:00.000+09:00,400646,손해사정,1,186,True,212
99859,GS건설,2025년 하반기 신입사원 모집,2025-09-21T23:00:00.000+09:00,400655,조달_토건구매,1,248,True,"157,206,147"
99859,GS건설,2025년 하반기 신입사원 모집,2025-09-21T23:00:00.000+09:00,400656,데이터_AI Engineer,1,287,True,"179,167,163"
99859,GS건설,2025년 하반기 신입사원 모집,2025-09-21T23:00:00.000+09:00,400657,데이터_Data 기획,1,375,True,"180,163"
99859,GS건설,2025년 하반기 신입사원 모집,2025-09-21T23:00:00.000+09:00,400658,데이터_Solution(IT System) 운영기획,1,376,True,"179,170,163"
99859,GS건설,2025년 하반기 신입사원 모집,2025-09-21T23:00:00.000+09:00,400659,플랜트_사업기획,1,147,True,"110,208,103"
99859,GS건설,2025년 하반기 신입사원 모집,2025-09-21T23:00:00.000+09:00,400660,플랜트_사업관리,1,155,True,208
99859,GS건설,2025년 하반기 신입사원 모집,2025-09-21T23:00:00.000+09:00,400661,플랜트_계약관리,1,38,True,208
99859,GS건설,2025년 하반기 신입사원 모집,2025-09-21T23:00:00.000+09:00,400662,플랜트_HVAC견적,1,58,True,208
99859,GS건설,2025년 하반기 신입사원 모집,2025-09-21T23:00:00.000+09:00,400663,플랜트_견적(전기/계장),1,56,True,208
99859,GS건설,2025년 하반기 신입사원 모집,2025-09-21T23:00:00.000+09:00,400664,플랜트_영업,1,240,True,"194,208"
99859,GS건설,2025년 하반기 신입사원 모집,2025-09-21T23:00:00.000+09:00,400665,플랜트_환경사업관리,1,114,True,208
99859,GS건설,2025년 하반기 신입사원 모집,2025-09-21T23:00:00.000+09:00,400666,플랜트_환경민자운영,1,66,True,208
99859,GS건설,2025년 하반기 신입사원 모집,2025-09-21T23:00:00.000+09:00,400667,건축·주택_주택영업,1,204,True,"194,207"
99859,GS건설,2025년 하반기 신입사원 모집,2025-09-21T23:00:00.000+09:00,400668,인프라_견적(Grid),1,49,True,"207,209"
99859,GS건설,2025년 하반기 신입사원 모집,2025-09-21T23:00:00.000+09:00,400669,신사업_신사업기획,1,247,True,"109,110,103"
99859,GS건설,2025년 하반기 신입사원 모집,2025-09-21T23:00:00.000+09:00,400670,신사업_투자리서치,1,134,True,"110,253,103"
99859,GS건설,2025년 하반기 신입사원 모집,2025-09-21T23:00:00.000+09:00,400671,개발사업_국내개발,1,81,True,"111,112,207,103"
99859,GS건설,2025년 하반기 신입사원 모집,2025-09-21T23:00:00.000+09:00,400672,안전_현장안전,1,166,True,"191,203,184"
99859,GS건설,2025년 하반기 신입사원 모집,2025-09-21T23:00:00.000+09:00,400673,플랜트_SMP시공,1,53,True,208
99859,GS건설,2025년 하반기 신입사원 모집,2025-09-21T23:00:00.000+09:00,400674,플랜트_E&I시공,1,43,True,208
99859,GS건설,2025년 하반기 신입사원 모집,2025-09-21T23:00:00.000+09:00,400675,플랜트_시운전,1,64,True,208
99859,GS건설,2025년 하반기 신입사원 모집,2025-09-21T23:00:00.000+09:00,400676,건축·주택_건축시공,1,246,True,207
99859,GS건설,2025년 하반기 신입사원 모집,2025-09-21T23:00:00.000+09:00,400677,건축·주택_전기시공,1,70,True,207
99859,GS건설,2025년 하반기 신입사원 모집,2025-09-21T23:00:00.000+09:00,400678,건축·주택_설비시공,1,62,True,207
99859,GS건설,2025년 하반기 신입사원 모집,2025-09-21T23:00:00.000+09:00,400679,인프라_토목시공,1,109,True,"202,206"
99859,GS건설,2025년 하반기 신입사원 모집,2025-09-21T23:00:00.000+09:00,400680,플랜트_공정안전,1,92,True,"203,208"
99859,GS건설,2025년 하반기 신입사원 모집,2025-09-21T23:00:00.000+09:00,400681,플랜트_공정설계,1,221,True,"207,208"
99859,GS건설,2025년 하반기 신입사원 모집,2025-09-21T23:00:00.000+09:00,400682,플랜트_발전설계(기계),1,147,True,"205,208"
99859,GS건설,2025년 하반기 신입사원 모집,2025-09-21T23:00:00.000+09:00,400683,플랜트_발전설계(계장),1,81,True,"207,208"
99859,GS건설,2025년 하반기 신입사원 모집,2025-09-21T23:00:00.000+09:00,400684,플랜트_환경설계,1,80,True,"207,208"
99859,GS건설,2025년 하반기 신입사원 모집,2025-09-21T23:00:00.000+09:00,400685,플랜트_기계설계(Combustion),1,100,True,"205,208"
99859,GS건설,2025년 하반기 신입사원 모집,2025-09-21T23:00:00.000+09:00,400686,플랜트_건축설계,1,33,True,"207,208"
99859,GS건설,2025년 하반기 신입사원 모집,2025-09-21T23:00:00.000+09:00,400687,인프라_설계(Grid),1,50,True,"207,209"
99859,GS건설,2025년 하반기 신입사원 모집,2025-09-21T23:00:00.000+09:00,400688,Prefab사업_모듈러건축설계,1,67,True,207
99859,GS건설,2025년 하반기 신입사원 모집,2025-09-21T23:00:00.000+09:00,400689,재무_현장관리,1,124,True,"122,202,105"
99859,GS건설,2025년 하반기 신입사원 모집,2025-09-21T23:00:00.000+09:00,400690,재무_재무,1,297,True,"122,105"
99859,GS건설,2025년 하반기 신입사원 모집,2025-09-21T23:00:00.000+09:00,400691,미래기술_BIM,1,15,True,"207,208"
99859,GS건설,2025년 하반기 신입사원 모집,2025-09-21T23:00:00.000+09:00,400692,미래기술_인프라구조R&D,1,13,True,"206,208"
99859,GS건설,2025년 하반기 신입사원 모집,2025-09-21T23:00:00.000+09:00,400693,미래기술_상하수도R&D,1,16,True,"205,206,207"
99859,GS건설,2025년 하반기 신입사원 모집,2025-09-21T23:00:00.000+09:00,400694,미래기술_터널 및 지하공간 R&D,1,7,True,"167,205,206"
99874,하나카드,2025년 신입직원 채용,2025-09-19T17:00:00.000+09:00,400742,카드업 일반,1,3413,True,"115,122,137,166,201,104,105,132"
99877,LG에너지솔루션,2025년 9월 신입사원 수시채용,2025-09-10T23:00:00.000+09:00,400745,[자동차전지개발센터] Cell개발(각형전지),1,158,True,"227,220,216"
99877,LG에너지솔루션,2025년 9월 신입사원 수시채용,2025-09-10T23:00:00.000+09:00,400746,[자동차전지개발센터] 공정기술(각형전지),1,157,True,"188,227,220,183,216"
99877,LG에너지솔루션,2025년 9월 신입사원 수시채용,2025-09-10T23:00:00.000+09:00,400747,[자동차전지개발센터] 설비기술(각형전지),1,117,True,"227,220,216"
99877,LG에너지솔루션,2025년 9월 신입사원 수시채용,2025-09-10T23:00:00.000+09:00,400748,[ESS전지사업부] Cell개발,1,121,True,"227,220,216"
99877,LG에너지솔루션,2025년 9월 신입사원 수시채용,2025-09-10T23:00:00.000+09:00,400749,[ESS전지사업부] Pack개발,1,61,True,"227,220,216"
99877,LG에너지솔루션,2025년 9월 신입사원 수시채용,2025-09-10T23:00:00.000+09:00,400750,[ESS전지사업부] BMS HW,1,102,True,"169,227,220,216"
99877,LG에너지솔루션,2025년 9월 신입사원 수시채용,2025-09-10T23:00:00.000+09:00,400751,[ESS전지사업부] BMS SW,1,106,True,"170,227,220,216"
99877,LG에너지솔루션,2025년 9월 신입사원 수시채용,2025-09-10T23:00:00.000+09:00,400752,[ESS전지사업부] System개발,1,52,True,"227,220,216"
99877,LG에너지솔루션,2025년 9월 신입사원 수시채용,2025-09-10T23:00:00.000+09:00,400753,[소형전지사업부] 원통형Cell개발,1,119,True,"227,220,216"
99877,LG에너지솔루션,2025년 9월 신입사원 수시채용,2025-09-10T23:00:00.000+09:00,400754,[소형전지사업부] 파우치형Cell개발,1,39,True,"227,220,216"
99877,LG에너지솔루션,2025년 9월 신입사원 수시채용,2025-09-10T23:00:00.000+09:00,400755,[소형전지사업부] 원통형Pack개발,1,40,True,"227,220,216"
99877,LG에너지솔루션,2025년 9월 신입사원 수시채용,2025-09-10T23:00:00.000+09:00,400756,[소형전지사업부] 생산운영(Cell),1,125,True,"187,227,220,183,216"
99877,LG에너지솔루션,2025년 9월 신입사원 수시채용,2025-09-10T23:00:00.000+09:00,400757,[소형전지사업부] 설비관리(전극),1,54,True,"227,220,216"
99877,LG에너지솔루션,2025년 9월 신입사원 수시채용,2025-09-10T23:00:00.000+09:00,400758,[소형전지사업부] 수주/양산영업,1,258,True,"227,220,216"
99877,LG에너지솔루션,2025년 9월 신입사원 수시채용,2025-09-10T23:00:00.000+09:00,400759,[CTO] 양극재기술,1,44,True,"227,220,216"
99877,LG에너지솔루션,2025년 9월 신입사원 수시채용,2025-09-10T23:00:00.000+09:00,400760,[CTO] 소재기술,1,60,True,"227,220,216"
99877,LG에너지솔루션,2025년 9월 신입사원 수시채용,2025-09-10T23:00:00.000+09:00,400761,[CTO] Cell기반기술,1,47,True,"227,220,216"
99877,LG에너지솔루션,2025년 9월 신입사원 수시채용,2025-09-10T23:00:00.000+09:00,400762,[CTO] Pack/Module설계,1,68,True,"227,220,216"
99877,LG에너지솔루션,2025년 9월 신입사원 수시채용,2025-09-10T23:00:00.000+09:00,400763,[CTO] Pack/Module 안전성 선행 설계,1,36,True,"227,220,216"
99877,LG에너지솔루션,2025년 9월 신입사원 수시채용,2025-09-10T23:00:00.000+09:00,400764,[CTO] 시뮬레이션,1,32,True,"227,220,216"
99877,LG에너지솔루션,2025년 9월 신입사원 수시채용,2025-09-10T23:00:00.000+09:00,400765,[CTO] BMS HW개발,1,68,True,"169,227,220,216"
99877,LG에너지솔루션,2025년 9월 신입사원 수시채용,2025-09-10T23:00:00.000+09:00,400766,[CTO] BMS SW개발,1,95,True,"170,227,220,216"
99877,LG에너지솔루션,2025년 9월 신입사원 수시채용,2025-09-10T23:00:00.000+09:00,400767,[CTO] BMS 알고리즘 개발,1,32,True,"167,227,220,216"
99877,LG에너지솔루션,2025년 9월 신입사원 수시채용,2025-09-10T23:00:00.000+09:00,400796,[CTO] Data Engineering 개발,1,128,True,"179,227,220,163,216"
99877,LG에너지솔루션,2025년 9월 신입사원 수시채용,2025-09-10T23:00:00.000+09:00,400768,[CTO] Data Engineering 검증,1,72,True,"179,227,220,163,216"
99877,LG에너지솔루션,2025년 9월 신입사원 수시채용,2025-09-10T23:00:00.000+09:00,400769,[CTO] BMS 기능안전,1,55,True,"227,220,216"
99877,LG에너지솔루션,2025년 9월 신입사원 수시채용,2025-09-10T23:00:00.000+09:00,400770,[CTO] 차세대전지_Pack System 선행개발,1,35,True,"227,220,216"
99877,LG에너지솔루션,2025년 9월 신입사원 수시채용,2025-09-10T23:00:00.000+09:00,400771,[CTO] 차세대전지_패키징 폼팩터 개발,1,12,True,"227,220,216"
99877,LG에너지솔루션,2025년 9월 신입사원 수시채용,2025-09-10T23:00:00.000+09:00,400772,[CTO] 차세대전지_황화물전고체전지,1,11,True,"227,220,216"
99877,LG에너지솔루션,2025년 9월 신입사원 수시채용,2025-09-10T23:00:00.000+09:00,400773,[CTO] 바이폴라전지,1,15,True,"227,220,216"
99877,LG에너지솔루션,2025년 9월 신입사원 수시채용,2025-09-10T23:00:00.000+09:00,400774,[CPO] 설비기술(전극),1,65,True,"227,220,216"
99877,LG에너지솔루션,2025년 9월 신입사원 수시채용,2025-09-10T23:00:00.000+09:00,400775,[CPO] 공정기술(전극),1,255,True,"188,227,220,183,216"
99877,LG에너지솔루션,2025년 9월 신입사원 수시채용,2025-09-10T23:00:00.000+09:00,400776,[CPO] 제품기술(전극),1,103,True,"227,220,216"
99877,LG에너지솔루션,2025년 9월 신입사원 수시채용,2025-09-10T23:00:00.000+09:00,400777,[CPO] 생산기술기획,1,71,True,"187,227,220,183,216"
99877,LG에너지솔루션,2025년 9월 신입사원 수시채용,2025-09-10T23:00:00.000+09:00,400778,[CPO] 제품기술(파우치),1,24,True,"227,220,216"
99877,LG에너지솔루션,2025년 9월 신입사원 수시채용,2025-09-10T23:00:00.000+09:00,400779,[CPO] 설비기술(파우치),1,33,True,"227,220,216"
99877,LG에너지솔루션,2025년 9월 신입사원 수시채용,2025-09-10T23:00:00.000+09:00,400780,[CPO] 공정기술(파우치),1,56,True,"188,227,220,183,216"
99877,LG에너지솔루션,2025년 9월 신입사원 수시채용,2025-09-10T23:00:00.000+09:00,400781,[CPO] 검사기술(원통형),1,42,True,"227,220,216"
99877,LG에너지솔루션,2025년 9월 신입사원 수시채용,2025-09-10T23:00:00.000+09:00,400782,[CPO] 제품기술(원통형),1,29,True,"227,220,216"
99877,LG에너지솔루션,2025년 9월 신입사원 수시채용,2025-09-10T23:00:00.000+09:00,400783,[CPO] 공정기술(원통형.조립/와인더),1,46,True,"188,227,220,183,216"
99877,LG에너지솔루션,2025년 9월 신입사원 수시채용,2025-09-10T23:00:00.000+09:00,400784,[CPO] 공정기술(원통형.활성화),1,53,True,"188,227,220,183,216"
99877,LG에너지솔루션,2025년 9월 신입사원 수시채용,2025-09-10T23:00:00.000+09:00,400785,[CPO] 설비기술(원통형),1,33,True,"227,220,216"
99877,LG에너지솔루션,2025년 9월 신입사원 수시채용,2025-09-10T23:00:00.000+09:00,400786,[CPO] 원통형DX,1,48,True,"227,220,216"
99877,LG에너지솔루션,2025년 9월 신입사원 수시채용,2025-09-10T23:00:00.000+09:00,400787,[CPO] 요소기술(용접),1,15,True,"227,220,216"
99877,LG에너지솔루션,2025년 9월 신입사원 수시채용,2025-09-10T23:00:00.000+09:00,400788,[CPO] 제조지능화(원격기술),1,15,True,"227,220,216"
99877,LG에너지솔루션,2025년 9월 신입사원 수시채용,2025-09-10T23:00:00.000+09:00,400789,[CPO] 공정기술(Pack),1,79,True,"188,227,220,183,216"
99877,LG에너지솔루션,2025년 9월 신입사원 수시채용,2025-09-10T23:00:00.000+09:00,400790,"[CPO] 설비기술(Pack, 제어)",1,56,True,"227,220,216"
99877,LG에너지솔루션,2025년 9월 신입사원 수시채용,2025-09-10T23:00:00.000+09:00,400791,[CPO] 기술전략,1,75,True,"227,220,216"
99877,LG에너지솔루션,2025년 9월 신입사원 수시채용,2025-09-10T23:00:00.000+09:00,400792,[CDO] 제조DX솔루션,1,118,True,"227,220,216"
99877,LG에너지솔루션,2025년 9월 신입사원 수시채용,2025-09-10T23:00:00.000+09:00,400793,[CDO] 예지보전(FDC),1,36,True,"227,220,216"
99877,LG에너지솔루션,2025년 9월 신입사원 수시채용,2025-09-10T23:00:00.000+09:00,400794,[CDO] 자동보정,1,43,True,"227,220,216"
99877,LG에너지솔루션,2025년 9월 신입사원 수시채용,2025-09-10T23:00:00.000+09:00,400795,[CDO] 품질DX,1,114,True,"189,227,220,183,216"
99918,kt cloud,2025년 신입사원 공개채용,2025-09-24T17:00:00.000+09:00,400906,IT직군_SW 개발,1,1258,True,170
99918,kt cloud,2025년 신입사원 공개채용,2025-09-24T17:00:00.000+09:00,400907,IT직군_Cloud 보안,1,135,True,167
99918,kt cloud,2025년 신입사원 공개채용,2025-09-24T17:00:00.000+09:00,400908,IT직군_IT 인프라 운영,1,321,True,"166,170"
99918,kt cloud,2025년 신입사원 공개채용,2025-09-24T17:00:00.000+09:00,400909,Biz직군_영업/컨설팅,1,507,True,195
99918,kt cloud,2025년 신입사원 공개채용,2025-09-24T17:00:00.000+09:00,400910,Biz직군_사업관리,1,353,True,"110,112,103"
99918,kt cloud,2025년 신입사원 공개채용,2025-09-24T17:00:00.000+09:00,400911,Engineer직군_DC기술,1,164,True,"179,181,163"
99918,kt cloud,2025년 신입사원 공개채용,2025-09-24T17:00:00.000+09:00,400912,Staff직군_경영기획,1,445,True,"109,111,142,143,103,133"
99919,카카오,2026 신입크루 공채,2025-09-28T23:59:00.000+09:00,400913,카카오_Tech_Tech 공통,1,1005,True,"175,176,177,164,165,166,162"
99919,카카오,2026 신입크루 공채,2025-09-28T23:59:00.000+09:00,400914,카카오_Service & Business_MD,1,594,True,"109,103"
99919,카카오,2026 신입크루 공채,2025-09-28T23:59:00.000+09:00,400915,카카오_Service & Business_AI 서비스 기획,1,364,True,171
99919,카카오,2026 신입크루 공채,2025-09-28T23:59:00.000+09:00,400916,카카오_Design_Product Design,1,203,True,241
99919,카카오,2026 신입크루 공채,2025-09-28T23:59:00.000+09:00,401108,카카오_Staff_PR,1,282,True,"142,133"
99919,카카오,2026 신입크루 공채,2025-09-28T23:59:00.000+09:00,401109,카카오_Staff_재무,1,452,True,"122,123,106,105"
99919,카카오,2026 신입크루 공채,2025-09-28T23:59:00.000+09:00,401110,카카오_Staff_HR,1,553,True,"115,117,118,119,104"
99919,카카오,2026 신입크루 공채,2025-09-28T23:59:00.000+09:00,401061,카카오게임즈_테크_기술PM,1,73,True,171
99919,카카오,2026 신입크루 공채,2025-09-28T23:59:00.000+09:00,401062,카카오게임즈_테크_DBA,1,75,True,"181,163"
99919,카카오,2026 신입크루 공채,2025-09-28T23:59:00.000+09:00,401063,카카오게임즈_테크_데이터,1,183,True,"179,180,163"
99919,카카오,2026 신입크루 공채,2025-09-28T23:59:00.000+09:00,401064,카카오게임즈_테크_서비스개발,1,116,True,168
99919,카카오,2026 신입크루 공채,2025-09-28T23:59:00.000+09:00,401065,카카오게임즈_서비스비즈_플랫폼/서비스기획,1,93,True,171
99919,카카오,2026 신입크루 공채,2025-09-28T23:59:00.000+09:00,401066,카카오게임즈_서비스비즈_PC/콘솔 PM,1,49,True,171
99919,카카오,2026 신입크루 공채,2025-09-28T23:59:00.000+09:00,401067,카카오게임즈_서비스비즈_운영PM,1,86,True,171
99919,카카오,2026 신입크루 공채,2025-09-28T23:59:00.000+09:00,401068,카카오게임즈_서비스비즈_캐주얼 모바일,1,50,True,168
99919,카카오,2026 신입크루 공채,2025-09-28T23:59:00.000+09:00,401069,카카오게임즈_서비스비즈_수집형·서브컬쳐 모바일,1,64,True,168
99919,카카오,2026 신입크루 공채,2025-09-28T23:59:00.000+09:00,401070,카카오게임즈_서비스비즈_마케팅,1,140,True,"137,132"
99919,카카오,2026 신입크루 공채,2025-09-28T23:59:00.000+09:00,401071,카카오게임즈_서비스비즈_사업지원,1,138,True,"127,107"
99919,카카오,2026 신입크루 공채,2025-09-28T23:59:00.000+09:00,401072,카카오게임즈_서비스비즈_MMORPG 모바일,1,42,True,168
99919,카카오,2026 신입크루 공채,2025-09-28T23:59:00.000+09:00,401112,카카오게임즈_스태프_GA,1,168,True,"128,107"
99919,카카오,2026 신입크루 공채,2025-09-28T23:59:00.000+09:00,401113,카카오게임즈_스태프_대외협력,1,125,True,"142,133"
99919,카카오,2026 신입크루 공채,2025-09-28T23:59:00.000+09:00,401114,카카오게임즈_스태프_재무,1,202,True,"122,106,105"
99919,카카오,2026 신입크루 공채,2025-09-28T23:59:00.000+09:00,401115,카카오게임즈_스태프_HR,1,272,True,"115,116,117,118,119,120,121,104"
99919,카카오,2026 신입크루 공채,2025-09-28T23:59:00.000+09:00,401073,카카오모빌리티_Backend Engineer,5,218,True,"176,162"
99919,카카오,2026 신입크루 공채,2025-09-28T23:59:00.000+09:00,401074,카카오모빌리티_Android Engineer,5,62,True,"173,161"
99919,카카오,2026 신입크루 공채,2025-09-28T23:59:00.000+09:00,401075,카카오모빌리티_Data Engineer,5,99,True,"179,163"
99919,카카오,2026 신입크루 공채,2025-09-28T23:59:00.000+09:00,401076,카카오모빌리티_Data Analytics Engineer,5,138,True,"181,163"
99919,카카오,2026 신입크루 공채,2025-09-28T23:59:00.000+09:00,401077,카카오모빌리티_사업기획자,5,317,True,"110,103"
99919,카카오,2026 신입크루 공채,2025-09-28T23:59:00.000+09:00,401078,카카오뱅크_서버 개발자,1,356,True,"176,162"
99919,카카오,2026 신입크루 공채,2025-09-28T23:59:00.000+09:00,401079,카카오엔터테인먼트_Biz & Service_음악 콘텐츠 계약 관리/정산,1,99,True,"127,107"
99919,카카오,2026 신입크루 공채,2025-09-28T23:59:00.000+09:00,401080,카카오엔터테인먼트_Biz & Service_디지털컨텐츠 운영/관리,1,130,True,"127,107"
99919,카카오,2026 신입크루 공채,2025-09-28T23:59:00.000+09:00,401081,카카오엔터테인먼트_Biz & Service_티케팅 기획/운영,1,176,True,"110,103"
99919,카카오,2026 신입크루 공채,2025-09-28T23:59:00.000+09:00,401082,카카오엔터테인먼트_Biz & Service_음악 마케팅,1,163,True,"137,248,132"
99919,카카오,2026 신입크루 공채,2025-09-28T23:59:00.000+09:00,401083,카카오엔터테인먼트_Biz & Service_멜론(Melon) 사업 마케팅,1,129,True,"110,137,103,132"
99919,카카오,2026 신입크루 공채,2025-09-28T23:59:00.000+09:00,401084,카카오엔터테인먼트_Biz & Service_멜론(Melon) 브랜드/서비스 마케팅,1,148,True,"134,137,132"
99919,카카오,2026 신입크루 공채,2025-09-28T23:59:00.000+09:00,401085,카카오엔터테인먼트_Biz & Service_멜론(Melon) 서비스기획,1,119,True,171
99919,카카오,2026 신입크루 공채,2025-09-28T23:59:00.000+09:00,401086,카카오엔터테인먼트_Biz & Service_멜론(Melon) 음악DB 기획/운영,1,85,True,171
99919,카카오,2026 신입크루 공채,2025-09-28T23:59:00.000+09:00,401087,카카오엔터테인먼트_Biz & Service_카카오페이지 Growth & CRM,1,149,True,"137,139,132"
99919,카카오,2026 신입크루 공채,2025-09-28T23:59:00.000+09:00,401088,카카오엔터테인먼트_Biz & Service_카카오페이지·웹툰 콘텐츠마케팅,1,209,True,"135,132"
99919,카카오,2026 신입크루 공채,2025-09-28T23:59:00.000+09:00,401089,카카오엔터테인먼트_Biz & Service_베리즈(Berriz) 플랫폼기획,1,101,True,171
99919,카카오,2026 신입크루 공채,2025-09-28T23:59:00.000+09:00,401090,카카오엔터테인먼트_Biz & Service_IP 커머스 사업,1,149,True,"110,112,103"
99919,카카오,2026 신입크루 공채,2025-09-28T23:59:00.000+09:00,401091,카카오엔터테인먼트_Biz & Service_광고사업,1,120,True,"110,112,103"
99919,카카오,2026 신입크루 공채,2025-09-28T23:59:00.000+09:00,401092,카카오엔터테인먼트_Tech_AI Research Scientist,1,163,True,167
99919,카카오,2026 신입크루 공채,2025-09-28T23:59:00.000+09:00,401093,카카오엔터테인먼트_Tech_Soft Engineering,1,216,True,170
99919,카카오,2026 신입크루 공채,2025-09-28T23:59:00.000+09:00,401094,카카오엔터테인먼트_Tech_AI 서비스기획,1,161,True,"167,171"
99919,카카오,2026 신입크루 공채,2025-09-28T23:59:00.000+09:00,401095,카카오엔터테인먼트_Corporate_회계/세무,1,178,True,"123,106,105"
99919,카카오,2026 신입크루 공채,2025-09-28T23:59:00.000+09:00,401096,카카오엔터테인먼트_Corporate_투자전략/IR,1,124,True,"112,124,103,105"
99919,카카오,2026 신입크루 공채,2025-09-28T23:59:00.000+09:00,401097,카카오엔터테인먼트_Corporate_경영기획,1,142,True,"109,103"
99919,카카오,2026 신입크루 공채,2025-09-28T23:59:00.000+09:00,401098,카카오엔터테인먼트_Corporate_HRM,1,178,True,"115,116,117,118,119,120,121,104"
99919,카카오,2026 신입크루 공채,2025-09-28T23:59:00.000+09:00,401099,카카오엔터테인먼트_Corporate_HRD/OD,1,143,True,"115,116,117,118,119,120,121,104"
99919,카카오,2026 신입크루 공채,2025-09-28T23:59:00.000+09:00,401100,카카오페이_테크_BE,1,422,True,"176,162"
99919,카카오,2026 신입크루 공채,2025-09-28T23:59:00.000+09:00,401101,카카오페이_테크_FE,1,276,True,"176,162"
99919,카카오,2026 신입크루 공채,2025-09-28T23:59:00.000+09:00,401102,카카오페이_프로덕트 매니저,1,302,True,171
99919,카카오,2026 신입크루 공채,2025-09-28T23:59:00.000+09:00,401103,카카오페이_스탭_HR,1,389,True,"115,116,117,118,119,120,121,104"
99919,카카오,2026 신입크루 공채,2025-09-28T23:59:00.000+09:00,401104,카카오페이_스탭_재무,1,411,True,"122,105"
99919,카카오,2026 신입크루 공채,2025-09-28T23:59:00.000+09:00,401105,카카오페이_비즈니스_플랫폼비즈,1,272,True,"110,112,103"
99919,카카오,2026 신입크루 공채,2025-09-28T23:59:00.000+09:00,401106,카카오페이_비즈니스_보험,1,275,True,201
99919,카카오,2026 신입크루 공채,2025-09-28T23:59:00.000+09:00,401107,카카오페이_비즈니스_마케팅,1,430,True,"137,132"
99928,GS리테일,2025 하반기 신입사원 공개채용,2025-09-19T17:00:00.000+09:00,400931,편의점(일반)_편의점 영업관리(OFC),1,1128,True,197
99928,GS리테일,2025 하반기 신입사원 공개채용,2025-09-19T17:00:00.000+09:00,400932,편의점(스펙초월)_편의점 영업관리(OFC),1,46,True,197
99928,GS리테일,2025 하반기 신입사원 공개채용,2025-09-19T17:00:00.000+09:00,400933,편의점(캠퍼스리크루팅)_편의점 영업관리(OFC),1,54,True,197
99928,GS리테일,2025 하반기 신입사원 공개채용,2025-09-19T17:00:00.000+09:00,400934,수퍼_수퍼 점포영업담당,3,115,True,196
99928,GS리테일,2025 하반기 신입사원 공개채용,2025-09-19T17:00:00.000+09:00,400935,"홈쇼핑_MD, PD",1,716,True,"149,247"
99934,LS그룹,신입/경력 수시 채용 ,2025-09-28T23:59:00.000+09:00,400955,[LS전선]전기/전자,1,146,True,220
99934,LS그룹,신입/경력 수시 채용 ,2025-09-28T23:59:00.000+09:00,400956,[LS전선]재료/분석/신뢰성,1,68,True,"229,231,217"
99934,LS그룹,신입/경력 수시 채용 ,2025-09-28T23:59:00.000+09:00,400957,[LS전선]기계,1,95,True,"227,216"
99934,LS그룹,신입/경력 수시 채용 ,2025-09-28T23:59:00.000+09:00,400958,[LS전선]금속/복합재료,1,21,True,223
99934,LS그룹,신입/경력 수시 채용 ,2025-09-28T23:59:00.000+09:00,400959,[LS전선]초전도,1,11,True,220
99934,LS그룹,신입/경력 수시 채용 ,2025-09-28T23:59:00.000+09:00,400972,[LS Mtron]연구개발_트랙터 유압 개발,6,171,True,"227,216"
99934,LS그룹,신입/경력 수시 채용 ,2025-09-28T23:59:00.000+09:00,401178,[LS Mtron]HR,3,261,True,"115,118,121,104"
99934,LS그룹,신입/경력 수시 채용 ,2025-09-28T23:59:00.000+09:00,400960,[LS Mtron]해외영업,2,60,True,"154,146"
99934,LS그룹,신입/경력 수시 채용 ,2025-09-28T23:59:00.000+09:00,400961,[LS Mtron]법인지원,2,17,True,"112,197,103"
99934,LS그룹,신입/경력 수시 채용 ,2025-09-28T23:59:00.000+09:00,400962,[LS Mtron]S&OP,2,15,True,"150,187,145,183"
99934,LS그룹,신입/경력 수시 채용 ,2025-09-28T23:59:00.000+09:00,400963,[LS Mtron]제품 디자인,2,21,True,238
99934,LS그룹,신입/경력 수시 채용 ,2025-09-28T23:59:00.000+09:00,400964,[LS Mtron]연구개발_트랙터 엔진 시험 및 성능 개발,2,42,True,"227,216"
99934,LS그룹,신입/경력 수시 채용 ,2025-09-28T23:59:00.000+09:00,400965,[LS Mtron]품질_트랙터 해외법인 품질 대응,2,3,True,"189,183"
99934,LS그룹,신입/경력 수시 채용 ,2025-09-28T23:59:00.000+09:00,400966,[LS Mtron]품질_트랙터 부품 품질관리,2,11,True,"189,183"
99934,LS그룹,신입/경력 수시 채용 ,2025-09-28T23:59:00.000+09:00,400967,[LS Mtron]영업,2,25,True,194
99934,LS그룹,신입/경력 수시 채용 ,2025-09-28T23:59:00.000+09:00,400968,[LS Mtron]신사업_경력 10년이상,2,1,True,"110,149,103"
99934,LS그룹,신입/경력 수시 채용 ,2025-09-28T23:59:00.000+09:00,400969,[LS Mtron]신사업_경력 5년 이상,2,7,True,"110,149,103"
99934,LS그룹,신입/경력 수시 채용 ,2025-09-28T23:59:00.000+09:00,400970,[LS Mtron]제품개발설계,2,5,True,219
99934,LS그룹,신입/경력 수시 채용 ,2025-09-28T23:59:00.000+09:00,400971,[LS Mtron]품질_방산품 품질관리 및 품질보증,2,17,True,"189,183"
99934,LS그룹,신입/경력 수시 채용 ,2025-09-28T23:59:00.000+09:00,400973,[LS E-Link]안전관리,4,30,True,"191,184"
99934,LS그룹,신입/경력 수시 채용 ,2025-09-28T23:59:00.000+09:00,400974,[LS E-Link]사업개발,3,277,True,"110,112,103"
99934,LS그룹,신입/경력 수시 채용 ,2025-09-28T23:59:00.000+09:00,400975,[LS E-Link]IT전산,3,454,True,"166,170"
99934,LS그룹,신입/경력 수시 채용 ,2025-09-28T23:59:00.000+09:00,400976,[LS E-Link]경영지원,3,347,True,"112,113,103"
99939,드림라인,네트워크 기술 신입사원 모집,2025-09-17T16:16:28.000+09:00,400992,네트워크 기술,1,19,True,"179,180,181,182,166,163"
99972,CJ제일제당(식품/공통부문),Future Marketer League,2025-09-24T17:00:00.000+09:00,401152,Product Marketing,1,44,True,"137,132"
99972,CJ제일제당(식품/공통부문),Future Marketer League,2025-09-24T17:00:00.000+09:00,401177,Digital Marketing,1,19,True,"136,137,132"
99976,아마존웹서비스,2026 신입 채용,2025-11-07T23:59:00.000+09:00,401168,"Professional Services 신입사원, A2C",1,158,True,"160,172,173,174,175,176,177,178,179,180,181,182,164,165,166,167,169,170,171,161,162,163"
99976,아마존웹서비스,2026 신입 채용,2025-11-07T23:59:00.000+09:00,401169,Demand Generation Representatives(Sales) 신입사원,1,101,True,"134,135,136,137,138,139,140,141,142,143,144,194,195,196,197,198,199,200,201,132,133"
99980,한화에어로스페이스,2025년 하반기 신입사원 채용(정규직/채용연계형 인턴),2025-10-14T10:00:00.000+09:00,401184,R&D,1,2813,True,"227,219,220,224,216"
99980,한화에어로스페이스,2025년 하반기 신입사원 채용(정규직/채용연계형 인턴),2025-10-14T10:00:00.000+09:00,401185,제조/생산기술,1,2628,True,"187,185,183"
99980,한화에어로스페이스,2025년 하반기 신입사원 채용(정규직/채용연계형 인턴),2025-10-14T10:00:00.000+09:00,401186,품질,1,959,True,"189,190,183"
99980,한화에어로스페이스,2025년 하반기 신입사원 채용(정규직/채용연계형 인턴),2025-10-14T10:00:00.000+09:00,401187,구매,1,528,True,"157,158,159,147"
99980,한화에어로스페이스,2025년 하반기 신입사원 채용(정규직/채용연계형 인턴),2025-10-14T10:00:00.000+09:00,401188,사업관리,1,982,True,"110,112,114,127,103,107"
99980,한화에어로스페이스,2025년 하반기 신입사원 채용(정규직/채용연계형 인턴),2025-10-14T10:00:00.000+09:00,401189,재무,1,472,True,"122,123,106,105"
99980,한화에어로스페이스,2025년 하반기 신입사원 채용(정규직/채용연계형 인턴),2025-10-14T10:00:00.000+09:00,401190,경영관리,1,409,True,"109,111,114,127,103,107"
99980,한화에어로스페이스,2025년 하반기 신입사원 채용(정규직/채용연계형 인턴),2025-10-14T10:00:00.000+09:00,401949,방산원가,1,139,True,"126,157,158,105,147"
99980,한화에어로스페이스,2025년 하반기 신입사원 채용(정규직/채용연계형 인턴),2025-10-14T10:00:00.000+09:00,401950,인사,1,541,True,"115,118,104"
99980,한화에어로스페이스,2025년 하반기 신입사원 채용(정규직/채용연계형 인턴),2025-10-14T10:00:00.000+09:00,401951,안전/환경,1,463,True,"191,192,184"
99980,한화에어로스페이스,2025년 하반기 신입사원 채용(정규직/채용연계형 인턴),2025-10-14T10:00:00.000+09:00,401952,R&D,3,286,True,"227,219,220,224,216"
99980,한화에어로스페이스,2025년 하반기 신입사원 채용(정규직/채용연계형 인턴),2025-10-14T10:00:00.000+09:00,401953,사업관리,3,331,True,"110,112,114,127,103,107"
99980,한화에어로스페이스,2025년 하반기 신입사원 채용(정규직/채용연계형 인턴),2025-10-14T10:00:00.000+09:00,401954,재무,3,158,True,"122,105"
99980,한화에어로스페이스,2025년 하반기 신입사원 채용(정규직/채용연계형 인턴),2025-10-14T10:00:00.000+09:00,401955,인사,3,280,True,"115,118,104"
99984,CJ 4DPLEX,2025 하반기 신입사원 모집,2025-09-24T17:00:00.000+09:00,401205,SCREENX PD,1,40,True,"247,251"
99984,CJ 4DPLEX,2025 하반기 신입사원 모집,2025-09-24T17:00:00.000+09:00,401206,글로벌 배급,1,102,True,"110,112,251,103"
99984,CJ 4DPLEX,2025 하반기 신입사원 모집,2025-09-24T17:00:00.000+09:00,401207,IMC 마케팅,1,58,True,"134,137,138,132"
99984,CJ 4DPLEX,2025 하반기 신입사원 모집,2025-09-24T17:00:00.000+09:00,401208,ALT콘텐츠 마케팅,1,87,True,"135,137,138,132"
99984,CJ 4DPLEX,2025 하반기 신입사원 모집,2025-09-24T17:00:00.000+09:00,401209,상품 기획,1,43,True,"137,138,149,132"
99984,CJ 4DPLEX,2025 하반기 신입사원 모집,2025-09-24T17:00:00.000+09:00,401210,재무,1,77,True,"122,123,106,105"
99989,CJ올리브네트웍스,2025 하반기 신입사원 모집,2025-09-24T17:00:00.000+09:00,401221,BUSINESS SYSTEM ENGINEER,1,262,True,"150,164,145"
99989,CJ올리브네트웍스,2025 하반기 신입사원 모집,2025-09-24T17:00:00.000+09:00,401222,ERP SYSTEM ENGINEER,1,108,True,"164,170"
99989,CJ올리브네트웍스,2025 하반기 신입사원 모집,2025-09-24T17:00:00.000+09:00,401223,SOFTWARE ENGINEER,1,598,True,"164,170"
99989,CJ올리브네트웍스,2025 하반기 신입사원 모집,2025-09-24T17:00:00.000+09:00,401224,SECURITY ENGINEER,1,63,True,166
99989,CJ올리브네트웍스,2025 하반기 신입사원 모집,2025-09-24T17:00:00.000+09:00,401225,AI ENGINEER,1,279,True,167
99989,CJ올리브네트웍스,2025 하반기 신입사원 모집,2025-09-24T17:00:00.000+09:00,401226,DATA ENGINEER,1,142,True,"179,180,163"
99989,CJ올리브네트웍스,2025 하반기 신입사원 모집,2025-09-24T17:00:00.000+09:00,401227,CLOUD SERVICE ENGINEER,1,118,True,"166,167"
99989,CJ올리브네트웍스,2025 하반기 신입사원 모집,2025-09-24T17:00:00.000+09:00,401228,NETWORK SERVICE ENGINEER,1,56,True,166
99989,CJ올리브네트웍스,2025 하반기 신입사원 모집,2025-09-24T17:00:00.000+09:00,401229,INFRA SERVICE ENGINEER ,1,62,True,"166,170"
99989,CJ올리브네트웍스,2025 하반기 신입사원 모집,2025-09-24T17:00:00.000+09:00,401230,인사 ,1,222,True,"115,118,104"
99990,이지스자산운용,제10기 신입사원 공개채용,2025-09-30T23:59:00.000+09:00,401233,공통,1,673,True,"210,211"
99992,CJ CGV,2025 하반기 신입사원 모집,2025-09-24T17:00:00.000+09:00,401235,재무,1,211,True,"122,124,125,105"
99992,CJ CGV,2025 하반기 신입사원 모집,2025-09-24T17:00:00.000+09:00,401236,마케팅,1,225,True,"134,137,132"
99992,CJ CGV,2025 하반기 신입사원 모집,2025-09-24T17:00:00.000+09:00,401237,콘텐츠기획,1,293,True,"137,138,251,132"
99992,CJ CGV,2025 하반기 신입사원 모집,2025-09-24T17:00:00.000+09:00,401238,미디어광고영업,1,71,True,"142,194,133"
99992,CJ CGV,2025 하반기 신입사원 모집,2025-09-24T17:00:00.000+09:00,401239,미디어상품기획,1,80,True,"134,138,140,132,133"
99993,현대모비스,2025 하반기 신입채용,2025-09-23T10:00:00.000+09:00,401240,전장BU_SW/로직_전방 영상 객체 인식 로직 개발,1,285,True,220
99993,현대모비스,2025 하반기 신입채용,2025-09-23T10:00:00.000+09:00,401241,전장BU_SW/로직_BCU 시스템 개발,1,184,True,"164,165,166"
99993,현대모비스,2025 하반기 신입채용,2025-09-23T10:00:00.000+09:00,401242,샤시안전BU_HW_조향 시스템/기구,1,303,True,220
99993,현대모비스,2025 하반기 신입채용,2025-09-23T10:00:00.000+09:00,401243,샤시안전BU_HW_조향 전장 기구,1,194,True,220
99993,현대모비스,2025 하반기 신입채용,2025-09-23T10:00:00.000+09:00,401244,샤시안전BU_HW_조향 전장 회로,1,224,True,220
99993,현대모비스,2025 하반기 신입채용,2025-09-23T10:00:00.000+09:00,401245,샤시안전BU_HW_안전제어기 회로,1,266,True,220
99993,현대모비스,2025 하반기 신입채용,2025-09-23T10:00:00.000+09:00,401246,샤시안전BU_SW/로직_조향 로직,1,90,True,220
99993,현대모비스,2025 하반기 신입채용,2025-09-23T10:00:00.000+09:00,401247,샤시안전BU_SW/로직_안전제어기 SW,1,256,True,170
99993,현대모비스,2025 하반기 신입채용,2025-09-23T10:00:00.000+09:00,401248,샤시안전BU_R&D_안전제어기 시스템,1,169,True,220
99993,현대모비스,2025 하반기 신입채용,2025-09-23T10:00:00.000+09:00,401249,샤시안전BU_R&D_조향 시작품 개발,1,305,True,220
99993,현대모비스,2025 하반기 신입채용,2025-09-23T10:00:00.000+09:00,401250,샤시안전BU_영업/마케팅_제동 영업,1,429,True,"137,194,132"
99993,현대모비스,2025 하반기 신입채용,2025-09-23T10:00:00.000+09:00,401251,서비스부품BU_HW_전장용품설계,1,196,True,169
99993,현대모비스,2025 하반기 신입채용,2025-09-23T10:00:00.000+09:00,401252,서비스부품BU_품질_서비스부품품질 보증,1,223,True,"189,183"
99993,현대모비스,2025 하반기 신입채용,2025-09-23T10:00:00.000+09:00,401253,서비스부품BU_물류_국내 재고기획 및 협력사 발주/납입관리,1,398,True,"157,158,147"
99993,현대모비스,2025 하반기 신입채용,2025-09-23T10:00:00.000+09:00,401254,서비스부품BU_지원_데이터 분석 및 서비스부품운영시스템 개발,1,339,True,"180,164,163"
99993,현대모비스,2025 하반기 신입채용,2025-09-23T10:00:00.000+09:00,401255,서비스부품BU_지원_노무관리 및 협력사관리,1,145,True,"116,104"
99993,현대모비스,2025 하반기 신입채용,2025-09-23T10:00:00.000+09:00,401256,구매담당_구매/구매개발_구매원가분석,1,152,True,"157,147"
99993,현대모비스,2025 하반기 신입채용,2025-09-23T10:00:00.000+09:00,401257,구매담당_구매/구매개발_램프부품구매,1,199,True,"157,147"
99993,현대모비스,2025 하반기 신입채용,2025-09-23T10:00:00.000+09:00,401258,구매담당_구매/구매개발_원부자재구매,1,240,True,"157,158,147"
99993,현대모비스,2025 하반기 신입채용,2025-09-23T10:00:00.000+09:00,401259,구매담당_구매/구매개발_상생협력추진,1,211,True,"157,158,147"
99993,현대모비스,2025 하반기 신입채용,2025-09-23T10:00:00.000+09:00,401260,구매담당_구매/구매개발_배터리부품개발,1,218,True,221
99993,현대모비스,2025 하반기 신입채용,2025-09-23T10:00:00.000+09:00,401261,구매담당_구매/구매개발_글로벌구매관리,1,297,True,"157,147"
99993,현대모비스,2025 하반기 신입채용,2025-09-23T10:00:00.000+09:00,401262,품질담당_품질_품질 정보분석,1,387,True,"189,183"
99993,현대모비스,2025 하반기 신입채용,2025-09-23T10:00:00.000+09:00,401263,품질담당_품질_IVI 시스템 평가,1,119,True,"189,183"
99993,현대모비스,2025 하반기 신입채용,2025-09-23T10:00:00.000+09:00,401264,품질담당_품질_전동화 PV검증/평가(EMC),1,120,True,"227,216"
99993,현대모비스,2025 하반기 신입채용,2025-09-23T10:00:00.000+09:00,401265,품질담당_품질_전동화 PV검증/평가(NVH),1,135,True,"227,216"
99993,현대모비스,2025 하반기 신입채용,2025-09-23T10:00:00.000+09:00,401266,품질담당_품질_에어백시스템 신차품질,1,176,True,"189,183"
99993,현대모비스,2025 하반기 신입채용,2025-09-23T10:00:00.000+09:00,401267,품질담당_품질_에어백시스템 품질보증,1,122,True,"189,183"
99993,현대모비스,2025 하반기 신입채용,2025-09-23T10:00:00.000+09:00,401268,품질담당_품질_IVI/표시장치 품질보증,1,121,True,"189,183"
99993,현대모비스,2025 하반기 신입채용,2025-09-23T10:00:00.000+09:00,401269,생산개발담당_생산_생산기술_조향부품,1,336,True,219
99993,현대모비스,2025 하반기 신입채용,2025-09-23T10:00:00.000+09:00,401270,생산개발담당_생산_생산기술_제동부품,1,363,True,"227,216"
99993,현대모비스,2025 하반기 신입채용,2025-09-23T10:00:00.000+09:00,401271,생산개발담당_생산_생산기술_제어기,1,289,True,"227,216"
99993,현대모비스,2025 하반기 신입채용,2025-09-23T10:00:00.000+09:00,401272,기획담당_기획_전략기획,1,391,True,"110,112,103"
99993,현대모비스,2025 하반기 신입채용,2025-09-23T10:00:00.000+09:00,401273,기획담당_기획_사업개발,1,271,True,"110,112,103"
99993,현대모비스,2025 하반기 신입채용,2025-09-23T10:00:00.000+09:00,401274,기획담당_기획_사업관리,1,431,True,"110,112,103"
99993,현대모비스,2025 하반기 신입채용,2025-09-23T10:00:00.000+09:00,401275,재경담당_재경_사전원가,1,349,True,"157,158,147"
99993,현대모비스,2025 하반기 신입채용,2025-09-23T10:00:00.000+09:00,401276,경영지원담당_지원_생성형 AI서비스 연구/개발,1,249,True,167
99993,현대모비스,2025 하반기 신입채용,2025-09-23T10:00:00.000+09:00,401277,경영지원담당_지원_AI/ML 데이터분석,1,350,True,"180,163"
99993,현대모비스,2025 하반기 신입채용,2025-09-23T10:00:00.000+09:00,401278,법무담당_법무_컴플라이언스,1,151,True,108
99993,현대모비스,2025 하반기 신입채용,2025-09-23T10:00:00.000+09:00,401279,안전보건담당_지원_안전보건관리,1,391,True,"191,184"
99994,CJ프레시웨이,2025 하반기 신입사원 모집,2025-09-24T17:00:00.000+09:00,401280,영업,1,173,True,194
99994,CJ프레시웨이,2025 하반기 신입사원 모집,2025-09-24T17:00:00.000+09:00,401281,FS수주영업(Food Service),1,91,True,"194,196"
99994,CJ프레시웨이,2025 하반기 신입사원 모집,2025-09-24T17:00:00.000+09:00,401282,MD,1,121,True,149
99994,CJ프레시웨이,2025 하반기 신입사원 모집,2025-09-24T17:00:00.000+09:00,401283,글로벌MD,1,59,True,149
99994,CJ프레시웨이,2025 하반기 신입사원 모집,2025-09-24T17:00:00.000+09:00,401284,식품R&D,1,36,True,"235,218"
99994,CJ프레시웨이,2025 하반기 신입사원 모집,2025-09-24T17:00:00.000+09:00,401285,데이터분석,1,257,True,"180,163"
99994,CJ프레시웨이,2025 하반기 신입사원 모집,2025-09-24T17:00:00.000+09:00,401286,정보보안,1,55,True,166
99994,CJ프레시웨이,2025 하반기 신입사원 모집,2025-09-24T17:00:00.000+09:00,401287,물류기획,1,103,True,"150,145"
99994,CJ프레시웨이,2025 하반기 신입사원 모집,2025-09-24T17:00:00.000+09:00,401288,물류운영,1,98,True,"150,151,145"
99994,CJ프레시웨이,2025 하반기 신입사원 모집,2025-09-24T17:00:00.000+09:00,401289,FS기획(Food Service),1,80,True,"112,113,103"
99994,CJ프레시웨이,2025 하반기 신입사원 모집,2025-09-24T17:00:00.000+09:00,401290,식품분석,1,66,True,"127,235,107,218"
99994,CJ프레시웨이,2025 하반기 신입사원 모집,2025-09-24T17:00:00.000+09:00,401291,품질보증,1,89,True,"189,183"
99994,CJ프레시웨이,2025 하반기 신입사원 모집,2025-09-24T17:00:00.000+09:00,401292,전략기획,1,60,True,"110,111,103"
99994,CJ프레시웨이,2025 하반기 신입사원 모집,2025-09-24T17:00:00.000+09:00,401293,리스크관리,1,44,True,108
99994,CJ프레시웨이,2025 하반기 신입사원 모집,2025-09-24T17:00:00.000+09:00,401294,사업관리,1,66,True,"109,110,103"
99994,CJ프레시웨이,2025 하반기 신입사원 모집,2025-09-24T17:00:00.000+09:00,401295,자금,1,94,True,"125,105"
99998,CJ제일제당(식품/공통부문),2025 하반기 식품/공통부문 신입사원 모집,2025-09-24T17:00:00.000+09:00,401299,[R&D전형] R&D(식품),1,110,True,"235,218"
99998,CJ제일제당(식품/공통부문),2025 하반기 식품/공통부문 신입사원 모집,2025-09-24T17:00:00.000+09:00,401300,[경영관리 전형] 경영관리,1,298,True,"109,111,103"
99998,CJ제일제당(식품/공통부문),2025 하반기 식품/공통부문 신입사원 모집,2025-09-24T17:00:00.000+09:00,401301,[일반전형] 정보보안,1,86,True,166
99998,CJ제일제당(식품/공통부문),2025 하반기 식품/공통부문 신입사원 모집,2025-09-24T17:00:00.000+09:00,401302,[일반전형] 온라인마케팅,1,204,True,"136,132"
99998,CJ제일제당(식품/공통부문),2025 하반기 식품/공통부문 신입사원 모집,2025-09-24T17:00:00.000+09:00,401303,[일반전형] 콘텐츠마케팅,1,218,True,"135,132"
99998,CJ제일제당(식품/공통부문),2025 하반기 식품/공통부문 신입사원 모집,2025-09-24T17:00:00.000+09:00,401304,[일반전형] HR,1,320,True,"115,116,117,118,119,120,121,104"
99998,CJ제일제당(식품/공통부문),2025 하반기 식품/공통부문 신입사원 모집,2025-09-24T17:00:00.000+09:00,401305,[일반전형] GLOBAL SALES,1,306,True,"154,146"
99998,CJ제일제당(식품/공통부문),2025 하반기 식품/공통부문 신입사원 모집,2025-09-24T17:00:00.000+09:00,401306,[일반전형] E-COMMERCE SALES,1,217,True,194
99998,CJ제일제당(식품/공통부문),2025 하반기 식품/공통부문 신입사원 모집,2025-09-24T17:00:00.000+09:00,401307,[일반전형] FOOD SALES(B2C/B2B),1,316,True,"194,196"
99998,CJ제일제당(식품/공통부문),2025 하반기 식품/공통부문 신입사원 모집,2025-09-24T17:00:00.000+09:00,401308,[일반전형] 구매,1,191,True,"157,147"
99998,CJ제일제당(식품/공통부문),2025 하반기 식품/공통부문 신입사원 모집,2025-09-24T17:00:00.000+09:00,401309,[일반전형] 곡물구매,1,60,True,"157,147"
99998,CJ제일제당(식품/공통부문),2025 하반기 식품/공통부문 신입사원 모집,2025-09-24T17:00:00.000+09:00,401310,[일반전형] 생산기술,1,206,True,"185,235,218"
99998,CJ제일제당(식품/공통부문),2025 하반기 식품/공통부문 신입사원 모집,2025-09-24T17:00:00.000+09:00,401311,[일반전형] QA/QC(서울/수도권),1,201,True,"189,183"
99998,CJ제일제당(식품/공통부문),2025 하반기 식품/공통부문 신입사원 모집,2025-09-24T17:00:00.000+09:00,401312,[일반전형] QA/QC(충청),1,166,True,"189,183"
99998,CJ제일제당(식품/공통부문),2025 하반기 식품/공통부문 신입사원 모집,2025-09-24T17:00:00.000+09:00,401313,[일반전형] 공무,1,117,True,186
100001,CJ대한통운(건설부문),2025 하반기 신입사원 모집,2025-09-24T17:00:00.000+09:00,401320,건축시공,1,265,True,207
100001,CJ대한통운(건설부문),2025 하반기 신입사원 모집,2025-09-24T17:00:00.000+09:00,401321,설비시공,1,97,True,205
100001,CJ대한통운(건설부문),2025 하반기 신입사원 모집,2025-09-24T17:00:00.000+09:00,401322,전기시공,1,107,True,204
100001,CJ대한통운(건설부문),2025 하반기 신입사원 모집,2025-09-24T17:00:00.000+09:00,401323,토목시공,1,83,True,206
100001,CJ대한통운(건설부문),2025 하반기 신입사원 모집,2025-09-24T17:00:00.000+09:00,401324,안전관리,1,120,True,203
100001,CJ대한통운(건설부문),2025 하반기 신입사원 모집,2025-09-24T17:00:00.000+09:00,401325,건축견적,1,99,True,207
100001,CJ대한통운(건설부문),2025 하반기 신입사원 모집,2025-09-24T17:00:00.000+09:00,401326,환경영업,1,110,True,"196,197"
100001,CJ대한통운(건설부문),2025 하반기 신입사원 모집,2025-09-24T17:00:00.000+09:00,401327,재무,1,106,True,"122,123,106,105"
100001,CJ대한통운(건설부문),2025 하반기 신입사원 모집,2025-09-24T17:00:00.000+09:00,401328,인사,1,191,True,"115,116,117,118,119,120,121,104"
100002,CJ제일제당(BIO),2025 하반기 신입사원 모집,2025-09-24T17:00:00.000+09:00,401329,[일반] GLOBAL SALES&MARKETING,1,173,True,"136,137,154,132,146"
100002,CJ제일제당(BIO),2025 하반기 신입사원 모집,2025-09-24T17:00:00.000+09:00,401330,[일반] SCM,1,139,True,"150,145"
100002,CJ제일제당(BIO),2025 하반기 신입사원 모집,2025-09-24T17:00:00.000+09:00,401331,[일반] 생산기술,1,270,True,"187,188,185,183"
100002,CJ제일제당(BIO),2025 하반기 신입사원 모집,2025-09-24T17:00:00.000+09:00,401332,[R&D] 발효,1,58,True,"234,218"
100002,CJ제일제당(BIO),2025 하반기 신입사원 모집,2025-09-24T17:00:00.000+09:00,401333,[R&D] 정제,1,49,True,"234,218"
100002,CJ제일제당(BIO),2025 하반기 신입사원 모집,2025-09-24T17:00:00.000+09:00,401334,[R&D] AI,1,37,True,167
100002,CJ제일제당(BIO),2025 하반기 신입사원 모집,2025-09-24T17:00:00.000+09:00,401335,[R&D] 분석,1,59,True,"234,218"
100002,CJ제일제당(BIO),2025 하반기 신입사원 모집,2025-09-24T17:00:00.000+09:00,401336,[R&D] REGULATORY SCIENCES,1,40,True,"189,234,183,218"
100003,CJ대한통운,2025 하반기 신입사원 모집,2025-09-24T17:00:00.000+09:00,401337,일반전형_SCM,1,329,True,"150,145"
100003,CJ대한통운,2025 하반기 신입사원 모집,2025-09-24T17:00:00.000+09:00,401338,일반전형_로봇/자동화,1,155,True,"167,170"
100003,CJ대한통운,2025 하반기 신입사원 모집,2025-09-24T17:00:00.000+09:00,401339,일반전형_AI・빅데이터 최적화,1,174,True,167
100003,CJ대한통운,2025 하반기 신입사원 모집,2025-09-24T17:00:00.000+09:00,401340,일반전형_재무/회계,1,215,True,"122,123,124,125,126,106,105"
100003,CJ대한통운,2025 하반기 신입사원 모집,2025-09-24T17:00:00.000+09:00,401341,글로벌 TRACK_글로벌SCM,1,95,True,"150,145"
100003,CJ대한통운,2025 하반기 신입사원 모집,2025-09-24T17:00:00.000+09:00,401342,글로벌 TRACK_글로벌 사업관리/재무,1,51,True,"122,123,124,125,126,105"
100004,CJ올리브영,2025 하반기 신입사원 모집,2025-09-24T17:00:00.000+09:00,401343,MD,1,368,True,149
100004,CJ올리브영,2025 하반기 신입사원 모집,2025-09-24T17:00:00.000+09:00,401344,상품개발BM,1,124,True,"110,112,103"
100004,CJ올리브영,2025 하반기 신입사원 모집,2025-09-24T17:00:00.000+09:00,401345,운영BM,1,167,True,"110,112,103"
100004,CJ올리브영,2025 하반기 신입사원 모집,2025-09-24T17:00:00.000+09:00,401346,면세영업,1,151,True,196
100004,CJ올리브영,2025 하반기 신입사원 모집,2025-09-24T17:00:00.000+09:00,401347,브랜딩전략,1,163,True,"134,132"
100004,CJ올리브영,2025 하반기 신입사원 모집,2025-09-24T17:00:00.000+09:00,401348,콘텐츠마케팅,1,165,True,"134,132"
100004,CJ올리브영,2025 하반기 신입사원 모집,2025-09-24T17:00:00.000+09:00,401349,PB마케팅,1,160,True,"135,132"
100004,CJ올리브영,2025 하반기 신입사원 모집,2025-09-24T17:00:00.000+09:00,401350,상품마케팅,1,199,True,"136,137,132"
100004,CJ올리브영,2025 하반기 신입사원 모집,2025-09-24T17:00:00.000+09:00,401351,제휴마케팅,1,120,True,"137,132"
100004,CJ올리브영,2025 하반기 신입사원 모집,2025-09-24T17:00:00.000+09:00,401352,상품디자인,1,70,True,238
100004,CJ올리브영,2025 하반기 신입사원 모집,2025-09-24T17:00:00.000+09:00,401353,비주얼디자인,1,86,True,"243,237"
100004,CJ올리브영,2025 하반기 신입사원 모집,2025-09-24T17:00:00.000+09:00,401354,VMD,1,62,True,149
100004,CJ올리브영,2025 하반기 신입사원 모집,2025-09-24T17:00:00.000+09:00,401355,인테리어,1,95,True,239
100004,CJ올리브영,2025 하반기 신입사원 모집,2025-09-24T17:00:00.000+09:00,401356,SCM,1,234,True,"150,145"
100004,CJ올리브영,2025 하반기 신입사원 모집,2025-09-24T17:00:00.000+09:00,401357,백엔드개발,1,629,True,"176,162"
100004,CJ올리브영,2025 하반기 신입사원 모집,2025-09-24T17:00:00.000+09:00,401358,프론트엔드개발,1,411,True,"175,162"
100004,CJ올리브영,2025 하반기 신입사원 모집,2025-09-24T17:00:00.000+09:00,401359,SRE,1,101,True,"134,137,132"
100004,CJ올리브영,2025 하반기 신입사원 모집,2025-09-24T17:00:00.000+09:00,401360,서비스기획,1,321,True,171
100004,CJ올리브영,2025 하반기 신입사원 모집,2025-09-24T17:00:00.000+09:00,401361,MD전략,1,149,True,149
100004,CJ올리브영,2025 하반기 신입사원 모집,2025-09-24T17:00:00.000+09:00,401362,온라인플랫폼전략,1,216,True,"136,137,132"
100004,CJ올리브영,2025 하반기 신입사원 모집,2025-09-24T17:00:00.000+09:00,401363,사업관리,1,189,True,"110,112,103"
100004,CJ올리브영,2025 하반기 신입사원 모집,2025-09-24T17:00:00.000+09:00,401364,RA,1,71,True,255
100004,CJ올리브영,2025 하반기 신입사원 모집,2025-09-24T17:00:00.000+09:00,401365,인사(HRM),1,268,True,"115,117,118,119,120,104"
100004,CJ올리브영,2025 하반기 신입사원 모집,2025-09-24T17:00:00.000+09:00,401366,글로벌MD(글로벌 전형),1,116,True,149
100004,CJ올리브영,2025 하반기 신입사원 모집,2025-09-24T17:00:00.000+09:00,401367,미주영업(글로벌 전형),1,111,True,"134,137,132"
100004,CJ올리브영,2025 하반기 신입사원 모집,2025-09-24T17:00:00.000+09:00,401368,아시아마케팅(글로벌 전형),1,61,True,"134,137,132"
100004,CJ올리브영,2025 하반기 신입사원 모집,2025-09-24T17:00:00.000+09:00,401369,미주마케팅(글로벌 전형),1,84,True,"134,137,132"
100004,CJ올리브영,2025 하반기 신입사원 모집,2025-09-24T17:00:00.000+09:00,401370,글로벌SCM(글로벌 전형),1,95,True,"150,145"
100005,CJ ENM(엔터테인먼트),2025 하반기 신입사원 모집,2025-09-24T17:00:00.000+09:00,401371,CREATOR-예능 제작PD,1,162,True,"247,251"
100005,CJ ENM(엔터테인먼트),2025 하반기 신입사원 모집,2025-09-24T17:00:00.000+09:00,401381,CREATOR-음악 제작PD,1,101,True,"247,251"
100005,CJ ENM(엔터테인먼트),2025 하반기 신입사원 모집,2025-09-24T17:00:00.000+09:00,401382,CREATOR-드라마 프로듀서,1,155,True,"247,251"
100005,CJ ENM(엔터테인먼트),2025 하반기 신입사원 모집,2025-09-24T17:00:00.000+09:00,401372,일반/글로벌-AI 콘텐츠 제작,1,99,True,"135,137,167,132"
100005,CJ ENM(엔터테인먼트),2025 하반기 신입사원 모집,2025-09-24T17:00:00.000+09:00,401373,일반/글로벌-콘텐츠마케팅(Mnet),1,283,True,"135,137,132"
100005,CJ ENM(엔터테인먼트),2025 하반기 신입사원 모집,2025-09-24T17:00:00.000+09:00,401374,일반/글로벌-플랫폼 사업운영,1,156,True,"110,112,166,171,103"
100005,CJ ENM(엔터테인먼트),2025 하반기 신입사원 모집,2025-09-24T17:00:00.000+09:00,401375,일반/글로벌-백엔드개발,1,447,True,"176,164,165,162"
100005,CJ ENM(엔터테인먼트),2025 하반기 신입사원 모집,2025-09-24T17:00:00.000+09:00,401376,일반/글로벌-iOS개발,1,69,True,"172,164,165,161"
100005,CJ ENM(엔터테인먼트),2025 하반기 신입사원 모집,2025-09-24T17:00:00.000+09:00,401377,일반/글로벌-데이터분석,1,304,True,"179,180,181,163"
100005,CJ ENM(엔터테인먼트),2025 하반기 신입사원 모집,2025-09-24T17:00:00.000+09:00,401378,일반/글로벌-전략기획,1,225,True,"110,112,103"
100005,CJ ENM(엔터테인먼트),2025 하반기 신입사원 모집,2025-09-24T17:00:00.000+09:00,401379,일반/글로벌-글로벌공연사업,1,117,True,"110,112,251,103"
100005,CJ ENM(엔터테인먼트),2025 하반기 신입사원 모집,2025-09-24T17:00:00.000+09:00,401380,일반/글로벌-글로벌음악제작,1,19,True,"248,251"
100006,CJ푸드빌,2025 하반기 신입사원 모집,2025-09-24T17:00:00.000+09:00,401383,프랜차이즈 영업,1,113,True,"194,196"
100006,CJ푸드빌,2025 하반기 신입사원 모집,2025-09-24T17:00:00.000+09:00,401384,글로벌사업관리/운영지원,1,101,True,"111,112,103"
100006,CJ푸드빌,2025 하반기 신입사원 모집,2025-09-24T17:00:00.000+09:00,401385,베이커리 마케팅,1,117,True,"134,136,132"
100006,CJ푸드빌,2025 하반기 신입사원 모집,2025-09-24T17:00:00.000+09:00,401386,STORE MANAGER,1,37,True,"200,264"
100006,CJ푸드빌,2025 하반기 신입사원 모집,2025-09-24T17:00:00.000+09:00,401387,외식 마케팅,1,101,True,"134,136,137,132"
100006,CJ푸드빌,2025 하반기 신입사원 모집,2025-09-24T17:00:00.000+09:00,401388,외식 상품기획,1,59,True,149
100006,CJ푸드빌,2025 하반기 신입사원 모집,2025-09-24T17:00:00.000+09:00,401389,외식R&D,1,36,True,"235,264,218"
100006,CJ푸드빌,2025 하반기 신입사원 모집,2025-09-24T17:00:00.000+09:00,401390,브랜드전략,1,86,True,"113,253,103"
100006,CJ푸드빌,2025 하반기 신입사원 모집,2025-09-24T17:00:00.000+09:00,401391,SCM운영,1,106,True,"150,151,145"
100006,CJ푸드빌,2025 하반기 신입사원 모집,2025-09-24T17:00:00.000+09:00,401392,음)생산기술,1,23,True,"187,188,183"
100006,CJ푸드빌,2025 하반기 신입사원 모집,2025-09-24T17:00:00.000+09:00,401393,음)생산관리,1,73,True,"187,183"
100006,CJ푸드빌,2025 하반기 신입사원 모집,2025-09-24T17:00:00.000+09:00,401394,재무운영,1,113,True,"122,123,106,105"
100006,CJ푸드빌,2025 하반기 신입사원 모집,2025-09-24T17:00:00.000+09:00,401395,전략기획,1,84,True,"111,112,103"
100006,CJ푸드빌,2025 하반기 신입사원 모집,2025-09-24T17:00:00.000+09:00,401396,IT전략/기획,1,142,True,"111,112,170,103"
100006,CJ푸드빌,2025 하반기 신입사원 모집,2025-09-24T17:00:00.000+09:00,401397,인사(조직문화),1,202,True,"115,117,118,120,104"
100007,CJ ENM(커머스부문),2025 하반기 신입사원 모집,2025-09-24T17:00:00.000+09:00,401398,패션 MD,1,185,True,"138,149,132"
100007,CJ ENM(커머스부문),2025 하반기 신입사원 모집,2025-09-24T17:00:00.000+09:00,401399,일반MD,1,142,True,"138,149,132"
100007,CJ ENM(커머스부문),2025 하반기 신입사원 모집,2025-09-24T17:00:00.000+09:00,401400,콘텐츠 제작PD,1,82,True,"247,251"
100007,CJ ENM(커머스부문),2025 하반기 신입사원 모집,2025-09-24T17:00:00.000+09:00,401401,글로벌(MD),1,46,True,"138,149,132"
100007,CJ ENM(커머스부문),2025 하반기 신입사원 모집,2025-09-24T17:00:00.000+09:00,401402,글로벌(PD),1,26,True,"247,251"
100007,CJ ENM(커머스부문),2025 하반기 신입사원 모집,2025-09-24T17:00:00.000+09:00,401403,퍼포먼스마케팅,1,158,True,"136,137,132"
100007,CJ ENM(커머스부문),2025 하반기 신입사원 모집,2025-09-24T17:00:00.000+09:00,401404,재무,1,128,True,"122,123,106,105"
100015,키움증권,2025년 하반기 대졸 신입사원 공개채용,2025-09-28T23:00:00.000+09:00,401413,리스크 투자심사,1,276,True,"210,213"
100015,키움증권,2025년 하반기 대졸 신입사원 공개채용,2025-09-28T23:00:00.000+09:00,401414,경영관리,1,712,True,"115,122,106,108,104,105"
100015,키움증권,2025년 하반기 대졸 신입사원 공개채용,2025-09-28T23:00:00.000+09:00,401415,WM,1,691,True,"110,112,103"
100015,키움증권,2025년 하반기 대졸 신입사원 공개채용,2025-09-28T23:00:00.000+09:00,401416,IT,1,1141,True,"171,215"
100015,키움증권,2025년 하반기 대졸 신입사원 공개채용,2025-09-28T23:00:00.000+09:00,401417,S&T,1,134,True,"211,213"
100015,키움증권,2025년 하반기 대졸 신입사원 공개채용,2025-09-28T23:00:00.000+09:00,401418,IB,1,189,True,213
100015,키움증권,2025년 하반기 대졸 신입사원 공개채용,2025-09-28T23:00:00.000+09:00,401419,리서치,1,195,True,253
100016,두산건설,2025년 하반기 신입사원 공개채용,2025-10-01T18:00:00.000+09:00,401420,건축시공,1,329,True,207
100016,두산건설,2025년 하반기 신입사원 공개채용,2025-10-01T18:00:00.000+09:00,401421,기계시공,1,286,True,205
100016,두산건설,2025년 하반기 신입사원 공개채용,2025-10-01T18:00:00.000+09:00,401422,전기시공,1,264,True,204
100016,두산건설,2025년 하반기 신입사원 공개채용,2025-10-01T18:00:00.000+09:00,401423,토목시공,1,112,True,206
100016,두산건설,2025년 하반기 신입사원 공개채용,2025-10-01T18:00:00.000+09:00,401424,안전,1,177,True,"191,184"
100016,두산건설,2025년 하반기 신입사원 공개채용,2025-10-01T18:00:00.000+09:00,401425,현장관리,1,143,True,"127,107"
100016,두산건설,2025년 하반기 신입사원 공개채용,2025-10-01T18:00:00.000+09:00,401426,영업,1,384,True,209
100016,두산건설,2025년 하반기 신입사원 공개채용,2025-10-01T18:00:00.000+09:00,401427,재무,1,387,True,"112,122,123,106,103,105"
100016,두산건설,2025년 하반기 신입사원 공개채용,2025-10-01T18:00:00.000+09:00,401428,경영지원(노무사),1,24,True,"116,104"
100017,신한은행,2025년 하반기 일반직 신입행원 채용,2025-09-22T14:00:00.000+09:00,401429,개인/기업금융-일반,1,3308,True,"201,214"
100017,신한은행,2025년 하반기 일반직 신입행원 채용,2025-09-22T14:00:00.000+09:00,401430,개인/기업금융-일반-강원,1,102,True,"201,214"
100017,신한은행,2025년 하반기 일반직 신입행원 채용,2025-09-22T14:00:00.000+09:00,401431,개인/기업금융-일반-충북/충남/대전/세종,1,198,True,"201,214"
100017,신한은행,2025년 하반기 일반직 신입행원 채용,2025-09-22T14:00:00.000+09:00,401432,개인/기업금융-일반-전북/전남/광주,1,199,True,"201,214"
100025,KB증권,2025년 4급 신입직원 공개채용,2025-09-25T17:00:00.000+09:00,401469,IB,1,513,True,"124,126,210,105"
100025,KB증권,2025년 4급 신입직원 공개채용,2025-09-25T17:00:00.000+09:00,401470,S&T(Sales&Trading),1,229,True,"197,210"
100025,KB증권,2025년 4급 신입직원 공개채용,2025-09-25T17:00:00.000+09:00,401471,PB,1,906,True,"210,211"
100025,KB증권,2025년 4급 신입직원 공개채용,2025-09-25T17:00:00.000+09:00,401472,IT,1,1406,True,"164,166,170"
100025,KB증권,2025년 4급 신입직원 공개채용,2025-09-25T17:00:00.000+09:00,401473,AI,1,309,True,167
100025,KB증권,2025년 4급 신입직원 공개채용,2025-09-25T17:00:00.000+09:00,401474,디지털,1,785,True,"137,171,132"
100037,수협,25년도 하반기 전국 일괄공개채용 공고,2025-09-25T23:59:00.000+09:00,401520,(서울) 근해안강망수협 일반관리계(장애인),1,9,True,"109,110,111,112,103"
100037,수협,25년도 하반기 전국 일괄공개채용 공고,2025-09-25T23:59:00.000+09:00,401521,(서울) 냉동냉장수협 일반관리계,1,263,True,"109,110,111,112,103"
100037,수협,25년도 하반기 전국 일괄공개채용 공고,2025-09-25T23:59:00.000+09:00,401522,(경인) 경인서부수협 일반관리계,1,108,True,"109,110,111,112,103"
100037,수협,25년도 하반기 전국 일괄공개채용 공고,2025-09-25T23:59:00.000+09:00,401523,(경인) 경기수협 일반관리계,1,128,True,"109,110,111,112,103"
100037,수협,25년도 하반기 전국 일괄공개채용 공고,2025-09-25T23:59:00.000+09:00,401524,(경인) 영흥수협 일반관리계,1,19,True,"109,110,111,112,103"
100037,수협,25년도 하반기 전국 일괄공개채용 공고,2025-09-25T23:59:00.000+09:00,401525,(강원) 강원고성군수협 일반관리계,1,2,True,"109,110,111,112,103"
100037,수협,25년도 하반기 전국 일괄공개채용 공고,2025-09-25T23:59:00.000+09:00,401526,(강원) 강릉시수협 일반관리계,1,10,True,"109,110,111,112,103"
100037,수협,25년도 하반기 전국 일괄공개채용 공고,2025-09-25T23:59:00.000+09:00,401527,(강원) 삼척수협 일반관리계,1,6,True,"109,110,111,112,103"
100037,수협,25년도 하반기 전국 일괄공개채용 공고,2025-09-25T23:59:00.000+09:00,401528,(강원) 속초시수협 일반관리계,1,10,True,"109,110,111,112,103"
100037,수협,25년도 하반기 전국 일괄공개채용 공고,2025-09-25T23:59:00.000+09:00,401529,(강원) 속초시수협 기술계,1,2,True,205
100037,수협,25년도 하반기 전국 일괄공개채용 공고,2025-09-25T23:59:00.000+09:00,401530,(강원) 속초시수협 기술계,1,2,True,203
100037,수협,25년도 하반기 전국 일괄공개채용 공고,2025-09-25T23:59:00.000+09:00,401531,(강원) 양양군수협 일반관리계,1,0,True,"109,110,111,112,103"
100037,수협,25년도 하반기 전국 일괄공개채용 공고,2025-09-25T23:59:00.000+09:00,401532,(강원) 동해시수협 일반관리계,1,3,True,"109,110,111,112,103"
100037,수협,25년도 하반기 전국 일괄공개채용 공고,2025-09-25T23:59:00.000+09:00,401533,(충청) 서산수협 일반관리계,1,17,True,"109,110,111,112,103"
100037,수협,25년도 하반기 전국 일괄공개채용 공고,2025-09-25T23:59:00.000+09:00,401534,(충청) 태안남부수협 일반관리계,1,6,True,"109,110,111,112,103"
100037,수협,25년도 하반기 전국 일괄공개채용 공고,2025-09-25T23:59:00.000+09:00,401535,(충청) 서천군수협 일반관리계,1,3,True,"109,110,111,112,103"
100037,수협,25년도 하반기 전국 일괄공개채용 공고,2025-09-25T23:59:00.000+09:00,401536,(전북) 군산시수협 일반관리계,1,20,True,"109,110,111,112,103"
100037,수협,25년도 하반기 전국 일괄공개채용 공고,2025-09-25T23:59:00.000+09:00,401537,(전북) 김제수협 일반관리계,1,15,True,"109,110,111,112,103"
100037,수협,25년도 하반기 전국 일괄공개채용 공고,2025-09-25T23:59:00.000+09:00,401538,(전남) 진도군수협 일반관리계,1,5,True,"109,110,111,112,103"
100037,수협,25년도 하반기 전국 일괄공개채용 공고,2025-09-25T23:59:00.000+09:00,401539,(전남) 서남해수어류양식수협 일반관리계,1,1,True,"109,110,111,112,103"
100037,수협,25년도 하반기 전국 일괄공개채용 공고,2025-09-25T23:59:00.000+09:00,401540,(전남) 신안군수협 일반관리계,1,1,True,"109,110,111,112,103"
100037,수협,25년도 하반기 전국 일괄공개채용 공고,2025-09-25T23:59:00.000+09:00,401541,(전남) 여수수협 일반관리계,1,15,True,"109,110,111,112,103"
100037,수협,25년도 하반기 전국 일괄공개채용 공고,2025-09-25T23:59:00.000+09:00,401542,(전남) 여수수협 기술계,1,4,True,"202,205"
100037,수협,25년도 하반기 전국 일괄공개채용 공고,2025-09-25T23:59:00.000+09:00,401543,(전남) 목포수협 일반관리계,1,10,True,"109,110,111,112,103"
100037,수협,25년도 하반기 전국 일괄공개채용 공고,2025-09-25T23:59:00.000+09:00,401544,(전남) 완도금일수협 일반관리계,1,1,True,"109,110,111,112,103"
100037,수협,25년도 하반기 전국 일괄공개채용 공고,2025-09-25T23:59:00.000+09:00,401545,(전남) 고흥군수협 일반관리계,1,8,True,"109,110,111,112,103"
100037,수협,25년도 하반기 전국 일괄공개채용 공고,2025-09-25T23:59:00.000+09:00,401546,(전남) 고흥군수협 일반관리계 (보훈),1,0,True,"109,110,111,112,103"
100037,수협,25년도 하반기 전국 일괄공개채용 공고,2025-09-25T23:59:00.000+09:00,401547,(전남) 나로도수협 일반관리계,1,2,True,"109,110,111,112,103"
100037,수협,25년도 하반기 전국 일괄공개채용 공고,2025-09-25T23:59:00.000+09:00,401548,(전남) 장흥군수협 일반관리계,1,3,True,"109,110,111,112,103"
100037,수협,25년도 하반기 전국 일괄공개채용 공고,2025-09-25T23:59:00.000+09:00,401549,"(전남) 제3,4구잠수기수협 일반관리계",1,3,True,"109,110,111,112,103"
100037,수협,25년도 하반기 전국 일괄공개채용 공고,2025-09-25T23:59:00.000+09:00,401550,(전남) 전남동부수협 일반관리계,1,8,True,"109,110,111,112,103"
100037,수협,25년도 하반기 전국 일괄공개채용 공고,2025-09-25T23:59:00.000+09:00,401551,(전남) 근해유망수협 일반관리계,1,1,True,"109,110,111,112,103"
100037,수협,25년도 하반기 전국 일괄공개채용 공고,2025-09-25T23:59:00.000+09:00,401552,(전남) 영광군수협 일반관리계,1,5,True,"109,110,111,112,103"
100037,수협,25년도 하반기 전국 일괄공개채용 공고,2025-09-25T23:59:00.000+09:00,401553,(전남) 영광군수협 기능계,1,2,True,202
100037,수협,25년도 하반기 전국 일괄공개채용 공고,2025-09-25T23:59:00.000+09:00,401554,(전남) 신안군수협 기술계,1,4,True,203
100037,수협,25년도 하반기 전국 일괄공개채용 공고,2025-09-25T23:59:00.000+09:00,401555,(경북) 울진후포수협 일반관리계,1,2,True,"109,110,111,112,103"
100037,수협,25년도 하반기 전국 일괄공개채용 공고,2025-09-25T23:59:00.000+09:00,401556,(경북) 영덕북부수협 일반관리계,1,1,True,"109,110,111,112,103"
100037,수협,25년도 하반기 전국 일괄공개채용 공고,2025-09-25T23:59:00.000+09:00,401557,(경북) 동해구기선저인망수협 일반관리계,1,4,True,"109,110,111,112,103"
100037,수협,25년도 하반기 전국 일괄공개채용 공고,2025-09-25T23:59:00.000+09:00,401558,(경북) 울진죽변수협 일반관리계,1,2,True,"109,110,111,112,103"
100037,수협,25년도 하반기 전국 일괄공개채용 공고,2025-09-25T23:59:00.000+09:00,401559,(경북) 울진죽변수협 일반관리계 (보훈),1,0,True,"109,110,111,112,103"
100037,수협,25년도 하반기 전국 일괄공개채용 공고,2025-09-25T23:59:00.000+09:00,401560,(경북) 경주시수협 일반관리계,1,14,True,"109,110,111,112,103"
100037,수협,25년도 하반기 전국 일괄공개채용 공고,2025-09-25T23:59:00.000+09:00,401561,(경북) 포항수협 일반관리계,1,19,True,"109,110,111,112,103"
100037,수협,25년도 하반기 전국 일괄공개채용 공고,2025-09-25T23:59:00.000+09:00,401562,(경북) 강구수협 일반관리계,1,10,True,"109,110,111,112,103"
100037,수협,25년도 하반기 전국 일괄공개채용 공고,2025-09-25T23:59:00.000+09:00,401563,(경남) 하동군수협 일반관리계,1,6,True,"109,110,111,112,103"
100037,수협,25년도 하반기 전국 일괄공개채용 공고,2025-09-25T23:59:00.000+09:00,401564,(경남) 멍게수하식수협 일반관리계,1,2,True,"109,110,111,112,103"
100037,수협,25년도 하반기 전국 일괄공개채용 공고,2025-09-25T23:59:00.000+09:00,401565,(경남) 굴수하식수협 일반관리계,1,8,True,"109,110,111,112,103"
100037,수협,25년도 하반기 전국 일괄공개채용 공고,2025-09-25T23:59:00.000+09:00,401566,(경남) 진해수협 일반관리계,1,37,True,"109,110,111,112,103"
100037,수협,25년도 하반기 전국 일괄공개채용 공고,2025-09-25T23:59:00.000+09:00,401567,(경남) 진해수협 일반관리계 (보훈),1,0,True,"109,110,111,112,103"
100037,수협,25년도 하반기 전국 일괄공개채용 공고,2025-09-25T23:59:00.000+09:00,401568,(경남) 진해수협 기능계,1,3,True,148
100037,수협,25년도 하반기 전국 일괄공개채용 공고,2025-09-25T23:59:00.000+09:00,401569,(경남) 창원서부수협 일반관리계,1,15,True,"109,110,111,112,103"
100037,수협,25년도 하반기 전국 일괄공개채용 공고,2025-09-25T23:59:00.000+09:00,401570,(경남) 삼천포수협 일반관리계,1,9,True,"109,110,111,112,103"
100037,수협,25년도 하반기 전국 일괄공개채용 공고,2025-09-25T23:59:00.000+09:00,401571,"(부산) 제1,2구잠수기수협 일반관리계",1,25,True,"109,110,111,112,103"
100037,수협,25년도 하반기 전국 일괄공개채용 공고,2025-09-25T23:59:00.000+09:00,401572,(부산) 대형선망수협 기술계,1,3,True,203
100037,수협,25년도 하반기 전국 일괄공개채용 공고,2025-09-25T23:59:00.000+09:00,401573,(부산) 서남구기선저인망수협 일반관리계,1,20,True,"109,110,111,112,103"
100037,수협,25년도 하반기 전국 일괄공개채용 공고,2025-09-25T23:59:00.000+09:00,401574,(부산) 경남정치망수협 일반관리계,1,17,True,"109,110,111,112,103"
100037,수협,25년도 하반기 전국 일괄공개채용 공고,2025-09-25T23:59:00.000+09:00,401575,(제주) 서귀포수협 일반관리계,1,8,True,"109,110,111,112,103"
100037,수협,25년도 하반기 전국 일괄공개채용 공고,2025-09-25T23:59:00.000+09:00,401576,(제주) 모슬포수협 일반관리계,1,3,True,"109,110,111,112,103"
100037,수협,25년도 하반기 전국 일괄공개채용 공고,2025-09-25T23:59:00.000+09:00,401577,(제주) 제주어류양식수협 일반관리계,1,13,True,"109,115,127,103,104,107"
100046,GS EPS,'25년 하반기 신입/경력 수시채용,2025-09-21T23:59:00.000+09:00,401617,전기(LNG),1,145,True,220
100046,GS EPS,'25년 하반기 신입/경력 수시채용,2025-09-21T23:59:00.000+09:00,401618,제어(Bio),1,53,True,220
100046,GS EPS,'25년 하반기 신입/경력 수시채용,2025-09-21T23:59:00.000+09:00,401619,기계(LNG),2,24,True,"227,216"
100046,GS EPS,'25년 하반기 신입/경력 수시채용,2025-09-21T23:59:00.000+09:00,401620,전기(LNG),2,9,True,220
100046,GS EPS,'25년 하반기 신입/경력 수시채용,2025-09-21T23:59:00.000+09:00,401621,정보보안,2,6,True,166
100070,KT sat,2025년 하반기 신입사원(영업AM) 공개채용,2025-09-21T23:59:00.000+09:00,401772,영업AM,1,123,True,"195,197"
100073,신세계그룹,2026년 신입사원 모집,2025-10-13T18:00:00.000+09:00,402245,[신세계] 매입/영업,1,890,True,194
100073,신세계그룹,2026년 신입사원 모집,2025-10-13T18:00:00.000+09:00,402246,[신세계] 마케팅,1,771,True,"137,132"
100073,신세계그룹,2026년 신입사원 모집,2025-10-13T18:00:00.000+09:00,402247,[신세계] 경영지원,1,813,True,"109,111,103"
100073,신세계그룹,2026년 신입사원 모집,2025-10-13T18:00:00.000+09:00,401782,[이마트] MD,1,628,True,149
100073,신세계그룹,2026년 신입사원 모집,2025-10-13T18:00:00.000+09:00,401783,[이마트] 경영지원,1,755,True,"109,122,123,106,128,103,105,107"
100073,신세계그룹,2026년 신입사원 모집,2025-10-13T18:00:00.000+09:00,401788,[스타벅스] 브랜드 커뮤니케이션,1,401,True,"137,132"
100073,신세계그룹,2026년 신입사원 모집,2025-10-13T18:00:00.000+09:00,401789,[스타벅스] 영업기획,1,210,True,197
100073,신세계그룹,2026년 신입사원 모집,2025-10-13T18:00:00.000+09:00,401790,[스타벅스] 스토어디자인,1,131,True,239
100073,신세계그룹,2026년 신입사원 모집,2025-10-13T18:00:00.000+09:00,401791,[스타벅스] 음료기획/개발,1,138,True,"110,103"
100073,신세계그룹,2026년 신입사원 모집,2025-10-13T18:00:00.000+09:00,401792,[스타벅스] 푸드기획,1,141,True,"110,103"
100073,신세계그룹,2026년 신입사원 모집,2025-10-13T18:00:00.000+09:00,401793,[스타벅스] 정보보호,1,110,True,166
100073,신세계그룹,2026년 신입사원 모집,2025-10-13T18:00:00.000+09:00,401794,[스타벅스] 데이터,1,544,True,"175,176,177,178,162"
100073,신세계그룹,2026년 신입사원 모집,2025-10-13T18:00:00.000+09:00,401795,[스타벅스] 전략기획,1,202,True,"110,112,103"
100073,신세계그룹,2026년 신입사원 모집,2025-10-13T18:00:00.000+09:00,402249,[스타벅스] 이커머스,1,194,True,"150,151,145"
100073,신세계그룹,2026년 신입사원 모집,2025-10-13T18:00:00.000+09:00,402250,[스타벅스] 플랫폼 사업기획,1,358,True,"110,103"
100073,신세계그룹,2026년 신입사원 모집,2025-10-13T18:00:00.000+09:00,402251,[스타벅스] CRM,1,225,True,"137,132"
100073,신세계그룹,2026년 신입사원 모집,2025-10-13T18:00:00.000+09:00,402252,[스타벅스] 점포개발기획,1,116,True,"197,209"
100073,신세계그룹,2026년 신입사원 모집,2025-10-13T18:00:00.000+09:00,401784,[신세계프라퍼티] 부동산개발,1,309,True,209
100073,신세계그룹,2026년 신입사원 모집,2025-10-13T18:00:00.000+09:00,401785,[신세계프라퍼티] 공간디자인,1,150,True,239
100073,신세계그룹,2026년 신입사원 모집,2025-10-13T18:00:00.000+09:00,401786,[신세계프라퍼티] 리징,1,153,True,"127,107"
100073,신세계그룹,2026년 신입사원 모집,2025-10-13T18:00:00.000+09:00,401787,[신세계프라퍼티] 경영지원,1,335,True,"109,122,123,106,128,103,105,107"
100073,신세계그룹,2026년 신입사원 모집,2025-10-13T18:00:00.000+09:00,401811,[신세계디에프] 경영지원,1,209,True,"109,122,123,106,128,103,105,107"
100073,신세계그룹,2026년 신입사원 모집,2025-10-13T18:00:00.000+09:00,401812,[신세계디에프] 영업/마케팅,1,274,True,"137,194,132"
100073,신세계그룹,2026년 신입사원 모집,2025-10-13T18:00:00.000+09:00,401813,[신세계디에프] 매입,1,116,True,"157,147"
100073,신세계그룹,2026년 신입사원 모집,2025-10-13T18:00:00.000+09:00,401796,[신세계아이앤씨] 프로그래머,1,1023,True,"164,165"
100073,신세계그룹,2026년 신입사원 모집,2025-10-13T18:00:00.000+09:00,401797,[신세계아이앤씨] 서버/NW,1,128,True,"176,162"
100073,신세계그룹,2026년 신입사원 모집,2025-10-13T18:00:00.000+09:00,401798,[신세계아이앤씨]  SAP,1,131,True,166
100073,신세계그룹,2026년 신입사원 모집,2025-10-13T18:00:00.000+09:00,401799,[신세계아이앤씨] 클라우드,1,217,True,166
100073,신세계그룹,2026년 신입사원 모집,2025-10-13T18:00:00.000+09:00,402244,[신세계아이앤씨] 경영지원 (인사부문),1,207,True,"115,116,117,118,119,120,121,104"
100073,신세계그룹,2026년 신입사원 모집,2025-10-13T18:00:00.000+09:00,401800,[신세계아이앤씨] 경영지원 (재무부문),1,155,True,"109,122,123,106,128,103,105,107"
100073,신세계그룹,2026년 신입사원 모집,2025-10-13T18:00:00.000+09:00,401801,[신세계아이앤씨] 정보보호,1,85,True,166
100073,신세계그룹,2026년 신입사원 모집,2025-10-13T18:00:00.000+09:00,401814,[신세계센트럴] 경영지원,1,160,True,"109,122,123,106,128,103,105,107"
100073,신세계그룹,2026년 신입사원 모집,2025-10-13T18:00:00.000+09:00,401802,[신세계푸드] 영업,1,240,True,194
100073,신세계그룹,2026년 신입사원 모집,2025-10-13T18:00:00.000+09:00,401803,[신세계푸드] 매입,1,110,True,"157,147"
100073,신세계그룹,2026년 신입사원 모집,2025-10-13T18:00:00.000+09:00,401804,[신세계푸드] 지원,1,165,True,"122,123,106,128,105,107"
100073,신세계그룹,2026년 신입사원 모집,2025-10-13T18:00:00.000+09:00,402831,[SSG.COM] Merchandising_온라인MD,1,198,True,149
100073,신세계그룹,2026년 신입사원 모집,2025-10-13T18:00:00.000+09:00,401806,[SSG.COM] Corporate Support_재무,1,136,True,"109,122,123,106,128,103,105,107"
100073,신세계그룹,2026년 신입사원 모집,2025-10-13T18:00:00.000+09:00,401807,[SSG.COM] Corporate Support_마케팅,1,271,True,"134,135,136,137,138,139,132"
100073,신세계그룹,2026년 신입사원 모집,2025-10-13T18:00:00.000+09:00,402832,[SSG.COM] Corporate Support_인사,1,202,True,"115,116,117,118,119,120,121,104"
100073,신세계그룹,2026년 신입사원 모집,2025-10-13T18:00:00.000+09:00,401815,[신세계라이브쇼핑] MD,1,161,True,149
100073,신세계그룹,2026년 신입사원 모집,2025-10-13T18:00:00.000+09:00,401816,[신세계라이브쇼핑] PD,1,207,True,247
100081,HS효성그룹,2025년 하반기 신입공채,2025-09-28T23:59:00.000+09:00,401847,[㈜HS효성]영업,1,497,True,194
100081,HS효성그룹,2025년 하반기 신입공채,2025-09-28T23:59:00.000+09:00,401848,[㈜HS효성]전지소재 연구,1,294,True,220
100081,HS효성그룹,2025년 하반기 신입공채,2025-09-28T23:59:00.000+09:00,401849,[㈜HS효성]섬유연구,1,148,True,"229,233,217"
100081,HS효성그룹,2025년 하반기 신입공채,2025-09-28T23:59:00.000+09:00,401850,[㈜HS효성]유제연구,1,64,True,"229,217"
100081,HS효성그룹,2025년 하반기 신입공채,2025-09-28T23:59:00.000+09:00,401851,[HS효성첨단소재㈜]타이어보강재 해외영업,1,205,True,"154,146"
100081,HS효성그룹,2025년 하반기 신입공채,2025-09-28T23:59:00.000+09:00,401852,[HS효성첨단소재㈜]자동차용 카매트 국내영업,1,144,True,194
100081,HS효성그룹,2025년 하반기 신입공채,2025-09-28T23:59:00.000+09:00,401853,[HS효성첨단소재㈜]탄소재료 영업관리,1,207,True,197
100081,HS효성그룹,2025년 하반기 신입공채,2025-09-28T23:59:00.000+09:00,401854,[HS효성첨단소재㈜]타이어보강재 Technical Marketing,1,109,True,"187,195,183"
100081,HS효성그룹,2025년 하반기 신입공채,2025-09-28T23:59:00.000+09:00,401855,[HS효성첨단소재㈜]카매트/카페트 품질관리,1,253,True,"189,183"
100081,HS효성그룹,2025년 하반기 신입공채,2025-09-28T23:59:00.000+09:00,401856,[HS효성첨단소재㈜]ESG 경영,1,378,True,"110,112,103"
100081,HS효성그룹,2025년 하반기 신입공채,2025-09-28T23:59:00.000+09:00,401857,[HS효성첨단소재㈜]브랜드 마케팅,1,197,True,"134,132"
100081,HS효성그룹,2025년 하반기 신입공채,2025-09-28T23:59:00.000+09:00,401858,[HS효성첨단소재㈜]사업장 인사/노사 관리,1,195,True,"115,116,104"
100081,HS효성그룹,2025년 하반기 신입공채,2025-09-28T23:59:00.000+09:00,401859,[HS효성첨단소재㈜]생산데이터 분석,1,412,True,"180,163"
100081,HS효성그룹,2025년 하반기 신입공채,2025-09-28T23:59:00.000+09:00,401860,[HS효성첨단소재㈜]AI 및 딥러닝 개발,1,342,True,167
100081,HS효성그룹,2025년 하반기 신입공채,2025-09-28T23:59:00.000+09:00,401861,[HS효성첨단소재㈜]IT기획,1,403,True,"166,170"
100081,HS효성그룹,2025년 하반기 신입공채,2025-09-28T23:59:00.000+09:00,401862,[HS효성인포메이션시스템㈜]영업,1,101,True,"194,195"
100081,HS효성그룹,2025년 하반기 신입공채,2025-09-28T23:59:00.000+09:00,401863,[HS효성인포메이션시스템㈜]기술영업,1,77,True,195
100081,HS효성그룹,2025년 하반기 신입공채,2025-09-28T23:59:00.000+09:00,401864,[HS효성인포메이션시스템㈜]기술지원,1,149,True,"170,186,197"
100090,한화손해보험,2025 하반기 신입사원 모집,2025-09-29T15:00:00.000+09:00,401907,영업관리,1,1396,True,197
100091,현대제철,2025년 하반기 신규채용,2025-09-29T13:00:00.000+09:00,401909,생산관리,1,529,True,"187,183"
100091,현대제철,2025년 하반기 신규채용,2025-09-29T13:00:00.000+09:00,401910,생산기술,1,373,True,"187,185,183"
100091,현대제철,2025년 하반기 신규채용,2025-09-29T13:00:00.000+09:00,401911,기계정비,1,222,True,186
100091,현대제철,2025년 하반기 신규채용,2025-09-29T13:00:00.000+09:00,401912,전기정비,1,218,True,186
100091,현대제철,2025년 하반기 신규채용,2025-09-29T13:00:00.000+09:00,401913,토건,1,98,True,186
100091,현대제철,2025년 하반기 신규채용,2025-09-29T13:00:00.000+09:00,401914,보안관리,1,68,True,166
100091,현대제철,2025년 하반기 신규채용,2025-09-29T13:00:00.000+09:00,401915,탄소저감 원료 활용 기술개발,1,66,True,"229,220,217"
100091,현대제철,2025년 하반기 신규채용,2025-09-29T13:00:00.000+09:00,401916,탄소저감 공정설계 연구(에너지),1,68,True,"229,220,217"
100091,현대제철,2025년 하반기 신규채용,2025-09-29T13:00:00.000+09:00,401917,탄소저감 공정 기술개발(제선),1,34,True,"229,220,217"
100091,현대제철,2025년 하반기 신규채용,2025-09-29T13:00:00.000+09:00,401918,탄소저감 강판개발,1,50,True,"229,220,217"
100091,현대제철,2025년 하반기 신규채용,2025-09-29T13:00:00.000+09:00,401919,안전(방사선 취급감독 자격자),2,1,True,"191,184"
100091,현대제철,2025년 하반기 신규채용,2025-09-29T13:00:00.000+09:00,401920,정보시스템 보안성 검토,2,4,True,166
100091,현대제철,2025년 하반기 신규채용,2025-09-29T13:00:00.000+09:00,401921,공장 생산망 보안시스템 관리,2,2,True,166
100091,현대제철,2025년 하반기 신규채용,2025-09-29T13:00:00.000+09:00,401922,이상징후 탐지시스템 관리,2,4,True,166
100091,현대제철,2025년 하반기 신규채용,2025-09-29T13:00:00.000+09:00,401923,탄소저감 공정 설계 연구(전기로),5,6,True,"229,220,217"
100091,현대제철,2025년 하반기 신규채용,2025-09-29T13:00:00.000+09:00,401924,탄소저감 강판개발,5,21,True,"229,220,217"
100100,NHN,IDC 운영자 (광주),2025-10-23T15:25:33.000+09:00,401962,[NHN Enterprise] IDC 운영자 (광주),1,15,True,166
100101,iM증권,2025년 신입사원 채용,2025-09-30T17:00:00.000+09:00,401963,경영전략,1,537,True,"111,103"
100101,iM증권,2025년 신입사원 채용,2025-09-30T17:00:00.000+09:00,401964,영업지원,1,552,True,197
100101,iM증권,2025년 신입사원 채용,2025-09-30T17:00:00.000+09:00,401965,IT,1,1326,True,"172,173,174,175,176,177,178,166,161,162"
100101,iM증권,2025년 신입사원 채용,2025-09-30T17:00:00.000+09:00,401966,리스크,1,272,True,210
100101,iM증권,2025년 신입사원 채용,2025-09-30T17:00:00.000+09:00,401967,Retail영업,1,460,True,201
100103,NH농협생명,2025년 하반기 5급 신규직원 채용,2025-09-30T17:00:00.000+09:00,401970,5급 일반직_일반,1,1373,True,"109,137,197,103,132"
100103,NH농협생명,2025년 하반기 5급 신규직원 채용,2025-09-30T17:00:00.000+09:00,401971,5급 일반직_보훈(제한경쟁),1,52,True,"109,137,197,103,132"
100103,NH농협생명,2025년 하반기 5급 신규직원 채용,2025-09-30T17:00:00.000+09:00,401972,5급 일반직_계리·상품,1,125,True,212
100103,NH농협생명,2025년 하반기 5급 신규직원 채용,2025-09-30T17:00:00.000+09:00,401973,5급 일반직_농축협교육,1,122,True,260
100103,NH농협생명,2025년 하반기 5급 신규직원 채용,2025-09-30T17:00:00.000+09:00,401974,5급 일반직_자산운용,1,194,True,"210,211"
100103,NH농협생명,2025년 하반기 5급 신규직원 채용,2025-09-30T17:00:00.000+09:00,401975,5급 일반직_고객지원,1,118,True,"213,214"
100103,NH농협생명,2025년 하반기 5급 신규직원 채용,2025-09-30T17:00:00.000+09:00,401976,5급 전산직_IT,1,601,True,"166,171"
100103,NH농협생명,2025년 하반기 5급 신규직원 채용,2025-09-30T17:00:00.000+09:00,401977,5급 전산직_보안,1,68,True,"164,166"
100108,한국자금중개,2025년 하반기 신입·경력직원 공개채용,2025-10-01T17:00:00.000+09:00,401983,IT,1,354,True,"176,164,165,166,162"
100108,한국자금중개,2025년 하반기 신입·경력직원 공개채용,2025-10-01T17:00:00.000+09:00,401984,IT,2,23,True,"176,164,165,166,162"
100109,SK머티리얼즈,2025년 하반기 신입 채용,2025-09-29T18:00:00.000+09:00,401985,반도체용 Photo Resist 개발,1,110,True,221
100109,SK머티리얼즈,2025년 하반기 신입 채용,2025-09-29T18:00:00.000+09:00,401986,반도체 ALD/CVD용 Precursor 개발,1,93,True,221
100120,GS칼텍스,2025년 하반기 신입/경력사원 채용,2025-09-30T23:59:00.000+09:00,402038,Supply&Trading,1,562,True,"155,146"
100120,GS칼텍스,2025년 하반기 신입/경력사원 채용,2025-09-30T23:59:00.000+09:00,402039,윤활유,1,424,True,"110,112,103"
100120,GS칼텍스,2025년 하반기 신입/경력사원 채용,2025-09-30T23:59:00.000+09:00,402040,재무,1,553,True,"122,125,105"
100120,GS칼텍스,2025년 하반기 신입/경력사원 채용,2025-09-30T23:59:00.000+09:00,402041,Retail/Commercial 영업,1,835,True,"194,197"
100120,GS칼텍스,2025년 하반기 신입/경력사원 채용,2025-09-30T23:59:00.000+09:00,402042,Retail 시설기획/관리,1,298,True,197
100120,GS칼텍스,2025년 하반기 신입/경력사원 채용,2025-09-30T23:59:00.000+09:00,402043,재무,2,59,True,"122,106,105"
100160,우리카드,2025년 하반기 신입사원 채용 ,2025-09-29T18:00:00.000+09:00,402205,일반,1,2834,True,"112,122,137,142,167,210,211,213,103,105,132,133"
100160,우리카드,2025년 하반기 신입사원 채용 ,2025-09-29T18:00:00.000+09:00,402206,디지털/IT,1,1703,True,"164,166,170"
100171,KCC실리콘,대죽공장 신입사원 채용,2025-09-25T23:59:00.000+09:00,402242,"안전관리 (산업안전, 공정안전)",1,111,True,"191,192,193,184"
100171,KCC실리콘,대죽공장 신입사원 채용,2025-09-25T23:59:00.000+09:00,402243,생산관리,1,223,True,"187,188,189,190,183"
100177,비바리퍼블리카(토스),Ads ML Engineer 신입 집중 채용,2025-11-16T23:59:00.000+09:00,402258,ML Engineer,1,63,True,"179,180,181,182,167,163"
100179,KB손해보험,2025 하반기 4급 신입사원 공개채용,2025-10-12T23:00:00.000+09:00,402260,DT(디지털기술),1,1784,True,"180,167,171,163"
100179,KB손해보험,2025 하반기 4급 신입사원 공개채용,2025-10-12T23:00:00.000+09:00,402261,일반보험,1,255,True,212
100179,KB손해보험,2025 하반기 4급 신입사원 공개채용,2025-10-12T23:00:00.000+09:00,402262,경영지원,1,986,True,"109,111,115,106,137,103,104,132"
100179,KB손해보험,2025 하반기 4급 신입사원 공개채용,2025-10-12T23:00:00.000+09:00,402263,영업관리,1,1114,True,197
100179,KB손해보험,2025 하반기 4급 신입사원 공개채용,2025-10-12T23:00:00.000+09:00,402264,자동차보상,1,113,True,"212,213"
100179,KB손해보험,2025 하반기 4급 신입사원 공개채용,2025-10-12T23:00:00.000+09:00,402265,상품/계리,1,179,True,212
100185,SK하이닉스,2025 하반기 신입사원 채용,2025-10-01T17:00:00.000+09:00,402293,[이천]설계,1,579,True,"219,221"
100185,SK하이닉스,2025 하반기 신입사원 채용,2025-10-01T17:00:00.000+09:00,402294,[이천]소자,1,194,True,221
100185,SK하이닉스,2025 하반기 신입사원 채용,2025-10-01T17:00:00.000+09:00,402295,[이천]Product Engineering,1,228,True,221
100185,SK하이닉스,2025 하반기 신입사원 채용,2025-10-01T17:00:00.000+09:00,402296,[이천]Application Engineering,1,224,True,221
100185,SK하이닉스,2025 하반기 신입사원 채용,2025-10-01T17:00:00.000+09:00,402297,[이천]R&D 공정,1,299,True,"188,221,183"
100185,SK하이닉스,2025 하반기 신입사원 채용,2025-10-01T17:00:00.000+09:00,402298,[이천]IT,1,1534,True,"170,221"
100185,SK하이닉스,2025 하반기 신입사원 채용,2025-10-01T17:00:00.000+09:00,402299,[이천]PKG개발,1,204,True,221
100185,SK하이닉스,2025 하반기 신입사원 채용,2025-10-01T17:00:00.000+09:00,402300,[이천]양산기술(Package&TEST),1,490,True,"187,221,183"
100185,SK하이닉스,2025 하반기 신입사원 채용,2025-10-01T17:00:00.000+09:00,402301,[이천]기반기술(Infra Tech),1,321,True,221
100185,SK하이닉스,2025 하반기 신입사원 채용,2025-10-01T17:00:00.000+09:00,402302,[이천]양산기술,1,1514,True,"187,221,183"
100185,SK하이닉스,2025 하반기 신입사원 채용,2025-10-01T17:00:00.000+09:00,402303,[이천]양산관리,1,344,True,"187,221,183"
100185,SK하이닉스,2025 하반기 신입사원 채용,2025-10-01T17:00:00.000+09:00,402304,[이천]SHE(안전),1,254,True,"191,221,184"
100185,SK하이닉스,2025 하반기 신입사원 채용,2025-10-01T17:00:00.000+09:00,402305,[이천]SHE(보건),1,64,True,"191,193,221,184"
100185,SK하이닉스,2025 하반기 신입사원 채용,2025-10-01T17:00:00.000+09:00,402306,[이천]SHE(환경/화학물질관리),1,233,True,"192,221,184"
100185,SK하이닉스,2025 하반기 신입사원 채용,2025-10-01T17:00:00.000+09:00,402307,[이천]SHE(P&S기술),1,112,True,221
100185,SK하이닉스,2025 하반기 신입사원 채용,2025-10-01T17:00:00.000+09:00,402308,"[이천]Utility 기술(공조/배기,배관)",1,308,True,"185,221"
100185,SK하이닉스,2025 하반기 신입사원 채용,2025-10-01T17:00:00.000+09:00,402309,"[이천]Utility 기술(Gas, Chemical, 수처리)",1,205,True,"229,221,217"
100185,SK하이닉스,2025 하반기 신입사원 채용,2025-10-01T17:00:00.000+09:00,402310,"[이천]Utility 기술(전기, 제어)",1,324,True,"220,221"
100185,SK하이닉스,2025 하반기 신입사원 채용,2025-10-01T17:00:00.000+09:00,402311,"[이천]Utility 기술(건축, BIM/5D)",1,249,True,"207,221"
100185,SK하이닉스,2025 하반기 신입사원 채용,2025-10-01T17:00:00.000+09:00,402312,[이천/분당]Solution HW,1,200,True,"169,221"
100185,SK하이닉스,2025 하반기 신입사원 채용,2025-10-01T17:00:00.000+09:00,402313,[이천/서울]상품기획/마케팅/영업,1,2339,True,"137,149,194,221,132"
100185,SK하이닉스,2025 하반기 신입사원 채용,2025-10-01T17:00:00.000+09:00,402314,[청주]소자,1,92,True,221
100185,SK하이닉스,2025 하반기 신입사원 채용,2025-10-01T17:00:00.000+09:00,402315,[청주]Product Engineering,1,152,True,221
100185,SK하이닉스,2025 하반기 신입사원 채용,2025-10-01T17:00:00.000+09:00,402316,[청주]양산기술(Package&TEST),1,418,True,"187,221,183"
100185,SK하이닉스,2025 하반기 신입사원 채용,2025-10-01T17:00:00.000+09:00,402317,[청주]기반기술(Infra Tech),1,246,True,221
100185,SK하이닉스,2025 하반기 신입사원 채용,2025-10-01T17:00:00.000+09:00,402318,[청주]양산기술,1,1208,True,"187,221,183"
100185,SK하이닉스,2025 하반기 신입사원 채용,2025-10-01T17:00:00.000+09:00,402319,[청주]양산관리,1,305,True,"187,221,183"
100185,SK하이닉스,2025 하반기 신입사원 채용,2025-10-01T17:00:00.000+09:00,402320,[청주]SHE(안전),1,228,True,"191,221,184"
100185,SK하이닉스,2025 하반기 신입사원 채용,2025-10-01T17:00:00.000+09:00,402321,[청주]SHE(보건),1,43,True,"191,193,221,184"
100185,SK하이닉스,2025 하반기 신입사원 채용,2025-10-01T17:00:00.000+09:00,402322,[청주]SHE(환경/화학물질관리),1,215,True,"192,221,184"
100185,SK하이닉스,2025 하반기 신입사원 채용,2025-10-01T17:00:00.000+09:00,402323,[청주]SHE(P&S기술),1,114,True,221
100185,SK하이닉스,2025 하반기 신입사원 채용,2025-10-01T17:00:00.000+09:00,402324,"[청주]Utility 기술(공조/배기, 배관)",1,236,True,221
100185,SK하이닉스,2025 하반기 신입사원 채용,2025-10-01T17:00:00.000+09:00,402325,"[청주]Utility 기술(Gas, Chemical, 수처리)",1,194,True,"229,221,217"
100185,SK하이닉스,2025 하반기 신입사원 채용,2025-10-01T17:00:00.000+09:00,402326,"[청주]Utility 기술(전기, 제어)",1,275,True,"220,221"
100185,SK하이닉스,2025 하반기 신입사원 채용,2025-10-01T17:00:00.000+09:00,402327,"[청주]Utility 기술(건축, BIM/5D)",1,186,True,"207,221"
100186,한화파워시스템,2025 하반기 선박솔루션사업부 신입사원 채용,2025-10-12T15:00:00.000+09:00,402328,설계_기본/상세,1,517,True,"219,224"
100186,한화파워시스템,2025 하반기 선박솔루션사업부 신입사원 채용,2025-10-12T15:00:00.000+09:00,402329,구매관리,1,222,True,"157,158,147"
100186,한화파워시스템,2025 하반기 선박솔루션사업부 신입사원 채용,2025-10-12T15:00:00.000+09:00,402330,영업,1,157,True,194
100186,한화파워시스템,2025 하반기 선박솔루션사업부 신입사원 채용,2025-10-12T15:00:00.000+09:00,402331,인사,1,197,True,"115,116,118,104"
100186,한화파워시스템,2025 하반기 선박솔루션사업부 신입사원 채용,2025-10-12T15:00:00.000+09:00,402332,가스터빈 연소기 공력설계,1,29,True,"229,219,217"
100186,한화파워시스템,2025 하반기 선박솔루션사업부 신입사원 채용,2025-10-12T15:00:00.000+09:00,402333,가스터빈 열유동해석,1,27,True,"229,219,217"
100189,한국타이어앤테크놀로지,2025년 하반기 Proactive Leaders 신입 채용,2025-10-12T23:59:00.000+09:00,402367,[R&D] 설계_Tire 설계,1,260,True,"226,227,228,219,216"
100189,한국타이어앤테크놀로지,2025년 하반기 Proactive Leaders 신입 채용,2025-10-12T23:59:00.000+09:00,402368,[R&D] 설계_양산 설계,1,96,True,"226,227,228,219,216"
100189,한국타이어앤테크놀로지,2025년 하반기 Proactive Leaders 신입 채용,2025-10-12T23:59:00.000+09:00,402369,[R&D] 설계_Mold 기술 개발,1,79,True,"226,227,228,219,216"
100189,한국타이어앤테크놀로지,2025년 하반기 Proactive Leaders 신입 채용,2025-10-12T23:59:00.000+09:00,402370,[R&D] 설계_패턴 기술 연구,1,53,True,"226,227,228,219,216"
100189,한국타이어앤테크놀로지,2025년 하반기 Proactive Leaders 신입 채용,2025-10-12T23:59:00.000+09:00,402371,[R&D] 재료_Compound 개발 연구,1,174,True,"226,227,228,219,216"
100189,한국타이어앤테크놀로지,2025년 하반기 Proactive Leaders 신입 채용,2025-10-12T23:59:00.000+09:00,402372,[R&D] 재료_공정 연구,1,113,True,"226,227,228,219,216"
100189,한국타이어앤테크놀로지,2025년 하반기 Proactive Leaders 신입 채용,2025-10-12T23:59:00.000+09:00,402373,[R&D] 재료_원료 개발 연구,1,108,True,"226,227,228,229,219,216,217"
100189,한국타이어앤테크놀로지,2025년 하반기 Proactive Leaders 신입 채용,2025-10-12T23:59:00.000+09:00,402374,[R&D] 재료_Cord 개발 연구,1,34,True,"226,227,228,219,216"
100189,한국타이어앤테크놀로지,2025년 하반기 Proactive Leaders 신입 채용,2025-10-12T23:59:00.000+09:00,402375,[R&D] 연구_NVH 성능 연구,1,48,True,"226,227,228,216"
100189,한국타이어앤테크놀로지,2025년 하반기 Proactive Leaders 신입 채용,2025-10-12T23:59:00.000+09:00,402376,[R&D] 연구_Handling 성능 연구,1,34,True,"226,227,228,216"
100189,한국타이어앤테크놀로지,2025년 하반기 Proactive Leaders 신입 채용,2025-10-12T23:59:00.000+09:00,402377,[R&D] Digital 연구_Tire 설계 시스템 연구,1,64,True,"226,227,228,219,216"
100189,한국타이어앤테크놀로지,2025년 하반기 Proactive Leaders 신입 채용,2025-10-12T23:59:00.000+09:00,402378,[R&D] Digital 연구_데이터 사이언스,1,217,True,"179,180,181,163"
100189,한국타이어앤테크놀로지,2025년 하반기 Proactive Leaders 신입 채용,2025-10-12T23:59:00.000+09:00,402379,[R&D] Digital 연구_시뮬레이션 Tool 연구,1,61,True,"179,180,181,163"
100189,한국타이어앤테크놀로지,2025년 하반기 Proactive Leaders 신입 채용,2025-10-12T23:59:00.000+09:00,402380,[R&D] 평가_재료 평가,1,99,True,"226,227,228,216"
100189,한국타이어앤테크놀로지,2025년 하반기 Proactive Leaders 신입 채용,2025-10-12T23:59:00.000+09:00,402381,[R&D] 평가_실내 평가,1,38,True,"226,227,228,216"
100189,한국타이어앤테크놀로지,2025년 하반기 Proactive Leaders 신입 채용,2025-10-12T23:59:00.000+09:00,402382,[R&D] 평가_품질 평가,1,82,True,"189,226,227,228,183,216"
100189,한국타이어앤테크놀로지,2025년 하반기 Proactive Leaders 신입 채용,2025-10-12T23:59:00.000+09:00,402383,[Engineering] 설비&디지털_스마트팩토리,1,283,True,"192,185,186,184"
100189,한국타이어앤테크놀로지,2025년 하반기 Proactive Leaders 신입 채용,2025-10-12T23:59:00.000+09:00,402384,[Engineering] 설비&디지털_설비기술(기계),1,229,True,"185,186,227,216"
100189,한국타이어앤테크놀로지,2025년 하반기 Proactive Leaders 신입 채용,2025-10-12T23:59:00.000+09:00,402385,[Engineering] 제조기술_기계,1,172,True,"187,185,227,183,216"
100189,한국타이어앤테크놀로지,2025년 하반기 Proactive Leaders 신입 채용,2025-10-12T23:59:00.000+09:00,402386,[Engineering] 제조기술_화학,1,271,True,"187,185,229,183,217"
100189,한국타이어앤테크놀로지,2025년 하반기 Proactive Leaders 신입 채용,2025-10-12T23:59:00.000+09:00,402387,[Engineering] 생산기술_생산기획,1,168,True,"187,190,183"
100189,한국타이어앤테크놀로지,2025년 하반기 Proactive Leaders 신입 채용,2025-10-12T23:59:00.000+09:00,402388,[Engineering] 생산기술_기계,1,214,True,"187,227,183,216"
100189,한국타이어앤테크놀로지,2025년 하반기 Proactive Leaders 신입 채용,2025-10-12T23:59:00.000+09:00,402389,[Engineering] 생산기술_화학,1,262,True,"187,229,183,217"
100189,한국타이어앤테크놀로지,2025년 하반기 Proactive Leaders 신입 채용,2025-10-12T23:59:00.000+09:00,402391,[Engineering] SHE_보건관리,1,99,True,"191,192,193,184"
100189,한국타이어앤테크놀로지,2025년 하반기 Proactive Leaders 신입 채용,2025-10-12T23:59:00.000+09:00,402390,[Engineering] 품질_품질 기획/관리,1,306,True,"189,190,183"
100189,한국타이어앤테크놀로지,2025년 하반기 Proactive Leaders 신입 채용,2025-10-12T23:59:00.000+09:00,402392,[Business] 경영관리,1,242,True,"109,110,111,112,113,114,103"
100189,한국타이어앤테크놀로지,2025년 하반기 Proactive Leaders 신입 채용,2025-10-12T23:59:00.000+09:00,402393,[Business] 재무회계,1,215,True,"109,110,111,112,113,114,103"
100189,한국타이어앤테크놀로지,2025년 하반기 Proactive Leaders 신입 채용,2025-10-12T23:59:00.000+09:00,402394,[Sales] Retail 영업,1,360,True,"194,195,196,197"
100189,한국타이어앤테크놀로지,2025년 하반기 Proactive Leaders 신입 채용,2025-10-12T23:59:00.000+09:00,402396,[Sales] 해외 영업,1,347,True,"194,195,196,197"
100189,한국타이어앤테크놀로지,2025년 하반기 Proactive Leaders 신입 채용,2025-10-12T23:59:00.000+09:00,402397,[Marketing] 마케팅,1,363,True,"134,135,136,137,138,139,149,132"
100189,한국타이어앤테크놀로지,2025년 하반기 Proactive Leaders 신입 채용,2025-10-12T23:59:00.000+09:00,402399,[Marketing] SCM,1,324,True,"150,151,152,153,145"
100196,삼양그룹,2025년 9월 신입사원 추가채용,2025-09-28T23:59:00.000+09:00,402479,[대졸신입/Junior Career]설비관리,1,264,True,"190,185,183"
100196,삼양그룹,2025년 9월 신입사원 추가채용,2025-09-28T23:59:00.000+09:00,402480,[대졸신입/Junior Career]전기설비,1,128,True,"185,204"
100199,팜스코,2025년 하반기 신입/경력 공개 채용,2025-10-05T23:59:00.000+09:00,402484,사료영업,1,52,True,194
100199,팜스코,2025년 하반기 신입/경력 공개 채용,2025-10-05T23:59:00.000+09:00,402485,신선식품영업,1,92,True,194
100199,팜스코,2025년 하반기 신입/경력 공개 채용,2025-10-05T23:59:00.000+09:00,402486,사료배합설계,1,17,True,"187,183"
100199,팜스코,2025년 하반기 신입/경력 공개 채용,2025-10-05T23:59:00.000+09:00,402487,사료생산관리,1,133,True,"187,183"
100199,팜스코,2025년 하반기 신입/경력 공개 채용,2025-10-05T23:59:00.000+09:00,402488,신선식품생산관리,1,33,True,"187,183"
100199,팜스코,2025년 하반기 신입/경력 공개 채용,2025-10-05T23:59:00.000+09:00,402489,육가공생산관리,1,31,True,"187,183"
100199,팜스코,2025년 하반기 신입/경력 공개 채용,2025-10-05T23:59:00.000+09:00,402490,기획,1,208,True,"109,110,111,112,113,114,103"
100199,팜스코,2025년 하반기 신입/경력 공개 채용,2025-10-05T23:59:00.000+09:00,402491,법무,1,41,True,108
100199,팜스코,2025년 하반기 신입/경력 공개 채용,2025-10-05T23:59:00.000+09:00,402492,한우사업지원,1,38,True,"109,110,111,112,113,114,103"
100203,NH농협손해보험,2025년 하반기 신규직원 채용,2025-09-29T17:00:00.000+09:00,402514,상품 ・ 계리,1,148,True,212
100203,NH농협손해보험,2025년 하반기 신규직원 채용,2025-09-29T17:00:00.000+09:00,402515,지급 심사,1,101,True,212
100203,NH농협손해보험,2025년 하반기 신규직원 채용,2025-09-29T17:00:00.000+09:00,402516,영업,1,408,True,194
100203,NH농협손해보험,2025년 하반기 신규직원 채용,2025-09-29T17:00:00.000+09:00,402517,일반,1,670,True,"109,110,111,112,113,114,127,128,129,130,131,103,107"
100203,NH농협손해보험,2025년 하반기 신규직원 채용,2025-09-29T17:00:00.000+09:00,402518,IT,1,609,True,"175,176,177,178,166,162"
100209,부광약품,OCI그룹 2025년 하반기 영업직 (MR) 신입사원 채용,2025-10-10T17:00:00.000+09:00,402539,병원 영업,1,96,True,194
100209,부광약품,OCI그룹 2025년 하반기 영업직 (MR) 신입사원 채용,2025-10-10T17:00:00.000+09:00,402540,의원 영업,1,19,True,194
100209,부광약품,OCI그룹 2025년 하반기 영업직 (MR) 신입사원 채용,2025-10-10T17:00:00.000+09:00,402541,CNS 영업,1,34,True,194
100217,대한항공,2026년 신입사원 모집,2025-10-14T16:00:00.000+09:00,402569,[일반직] 일반,1,2613,True,"109,110,111,112,113,122,106,108,103,105"
100217,대한항공,2026년 신입사원 모집,2025-10-14T16:00:00.000+09:00,402570,[기술직] 항공기술,1,664,True,"227,219,220,216"
100217,대한항공,2026년 신입사원 모집,2025-10-14T16:00:00.000+09:00,402571,[기술직] 항공우주,1,603,True,224
100225,서울신문사,수습사원 채용,2025-10-14T18:00:00.000+09:00,402613,미디어경영,1,89,True,"115,116,117,118,119,120,121,122,123,124,125,126,249,252,104,105"
100225,서울신문사,수습사원 채용,2025-10-14T18:00:00.000+09:00,402614,취재기자,1,96,True,"249,252"
100230,농협중앙회,2025년 신규 직원 채용 ,2025-09-29T17:00:00.000+09:00,402624,일반(5급)_전국,1,1504,True,"109,211,213,103"
100230,농협중앙회,2025년 신규 직원 채용 ,2025-09-29T17:00:00.000+09:00,402625,IT(5급)_전국,1,853,True,"164,166,167,170"
100230,농협중앙회,2025년 신규 직원 채용 ,2025-09-29T17:00:00.000+09:00,402626,일반(6급초급)_경기(경기·서울·인천),1,531,True,"109,213,214,103"
100230,농협중앙회,2025년 신규 직원 채용 ,2025-09-29T17:00:00.000+09:00,402627,일반(6급초급)_강원,1,92,True,"109,213,214,103"
100230,농협중앙회,2025년 신규 직원 채용 ,2025-09-29T17:00:00.000+09:00,402628,일반(6급초급)_충북,1,81,True,"109,213,214,103"
100230,농협중앙회,2025년 신규 직원 채용 ,2025-09-29T17:00:00.000+09:00,402629,일반(6급초급)_충남(충남·세종·대전),1,166,True,"109,213,214,103"
100230,농협중앙회,2025년 신규 직원 채용 ,2025-09-29T17:00:00.000+09:00,402630,일반(6급초급)_전북,1,124,True,"109,213,214,103"
100230,농협중앙회,2025년 신규 직원 채용 ,2025-09-29T17:00:00.000+09:00,402631,일반(6급초급)_전남(전남·광주),1,157,True,"109,213,214,103"
100230,농협중앙회,2025년 신규 직원 채용 ,2025-09-29T17:00:00.000+09:00,402632,일반(6급초급)_경북(경북·대구),1,212,True,"109,213,214,103"
100230,농협중앙회,2025년 신규 직원 채용 ,2025-09-29T17:00:00.000+09:00,402633,일반(6급초급)_경남(경남·부산·울산),1,253,True,"109,213,214,103"
100230,농협중앙회,2025년 신규 직원 채용 ,2025-09-29T17:00:00.000+09:00,402634,일반(6급초급)_제주,1,66,True,"109,213,214,103"
100235,GS파워,2026년 신입사원 공개채용,2025-10-13T10:00:00.000+09:00,402639,기계계열 ,1,144,True,"185,229,230,217"
100235,GS파워,2026년 신입사원 공개채용,2025-10-13T10:00:00.000+09:00,403433,전기/제어계열,1,190,True,"230,220,217"
100235,GS파워,2026년 신입사원 공개채용,2025-10-13T10:00:00.000+09:00,403434,기타계열,1,25,True,"229,230,217"
100250,전북은행,2025년 신입행원 채용,2025-10-03T17:00:00.000+09:00,402788,금융일반_일반인재,1,569,True,"201,214"
100250,전북은행,2025년 신입행원 채용,2025-10-03T17:00:00.000+09:00,402789,금융일반_지역인재,1,199,True,"201,214"
100250,전북은행,2025년 신입행원 채용,2025-10-03T17:00:00.000+09:00,402790,통계,1,120,True,"137,179,180,132,163"
100250,전북은행,2025년 신입행원 채용,2025-10-03T17:00:00.000+09:00,402791,IT·디지털_일반인재,1,368,True,"164,165,166,171"
100250,전북은행,2025년 신입행원 채용,2025-10-03T17:00:00.000+09:00,402792,IT·디지털_지역인재,1,95,True,"164,165,166,171"
100254,동원그룹,2025년 하반기 신입사원 모집,2025-10-14T14:00:00.000+09:00,404082,[동원홈푸드]기획,1,224,True,"109,110,103"
100254,동원그룹,2025년 하반기 신입사원 모집,2025-10-14T14:00:00.000+09:00,402800,[동원산업]자금,1,83,True,"125,105"
100254,동원그룹,2025년 하반기 신입사원 모집,2025-10-14T14:00:00.000+09:00,402801,[동원산업]회계,1,177,True,106
100254,동원그룹,2025년 하반기 신입사원 모집,2025-10-14T14:00:00.000+09:00,402802,[동원시스템즈]회계,1,91,True,106
100254,동원그룹,2025년 하반기 신입사원 모집,2025-10-14T14:00:00.000+09:00,402803,[동원건설산업]회계,1,60,True,106
100254,동원그룹,2025년 하반기 신입사원 모집,2025-10-14T14:00:00.000+09:00,402804,[동원팜스]회계,1,105,True,106
100254,동원그룹,2025년 하반기 신입사원 모집,2025-10-14T14:00:00.000+09:00,402805,[동원홈푸드]리스크관리(법무/채권),1,84,True,"108,213"
100254,동원그룹,2025년 하반기 신입사원 모집,2025-10-14T14:00:00.000+09:00,402806,[동원시스템즈]연포장 기술개발,1,159,True,"229,223,217"
100254,동원그룹,2025년 하반기 신입사원 모집,2025-10-14T14:00:00.000+09:00,402807,[동원시스템즈]배터리캔개발,1,105,True,"227,223,216"
100254,동원그룹,2025년 하반기 신입사원 모집,2025-10-14T14:00:00.000+09:00,402808,[동원에프앤비]식품유통영업,1,255,True,194
100254,동원그룹,2025년 하반기 신입사원 모집,2025-10-14T14:00:00.000+09:00,402809,[동원홈푸드]식자재유통영업,1,134,True,194
100254,동원그룹,2025년 하반기 신입사원 모집,2025-10-14T14:00:00.000+09:00,402810,[동원로엑스]물류영업,1,108,True,194
100254,동원그룹,2025년 하반기 신입사원 모집,2025-10-14T14:00:00.000+09:00,402811,[동원건설산업]건축수주영업,1,73,True,194
100254,동원그룹,2025년 하반기 신입사원 모집,2025-10-14T14:00:00.000+09:00,402812,[동원시스템즈]해외영업,1,246,True,"154,146"
100254,동원그룹,2025년 하반기 신입사원 모집,2025-10-14T14:00:00.000+09:00,402813,[동원홈푸드]생산관리,1,77,True,"187,183"
100254,동원그룹,2025년 하반기 신입사원 모집,2025-10-14T14:00:00.000+09:00,402814,[동원에프앤비]생산기술,1,160,True,"187,183"
100254,동원그룹,2025년 하반기 신입사원 모집,2025-10-14T14:00:00.000+09:00,402815,[동원시스템즈]생산기술(알미늄),1,134,True,"187,183"
100254,동원그룹,2025년 하반기 신입사원 모집,2025-10-14T14:00:00.000+09:00,402816,[동원시스템즈]생산기술(캔),1,223,True,"187,183"
100254,동원그룹,2025년 하반기 신입사원 모집,2025-10-14T14:00:00.000+09:00,402817,[동원에프앤비]품질관리,1,106,True,"189,183"
100254,동원그룹,2025년 하반기 신입사원 모집,2025-10-14T14:00:00.000+09:00,402818,[동원시스템즈]품질관리(캔),1,106,True,"189,183"
100254,동원그룹,2025년 하반기 신입사원 모집,2025-10-14T14:00:00.000+09:00,402819,[동원시스템즈]품질관리(알미늄),1,101,True,"189,183"
100254,동원그룹,2025년 하반기 신입사원 모집,2025-10-14T14:00:00.000+09:00,402820,[동원시스템즈]공정관리,1,107,True,"188,183"
100254,동원그룹,2025년 하반기 신입사원 모집,2025-10-14T14:00:00.000+09:00,402821,[동원시스템즈]생산지원,1,60,True,"187,185,183"
100254,동원그룹,2025년 하반기 신입사원 모집,2025-10-14T14:00:00.000+09:00,402822,[동원팜스]생산지원,1,25,True,"187,185,183"
100254,동원그룹,2025년 하반기 신입사원 모집,2025-10-14T14:00:00.000+09:00,402823,[동원로엑스]물류운영,1,150,True,"150,145"
100254,동원그룹,2025년 하반기 신입사원 모집,2025-10-14T14:00:00.000+09:00,402824,[동원홈푸드]물류관리,1,144,True,"150,145"
100254,동원그룹,2025년 하반기 신입사원 모집,2025-10-14T14:00:00.000+09:00,402825,[동원건설산업]건축설계,1,43,True,207
100254,동원그룹,2025년 하반기 신입사원 모집,2025-10-14T14:00:00.000+09:00,402826,[동원건설산업]건축,1,146,True,207
100254,동원그룹,2025년 하반기 신입사원 모집,2025-10-14T14:00:00.000+09:00,402827,[동원건설산업]전기,1,40,True,204
100254,동원그룹,2025년 하반기 신입사원 모집,2025-10-14T14:00:00.000+09:00,402828,[동원건설산업]기계,1,22,True,205
100254,동원그룹,2025년 하반기 신입사원 모집,2025-10-14T14:00:00.000+09:00,402829,[동원건설산업]안전,1,103,True,203
100254,동원그룹,2025년 하반기 신입사원 모집,2025-10-14T14:00:00.000+09:00,402830,[동원건설산업]보건,1,32,True,"191,193,258,184"
100263,원익그룹,2025 신입 공채,2025-10-13T23:59:00.000+09:00,402853,[원익아이피에스] SW개발,1,237,True,170
100263,원익그룹,2025 신입 공채,2025-10-13T23:59:00.000+09:00,402854,[원익아이피에스] 소재개발,1,133,True,221
100263,원익그룹,2025 신입 공채,2025-10-13T23:59:00.000+09:00,402855,[원익아이피에스] Simulation,1,67,True,221
100263,원익그룹,2025 신입 공채,2025-10-13T23:59:00.000+09:00,402856,[원익아이피에스] 제어설계,1,189,True,"220,221"
100263,원익그룹,2025 신입 공채,2025-10-13T23:59:00.000+09:00,402857,[원익아이피에스] 부품설계(히터),1,75,True,"227,219,216"
100263,원익그룹,2025 신입 공채,2025-10-13T23:59:00.000+09:00,402858,[원익아이피에스] 부품설계(정밀),1,61,True,"227,219,216"
100263,원익그룹,2025 신입 공채,2025-10-13T23:59:00.000+09:00,402859,[원익아이피에스] 공정개발,1,717,True,221
100263,원익그룹,2025 신입 공채,2025-10-13T23:59:00.000+09:00,402860,[원익아이피에스] 기구설계,1,164,True,221
100263,원익그룹,2025 신입 공채,2025-10-13T23:59:00.000+09:00,402861,[원익아이피에스] 공정개발(Display),1,174,True,221
100263,원익그룹,2025 신입 공채,2025-10-13T23:59:00.000+09:00,402862,[원익아이피에스] 기구설계(Display),1,53,True,221
100263,원익그룹,2025 신입 공채,2025-10-13T23:59:00.000+09:00,402863,[원익아이피에스] 제조,1,255,True,"187,185,183"
100263,원익그룹,2025 신입 공채,2025-10-13T23:59:00.000+09:00,402864,[원익아이피에스] IT,1,314,True,"164,166"
100263,원익그룹,2025 신입 공채,2025-10-13T23:59:00.000+09:00,402865,[원익아이피에스] 안전환경,1,179,True,"191,192,193,184"
100263,원익그룹,2025 신입 공채,2025-10-13T23:59:00.000+09:00,402866,[원익아이피에스] 구매(Display),1,70,True,"157,147"
100263,원익그룹,2025 신입 공채,2025-10-13T23:59:00.000+09:00,402867,[원익아이피에스] 구매(반도체),1,127,True,"157,147"
100263,원익그룹,2025 신입 공채,2025-10-13T23:59:00.000+09:00,402868,[원익큐엔씨] 공정관리,1,165,True,"188,183"
100263,원익그룹,2025 신입 공채,2025-10-13T23:59:00.000+09:00,402869,[원익큐엔씨] 생산관리,1,117,True,"187,183"
100263,원익그룹,2025 신입 공채,2025-10-13T23:59:00.000+09:00,402870,[원익큐엔씨] 공정기술,1,380,True,"188,183"
100263,원익그룹,2025 신입 공채,2025-10-13T23:59:00.000+09:00,402871,[원익큐엔씨] 공정자동화,1,118,True,"188,183"
100263,원익그룹,2025 신입 공채,2025-10-13T23:59:00.000+09:00,402872,[원익큐엔씨] 해외영업,1,76,True,"154,146"
100263,원익그룹,2025 신입 공채,2025-10-13T23:59:00.000+09:00,402873,[원익큐엔씨] 연구개발,1,77,True,221
100263,원익그룹,2025 신입 공채,2025-10-13T23:59:00.000+09:00,402874,[원익큐엔씨] IT시스템관리,1,140,True,"164,166"
100263,원익그룹,2025 신입 공채,2025-10-13T23:59:00.000+09:00,402875,[원익머트리얼즈] 연구개발(특수가스),1,7,True,221
100263,원익그룹,2025 신입 공채,2025-10-13T23:59:00.000+09:00,402876,[원익머트리얼즈] 연구개발(프리커서),1,54,True,221
100263,원익그룹,2025 신입 공채,2025-10-13T23:59:00.000+09:00,402877,[원익머트리얼즈] 연구개발(촉매),1,73,True,"229,217"
100263,원익그룹,2025 신입 공채,2025-10-13T23:59:00.000+09:00,402878,[원익머트리얼즈] 품질보증,1,191,True,"189,183"
100263,원익그룹,2025 신입 공채,2025-10-13T23:59:00.000+09:00,402879,[원익머트리얼즈] 국내영업,1,107,True,195
100263,원익그룹,2025 신입 공채,2025-10-13T23:59:00.000+09:00,402880,[원익머트리얼즈] 해외영업,1,105,True,"154,146"
100263,원익그룹,2025 신입 공채,2025-10-13T23:59:00.000+09:00,402881,[원익머트리얼즈] 안전환경,1,162,True,"191,192,193,184"
100263,원익그룹,2025 신입 공채,2025-10-13T23:59:00.000+09:00,402882,[원익머트리얼즈] 법무,1,47,True,108
100263,원익그룹,2025 신입 공채,2025-10-13T23:59:00.000+09:00,402883,[원익홀딩스] 공정개발_반도체/디스플레이 공정 用 차세대 Gas 처리 장비 개발,1,28,True,"188,221,183"
100263,원익그룹,2025 신입 공채,2025-10-13T23:59:00.000+09:00,402884,[원익홀딩스] 공정개발_반도체/디스플레이 공정 用 차세대 Gas Purifier System 장비 개발,1,24,True,"188,221,183"
100263,원익그룹,2025 신입 공채,2025-10-13T23:59:00.000+09:00,402885,[원익홀딩스] 공정개발_반도체/디스플레이 공정 用 차세대 Gas Supply System 기술 개발 및 미래 기술 개발,1,9,True,"188,221,183"
100263,원익그룹,2025 신입 공채,2025-10-13T23:59:00.000+09:00,402886,[원익홀딩스] 기구개발,1,101,True,221
100263,원익그룹,2025 신입 공채,2025-10-13T23:59:00.000+09:00,402887,[원익홀딩스] 해외영업,1,82,True,"154,146"
100263,원익그룹,2025 신입 공채,2025-10-13T23:59:00.000+09:00,402888,[원익홀딩스] 시공(사업관리),1,42,True,202
100263,원익그룹,2025 신입 공채,2025-10-13T23:59:00.000+09:00,402889,[원익홀딩스] 법무,1,32,True,108
100263,원익그룹,2025 신입 공채,2025-10-13T23:59:00.000+09:00,402890,[원익홀딩스] 인사,1,214,True,"115,116,117,118,119,120,121,104"
100263,원익그룹,2025 신입 공채,2025-10-13T23:59:00.000+09:00,402891,[원익피앤이] 회로개발,1,30,True,220
100263,원익그룹,2025 신입 공채,2025-10-13T23:59:00.000+09:00,402892,[원익피앤이] FW개발,1,17,True,167
100263,원익그룹,2025 신입 공채,2025-10-13T23:59:00.000+09:00,402893,[원익피앤이] 전력제어,1,6,True,220
100263,원익그룹,2025 신입 공채,2025-10-13T23:59:00.000+09:00,402894,[원익피앤이] 제어설계,1,9,True,"167,220"
100263,원익그룹,2025 신입 공채,2025-10-13T23:59:00.000+09:00,402895,[원익피앤이] AI솔루션,1,98,True,167
100263,원익그룹,2025 신입 공채,2025-10-13T23:59:00.000+09:00,402896,[씨엠에스랩] 디자인,1,52,True,"242,237"
100263,원익그룹,2025 신입 공채,2025-10-13T23:59:00.000+09:00,402897,[케어랩스] IR,1,84,True,"124,105"
100263,원익그룹,2025 신입 공채,2025-10-13T23:59:00.000+09:00,402898,[케어랩스] 인사,1,85,True,"115,117,104"
100263,원익그룹,2025 신입 공채,2025-10-13T23:59:00.000+09:00,402899,[케어랩스] 영업,1,142,True,"137,195,132"
100263,원익그룹,2025 신입 공채,2025-10-13T23:59:00.000+09:00,402900,[케어랩스] 마케팅,1,153,True,"135,137,132"
100263,원익그룹,2025 신입 공채,2025-10-13T23:59:00.000+09:00,402901,[케어랩스] Product Owner (서비스기획),1,128,True,171
100263,원익그룹,2025 신입 공채,2025-10-13T23:59:00.000+09:00,402902,[케어랩스] Product Designer (디자인),1,83,True,241
100263,원익그룹,2025 신입 공채,2025-10-13T23:59:00.000+09:00,402903,[원익로보틱스] SW 설계 및 개발_로봇핸드 제어,1,90,True,170
100263,원익그룹,2025 신입 공채,2025-10-13T23:59:00.000+09:00,402904,[원익로보틱스] SW 설계 및 개발_로봇핸드 AI,1,62,True,170
100265,NH농협은행,25년 5급/6급 신규직원 채용,2025-10-10T17:00:00.000+09:00,402943,5급_금융,1,2508,True,"201,214"
100265,NH농협은행,25년 5급/6급 신규직원 채용,2025-10-10T17:00:00.000+09:00,402944,5급_ IT·디지털,1,1257,True,"164,165,166,171"
100265,NH농협은행,25년 5급/6급 신규직원 채용,2025-10-10T17:00:00.000+09:00,402945,6급초급_일반,1,4451,True,"201,214"
100265,NH농협은행,25년 5급/6급 신규직원 채용,2025-10-10T17:00:00.000+09:00,402946,6급초급_일반(보훈전형),1,78,True,"201,214"
100283,노벨리스코리아,신입 채용 (자동화 엔지니어),2025-10-17T22:00:00.000+09:00,403066,자동화 엔지니어,1,117,True,"187,188,189,190,191,192,193,185,186,183,184"
100284,노벨리스코리아,급여담당자 채용,2025-10-17T22:00:00.000+09:00,403067,급여/근태 담당,1,47,True,"109,110,111,112,113,114,115,116,117,118,119,120,121,122,123,124,125,126,106,127,128,129,130,131,108,103,104,105,107"
100286,현대캐피탈,2025 신입사원 채용,2025-10-13T23:59:00.000+09:00,403074,Auto-상품기획/마케팅-신차,1,437,True,"134,135,137,138,149,132"
100286,현대캐피탈,2025 신입사원 채용,2025-10-13T23:59:00.000+09:00,403075,Auto-상품기획/마케팅-중고차,1,247,True,"134,135,137,138,149,132"
100286,현대캐피탈,2025 신입사원 채용,2025-10-13T23:59:00.000+09:00,403076,Auto-상품기획/마케팅-플랫폼,1,509,True,"134,135,137,138,149,132"
100286,현대캐피탈,2025 신입사원 채용,2025-10-13T23:59:00.000+09:00,403077,Auto-상품기획/마케팅-법인사업,1,212,True,"134,135,137,138,149,132"
100286,현대캐피탈,2025 신입사원 채용,2025-10-13T23:59:00.000+09:00,403078,Digital-Data Scientist,1,341,True,"179,180,167,163"
100286,현대캐피탈,2025 신입사원 채용,2025-10-13T23:59:00.000+09:00,403079,Digital-AI Agent Engineer,1,239,True,"179,180,167,163"
100286,현대캐피탈,2025 신입사원 채용,2025-10-13T23:59:00.000+09:00,403080,Digital-IT금융개발,1,618,True,"164,165,171"
100286,현대캐피탈,2025 신입사원 채용,2025-10-13T23:59:00.000+09:00,403081,Digital-IT기획,1,559,True,"164,165,171"
100286,현대캐피탈,2025 신입사원 채용,2025-10-13T23:59:00.000+09:00,403082,Digital-정보보안,1,136,True,166
100286,현대캐피탈,2025 신입사원 채용,2025-10-13T23:59:00.000+09:00,403083,금융사업-개인금융,1,397,True,"201,210,211"
100286,현대캐피탈,2025 신입사원 채용,2025-10-13T23:59:00.000+09:00,403084,금융사업-기업금융,1,434,True,"201,210,211"
100286,현대캐피탈,2025 신입사원 채용,2025-10-13T23:59:00.000+09:00,403085,리스크관리-리스크,1,113,True,"210,211,215"
100286,현대캐피탈,2025 신입사원 채용,2025-10-13T23:59:00.000+09:00,403086,리스크관리-Credit,1,110,True,"201,210,211,215"
100286,현대캐피탈,2025 신입사원 채용,2025-10-13T23:59:00.000+09:00,403087,리스크관리-금융심사,1,119,True,"210,211,213"
100286,현대캐피탈,2025 신입사원 채용,2025-10-13T23:59:00.000+09:00,403088,리스크관리-Collection,1,80,True,"210,211,215"
100286,현대캐피탈,2025 신입사원 채용,2025-10-13T23:59:00.000+09:00,403089,해외사업-해외전략,1,248,True,"110,112,201,103"
100286,현대캐피탈,2025 신입사원 채용,2025-10-13T23:59:00.000+09:00,403090,재경-경영관리,1,312,True,"109,111,103"
100286,현대캐피탈,2025 신입사원 채용,2025-10-13T23:59:00.000+09:00,403091,재경-재무,1,315,True,"122,106,105"
100286,현대캐피탈,2025 신입사원 채용,2025-10-13T23:59:00.000+09:00,403092,경영지원-인사,1,573,True,"115,118,104"
100288,NHN,IDC 운영자 (평촌),2025-11-24T23:59:00.000+09:00,403094,IDC 운영자 (평촌),1,17,True,166
100290,대우건설,2025년 하반기 신입사원 채용,2025-10-14T23:59:00.000+09:00,403096,주택건축 > 건축시공,1,314,True,"202,207"
100290,대우건설,2025년 하반기 신입사원 채용,2025-10-14T23:59:00.000+09:00,403097,주택건축 > 건축설계,1,86,True,"207,239"
100290,대우건설,2025년 하반기 신입사원 채용,2025-10-14T23:59:00.000+09:00,403098,주택건축 > 구조,1,23,True,"202,207"
100290,대우건설,2025년 하반기 신입사원 채용,2025-10-14T23:59:00.000+09:00,403099,주택건축 > 건축기계설비,1,111,True,"202,205"
100290,대우건설,2025년 하반기 신입사원 채용,2025-10-14T23:59:00.000+09:00,403100,주택건축 > 건축전기설비,1,87,True,"202,204"
100290,대우건설,2025년 하반기 신입사원 채용,2025-10-14T23:59:00.000+09:00,403101,주택건축 > 건축토목,1,44,True,"202,206"
100290,대우건설,2025년 하반기 신입사원 채용,2025-10-14T23:59:00.000+09:00,403102,주택건축 > 조경,1,31,True,"202,206"
100290,대우건설,2025년 하반기 신입사원 채용,2025-10-14T23:59:00.000+09:00,403103,토목 > 토목시공,1,96,True,"202,206"
100290,대우건설,2025년 하반기 신입사원 채용,2025-10-14T23:59:00.000+09:00,403104,토목 > 토목구조설계,1,12,True,"206,207"
100290,대우건설,2025년 하반기 신입사원 채용,2025-10-14T23:59:00.000+09:00,403105,토목 > 토목항만설계,1,15,True,"206,207"
100290,대우건설,2025년 하반기 신입사원 채용,2025-10-14T23:59:00.000+09:00,403106,플랜트 > 플랜트토목,1,42,True,"202,206,207,208,209"
100290,대우건설,2025년 하반기 신입사원 채용,2025-10-14T23:59:00.000+09:00,403107,플랜트 > 플랜트건축,1,52,True,"202,206,207,208,209"
100290,대우건설,2025년 하반기 신입사원 채용,2025-10-14T23:59:00.000+09:00,403108,플랜트 > 플랜트기계,1,196,True,"202,205,207,208"
100290,대우건설,2025년 하반기 신입사원 채용,2025-10-14T23:59:00.000+09:00,403109,플랜트 > 플랜트전기,1,148,True,"202,204,207,208"
100290,대우건설,2025년 하반기 신입사원 채용,2025-10-14T23:59:00.000+09:00,403110,안전 > 안전,1,139,True,203
100291,한국앤컴퍼니,2025년 하반기 신입 Proactive Leaders 채용,2025-10-12T23:59:00.000+09:00,403111,해외영업,1,135,True,"154,146"
100291,한국앤컴퍼니,2025년 하반기 신입 Proactive Leaders 채용,2025-10-12T23:59:00.000+09:00,403112,HR,1,256,True,"115,116,117,118,119,120,121,104"
100291,한국앤컴퍼니,2025년 하반기 신입 Proactive Leaders 채용,2025-10-12T23:59:00.000+09:00,403113,차세대전지개발_CELL,1,279,True,"226,229,216,217"
100291,한국앤컴퍼니,2025년 하반기 신입 Proactive Leaders 채용,2025-10-12T23:59:00.000+09:00,403114,차세대전지개발_PACK,1,164,True,"226,229,216,217"
100291,한국앤컴퍼니,2025년 하반기 신입 Proactive Leaders 채용,2025-10-12T23:59:00.000+09:00,403115,품질경영,1,276,True,"189,183"
100291,한국앤컴퍼니,2025년 하반기 신입 Proactive Leaders 채용,2025-10-12T23:59:00.000+09:00,403116,환경안전,1,141,True,"191,192,193,184"
100294,코리안리재보험,2025 신입채용,2025-10-13T18:00:00.000+09:00,403166,일반 I,1,673,True,"127,107"
100294,코리안리재보험,2025 신입채용,2025-10-13T18:00:00.000+09:00,403167,일반 II,1,43,True,106
100294,코리안리재보험,2025 신입채용,2025-10-13T18:00:00.000+09:00,403168,공학,1,261,True,212
100294,코리안리재보험,2025 신입채용,2025-10-13T18:00:00.000+09:00,403169,계리,1,95,True,212
100294,코리안리재보험,2025 신입채용,2025-10-13T18:00:00.000+09:00,403170,전산,1,311,True,"175,176,177,178,162"
100306,SK텔링크,2025년 하반기 신입공채,2025-10-05T23:59:00.000+09:00,403217,회계/세무관리,1,231,True,"123,106,105"
100306,SK텔링크,2025년 하반기 신입공채,2025-10-05T23:59:00.000+09:00,403276,국제전화(IDD)마케팅,1,92,True,"134,135,136,137,138,132"
100306,SK텔링크,2025년 하반기 신입공채,2025-10-05T23:59:00.000+09:00,403277,국제통신 해외 파트너사 관리(해외 CARRIER RELATIONS),1,119,True,"110,112,103"
100306,SK텔링크,2025년 하반기 신입공채,2025-10-05T23:59:00.000+09:00,403278,SK 세븐모바일 홈페이지/APP 기획 및 운영,1,265,True,"172,173,175,176,166,161,162"
100306,SK텔링크,2025년 하반기 신입공채,2025-10-05T23:59:00.000+09:00,403279,SK 세븐모바일 온라인마케팅,1,222,True,"134,135,136,137,138,132"
100306,SK텔링크,2025년 하반기 신입공채,2025-10-05T23:59:00.000+09:00,403280,데이터 백본 네트워크 및 국제 SMS(RCS) 운용,1,69,True,"137,138,179,180,181,166,132,163"
100306,SK텔링크,2025년 하반기 신입공채,2025-10-05T23:59:00.000+09:00,403281,개인정보보호 기획/정책/관리 및 교육/점검,1,62,True,"117,166,104"
100307,호반그룹,2026년 주니어 채용,2025-10-12T23:59:00.000+09:00,403218,[호반건설]호반Boost인턴십_경영기획,3,138,True,"109,103"
100307,호반그룹,2026년 주니어 채용,2025-10-12T23:59:00.000+09:00,403219,[호반건설]호반Boost인턴십_건축설계,3,56,True,207
100307,호반그룹,2026년 주니어 채용,2025-10-12T23:59:00.000+09:00,403220,[호반건설]호반Boost인턴십_건축,3,180,True,207
100307,호반그룹,2026년 주니어 채용,2025-10-12T23:59:00.000+09:00,403221,[호반건설]호반Boost인턴십_토목,3,79,True,206
100307,호반그룹,2026년 주니어 채용,2025-10-12T23:59:00.000+09:00,403222,[호반건설]호반Boost인턴십_설비,3,61,True,205
100307,호반그룹,2026년 주니어 채용,2025-10-12T23:59:00.000+09:00,403223,[호반건설]호반Boost인턴십_전기,3,34,True,204
100307,호반그룹,2026년 주니어 채용,2025-10-12T23:59:00.000+09:00,403224,[호반건설]호반Boost인턴십_안전관리,3,99,True,203
100307,호반그룹,2026년 주니어 채용,2025-10-12T23:59:00.000+09:00,403225,[호반건설]주니어프로_경영기획,2,69,True,"109,103"
100307,호반그룹,2026년 주니어 채용,2025-10-12T23:59:00.000+09:00,403226,[호반건설]주니어프로_건축설계,2,46,True,207
100307,호반그룹,2026년 주니어 채용,2025-10-12T23:59:00.000+09:00,403227,[호반건설]주니어프로_건축,2,86,True,207
100307,호반그룹,2026년 주니어 채용,2025-10-12T23:59:00.000+09:00,403228,[호반건설]주니어프로_토목,2,31,True,206
100307,호반그룹,2026년 주니어 채용,2025-10-12T23:59:00.000+09:00,403229,[호반건설]주니어프로_설비,2,24,True,205
100307,호반그룹,2026년 주니어 채용,2025-10-12T23:59:00.000+09:00,403230,[호반건설]주니어프로_전기,2,27,True,204
100307,호반그룹,2026년 주니어 채용,2025-10-12T23:59:00.000+09:00,403231,[호반건설]주니어프로_안전관리,2,36,True,203
100307,호반그룹,2026년 주니어 채용,2025-10-12T23:59:00.000+09:00,403860,[호반TBM]호반Boost인턴십_TBM토목,3,8,True,206
100307,호반그룹,2026년 주니어 채용,2025-10-12T23:59:00.000+09:00,403232,[호반TBM]호반Boost인턴십_TBM기계,3,20,True,205
100307,호반그룹,2026년 주니어 채용,2025-10-12T23:59:00.000+09:00,403233,[호반TBM]호반Boost인턴십_TBM전기,3,10,True,204
100307,호반그룹,2026년 주니어 채용,2025-10-12T23:59:00.000+09:00,403861,[호반TBM]주니어프로_TBM토목,2,5,True,206
100307,호반그룹,2026년 주니어 채용,2025-10-12T23:59:00.000+09:00,403234,[호반TBM]주니어프로_TBM기계,2,7,True,205
100307,호반그룹,2026년 주니어 채용,2025-10-12T23:59:00.000+09:00,403235,[호반TBM]주니어프로_TBM전기 ,2,12,True,204
100307,호반그룹,2026년 주니어 채용,2025-10-12T23:59:00.000+09:00,403236,[대한전선]설계/기술,1,101,True,207
100307,호반그룹,2026년 주니어 채용,2025-10-12T23:59:00.000+09:00,403237,[대한전선]생산엔지니어,1,195,True,"187,185,183"
100307,호반그룹,2026년 주니어 채용,2025-10-12T23:59:00.000+09:00,403238,[대한전선]생산관리/생산기획,1,110,True,"187,183"
100307,호반그룹,2026년 주니어 채용,2025-10-12T23:59:00.000+09:00,403239,[대한전선]해저시공헤석,1,15,True,"186,202"
100307,호반그룹,2026년 주니어 채용,2025-10-12T23:59:00.000+09:00,403240,[대한전선]해저케이블 선적,1,32,True,"202,227,216"
100307,호반그룹,2026년 주니어 채용,2025-10-12T23:59:00.000+09:00,403392,[대한전선]해저케이블 설치,1,26,True,186
100307,호반그룹,2026년 주니어 채용,2025-10-12T23:59:00.000+09:00,403241,[대한전선]시스템 엔지니어링,1,107,True,164
100307,호반그룹,2026년 주니어 채용,2025-10-12T23:59:00.000+09:00,403242,[대한전선]시공(전기),1,35,True,206
100307,호반그룹,2026년 주니어 채용,2025-10-12T23:59:00.000+09:00,403393,[대한전선]시공(토목),1,24,True,206
100307,호반그룹,2026년 주니어 채용,2025-10-12T23:59:00.000+09:00,403243,[대한전선]품질보증,1,105,True,"189,183"
100307,호반그룹,2026년 주니어 채용,2025-10-12T23:59:00.000+09:00,403394,[대한전선]품질관리,1,67,True,"189,183"
100307,호반그룹,2026년 주니어 채용,2025-10-12T23:59:00.000+09:00,403244,[대한전선]설비관리(기계),1,72,True,204
100307,호반그룹,2026년 주니어 채용,2025-10-12T23:59:00.000+09:00,403395,[대한전선]설비관리(전기),1,79,True,204
100307,호반그룹,2026년 주니어 채용,2025-10-12T23:59:00.000+09:00,403245,[대한전선]연구개발,1,24,True,"227,216"
100307,호반그룹,2026년 주니어 채용,2025-10-12T23:59:00.000+09:00,403246,[대한전선]해외영업,1,207,True,"154,146"
100307,호반그룹,2026년 주니어 채용,2025-10-12T23:59:00.000+09:00,403247,[대한전선]공정관리,1,66,True,"188,183"
100307,호반그룹,2026년 주니어 채용,2025-10-12T23:59:00.000+09:00,403248,[대한전선]프로젝트관리,1,106,True,"109,103"
100307,호반그룹,2026년 주니어 채용,2025-10-12T23:59:00.000+09:00,403249,[대한전선]재무,1,213,True,"122,105"
100307,호반그룹,2026년 주니어 채용,2025-10-12T23:59:00.000+09:00,403250,[대한전선]노무,1,58,True,"116,104"
100307,호반그룹,2026년 주니어 채용,2025-10-12T23:59:00.000+09:00,403251,[대한전선]주니어프로_설계/기술,2,9,True,207
100307,호반그룹,2026년 주니어 채용,2025-10-12T23:59:00.000+09:00,403252,[대한전선]주니어프로_생산엔지니어,2,12,True,"187,185,183"
100307,호반그룹,2026년 주니어 채용,2025-10-12T23:59:00.000+09:00,403253,[대한전선]주니어프로_생산관리/생산기획,2,12,True,"187,183"
100307,호반그룹,2026년 주니어 채용,2025-10-12T23:59:00.000+09:00,403254,[대한전선]주니어프로_해저시공해석,2,3,True,205
100307,호반그룹,2026년 주니어 채용,2025-10-12T23:59:00.000+09:00,403255,[대한전선]주니어프로_해저케이블선적,2,5,True,205
100307,호반그룹,2026년 주니어 채용,2025-10-12T23:59:00.000+09:00,403396,[대한전선]주니어프로_해저케이블설치,2,4,True,186
100307,호반그룹,2026년 주니어 채용,2025-10-12T23:59:00.000+09:00,403256,[대한전선]주니어프로_시스템 엔지니어링,2,10,True,164
100307,호반그룹,2026년 주니어 채용,2025-10-12T23:59:00.000+09:00,403257,[대한전선]주니어프로_시공(전기),2,5,True,206
100307,호반그룹,2026년 주니어 채용,2025-10-12T23:59:00.000+09:00,403397,[대한전선]주니어프로_시공(토목),2,5,True,206
100307,호반그룹,2026년 주니어 채용,2025-10-12T23:59:00.000+09:00,403258,[대한전선]주니어프로_품질보증,2,11,True,"189,183"
100307,호반그룹,2026년 주니어 채용,2025-10-12T23:59:00.000+09:00,403398,[대한전선]주니어프로_품질관리,2,9,True,"189,183"
100307,호반그룹,2026년 주니어 채용,2025-10-12T23:59:00.000+09:00,403259,[대한전선]주니어프로_설비관리(기계),2,4,True,204
100307,호반그룹,2026년 주니어 채용,2025-10-12T23:59:00.000+09:00,403399,[대한전선]주니어프로_설비관리(전기),2,9,True,204
100307,호반그룹,2026년 주니어 채용,2025-10-12T23:59:00.000+09:00,403260,[대한전선]주니어프로_연구개발,2,3,True,"227,216"
100307,호반그룹,2026년 주니어 채용,2025-10-12T23:59:00.000+09:00,403261,[대한전선]주니어프로_해외영업,2,40,True,"154,146"
100307,호반그룹,2026년 주니어 채용,2025-10-12T23:59:00.000+09:00,403262,[대한전선]주니어프로_공정관리,2,8,True,"188,183"
100307,호반그룹,2026년 주니어 채용,2025-10-12T23:59:00.000+09:00,403263,[대한전선]주니어프로_프로젝트관리,2,22,True,"109,103"
100307,호반그룹,2026년 주니어 채용,2025-10-12T23:59:00.000+09:00,403264,[대한전선]주니어프로_재무,2,37,True,"122,105"
100307,호반그룹,2026년 주니어 채용,2025-10-12T23:59:00.000+09:00,403265,[대한전선]주니어프로_노무,2,9,True,"116,104"
100307,호반그룹,2026년 주니어 채용,2025-10-12T23:59:00.000+09:00,403266,[호반호텔앤리조트]호반Boost인턴십_경영기획,3,108,True,"109,103"
100307,호반그룹,2026년 주니어 채용,2025-10-12T23:59:00.000+09:00,403267,[호반호텔앤리조트]호반Boost인턴십_마케팅/콘텐츠,3,174,True,"135,137,132"
100307,호반그룹,2026년 주니어 채용,2025-10-12T23:59:00.000+09:00,403268,[호반호텔앤리조트]주니어프로_경영기획,2,45,True,"109,103"
100307,호반그룹,2026년 주니어 채용,2025-10-12T23:59:00.000+09:00,403269,[호반호텔앤리조트]주니어프로_마케팅/콘텐츠,2,115,True,"135,137,132"
100307,호반그룹,2026년 주니어 채용,2025-10-12T23:59:00.000+09:00,403270,[호반프라퍼티]운영관리,1,126,True,"127,197,107"
100307,호반그룹,2026년 주니어 채용,2025-10-12T23:59:00.000+09:00,403271,[호반프라퍼티]주니어프로_운영관리,2,51,True,"127,197,107"
100307,호반그룹,2026년 주니어 채용,2025-10-12T23:59:00.000+09:00,403272,[대아청과]농산물 유통판매,1,33,True,194
100307,호반그룹,2026년 주니어 채용,2025-10-12T23:59:00.000+09:00,403273,[대아청과]영업관리,1,59,True,197
100307,호반그룹,2026년 주니어 채용,2025-10-12T23:59:00.000+09:00,403274,[대아청과]주니어프로_농산물 유통판매,2,6,True,194
100307,호반그룹,2026년 주니어 채용,2025-10-12T23:59:00.000+09:00,403275,[대아청과]주니어프로_영업관리 ,2,6,True,197
100312,LG유플러스,2025 하반기 신입채용,2025-10-12T23:00:00.000+09:00,403403,마케팅전략,1,911,True,"137,138,132"
100312,LG유플러스,2025 하반기 신입채용,2025-10-12T23:00:00.000+09:00,403404,영업기획,1,755,True,"194,197"
100312,LG유플러스,2025 하반기 신입채용,2025-10-12T23:00:00.000+09:00,403405,B2B영업,1,475,True,"194,196,197"
100312,LG유플러스,2025 하반기 신입채용,2025-10-12T23:00:00.000+09:00,403406,B2B글로벌영업,1,238,True,"154,194,196,197,146"
100312,LG유플러스,2025 하반기 신입채용,2025-10-12T23:00:00.000+09:00,403407,컨설팅,1,173,True,"194,197"
100312,LG유플러스,2025 하반기 신입채용,2025-10-12T23:00:00.000+09:00,403408,Back-End(AI Applied Engineer),1,607,True,"176,178,162"
100312,LG유플러스,2025 하반기 신입채용,2025-10-12T23:00:00.000+09:00,403409,DevOps,1,263,True,"164,165,166,170"
100312,LG유플러스,2025 하반기 신입채용,2025-10-12T23:00:00.000+09:00,403410,개발PM,1,269,True,171
100312,LG유플러스,2025 하반기 신입채용,2025-10-12T23:00:00.000+09:00,403411,NW기술(유·무선),1,218,True,"164,165,166"
100312,LG유플러스,2025 하반기 신입채용,2025-10-12T23:00:00.000+09:00,403412,NW IDC,1,99,True,"164,165,166"
100312,LG유플러스,2025 하반기 신입채용,2025-10-12T23:00:00.000+09:00,403413,보안,1,115,True,166
100312,LG유플러스,2025 하반기 신입채용,2025-10-12T23:00:00.000+09:00,403414,People Analytics,1,369,True,"115,117,118,180,104,163"
100340,현대그린푸드,"외국어 우수 해외 주재원, 신입사원(본사 일반직무) 채용",2025-10-14T23:59:00.000+09:00,403572,경영전략/기획,1,176,True,"109,111,103"
100340,현대그린푸드,"외국어 우수 해외 주재원, 신입사원(본사 일반직무) 채용",2025-10-14T23:59:00.000+09:00,403573,경영관리,1,90,True,"109,111,103"
100340,현대그린푸드,"외국어 우수 해외 주재원, 신입사원(본사 일반직무) 채용",2025-10-14T23:59:00.000+09:00,403574,총무,1,123,True,"128,107"
100340,현대그린푸드,"외국어 우수 해외 주재원, 신입사원(본사 일반직무) 채용",2025-10-14T23:59:00.000+09:00,403575,재경,1,127,True,"122,106,105"
100340,현대그린푸드,"외국어 우수 해외 주재원, 신입사원(본사 일반직무) 채용",2025-10-14T23:59:00.000+09:00,403576,단체급식 사업장운영,1,71,True,264
100341,한진,2026 신입사원 채용,2025-10-29T14:00:00.000+09:00,403577,물류,1,443,True,"150,151,152,145"
100341,한진,2026 신입사원 채용,2025-10-29T14:00:00.000+09:00,403578,택배,1,120,True,"150,151,152,148,145"
100341,한진,2026 신입사원 채용,2025-10-29T14:00:00.000+09:00,403579,글로벌,1,415,True,"150,151,152,145"
100341,한진,2026 신입사원 채용,2025-10-29T14:00:00.000+09:00,403580,디지털플랫폼,1,708,True,"164,165,166,171"
100341,한진,2026 신입사원 채용,2025-10-29T14:00:00.000+09:00,403581,경영지원,1,810,True,"110,112,122,106,127,128,103,105,107"
100351,IM캐피탈,2025년 신입사원 채용,2025-10-14T18:00:00.000+09:00,403629,일반,1,819,True,"127,197,201,107"
100351,IM캐피탈,2025년 신입사원 채용,2025-10-14T18:00:00.000+09:00,403630,IT,1,794,True,"164,165,166,170,171"
100353,산은캐피탈,채용공고,2025-10-13T22:00:00.000+09:00,403634,(공통) 일반직,1,922,True,210
100353,산은캐피탈,채용공고,2025-10-13T22:00:00.000+09:00,403635,(공통) 이공계열,1,185,True,"122,106,210,105"
100369,어플라이드 머티어리얼즈 코리아,[Semiconductor 분야] Customer Engineer (장비 엔지니어),2025-10-15T17:00:00.000+09:00,403730,Customer Engineer (장비 엔지니어),1,1691,True,"185,186,221"
100372,AJ네트웍스,수시채용(신입/경력),2025-10-12T23:59:00.000+09:00,403736,지원_안전보건,1,118,True,"191,258,184"
100372,AJ네트웍스,수시채용(신입/경력),2025-10-12T23:59:00.000+09:00,403737,B&T_IT 영업,1,42,True,196
100372,AJ네트웍스,수시채용(신입/경력),2025-10-12T23:59:00.000+09:00,403738,로지스_파렛트 영업,1,38,True,196
100372,AJ네트웍스,수시채용(신입/경력),2025-10-12T23:59:00.000+09:00,403739,로지스_영업지원,1,30,True,197
100372,AJ네트웍스,수시채용(신입/경력),2025-10-12T23:59:00.000+09:00,403740,지원_경영기획,2,6,True,"109,103"
100372,AJ네트웍스,수시채용(신입/경력),2025-10-12T23:59:00.000+09:00,403741,지원_재무회계,5,66,True,"122,106,105"
100372,AJ네트웍스,수시채용(신입/경력),2025-10-12T23:59:00.000+09:00,403742,지원_총무,2,11,True,"128,107"
100372,AJ네트웍스,수시채용(신입/경력),2025-10-12T23:59:00.000+09:00,403743,산업장비_B2B 영업 (AWP B2B 렌탈 및 유통 영업),5,5,True,196
100372,AJ네트웍스,수시채용(신입/경력),2025-10-12T23:59:00.000+09:00,403802,산업장비_B2B 영업 (지게차 B2B 렌탈 및 유통 영업),5,1,True,196
100372,AJ네트웍스,수시채용(신입/경력),2025-10-12T23:59:00.000+09:00,403744,산업장비_경영관리,2,1,True,"109,111,103"
100372,AJ네트웍스,수시채용(신입/경력),2025-10-12T23:59:00.000+09:00,403745,산업장비_장비유통,2,0,True,"151,145"
100372,AJ네트웍스,수시채용(신입/경력),2025-10-12T23:59:00.000+09:00,403746,B&T_경영관리,2,3,True,"109,111,103"
100372,AJ네트웍스,수시채용(신입/경력),2025-10-12T23:59:00.000+09:00,403747,B&T_스마트워크 설비관리 및 운영,2,2,True,205
100372,AJ네트웍스,수시채용(신입/경력),2025-10-12T23:59:00.000+09:00,403748,B&T_B2B 영업(금융서비스),2,0,True,196
100372,AJ네트웍스,수시채용(신입/경력),2025-10-12T23:59:00.000+09:00,403803,B&T_B2B 영업(제조/유틸리티),2,0,True,196
100372,AJ네트웍스,수시채용(신입/경력),2025-10-12T23:59:00.000+09:00,403804,B&T_B2B 영업(TopAccount),5,3,True,196
100372,AJ네트웍스,수시채용(신입/경력),2025-10-12T23:59:00.000+09:00,403749,B&T_로봇 설치 및 유지보수,5,14,True,186
100372,AJ네트웍스,수시채용(신입/경력),2025-10-12T23:59:00.000+09:00,403750,B&T_로봇영업,5,7,True,194
100372,AJ네트웍스,수시채용(신입/경력),2025-10-12T23:59:00.000+09:00,403751,B&T_자산 운영·관리,5,8,True,"152,145"
100372,AJ네트웍스,수시채용(신입/경력),2025-10-12T23:59:00.000+09:00,403752,로지스_B2B 영업,2,3,True,196
100372,AJ네트웍스,수시채용(신입/경력),2025-10-12T23:59:00.000+09:00,403753,로지스_화물운송관리,2,3,True,"150,145"
100372,AJ네트웍스,수시채용(신입/경력),2025-10-12T23:59:00.000+09:00,403754,로지스_연구개발,2,4,True,"227,216"
100372,AJ네트웍스,수시채용(신입/경력),2025-10-12T23:59:00.000+09:00,403755,로지스_센터 운영/자산관리,5,5,True,"127,197,107"
100377,현대자동차,10월 신입 채용,2025-10-17T17:00:00.000+09:00,403768,연구개발_차량 프로젝트 관리,1,1023,True,"226,220,216"
100377,현대자동차,10월 신입 채용,2025-10-17T17:00:00.000+09:00,403769,연구개발_제동 시스템 개발,1,789,True,"226,220,216"
100377,현대자동차,10월 신입 채용,2025-10-17T17:00:00.000+09:00,403770,생산/제조_플랜트 운영(울산공장),1,2394,True,"187,185,208,183"
100377,현대자동차,10월 신입 채용,2025-10-17T17:00:00.000+09:00,403771,생산/제조_구매,1,981,True,"157,159,147"
100377,현대자동차,10월 신입 채용,2025-10-17T17:00:00.000+09:00,403772,사업/기획_국내사업(지역 비즈니스),1,1445,True,"110,112,194,197,103"
100377,현대자동차,10월 신입 채용,2025-10-17T17:00:00.000+09:00,403773,경영지원_재경,1,801,True,"109,111,122,106,128,103,105,107"
100377,현대자동차,10월 신입 채용,2025-10-17T17:00:00.000+09:00,403774,경영지원_국내생산 경영지원(울산공장),1,487,True,"109,111,122,106,128,103,105,107"
100377,현대자동차,10월 신입 채용,2025-10-17T17:00:00.000+09:00,403775,경영지원_안전/환경(울산공장),1,475,True,"191,192,203,208,184"
100378,고려아연,2025년 하반기 신입사원 채용 공고,2025-10-16T23:59:00.000+09:00,403776,[고려아연]ESG경영,1,315,True,"109,110,103"
100378,고려아연,2025년 하반기 신입사원 채용 공고,2025-10-16T23:59:00.000+09:00,403777,[고려아연]교육·기업문화,1,625,True,"117,121,104"
100378,고려아연,2025년 하반기 신입사원 채용 공고,2025-10-16T23:59:00.000+09:00,403778,[고려아연]회계,1,397,True,"122,106,105"
100378,고려아연,2025년 하반기 신입사원 채용 공고,2025-10-16T23:59:00.000+09:00,403779,[고려아연]영업,1,538,True,194
100378,고려아연,2025년 하반기 신입사원 채용 공고,2025-10-16T23:59:00.000+09:00,403780,[고려아연]원료구매,1,384,True,"157,147"
100378,고려아연,2025년 하반기 신입사원 채용 공고,2025-10-16T23:59:00.000+09:00,403781,[고려아연]구매전략,1,274,True,"157,159,147"
100378,고려아연,2025년 하반기 신입사원 채용 공고,2025-10-16T23:59:00.000+09:00,403782,[고려아연 온산제련소]생산관리,1,684,True,"187,183"
100378,고려아연,2025년 하반기 신입사원 채용 공고,2025-10-16T23:59:00.000+09:00,403783,[고려아연 온산제련소]생산기획,1,217,True,"187,190,183"
100378,고려아연,2025년 하반기 신입사원 채용 공고,2025-10-16T23:59:00.000+09:00,403784,[고려아연 온산제련소]정비,1,255,True,186
100378,고려아연,2025년 하반기 신입사원 채용 공고,2025-10-16T23:59:00.000+09:00,403785,[고려아연 온산제련소]전기,1,266,True,"186,204"
100378,고려아연,2025년 하반기 신입사원 채용 공고,2025-10-16T23:59:00.000+09:00,403786,[고려아연 온산제련소]R&D(연구소),1,212,True,"229,230,223,217"
100378,고려아연,2025년 하반기 신입사원 채용 공고,2025-10-16T23:59:00.000+09:00,403787,[고려아연 온산제련소]분석관리(연구소),1,337,True,"229,230,223,217"
100378,고려아연,2025년 하반기 신입사원 채용 공고,2025-10-16T23:59:00.000+09:00,403788,[케이지그린텍]에너지안전·생산관리,1,159,True,"191,184"
100378,고려아연,2025년 하반기 신입사원 채용 공고,2025-10-16T23:59:00.000+09:00,403789,[KZ정밀]해외영업,1,52,True,"154,146"
100378,고려아연,2025년 하반기 신입사원 채용 공고,2025-10-16T23:59:00.000+09:00,403790,[KZ정밀]개발연구,1,105,True,"227,216"
100378,고려아연,2025년 하반기 신입사원 채용 공고,2025-10-16T23:59:00.000+09:00,403791,[스틸싸이클]생산관리,1,83,True,"187,183"
100378,고려아연,2025년 하반기 신입사원 채용 공고,2025-10-16T23:59:00.000+09:00,403792,[스틸싸이클에스씨]원료구매,1,24,True,"157,147"
100380,수협은행,2025년 하반기 신입행원 채용공고,2025-10-15T17:00:00.000+09:00,403794,일반_전국,1,2018,True,214
100380,수협은행,2025년 하반기 신입행원 채용공고,2025-10-15T17:00:00.000+09:00,403795,지역인재_강원권,1,64,True,214
100380,수협은행,2025년 하반기 신입행원 채용공고,2025-10-15T17:00:00.000+09:00,403796,지역인재_충청권,1,126,True,214
100380,수협은행,2025년 하반기 신입행원 채용공고,2025-10-15T17:00:00.000+09:00,403797,지역인재_대구·경북권,1,161,True,214
100380,수협은행,2025년 하반기 신입행원 채용공고,2025-10-15T17:00:00.000+09:00,403798,지역인재_제주권,1,50,True,214
100380,수협은행,2025년 하반기 신입행원 채용공고,2025-10-15T17:00:00.000+09:00,403799,IT인재_본부,1,1089,True,"166,170"
100385,메리츠증권,2025년 대졸 신입사원 공개채용,2025-10-24T23:59:00.000+09:00,403815,S&T(Sales&Trading),1,250,True,"175,176,177,178,165,170,162"
100385,메리츠증권,2025년 대졸 신입사원 공개채용,2025-10-24T23:59:00.000+09:00,403816,리테일/디지털,1,550,True,"110,210,103"
100385,메리츠증권,2025년 대졸 신입사원 공개채용,2025-10-24T23:59:00.000+09:00,403817,리서치,1,244,True,253
100385,메리츠증권,2025년 대졸 신입사원 공개채용,2025-10-24T23:59:00.000+09:00,403818,IT,1,853,True,"175,176,177,178,165,170,162"
100385,메리츠증권,2025년 대졸 신입사원 공개채용,2025-10-24T23:59:00.000+09:00,403819,경영지원/내부통제,1,481,True,"122,123,125,106,105"
100387,SK텔레콤,2025 Junior Talent 채용 (Infra/고객/법무 직군) ,2025-10-10T18:00:00.000+09:00,403837,법무,1,42,True,108
100387,SK텔레콤,2025 Junior Talent 채용 (Infra/고객/법무 직군) ,2025-10-10T18:00:00.000+09:00,403838,Infra_Access Infra,1,107,True,"164,166,170"
100387,SK텔레콤,2025 Junior Talent 채용 (Infra/고객/법무 직군) ,2025-10-10T18:00:00.000+09:00,403839,Infra_유선/IP Infra,1,43,True,"164,166,170"
100387,SK텔레콤,2025 Junior Talent 채용 (Infra/고객/법무 직군) ,2025-10-10T18:00:00.000+09:00,403840,Infra_Core Infra,1,80,True,"164,166,170"
100387,SK텔레콤,2025 Junior Talent 채용 (Infra/고객/법무 직군) ,2025-10-10T18:00:00.000+09:00,403841,Infra_설비 Infra,1,53,True,"164,166,170"
100387,SK텔레콤,2025 Junior Talent 채용 (Infra/고객/법무 직군) ,2025-10-10T18:00:00.000+09:00,403842,고객_영업/마케팅,1,536,True,"137,194,132"
100387,SK텔레콤,2025 Junior Talent 채용 (Infra/고객/법무 직군) ,2025-10-10T18:00:00.000+09:00,403843,고객_B2B 영업,1,323,True,196
100388,SK텔레콤,2025 Junior Talent 채용 (AI/보안 직군) ,2025-10-22T18:00:00.000+09:00,403835,AI_ Tech R&D ML/DL 개발,1,345,True,167
100388,SK텔레콤,2025 Junior Talent 채용 (AI/보안 직군) ,2025-10-22T18:00:00.000+09:00,403836,보안_정보보안,1,107,True,166
100389,드림라인,글로벌사업 신입사원 모집,2025-10-30T23:59:00.000+09:00,403844,글로벌 영업,1,45,True,"154,146"
100397,CJ올리브영,2025 GLOBAL 외국인 신입 사원 모집,2025-10-17T17:00:00.000+09:00,403857,글로벌마케팅,1,36,True,"134,135,136,137,132"
100397,CJ올리브영,2025 GLOBAL 외국인 신입 사원 모집,2025-10-17T17:00:00.000+09:00,403858,글로벌영업,1,28,True,"194,197"
100397,CJ올리브영,2025 GLOBAL 외국인 신입 사원 모집,2025-10-17T17:00:00.000+09:00,403859,글로벌사업전략,1,15,True,"110,112,103"
100400,GS글로벌,2025년 하반기 신입사원 채용,2025-10-26T23:59:00.000+09:00,403864,해외 및 국내 사업,1,1189,True,"110,112,103"
100401,현대그린푸드,신입사원(구매·영업·마케팅 직무) 채용,2025-10-14T23:59:00.000+09:00,403865,구매_농산구매,1,98,True,"150,157,145,147"
100401,현대그린푸드,신입사원(구매·영업·마케팅 직무) 채용,2025-10-14T23:59:00.000+09:00,403866,구매_축수산구매,1,42,True,"150,157,145,147"
100401,현대그린푸드,신입사원(구매·영업·마케팅 직무) 채용,2025-10-14T23:59:00.000+09:00,403867,구매_공산품구매,1,93,True,"150,157,145,147"
100401,현대그린푸드,신입사원(구매·영업·마케팅 직무) 채용,2025-10-14T23:59:00.000+09:00,403868,구매_신상품 개발,1,61,True,"150,157,145,147"
100401,현대그린푸드,신입사원(구매·영업·마케팅 직무) 채용,2025-10-14T23:59:00.000+09:00,403869,구매_e-커머스,1,123,True,"150,157,145,147"
100401,현대그린푸드,신입사원(구매·영업·마케팅 직무) 채용,2025-10-14T23:59:00.000+09:00,403870,구매_물류,1,157,True,"150,157,145,147"
100401,현대그린푸드,신입사원(구매·영업·마케팅 직무) 채용,2025-10-14T23:59:00.000+09:00,403871,식재_식재영업,1,73,True,"194,197"
100401,현대그린푸드,신입사원(구매·영업·마케팅 직무) 채용,2025-10-14T23:59:00.000+09:00,403872,유통/외식_공산품영업,1,64,True,"151,194,197,145"
100401,현대그린푸드,신입사원(구매·영업·마케팅 직무) 채용,2025-10-14T23:59:00.000+09:00,403873,유통/외식_생식품영업,1,54,True,"151,194,197,145"
100401,현대그린푸드,신입사원(구매·영업·마케팅 직무) 채용,2025-10-14T23:59:00.000+09:00,403874,유통/외식_외식영업,1,82,True,"151,194,197,145"
100401,현대그린푸드,신입사원(구매·영업·마케팅 직무) 채용,2025-10-14T23:59:00.000+09:00,403875,유통/외식_베이커리영업,1,68,True,"151,194,197,145"
100401,현대그린푸드,신입사원(구매·영업·마케팅 직무) 채용,2025-10-14T23:59:00.000+09:00,403876,유통/외식_RnD(외식),1,40,True,"151,194,197,145"
100401,현대그린푸드,신입사원(구매·영업·마케팅 직무) 채용,2025-10-14T23:59:00.000+09:00,403877,단체급식_사업장운영(국내),1,31,True,"110,112,194,103"
100401,현대그린푸드,신입사원(구매·영업·마케팅 직무) 채용,2025-10-14T23:59:00.000+09:00,403878,단체급식_사업장개발,1,22,True,"110,112,194,103"
100401,현대그린푸드,신입사원(구매·영업·마케팅 직무) 채용,2025-10-14T23:59:00.000+09:00,403879,전략/기획_그리팅마케팅,1,274,True,"110,112,138,194,103,132"
100401,현대그린푸드,신입사원(구매·영업·마케팅 직무) 채용,2025-10-14T23:59:00.000+09:00,403880,전략/기획_그리팅제휴영업,1,120,True,"110,112,138,194,103,132"
100403,수협중앙회,2025년 하반기 신입직원 채용공고,2025-10-17T17:00:00.000+09:00,403893,사무_일반사무,1,1762,True,"127,107"
100403,수협중앙회,2025년 하반기 신입직원 채용공고,2025-10-17T17:00:00.000+09:00,403894,사무_계리·상품개발,1,99,True,"201,210,211,212,214"
100403,수협중앙회,2025년 하반기 신입직원 채용공고,2025-10-17T17:00:00.000+09:00,403895,사무_IT,1,670,True,"164,165,169,170,171"
100403,수협중앙회,2025년 하반기 신입직원 채용공고,2025-10-17T17:00:00.000+09:00,403896,기술_보험심사(어선원)_경기 ·충청·강원,1,24,True,"212,213"
100403,수협중앙회,2025년 하반기 신입직원 채용공고,2025-10-17T17:00:00.000+09:00,403897,기술_보험심사(어선원)_전북 ·전남,1,10,True,"212,213"
100403,수협중앙회,2025년 하반기 신입직원 채용공고,2025-10-17T17:00:00.000+09:00,403898,기술_보험심사(어선원)_제주,1,8,True,"212,213"
100403,수협중앙회,2025년 하반기 신입직원 채용공고,2025-10-17T17:00:00.000+09:00,403899,기술_보험심사(어선)_경기 ·충청·강원,1,18,True,"212,213"
100403,수협중앙회,2025년 하반기 신입직원 채용공고,2025-10-17T17:00:00.000+09:00,403900,기술_보험심사(어선)_경북 ·경남,1,17,True,"127,212,213,107"
100419,키움증권,2025년 하반기 키움금융센터 정규직 채용,2025-10-26T23:00:00.000+09:00,403989,고객 상담,1,167,True,"200,210"
100421,한국투자증권,FY2025 하반기 업무직원 공채(신입사원 6급),2025-10-30T17:00:00.000+09:00,403991,지점창구업무_서울/인천/경기,1,621,True,"200,214"
100421,한국투자증권,FY2025 하반기 업무직원 공채(신입사원 6급),2025-10-30T17:00:00.000+09:00,403992,지점창구업무_대전/충청,1,74,True,"200,214"
100421,한국투자증권,FY2025 하반기 업무직원 공채(신입사원 6급),2025-10-30T17:00:00.000+09:00,403993,지점창구업무_전주/전북,1,34,True,"200,214"
100421,한국투자증권,FY2025 하반기 업무직원 공채(신입사원 6급),2025-10-30T17:00:00.000+09:00,403994,지점창구업무_광주/전남,1,52,True,"200,214"
100421,한국투자증권,FY2025 하반기 업무직원 공채(신입사원 6급),2025-10-30T17:00:00.000+09:00,403995,지점창구업무_대구/경북,1,70,True,"200,214"
100421,한국투자증권,FY2025 하반기 업무직원 공채(신입사원 6급),2025-10-30T17:00:00.000+09:00,403996,지점창구업무_부산/경남,1,123,True,"200,214"
100421,한국투자증권,FY2025 하반기 업무직원 공채(신입사원 6급),2025-10-30T17:00:00.000+09:00,403997,지점창구업무_춘천/강릉,1,25,True,"200,214"
100421,한국투자증권,FY2025 하반기 업무직원 공채(신입사원 6급),2025-10-30T17:00:00.000+09:00,403998,지점창구업무_제주,1,25,True,"200,214"
100421,한국투자증권,FY2025 하반기 업무직원 공채(신입사원 6급),2025-10-30T17:00:00.000+09:00,403999,지점창구업무_근무지 무관,1,51,True,"200,214"
100437,아모레퍼시픽,2025 하반기 신입사원 수시채용,2025-10-19T23:59:00.000+09:00,404086,[R&I]스킨케어 제품개발,1,263,True,"232,217"
100437,아모레퍼시픽,2025 하반기 신입사원 수시채용,2025-10-19T23:59:00.000+09:00,404087,[글로벌]마케팅,1,428,True,"135,137,138,132"
100437,아모레퍼시픽,2025 하반기 신입사원 수시채용,2025-10-19T23:59:00.000+09:00,404088,[글로벌]영업,1,483,True,"194,197"
100437,아모레퍼시픽,2025 하반기 신입사원 수시채용,2025-10-19T23:59:00.000+09:00,404089,[글로벌]인사,1,241,True,"115,118,104"
100437,아모레퍼시픽,2025 하반기 신입사원 수시채용,2025-10-19T23:59:00.000+09:00,404090,[외국인]글로벌영업,1,39,True,"154,197,146"
100471,SK바이오사이언스,25년 4분기 신입/경력사원 수시채용,2025-10-15T23:59:00.000+09:00,404168,SHE Management(산업위생/화학),2,14,True,"192,184"
100471,SK바이오사이언스,25년 4분기 신입/경력사원 수시채용,2025-10-15T23:59:00.000+09:00,404169,SHE Management(환경),2,17,True,"192,184"
100471,SK바이오사이언스,25년 4분기 신입/경력사원 수시채용,2025-10-15T23:59:00.000+09:00,404170,Quality,2,8,True,"189,183"
100471,SK바이오사이언스,25년 4분기 신입/경력사원 수시채용,2025-10-15T23:59:00.000+09:00,404171,Production Planning,1,140,True,"187,183"
100471,SK바이오사이언스,25년 4분기 신입/경력사원 수시채용,2025-10-15T23:59:00.000+09:00,404172,관리회계/ 경영분석,2,23,True,"122,105"
100471,SK바이오사이언스,25년 4분기 신입/경력사원 수시채용,2025-10-15T23:59:00.000+09:00,404173,Talent Management(채용운영),4,29,True,"118,104"
100488,농협식품,2025년도 7급 신규직원 채용 안내문,2025-10-15T11:00:00.000+09:00,404236,일반(7급)_공통(경영지원·영업·마케팅),1,468,True,"127,128,136,137,138,194,197,107,132"
100489,신한라이프생명보험,2025 신입사원 채용,2025-10-22T18:00:00.000+09:00,404237,"영업전략(FC,DB,B2B)",1,787,True,197
100489,신한라이프생명보험,2025 신입사원 채용,2025-10-22T18:00:00.000+09:00,404238,상품/계리/리스크,1,221,True,212
100489,신한라이프생명보험,2025 신입사원 채용,2025-10-22T18:00:00.000+09:00,404239,재무,1,288,True,"122,123,124,125,126,105"
100489,신한라이프생명보험,2025 신입사원 채용,2025-10-22T18:00:00.000+09:00,404240,자산운용,1,291,True,211
100489,신한라이프생명보험,2025 신입사원 채용,2025-10-22T18:00:00.000+09:00,404241,DX(ICT),1,1085,True,"175,176,177,178,164,165,162"
100489,신한라이프생명보험,2025 신입사원 채용,2025-10-22T18:00:00.000+09:00,404242,보험금기획,1,258,True,"201,212"
100513,포스코플로우,2025년 하반기 신입·경력사원 채용,2025-10-27T15:00:00.000+09:00,404268,물류 운영/영업,1,792,True,"150,155,145,146"
100513,포스코플로우,2025년 하반기 신입·경력사원 채용,2025-10-27T15:00:00.000+09:00,404269,투자/사업관리,2,46,True,"112,113,103"
100513,포스코플로우,2025년 하반기 신입·경력사원 채용,2025-10-27T15:00:00.000+09:00,404270,IT인프라,1,321,True,"166,170"
100513,포스코플로우,2025년 하반기 신입·경력사원 채용,2025-10-27T15:00:00.000+09:00,404271,정보보안,2,15,True,166
100513,포스코플로우,2025년 하반기 신입·경력사원 채용,2025-10-27T15:00:00.000+09:00,404272,운송품질,2,9,True,"151,148,145"
100522,NH농협캐피탈,2025년 신규직원 채용,2025-10-27T10:00:00.000+09:00,404313,금융일반,1,1546,True,"210,214"
100522,NH농협캐피탈,2025년 신규직원 채용,2025-10-27T10:00:00.000+09:00,404314,IT·디지털·정보보호,1,877,True,"166,167,170"
100541,현대백화점그룹,2025년 하반기 신입사원 채용,2025-11-06T17:00:00.000+09:00,404360,[현대백화점]영업/마케팅_영업관리,1,1353,True,197
100541,현대백화점그룹,2025년 하반기 신입사원 채용,2025-11-06T17:00:00.000+09:00,404361,[현대백화점]영업/마케팅_마케팅,1,723,True,"137,138,132"
100541,현대백화점그룹,2025년 하반기 신입사원 채용,2025-11-06T17:00:00.000+09:00,404362,[현대백화점]경영지원,1,898,True,"115,117,122,106,128,104,105,107"
100541,현대백화점그룹,2025년 하반기 신입사원 채용,2025-11-06T17:00:00.000+09:00,404363,[현대백화점]글로벌,1,99,True,"109,122,106,103,105"
100541,현대백화점그룹,2025년 하반기 신입사원 채용,2025-11-06T17:00:00.000+09:00,404364,[현대홈쇼핑]영업/마케팅_MD,1,198,True,149
100541,현대백화점그룹,2025년 하반기 신입사원 채용,2025-11-06T17:00:00.000+09:00,404365,[현대홈쇼핑]영업/마케팅_영업지원,1,158,True,197
100541,현대백화점그룹,2025년 하반기 신입사원 채용,2025-11-06T17:00:00.000+09:00,404366,[현대홈쇼핑]경영지원_대외협력,1,165,True,"110,112,103"
100541,현대백화점그룹,2025년 하반기 신입사원 채용,2025-11-06T17:00:00.000+09:00,404367,[현대홈쇼핑]경영지원_재경,1,194,True,"122,106,105"
100541,현대백화점그룹,2025년 하반기 신입사원 채용,2025-11-06T17:00:00.000+09:00,404368,[현대홈쇼핑]전략/기획,1,133,True,"110,112,103"
100541,현대백화점그룹,2025년 하반기 신입사원 채용,2025-11-06T17:00:00.000+09:00,404369,[현대홈쇼핑]글로벌_재경,1,32,True,"122,106,105"
100541,현대백화점그룹,2025년 하반기 신입사원 채용,2025-11-06T17:00:00.000+09:00,404370,[현대홈쇼핑]글로벌_전략기획,1,67,True,"110,112,103"
100542,선진,2025년 대규모 신입/경력 채용,2025-10-28T23:59:00.000+09:00,404371,사료영업,5,47,True,"196,197,200"
100542,선진,2025년 대규모 신입/경력 채용,2025-10-28T23:59:00.000+09:00,404372,유전자 영업지원,5,32,True,"137,197,132"
100542,선진,2025년 대규모 신입/경력 채용,2025-10-28T23:59:00.000+09:00,404373,식육영업,5,52,True,"196,197,198"
100542,선진,2025년 대규모 신입/경력 채용,2025-10-28T23:59:00.000+09:00,404374,식육 온라인영업,2,13,True,"194,196,197,198"
100542,선진,2025년 대규모 신입/경력 채용,2025-10-28T23:59:00.000+09:00,404375,육가공 식품영업,5,67,True,"194,196,197"
100542,선진,2025년 대규모 신입/경력 채용,2025-10-28T23:59:00.000+09:00,404376,육가공 급식영업,5,13,True,"194,196,197"
100542,선진,2025년 대규모 신입/경력 채용,2025-10-28T23:59:00.000+09:00,404377,육가공 매장 마케팅,5,118,True,"134,135,136,137,138,139,132"
100542,선진,2025년 대규모 신입/경력 채용,2025-10-28T23:59:00.000+09:00,404378,ICT 제품영업,5,9,True,"194,196,197"
100542,선진,2025년 대규모 신입/경력 채용,2025-10-28T23:59:00.000+09:00,404379,양돈 생산관리,5,49,True,"187,189,183"
100542,선진,2025년 대규모 신입/경력 채용,2025-10-28T23:59:00.000+09:00,404380,육가공 공무기획(전기안전담당),2,6,True,"188,191,192,193,183,184"
100542,선진,2025년 대규모 신입/경력 채용,2025-10-28T23:59:00.000+09:00,404381,양돈 관리,5,31,True,"187,189,183"
100542,선진,2025년 대규모 신입/경력 채용,2025-10-28T23:59:00.000+09:00,404382,식육 물류(팀장),2,1,True,"187,188,189,190,191,192,193,183,184"
100542,선진,2025년 대규모 신입/경력 채용,2025-10-28T23:59:00.000+09:00,404383,사료 구매(자원관리),1,227,True,"127,190,107,183"
100542,선진,2025년 대규모 신입/경력 채용,2025-10-28T23:59:00.000+09:00,404384,기획,2,10,True,"109,110,103"
100542,선진,2025년 대규모 신입/경력 채용,2025-10-28T23:59:00.000+09:00,404897,애그리 경영관리,5,31,True,"109,111,103"
100542,선진,2025년 대규모 신입/경력 채용,2025-10-28T23:59:00.000+09:00,404385,종돈육종연구,5,0,True,"235,218"
100542,선진,2025년 대규모 신입/경력 채용,2025-10-28T23:59:00.000+09:00,404386,육가공 냉장 R&D,2,3,True,"235,218"
100542,선진,2025년 대규모 신입/경력 채용,2025-10-28T23:59:00.000+09:00,404387,양돈설비,5,50,True,"235,219,218"
100542,선진,2025년 대규모 신입/경력 채용,2025-10-28T23:59:00.000+09:00,404388,식품 R&D,5,18,True,"235,218"
100542,선진,2025년 대규모 신입/경력 채용,2025-10-28T23:59:00.000+09:00,404389,ERP 운영,2,14,True,170
100542,선진,2025년 대규모 신입/경력 채용,2025-10-28T23:59:00.000+09:00,404390,데이터 분석 및 인공지능(딥러닝),2,41,True,167
100557,삼양그룹,2025 10월 신입사원 수시채용,2025-10-26T23:59:00.000+09:00,404424,[Global Talent/Junior Career]해외영업,1,231,True,"154,146"
100557,삼양그룹,2025 10월 신입사원 수시채용,2025-10-26T23:59:00.000+09:00,404425,[Global Talent/Junior Career]국내영업,1,238,True,194
100557,삼양그룹,2025 10월 신입사원 수시채용,2025-10-26T23:59:00.000+09:00,404426,[Global Talent/Junior Career]연구지원,1,88,True,"115,127,128,104,107"
100557,삼양그룹,2025 10월 신입사원 수시채용,2025-10-26T23:59:00.000+09:00,404427,[Global Talent/Junior Career]해외영업(의료기기),1,84,True,"154,146"
100557,삼양그룹,2025 10월 신입사원 수시채용,2025-10-26T23:59:00.000+09:00,404428,[Global Talent/Junior Career]마케팅(항암제),1,40,True,"137,132"
100557,삼양그룹,2025 10월 신입사원 수시채용,2025-10-26T23:59:00.000+09:00,404429,[Global Talent/Junior Career]해외영업(항암제),1,27,True,"154,146"
100557,삼양그룹,2025 10월 신입사원 수시채용,2025-10-26T23:59:00.000+09:00,404430,[신입연구/Junior Career]R&D(합성),1,33,True,"234,218"
100557,삼양그룹,2025 10월 신입사원 수시채용,2025-10-26T23:59:00.000+09:00,404431,[신입연구/Junior Career]R&D(공정개발),1,49,True,"234,218"
100557,삼양그룹,2025 10월 신입사원 수시채용,2025-10-26T23:59:00.000+09:00,404432,[신입연구/Junior Career]R&D(약리),1,68,True,"234,218"
100579,한솔제지,2025 신입사원 공개채용 추가모집,2025-10-23T23:59:00.000+09:00,404462,인사,1,208,True,"115,116,117,118,119,120,121,104"
100579,한솔제지,2025 신입사원 공개채용 추가모집,2025-10-23T23:59:00.000+09:00,404463,보전,1,104,True,"187,188,220,183"
100579,한솔제지,2025 신입사원 공개채용 추가모집,2025-10-23T23:59:00.000+09:00,404464,기술개발,1,179,True,"229,233,217"
100581,미래에셋생명,2025년 하반기 신입채용,2025-10-31T23:59:00.000+09:00,404467,DX(데이터분석),1,406,True,"179,180,181,182,171,163"
100581,미래에셋생명,2025년 하반기 신입채용,2025-10-31T23:59:00.000+09:00,404561,DX(생성형AI),1,252,True,"167,171"
100581,미래에셋생명,2025년 하반기 신입채용,2025-10-31T23:59:00.000+09:00,404468,IT(개발/운영),1,765,True,"175,176,177,178,166,162"
100581,미래에셋생명,2025년 하반기 신입채용,2025-10-31T23:59:00.000+09:00,404469,상품개발,1,164,True,212
100581,미래에셋생명,2025년 하반기 신입채용,2025-10-31T23:59:00.000+09:00,404562,계리,1,87,True,212
100582,애경케미칼,2025년 신입/경력직 채용,2025-10-27T23:59:00.000+09:00,404470,국내영업 및 해외영업,1,414,True,"154,194,197,146"
100582,애경케미칼,2025년 신입/경력직 채용,2025-10-27T23:59:00.000+09:00,404471,생산 엔지니어,1,330,True,"187,190,185,183"
100582,애경케미칼,2025년 신입/경력직 채용,2025-10-27T23:59:00.000+09:00,404472,화장품 원료평가/제형개발,2,20,True,"229,231,232,217"
100582,애경케미칼,2025년 신입/경력직 채용,2025-10-27T23:59:00.000+09:00,404473,전기설비 점검/보수,1,13,True,"185,204"
100582,애경케미칼,2025년 신입/경력직 채용,2025-10-27T23:59:00.000+09:00,404474,전기설비 점검/보수,2,7,True,"185,204"
100583,한국화낙,2026년도 신입사원 모집공고,2025-11-02T23:59:00.000+09:00,404475,기술지원&기술영업,1,277,True,"195,197"
100592,다우기술,경력·신입 대규모 인재영입,2025-10-27T18:00:00.000+09:00,404505,개발_iOS 모바일앱 개발,2,16,True,"172,161"
100592,다우기술,경력·신입 대규모 인재영입,2025-10-27T18:00:00.000+09:00,404506,개발_원장개발,2,3,True,170
100592,다우기술,경력·신입 대규모 인재영입,2025-10-27T18:00:00.000+09:00,404507,개발_법인매매 시스템 개발,2,1,True,"164,165,170"
100592,다우기술,경력·신입 대규모 인재영입,2025-10-27T18:00:00.000+09:00,404508,개발_HTS 채널 개발,2,4,True,"164,165,170"
100592,다우기술,경력·신입 대규모 인재영입,2025-10-27T18:00:00.000+09:00,404509,개발_MTS 채널 개발,2,3,True,"164,165,170"
100592,다우기술,경력·신입 대규모 인재영입,2025-10-27T18:00:00.000+09:00,404510,개발_Web/WTS 채널 개발,2,12,True,"175,176,164,165,162"
100592,다우기술,경력·신입 대규모 인재영입,2025-10-27T18:00:00.000+09:00,404511,개발_소프트웨어 아키텍트,2,2,True,"164,165,170"
100592,다우기술,경력·신입 대규모 인재영입,2025-10-27T18:00:00.000+09:00,404512,개발_투자정보서버 개발,2,0,True,"164,165,170"
100592,다우기술,경력·신입 대규모 인재영입,2025-10-27T18:00:00.000+09:00,404513,개발_자산운용 시스템 개발,2,2,True,"164,165,170"
100592,다우기술,경력·신입 대규모 인재영입,2025-10-27T18:00:00.000+09:00,404514,엔지니어_인터넷서비스 DBA,2,5,True,"181,163"
100592,다우기술,경력·신입 대규모 인재영입,2025-10-27T18:00:00.000+09:00,404515,엔지니어_데이터베이스 엔지니어,2,1,True,"179,180,163"
100592,다우기술,경력·신입 대규모 인재영입,2025-10-27T18:00:00.000+09:00,404516,엔지니어_테크니컬 아키텍트,2,1,True,"169,170"
100592,다우기술,경력·신입 대규모 인재영입,2025-10-27T18:00:00.000+09:00,404519,기획_IT 전략/서비스 기획,2,15,True,171
100592,다우기술,경력·신입 대규모 인재영입,2025-10-27T18:00:00.000+09:00,404520,기획_다우오피스 서비스 기획,2,8,True,171
100592,다우기술,경력·신입 대규모 인재영입,2025-10-27T18:00:00.000+09:00,404521,영업_모바일쿠폰 영업,2,23,True,"194,195,197"
100592,다우기술,경력·신입 대규모 인재영입,2025-10-27T18:00:00.000+09:00,404522,경영지원_재무/세무 관리,2,24,True,"122,123,105"
100592,다우기술,경력·신입 대규모 인재영입,2025-10-27T18:00:00.000+09:00,404523,개발_증권 IT 개발,1,686,True,"164,165,170"
100652,삼천리,2026년 신입사원 공개채용,2025-10-24T23:59:00.000+09:00,404672,도시가스(안전관리),1,251,True,"191,184"
100652,삼천리,2026년 신입사원 공개채용,2025-10-24T23:59:00.000+09:00,404673,도시가스(사업관리),1,127,True,"110,112,103"
100652,삼천리,2026년 신입사원 공개채용,2025-10-24T23:59:00.000+09:00,404674,경영지원(인사),1,290,True,"115,116,117,118,119,120,121,104"
100652,삼천리,2026년 신입사원 공개채용,2025-10-24T23:59:00.000+09:00,404675,도시가스(안전관리)_초대졸,1,11,True,203
100656,신영증권,2025년 하반기 신입사원 공개채용,2025-11-10T16:00:00.000+09:00,404679,자산관리서비스,1,262,True,"211,212"
100656,신영증권,2025년 하반기 신입사원 공개채용,2025-11-10T16:00:00.000+09:00,404680,본사영업,1,225,True,"201,213"
100656,신영증권,2025년 하반기 신입사원 공개채용,2025-11-10T16:00:00.000+09:00,404681,IB,1,163,True,256
100656,신영증권,2025년 하반기 신입사원 공개채용,2025-11-10T16:00:00.000+09:00,404682,운용,1,77,True,211
100656,신영증권,2025년 하반기 신입사원 공개채용,2025-11-10T16:00:00.000+09:00,404683,리서치,1,127,True,253
100656,신영증권,2025년 하반기 신입사원 공개채용,2025-11-10T16:00:00.000+09:00,404684,IT,1,633,True,"175,176,162"
100656,신영증권,2025년 하반기 신입사원 공개채용,2025-11-10T16:00:00.000+09:00,404685,본사관리,1,436,True,"115,118,108,166,197,104"
100662,LG유플러스,2025 안전/보건관리 신입채용,2025-10-26T23:00:00.000+09:00,404695,안전/보건관리,1,199,True,258
100671,한주,2026년도 상반기 신입사원 채용,2025-10-31T16:00:00.000+09:00,404760,사무직_경영지원,1,545,True,"109,115,122,128,103,104,105,107"
100671,한주,2026년도 상반기 신입사원 채용,2025-10-31T16:00:00.000+09:00,404761,기술직_품질관리,1,134,True,"189,192,183,184"
100671,한주,2026년도 상반기 신입사원 채용,2025-10-31T16:00:00.000+09:00,404762,기술직_안전보건팀,1,217,True,"191,193,184"
100671,한주,2026년도 상반기 신입사원 채용,2025-10-31T16:00:00.000+09:00,404763,기능직_전기,1,44,True,"185,186,204"
100673,강남제비스코,신입 / 경력사원 공개채용,2025-10-26T23:59:00.000+09:00,404766,안전보건,1,97,True,"191,246,184,237"
100673,강남제비스코,신입 / 경력사원 공개채용,2025-10-26T23:59:00.000+09:00,404767,안전보건,2,8,True,"191,246,184,237"
100676,충청에너지서비스,SK이노베이션 E&S 계열 도시가스사 대졸 신입사원 모집,2025-11-09T23:59:00.000+09:00,404787,경영지원,1,227,True,"120,121,125,106,104,105"
100676,충청에너지서비스,SK이노베이션 E&S 계열 도시가스사 대졸 신입사원 모집,2025-11-09T23:59:00.000+09:00,404788,마케팅,1,141,True,"110,137,138,103,132"
100685,드림라인,2025년 하반기 신입/경력사원 채용,2025-10-26T23:59:00.000+09:00,404848,회계/세무,2,3,True,"122,123,124,125,126,106,105"
100685,드림라인,2025년 하반기 신입/경력사원 채용,2025-10-26T23:59:00.000+09:00,404849,커머스영업,1,20,True,"194,195,196"
100685,드림라인,2025년 하반기 신입/경력사원 채용,2025-10-26T23:59:00.000+09:00,404850,기업영업,5,12,True,"194,195,196,197"
100685,드림라인,2025년 하반기 신입/경력사원 채용,2025-10-26T23:59:00.000+09:00,404851,사무직,4,1,True,"127,128,129,130,131,107"
100688,드림라인,경영지원 신입사원 모집,2025-11-18T23:59:00.000+09:00,404862,경영지원,1,122,True,"109,121,106,127,128,130,108,103,104,107"
100690,드림라인,네트워크기술 신입 채용,2025-11-18T23:59:00.000+09:00,404864,네트워크기술,1,33,True,166
100694,피유코어,2025년 하반기 대졸 신입 공개채용,2025-11-03T23:59:00.000+09:00,404889,내수영업,1,176,True,194
100694,피유코어,2025년 하반기 대졸 신입 공개채용,2025-11-03T23:59:00.000+09:00,404890,해외영업(미주/유럽),1,190,True,"154,146"
100694,피유코어,2025년 하반기 대졸 신입 공개채용,2025-11-03T23:59:00.000+09:00,404891,해외영업(일본 등 아시아),1,57,True,"154,146"
100694,피유코어,2025년 하반기 대졸 신입 공개채용,2025-11-03T23:59:00.000+09:00,404892,공정엔지니어,1,241,True,"188,183"
100694,피유코어,2025년 하반기 대졸 신입 공개채용,2025-11-03T23:59:00.000+09:00,404893,품질엔지니어(QC),1,145,True,"189,183"
100694,피유코어,2025년 하반기 대졸 신입 공개채용,2025-11-03T23:59:00.000+09:00,404894,Energy Saving 기술개발,1,32,True,"229,230,217"
100694,피유코어,2025년 하반기 대졸 신입 공개채용,2025-11-03T23:59:00.000+09:00,404895,Polyol 기술개발,1,69,True,"229,230,233,217"
100694,피유코어,2025년 하반기 대졸 신입 공개채용,2025-11-03T23:59:00.000+09:00,404896,전략기획,1,234,True,"111,112,113,103"
100695,하나자산신탁,2025년 하반기 신입사원 채용,2025-11-09T18:00:00.000+09:00,404898,공통부문_부동산금융,1,615,True,"210,214"
100712,드림라인,글로벌사업 기획 신입사원 모집,2025-11-19T23:59:00.000+09:00,404942,글로벌사업 기획,1,25,True,"110,103"
100714,네이버파이낸셜(네이버페이),2025 네이버페이 신입채용 2 Weeks Externship,2025-11-02T23:59:00.000+09:00,404950,Front-end,1,294,True,"175,162"
100714,네이버파이낸셜(네이버페이),2025 네이버페이 신입채용 2 Weeks Externship,2025-11-02T23:59:00.000+09:00,404951,Back-end,1,666,True,"176,162"
100714,네이버파이낸셜(네이버페이),2025 네이버페이 신입채용 2 Weeks Externship,2025-11-02T23:59:00.000+09:00,404952,Android App 개발,1,86,True,"173,161"
100714,네이버파이낸셜(네이버페이),2025 네이버페이 신입채용 2 Weeks Externship,2025-11-02T23:59:00.000+09:00,405051,Service & Business,1,1556,True,"194,197"
100715,IBK투자증권,2025년도 신입사원 공개채용 공고,2025-11-03T11:00:00.000+09:00,404953,본사 - 영업,1,472,True,"194,201"
100715,IBK투자증권,2025년도 신입사원 공개채용 공고,2025-11-03T11:00:00.000+09:00,404954,본사 - 운영,1,478,True,"109,114,130,103,107"
100715,IBK투자증권,2025년도 신입사원 공개채용 공고,2025-11-03T11:00:00.000+09:00,404955,지점- 영업(PB),1,400,True,"197,201"
100715,IBK투자증권,2025년도 신입사원 공개채용 공고,2025-11-03T11:00:00.000+09:00,404956,지점-지원(PBA),1,40,True,"197,201"
100773,NS홈쇼핑,2025년 신입사원 공개채용,2025-11-09T23:59:00.000+09:00,405199,TV MD - 뷰티,1,120,True,"194,196,197,198,199"
100773,NS홈쇼핑,2025년 신입사원 공개채용,2025-11-09T23:59:00.000+09:00,405200,TV MD - 생활용품,1,78,True,"194,196,197,198,199"
100773,NS홈쇼핑,2025년 신입사원 공개채용,2025-11-09T23:59:00.000+09:00,405201,TV 편성,1,60,True,197
100773,NS홈쇼핑,2025년 신입사원 공개채용,2025-11-09T23:59:00.000+09:00,405202,모바일 MD,1,145,True,"194,196,197,198,199"
100773,NS홈쇼핑,2025년 신입사원 공개채용,2025-11-09T23:59:00.000+09:00,405203,디지털 마케팅,1,294,True,"136,132"
100773,NS홈쇼핑,2025년 신입사원 공개채용,2025-11-09T23:59:00.000+09:00,405204,TC MD - 패션,1,88,True,"194,196,197,198,199"
100773,NS홈쇼핑,2025년 신입사원 공개채용,2025-11-09T23:59:00.000+09:00,405205,TC MD - 생활용품,1,39,True,"194,196,197,198,199"
100773,NS홈쇼핑,2025년 신입사원 공개채용,2025-11-09T23:59:00.000+09:00,405206,쇼핑북 MD,1,49,True,"194,196,197,198,199"
100773,NS홈쇼핑,2025년 신입사원 공개채용,2025-11-09T23:59:00.000+09:00,405207,PD,1,95,True,247
100773,NS홈쇼핑,2025년 신입사원 공개채용,2025-11-09T23:59:00.000+09:00,405208,SCM,1,173,True,"150,151,152,153,145"
100773,NS홈쇼핑,2025년 신입사원 공개채용,2025-11-09T23:59:00.000+09:00,405209,IT,1,502,True,"172,173,174,175,176,177,178,161,162"
100773,NS홈쇼핑,2025년 신입사원 공개채용,2025-11-09T23:59:00.000+09:00,405210,재무 - 회계,1,179,True,"122,123,124,125,126,105"
100774,현대오토에버,2025년 하반기 신입사원 채용,2025-11-10T13:00:00.000+09:00,405220,[보안]Mobility Security Engineer_차량보안진단 ,1,96,True,166
100774,현대오토에버,2025년 하반기 신입사원 채용,2025-11-10T13:00:00.000+09:00,405221,[보안]Security Engineer_엔드포인트 보안시스템 운영관리,1,44,True,166
100774,현대오토에버,2025년 하반기 신입사원 채용,2025-11-10T13:00:00.000+09:00,405222,[보안]Security Architect_보안 신기술 발굴/검증 및 사업화 전략,1,33,True,166
100774,현대오토에버,2025년 하반기 신입사원 채용,2025-11-10T13:00:00.000+09:00,405282,[보안]Security Architect_보안 서비스 및 상품 기획,1,28,True,166
100774,현대오토에버,2025년 하반기 신입사원 채용,2025-11-10T13:00:00.000+09:00,405223,[보안]Security Analyst_보안위협 분석,1,35,True,166
100774,현대오토에버,2025년 하반기 신입사원 채용,2025-11-10T13:00:00.000+09:00,405224,[모빌리티/커넥티드카]Backend Developer_차량 데이터 분석 시스템 개발,1,83,True,"176,162"
100774,현대오토에버,2025년 하반기 신입사원 채용,2025-11-10T13:00:00.000+09:00,405283,[모빌리티/커넥티드카]Backend Developer_OTA 시스템 개발,1,40,True,"176,162"
100774,현대오토에버,2025년 하반기 신입사원 채용,2025-11-10T13:00:00.000+09:00,405284,[모빌리티/커넥티드카]Backend Developer_모빌리티시스템 개발,1,78,True,"176,162"
100774,현대오토에버,2025년 하반기 신입사원 채용,2025-11-10T13:00:00.000+09:00,405285,[모빌리티/커넥티드카]Backend Developer_CCSP 계정관리시스템 개발,1,43,True,"176,162"
100774,현대오토에버,2025년 하반기 신입사원 채용,2025-11-10T13:00:00.000+09:00,405286,[모빌리티/커넥티드카]Backend Developer_국내 커넥티드카 서비스 개발/운영,1,62,True,"176,162"
100774,현대오토에버,2025년 하반기 신입사원 채용,2025-11-10T13:00:00.000+09:00,405287,[모빌리티/커넥티드카]Backend Developer_국내외 커넥티드카 서비스 개발/운영_CCSP,1,21,True,"176,162"
100774,현대오토에버,2025년 하반기 신입사원 채용,2025-11-10T13:00:00.000+09:00,405288,[모빌리티/커넥티드카]Backend Developer_국내외 커넥티드카 서비스 개발/운영_VAC,1,19,True,"176,162"
100774,현대오토에버,2025년 하반기 신입사원 채용,2025-11-10T13:00:00.000+09:00,405225,[Vehicle IT 검증]Process Engineer_SDV 프로세스 엔지니어_Jira/Confluence 운영,1,60,True,"165,170"
100774,현대오토에버,2025년 하반기 신입사원 채용,2025-11-10T13:00:00.000+09:00,405226,[클라우드/인프라]Platform Engineer_클라우드플랫폼엔지니어_프라이빗 클라우드,1,66,True,"164,165"
100774,현대오토에버,2025년 하반기 신입사원 채용,2025-11-10T13:00:00.000+09:00,405289,[클라우드/인프라]Platform Engineer_모니터링 시스템 개발/운영,1,36,True,164
100774,현대오토에버,2025년 하반기 신입사원 채용,2025-11-10T13:00:00.000+09:00,405290,[클라우드/인프라]Platform Engineer_VDI 서비스 구축 운영,1,16,True,"164,170"
100774,현대오토에버,2025년 하반기 신입사원 채용,2025-11-10T13:00:00.000+09:00,405291,[클라우드/인프라]Platform Engineer_Kafka 운영,1,24,True,"164,170"
100774,현대오토에버,2025년 하반기 신입사원 채용,2025-11-10T13:00:00.000+09:00,405292,[클라우드/인프라]Platform Engineer_DBMS 운영 관리 플랫폼 개발,1,50,True,"180,181,182,163"
100774,현대오토에버,2025년 하반기 신입사원 채용,2025-11-10T13:00:00.000+09:00,405227,[클라우드/인프라]Database Administrator_DBMS 운영 관리 DBA,1,42,True,"179,163"
100774,현대오토에버,2025년 하반기 신입사원 채용,2025-11-10T13:00:00.000+09:00,405229,[클라우드/인프라]Network Engineer_네트워크 엔지니어,1,48,True,166
100774,현대오토에버,2025년 하반기 신입사원 채용,2025-11-10T13:00:00.000+09:00,405293,[클라우드/인프라]Network Engineer_클라우드 네트워크 엔지니어,1,33,True,"164,166"
100774,현대오토에버,2025년 하반기 신입사원 채용,2025-11-10T13:00:00.000+09:00,405230,[클라우드/인프라]Server Engineer_인프라운영_서버,1,46,True,"176,162"
100774,현대오토에버,2025년 하반기 신입사원 채용,2025-11-10T13:00:00.000+09:00,405231,[클라우드/인프라]Technical Architect_AWS 사업관리/빌링,1,24,True,"166,167"
100774,현대오토에버,2025년 하반기 신입사원 채용,2025-11-10T13:00:00.000+09:00,405294,[클라우드/인프라]Technical Architect_AWS 구축/운영,1,73,True,"166,167"
100774,현대오토에버,2025년 하반기 신입사원 채용,2025-11-10T13:00:00.000+09:00,405232,[데이터기술]Data Engineer_데이터 엔지니어,1,141,True,"179,163"
100774,현대오토에버,2025년 하반기 신입사원 채용,2025-11-10T13:00:00.000+09:00,405295,[데이터기술]Data Engineer_데이터 서비스 개발,1,94,True,"179,163"
100774,현대오토에버,2025년 하반기 신입사원 채용,2025-11-10T13:00:00.000+09:00,405233,[엔터프라이즈IT]Frontend Developer_딜러평가시스템 프론트엔드 개발/운영,1,129,True,"175,162"
100774,현대오토에버,2025년 하반기 신입사원 채용,2025-11-10T13:00:00.000+09:00,405346,[엔터프라이즈IT] Frontend Developer_완성차 품질시스템 개발/운영,1,82,True,"175,162"
100774,현대오토에버,2025년 하반기 신입사원 채용,2025-11-10T13:00:00.000+09:00,405234,[엔터프라이즈IT]Backend Developer_Backend 개발,1,182,True,"176,162"
100774,현대오토에버,2025년 하반기 신입사원 채용,2025-11-10T13:00:00.000+09:00,405296,[엔터프라이즈IT]Backend Developer_VE 웹시스템 개발/운영,1,21,True,"176,162"
100774,현대오토에버,2025년 하반기 신입사원 채용,2025-11-10T13:00:00.000+09:00,405297,[엔터프라이즈IT]Backend Developer_모비스 시스템 개발/운영,1,36,True,"176,162"
100774,현대오토에버,2025년 하반기 신입사원 채용,2025-11-10T13:00:00.000+09:00,405298,[엔터프라이즈IT]Backend Developer_완성차 품질시스템 개발/운영,1,51,True,"176,162"
100774,현대오토에버,2025년 하반기 신입사원 채용,2025-11-10T13:00:00.000+09:00,405299,[엔터프라이즈IT]Backend Developer_건설시스템 개발/운영,1,47,True,"176,162"
100774,현대오토에버,2025년 하반기 신입사원 채용,2025-11-10T13:00:00.000+09:00,405300,[엔터프라이즈IT]Backend Developer_딜러평가시스템 백엔드 개발/운영,1,107,True,"176,162"
100774,현대오토에버,2025년 하반기 신입사원 채용,2025-11-10T13:00:00.000+09:00,405236,[엔터프라이즈IT]Sloution Developer_CRM시스템 개발/운영,1,29,True,170
100774,현대오토에버,2025년 하반기 신입사원 채용,2025-11-10T13:00:00.000+09:00,405235,[엔터프라이즈IT]Solution Architect_현대차그룹 표준 협업 솔루션 운영 및 개발,1,63,True,170
100774,현대오토에버,2025년 하반기 신입사원 채용,2025-11-10T13:00:00.000+09:00,405301,[엔터프라이즈IT]Solution Architect_ERP 구축/운영 시스템 관리_Canias,1,34,True,170
100774,현대오토에버,2025년 하반기 신입사원 채용,2025-11-10T13:00:00.000+09:00,405302,[엔터프라이즈IT]Solution Architect_ERP 구축/운영 시스템 관리_SAP SuccessFactors,1,20,True,170
100774,현대오토에버,2025년 하반기 신입사원 채용,2025-11-10T13:00:00.000+09:00,405303,[엔터프라이즈IT]Solution Architect_ERP 구축/운영 시스템 관리_SAP,1,75,True,170
100774,현대오토에버,2025년 하반기 신입사원 채용,2025-11-10T13:00:00.000+09:00,405238,[엔터프라이즈IT]Service Engineer_제철 MES 플랫폼 구축 및 운영,1,26,True,"165,170"
100774,현대오토에버,2025년 하반기 신입사원 채용,2025-11-10T13:00:00.000+09:00,405237,[엔터프라이즈IT]Sales/Marketing Manager_국내영업,1,301,True,"137,194,132"
100774,현대오토에버,2025년 하반기 신입사원 채용,2025-11-10T13:00:00.000+09:00,405304,[엔터프라이즈IT]Sales/Marketing Manager__해외영업,1,219,True,"154,146"
100774,현대오토에버,2025년 하반기 신입사원 채용,2025-11-10T13:00:00.000+09:00,405239,[스마트팩토리]Frontend Developer_Frontend 개발,1,66,True,"175,162"
100774,현대오토에버,2025년 하반기 신입사원 채용,2025-11-10T13:00:00.000+09:00,405240,[스마트팩토리]Backend Developer_Backend 개발,1,81,True,"176,162"
100774,현대오토에버,2025년 하반기 신입사원 채용,2025-11-10T13:00:00.000+09:00,405241,[기획재경]PR/Marketing Communication_PR 담당,1,452,True,"137,142,132,133"
100774,현대오토에버,2025년 하반기 신입사원 채용,2025-11-10T13:00:00.000+09:00,405242,[경영지원]Cooperation_노무/도급 기획 운영,1,289,True,"109,110,127,103,107"
100776,세아제강,2025년 순천공장 사무행정직(계약) 채용,2025-11-02T23:59:00.000+09:00,405271, 순천공장 사무행정직(계약) 채용,1,13,True,"127,128,130,131,107"
100787,세메스,2025 하반기 신입사원 채용 ,2025-11-14T17:00:00.000+09:00,405306,기구설계,1,494,True,219
100787,세메스,2025 하반기 신입사원 채용 ,2025-11-14T17:00:00.000+09:00,405307,SW설계,1,471,True,170
100787,세메스,2025 하반기 신입사원 채용 ,2025-11-14T17:00:00.000+09:00,405308,전장설계,1,324,True,220
100787,세메스,2025 하반기 신입사원 채용 ,2025-11-14T17:00:00.000+09:00,405309,공정개발,1,1156,True,"188,220,183"
100787,세메스,2025 하반기 신입사원 채용 ,2025-11-14T17:00:00.000+09:00,405310,GCE,1,369,True,"227,220,216"
100787,세메스,2025 하반기 신입사원 채용 ,2025-11-14T17:00:00.000+09:00,405311,Infra기술,1,304,True,"206,227,220,216"
100787,세메스,2025 하반기 신입사원 채용 ,2025-11-14T17:00:00.000+09:00,405312,환경안전,1,299,True,"191,192,184"
100814,유진투자증권,2025년 신입사원 채용,2025-11-16T23:59:00.000+09:00,405392,기업금융,1,267,True,"109,110,122,125,103,105"
100814,유진투자증권,2025년 신입사원 채용,2025-11-16T23:59:00.000+09:00,405393,구조화금융(PF),1,150,True,"210,211"
100814,유진투자증권,2025년 신입사원 채용,2025-11-16T23:59:00.000+09:00,405394,채권,1,117,True,213
100814,유진투자증권,2025년 신입사원 채용,2025-11-16T23:59:00.000+09:00,405395,IT,1,528,True,"176,170,162"
100818,아모레퍼시픽,2026 상반기 신입사원 수시채용,2025-11-12T23:59:00.000+09:00,405418,상품 개발 마케팅,1,695,True,"137,138,132"
100818,아모레퍼시픽,2026 상반기 신입사원 수시채용,2025-11-12T23:59:00.000+09:00,405419,마케팅 커뮤니케이션,1,550,True,"134,135,136,137,132"
100818,아모레퍼시픽,2026 상반기 신입사원 수시채용,2025-11-12T23:59:00.000+09:00,405420,VMD 디자인,1,96,True,"238,239"
100822,화승코퍼레이션,2026년 상반기 신입/경력 채용,2025-11-11T23:59:00.000+09:00,405432,[화승코퍼레이션]기술영업,5,88,True,195
100822,화승코퍼레이션,2026년 상반기 신입/경력 채용,2025-11-11T23:59:00.000+09:00,405433,[화승코퍼레이션]품질관리,2,21,True,"189,183"
100822,화승코퍼레이션,2026년 상반기 신입/경력 채용,2025-11-11T23:59:00.000+09:00,405434,[화승코퍼레이션]해외사업 기획,5,61,True,"110,103"
100822,화승코퍼레이션,2026년 상반기 신입/경력 채용,2025-11-11T23:59:00.000+09:00,405435,[통합기술본부]자동차 부품 설계,2,15,True,"226,216"
100822,화승코퍼레이션,2026년 상반기 신입/경력 채용,2025-11-11T23:59:00.000+09:00,405436,[통합기술본부]프로세스 혁신,2,3,True,"122,123,124,125,126,105"
100822,화승코퍼레이션,2026년 상반기 신입/경력 채용,2025-11-11T23:59:00.000+09:00,405437,[통합기술본부]산업용 부품 개발,1,296,True,"227,216"
100822,화승코퍼레이션,2026년 상반기 신입/경력 채용,2025-11-11T23:59:00.000+09:00,405438,[통합기술본부]원가,2,5,True,"122,123,124,125,126,105"
100822,화승코퍼레이션,2026년 상반기 신입/경력 채용,2025-11-11T23:59:00.000+09:00,405439,[통합기술본부]생산기술,2,9,True,"226,216"
100825,삼우종합건축사사무소,2026년 신입사원 채용,2025-11-14T17:00:00.000+09:00,405443,건축 설계직_반도체시설 설계,1,114,True,207
100825,삼우종합건축사사무소,2026년 신입사원 채용,2025-11-14T17:00:00.000+09:00,405444,ENG 설계직_설비설계,1,211,True,"205,207"
100825,삼우종합건축사사무소,2026년 신입사원 채용,2025-11-14T17:00:00.000+09:00,405445,경영지원직_인사,1,128,True,"115,104"
100825,삼우종합건축사사무소,2026년 신입사원 채용,2025-11-14T17:00:00.000+09:00,405446,경영지원직_재무,1,86,True,"122,105"
100833,후성그룹,2026년도 대졸 신입/경력사원 공개채용,2025-11-14T23:59:00.000+09:00,405489,[후성홀딩스㈜]경영지원실,1,143,True,"111,112,113,103"
100833,후성그룹,2026년도 대졸 신입/경력사원 공개채용,2025-11-14T23:59:00.000+09:00,405490,[한국내화㈜]공사팀,1,87,True,"202,207,208"
100833,후성그룹,2026년도 대졸 신입/경력사원 공개채용,2025-11-14T23:59:00.000+09:00,405491,[한국내화㈜]제강팀,1,39,True,"202,203"
100833,후성그룹,2026년도 대졸 신입/경력사원 공개채용,2025-11-14T23:59:00.000+09:00,405492,[한국내화㈜]고로팀,1,17,True,"202,203"
100833,후성그룹,2026년도 대졸 신입/경력사원 공개채용,2025-11-14T23:59:00.000+09:00,405493,[한국내화㈜]연구개발1팀,1,120,True,"229,233,217"
100833,후성그룹,2026년도 대졸 신입/경력사원 공개채용,2025-11-14T23:59:00.000+09:00,405494,[한국내화㈜]기능성영업팀,1,23,True,195
100833,후성그룹,2026년도 대졸 신입/경력사원 공개채용,2025-11-14T23:59:00.000+09:00,405495,[㈜후성]영업마케팅,1,162,True,194
100833,후성그룹,2026년도 대졸 신입/경력사원 공개채용,2025-11-14T23:59:00.000+09:00,405496,[㈜후성]플랜트 공정관리 및 생산관리,1,182,True,"187,188,183"
100833,후성그룹,2026년도 대졸 신입/경력사원 공개채용,2025-11-14T23:59:00.000+09:00,405497,[㈜후성]연구개발,1,63,True,"229,233,217"
100833,후성그룹,2026년도 대졸 신입/경력사원 공개채용,2025-11-14T23:59:00.000+09:00,405498,[후성코퍼레이션㈜]영업팀,1,53,True,194
100833,후성그룹,2026년도 대졸 신입/경력사원 공개채용,2025-11-14T23:59:00.000+09:00,405499,[퍼스텍㈜]경영지원팀(전산),1,62,True,"164,166"
100833,후성그룹,2026년도 대졸 신입/경력사원 공개채용,2025-11-14T23:59:00.000+09:00,405500,[퍼스텍㈜]구매팀(내자),1,32,True,"157,147"
100833,후성그룹,2026년도 대졸 신입/경력사원 공개채용,2025-11-14T23:59:00.000+09:00,405501,[퍼스텍㈜]사업관리팀,1,54,True,"111,112,103"
100833,후성그룹,2026년도 대졸 신입/경력사원 공개채용,2025-11-14T23:59:00.000+09:00,405502,[퍼스텍㈜]생산팀,1,92,True,"187,188,183"
100833,후성그룹,2026년도 대졸 신입/경력사원 공개채용,2025-11-14T23:59:00.000+09:00,405503,[퍼스텍㈜]생산기술팀,1,101,True,"188,190,183"
100833,후성그룹,2026년도 대졸 신입/경력사원 공개채용,2025-11-14T23:59:00.000+09:00,405504,[퍼스텍㈜]방산영업,1,31,True,"155,196,146"
100833,후성그룹,2026년도 대졸 신입/경력사원 공개채용,2025-11-14T23:59:00.000+09:00,405505,[퍼스텍㈜]연구개발(전자),1,98,True,220
100833,후성그룹,2026년도 대졸 신입/경력사원 공개채용,2025-11-14T23:59:00.000+09:00,405506,[퍼스텍㈜]연구개발(기계),1,79,True,"227,219,216"
100833,후성그룹,2026년도 대졸 신입/경력사원 공개채용,2025-11-14T23:59:00.000+09:00,405507,[퍼스텍㈜]연구개발(SW),1,38,True,170
100833,후성그룹,2026년도 대졸 신입/경력사원 공개채용,2025-11-14T23:59:00.000+09:00,405508,[유콘시스템㈜]무인기개발팀,1,27,True,"164,219"
100833,후성그룹,2026년도 대졸 신입/경력사원 공개채용,2025-11-14T23:59:00.000+09:00,405509,[유콘시스템㈜]우주발사체팀,1,20,True,170
100833,후성그룹,2026년도 대졸 신입/경력사원 공개채용,2025-11-14T23:59:00.000+09:00,405510,[유콘시스템㈜]응용SW팀,1,26,True,"170,241"
100833,후성그룹,2026년도 대졸 신입/경력사원 공개채용,2025-11-14T23:59:00.000+09:00,405511,[퍼스텍㈜]연구개발(전자),2,11,True,220
100833,후성그룹,2026년도 대졸 신입/경력사원 공개채용,2025-11-14T23:59:00.000+09:00,405512,[퍼스텍㈜]연구개발(기계),2,16,True,"227,219,216"
100833,후성그룹,2026년도 대졸 신입/경력사원 공개채용,2025-11-14T23:59:00.000+09:00,405513,[퍼스텍㈜]연구개발(SW),2,8,True,170
100855,삼성생명서비스손해사정,2026년 신입사원 채용,2025-11-18T23:59:00.000+09:00,405645,보험심사직,1,387,True,"212,213"
100857,효성그룹,2025년 4분기 경력·신입사원 채용,2025-11-09T23:59:00.000+09:00,405677,[효성티앤씨㈜]PET원사 해외영업,5,83,True,"154,146"
100857,효성그룹,2025년 4분기 경력·신입사원 채용,2025-11-09T23:59:00.000+09:00,405678,[효성티앤씨㈜]신규 유럽 Casual 시장 및 명품브랜드 시장 영업담당,2,11,True,"154,146"
100857,효성그룹,2025년 4분기 경력·신입사원 채용,2025-11-09T23:59:00.000+09:00,405679,[효성티앤씨㈜]신규 액티브 브랜드 상담 및 영업,2,14,True,194
100857,효성그룹,2025년 4분기 경력·신입사원 채용,2025-11-09T23:59:00.000+09:00,405680,[효성티앤씨㈜]형강 및 발렛 등 반제품 해외영업,2,8,True,"154,146"
100857,효성그룹,2025년 4분기 경력·신입사원 채용,2025-11-09T23:59:00.000+09:00,405681,[효성티앤씨㈜]화장품 해외영업,2,9,True,"154,146"
100857,효성그룹,2025년 4분기 경력·신입사원 채용,2025-11-09T23:59:00.000+09:00,405682,[효성티앤씨㈜]PTMG 기술지원 및 품질관리,2,11,True,"189,183"
100857,효성그룹,2025년 4분기 경력·신입사원 채용,2025-11-09T23:59:00.000+09:00,405683,[효성티앤씨㈜]임가공 공정관리,5,57,True,"188,183"
100857,효성그룹,2025년 4분기 경력·신입사원 채용,2025-11-09T23:59:00.000+09:00,405684,"[효성티앤씨㈜]연결내부회계관리 운영,평가",1,149,True,"123,106,105"
100857,효성그룹,2025년 4분기 경력·신입사원 채용,2025-11-09T23:59:00.000+09:00,405685,[효성화학㈜]필름 내수영업,2,13,True,194
100857,효성그룹,2025년 4분기 경력·신입사원 채용,2025-11-09T23:59:00.000+09:00,405686,[효성화학㈜]필름 미주영업,2,16,True,"154,146"
100857,효성그룹,2025년 4분기 경력·신입사원 채용,2025-11-09T23:59:00.000+09:00,405687,[효성화학㈜]필름 일본영업,1,43,True,"154,146"
100857,효성그룹,2025년 4분기 경력·신입사원 채용,2025-11-09T23:59:00.000+09:00,405688,[효성화학㈜]폴리케톤 해외영업,1,50,True,"154,146"
100857,효성그룹,2025년 4분기 경력·신입사원 채용,2025-11-09T23:59:00.000+09:00,405689,[효성화학㈜]효성화학 경영관리 및 수익성  검토,1,126,True,"109,111,103"
100857,효성그룹,2025년 4분기 경력·신입사원 채용,2025-11-09T23:59:00.000+09:00,405690,[효성화학㈜]사업부 손익관리 및 관리회계,5,50,True,"123,106,105"
100857,효성그룹,2025년 4분기 경력·신입사원 채용,2025-11-09T23:59:00.000+09:00,405691,[효성화학㈜]인사 및 노사관리,2,10,True,"115,116,104"
100857,효성그룹,2025년 4분기 경력·신입사원 채용,2025-11-09T23:59:00.000+09:00,405692,[효성화학㈜]사업장 노사관리,2,3,True,"115,116,104"
100857,효성그룹,2025년 4분기 경력·신입사원 채용,2025-11-09T23:59:00.000+09:00,405693,[효성네오켐㈜]전자소재 및 산업용 특수가스 신규사업 개발,2,5,True,"110,112,229,220,103,217"
100857,효성그룹,2025년 4분기 경력·신입사원 채용,2025-11-09T23:59:00.000+09:00,405694,[효성네오켐㈜]산업용특수가스 생산설비 기계보전,1,76,True,"185,227,216"
100857,효성그룹,2025년 4분기 경력·신입사원 채용,2025-11-09T23:59:00.000+09:00,405695,[효성중공업㈜]북미 해외영업,5,91,True,"154,146"
100857,효성그룹,2025년 4분기 경력·신입사원 채용,2025-11-09T23:59:00.000+09:00,405696,[효성중공업㈜]국내 민수/신재생 발전영업,1,67,True,194
100857,효성그룹,2025년 4분기 경력·신입사원 채용,2025-11-09T23:59:00.000+09:00,405697,"[효성중공업㈜]STATCOM 설계, 모델링, 시뮬레이션 및 계통해석",5,9,True,"219,220"
100857,효성그룹,2025년 4분기 경력·신입사원 채용,2025-11-09T23:59:00.000+09:00,405698,[효성중공업㈜]HVDC 계통 및 시스템설계,2,4,True,"219,220"
100857,효성그룹,2025년 4분기 경력·신입사원 채용,2025-11-09T23:59:00.000+09:00,405699,[효성중공업㈜]HVDC 제어시스템 설계,2,4,True,"219,220"
100857,효성그룹,2025년 4분기 경력·신입사원 채용,2025-11-09T23:59:00.000+09:00,405700,[효성중공업㈜]국내/외 STATCOM/HVDC 프로젝트 입찰 수행관리,5,26,True,"110,112,103"
100857,효성그룹,2025년 4분기 경력·신입사원 채용,2025-11-09T23:59:00.000+09:00,405701,[효성중공업㈜]STATCOM 제어시스템 설계,5,9,True,"219,220"
100857,효성그룹,2025년 4분기 경력·신입사원 채용,2025-11-09T23:59:00.000+09:00,405702,[효성중공업㈜]STATCOM 제어시스템 해석,5,1,True,"219,220"
100857,효성그룹,2025년 4분기 경력·신입사원 채용,2025-11-09T23:59:00.000+09:00,405703,[효성중공업㈜]초고압변압기 설계(구조/사양/전기),1,126,True,"219,220"
100857,효성그룹,2025년 4분기 경력·신입사원 채용,2025-11-09T23:59:00.000+09:00,405704,[효성중공업㈜]일반변압기 전기설계,1,87,True,"219,220"
100857,효성그룹,2025년 4분기 경력·신입사원 채용,2025-11-09T23:59:00.000+09:00,405705,[효성중공업㈜]변압기/차단기 설계 프로그램 개발 및 관리,1,61,True,"219,220"
100857,효성그룹,2025년 4분기 경력·신입사원 채용,2025-11-09T23:59:00.000+09:00,405706,[효성중공업㈜]변압기 전계/자계/계통 해석,1,9,True,"219,220"
100857,효성그룹,2025년 4분기 경력·신입사원 채용,2025-11-09T23:59:00.000+09:00,405707,[효성중공업㈜]초고압변압기 제작(본체/총조립),1,87,True,"219,220"
100857,효성그룹,2025년 4분기 경력·신입사원 채용,2025-11-09T23:59:00.000+09:00,405708,[효성중공업㈜]절연물 개발 및 생산공정 관리,1,84,True,"187,188,183"
100857,효성그룹,2025년 4분기 경력·신입사원 채용,2025-11-09T23:59:00.000+09:00,405709,[효성중공업㈜]절연물 원재료 개발,1,166,True,"229,233,217"
100857,효성그룹,2025년 4분기 경력·신입사원 채용,2025-11-09T23:59:00.000+09:00,405710,[효성중공업㈜]STATCOM/HVDC 컨버터 생산 및 설계,1,58,True,"219,220"
100857,효성그룹,2025년 4분기 경력·신입사원 채용,2025-11-09T23:59:00.000+09:00,405711,[효성중공업㈜]국내외 Risk Management Hedge,1,24,True,108
100857,효성그룹,2025년 4분기 경력·신입사원 채용,2025-11-09T23:59:00.000+09:00,405712,[효성중공업㈜]국내외 전력설비 프로젝트 및 솔루션 엔지니어,1,32,True,205
100857,효성그룹,2025년 4분기 경력·신입사원 채용,2025-11-09T23:59:00.000+09:00,405713,[효성중공업㈜]건설현장 안전관리,5,83,True,203
100857,효성그룹,2025년 4분기 경력·신입사원 채용,2025-11-09T23:59:00.000+09:00,405714,[효성중공업㈜]회계/세무 및 내부통제 관리,1,168,True,"123,106,105"
100857,효성그룹,2025년 4분기 경력·신입사원 채용,2025-11-09T23:59:00.000+09:00,405715,[효성중공업㈜]글로벌 세무이슈 대응 및 해외자회사 관리 강화,2,4,True,"123,106,105"
100857,효성그룹,2025년 4분기 경력·신입사원 채용,2025-11-09T23:59:00.000+09:00,405716,[㈜효성]HVDC 시스템 보호/운전 스킴 설계 및 개발,5,3,True,"219,220"
100857,효성그룹,2025년 4분기 경력·신입사원 채용,2025-11-09T23:59:00.000+09:00,405717,[㈜효성]HVDC 제어기 설계 및 개발,5,9,True,"219,220"
100857,효성그룹,2025년 4분기 경력·신입사원 채용,2025-11-09T23:59:00.000+09:00,405718,[㈜효성]고압 전력변환시스템 구조 및 기구설계,5,80,True,"219,220"
100857,효성그룹,2025년 4분기 경력·신입사원 채용,2025-11-09T23:59:00.000+09:00,405719,[㈜효성]고압 전력변환시스템 제어구조설계,5,5,True,"219,220"
100857,효성그룹,2025년 4분기 경력·신입사원 채용,2025-11-09T23:59:00.000+09:00,405720,[㈜효성]고압 전력변환시스템 절연구조설계,5,2,True,"219,220"
100857,효성그룹,2025년 4분기 경력·신입사원 채용,2025-11-09T23:59:00.000+09:00,405721,[㈜효성]IEC61850기반 제어시스템 설계/검증,5,3,True,"219,220"
100857,효성그룹,2025년 4분기 경력·신입사원 채용,2025-11-09T23:59:00.000+09:00,405722,[㈜효성]고압 전력변환시스템 알고리즘 설계 및 해석,5,2,True,"219,220"
100857,효성그룹,2025년 4분기 경력·신입사원 채용,2025-11-09T23:59:00.000+09:00,405723,[㈜효성]대용량 전력변환 컨버터 설계/해석/제어검증,5,8,True,"219,220"
100857,효성그룹,2025년 4분기 경력·신입사원 채용,2025-11-09T23:59:00.000+09:00,405724,[㈜효성]안양공장 환경/안전/소방/보건 담당,1,157,True,"191,192,258,184"
100857,효성그룹,2025년 4분기 경력·신입사원 채용,2025-11-09T23:59:00.000+09:00,405725,[㈜효성]주재원 후보자 교육,1,97,True,"117,104"
100857,효성그룹,2025년 4분기 경력·신입사원 채용,2025-11-09T23:59:00.000+09:00,405726,"[㈜효성]브랜드 캠페인, 소셜 채널 연계 마케팅, 글로벌 마케팅",2,24,True,"134,135,137,132"
100857,효성그룹,2025년 4분기 경력·신입사원 채용,2025-11-09T23:59:00.000+09:00,405727,[㈜효성]인사관리,1,279,True,"115,104"
100857,효성그룹,2025년 4분기 경력·신입사원 채용,2025-11-09T23:59:00.000+09:00,405728,[효성굿스프링스㈜]해외 원전 프로젝트 관련 인증 취득 및 품질 시스템 구축,2,1,True,"189,183"
100857,효성그룹,2025년 4분기 경력·신입사원 채용,2025-11-09T23:59:00.000+09:00,405729,[효성굿스프링스㈜]일반 산업용 대형펌프 설계,1,70,True,"219,220"
100857,효성그룹,2025년 4분기 경력·신입사원 채용,2025-11-09T23:59:00.000+09:00,405730,[효성굿스프링스㈜]원자력 안전등급 펌프 설계,1,12,True,"219,220"
100857,효성그룹,2025년 4분기 경력·신입사원 채용,2025-11-09T23:59:00.000+09:00,405731,[효성굿스프링스㈜]인사관리 및 총무,1,119,True,"115,128,104,107"
100857,효성그룹,2025년 4분기 경력·신입사원 채용,2025-11-09T23:59:00.000+09:00,405732,[진흥기업㈜]개발/주택사업 영업 및 사업관리 업무,1,45,True,"110,194,197,103"
100857,효성그룹,2025년 4분기 경력·신입사원 채용,2025-11-09T23:59:00.000+09:00,405733,[진흥기업㈜]정비사업 영업 및 사업관리 업무,1,27,True,"110,194,197,103"
100857,효성그룹,2025년 4분기 경력·신입사원 채용,2025-11-09T23:59:00.000+09:00,405734,[진흥기업㈜]진행 현장/입찰 추진 프로젝트 실행(설계)검토,1,24,True,"110,112,103"
100857,효성그룹,2025년 4분기 경력·신입사원 채용,2025-11-09T23:59:00.000+09:00,405735,[진흥기업㈜]현장 회계 및 자재 등 관리 ,1,17,True,"123,106,105"
100862,대방건설,2025년 신입공개채용 및 경력직 채용,2025-11-16T23:59:00.000+09:00,405829,건축부 공무부 경영관리팀_건축,1,206,True,207
100862,대방건설,2025년 신입공개채용 및 경력직 채용,2025-11-16T23:59:00.000+09:00,405834,토목부_토목,1,67,True,206
100862,대방건설,2025년 신입공개채용 및 경력직 채용,2025-11-16T23:59:00.000+09:00,405835,토목부_조경,1,21,True,206
100862,대방건설,2025년 신입공개채용 및 경력직 채용,2025-11-16T23:59:00.000+09:00,405836,안전보건 경영실_안전관리,1,117,True,"191,184"
100862,대방건설,2025년 신입공개채용 및 경력직 채용,2025-11-16T23:59:00.000+09:00,405837,전기팀_전기,1,93,True,204
100862,대방건설,2025년 신입공개채용 및 경력직 채용,2025-11-16T23:59:00.000+09:00,405838,설비팀_설비,1,69,True,205
100862,대방건설,2025년 신입공개채용 및 경력직 채용,2025-11-16T23:59:00.000+09:00,405839,영업부_영업,1,153,True,"194,209"
100862,대방건설,2025년 신입공개채용 및 경력직 채용,2025-11-16T23:59:00.000+09:00,405840,영업부_영업(과장-차장),2,4,True,"194,209"
100862,대방건설,2025년 신입공개채용 및 경력직 채용,2025-11-16T23:59:00.000+09:00,405841,영업부_영업(주임-대리),2,9,True,"194,209"
100862,대방건설,2025년 신입공개채용 및 경력직 채용,2025-11-16T23:59:00.000+09:00,405842,자금부_자금(과장-차장),2,3,True,"125,105"
100862,대방건설,2025년 신입공개채용 및 경력직 채용,2025-11-16T23:59:00.000+09:00,406371,정보전략팀_전산(대리-과장),2,3,True,"166,170"
100863,GM,2026 Technical Center Korea  기술연구소 동계인턴,2025-11-09T23:59:00.000+09:00,405852,Advanced Vehicle Development Engineer,3,47,True,"173,226,219,220,161,216"
100863,GM,2026 Technical Center Korea  기술연구소 동계인턴,2025-11-09T23:59:00.000+09:00,405853,"Body, Exterior and Chassis - Design Release Engineer",3,122,True,"226,219,220,223,216"
100863,GM,2026 Technical Center Korea  기술연구소 동계인턴,2025-11-09T23:59:00.000+09:00,405854,ITPE (Interior/Seat&Safety/Thermal/Propulsion) - Design Release Engineer,3,54,True,"226,227,228,219,220,223,216"
100863,GM,2026 Technical Center Korea  기술연구소 동계인턴,2025-11-09T23:59:00.000+09:00,405855,S&S(Software and Services) Design Release Engineer / Software Integration Engineer,3,65,True,"169,219,220"
100863,GM,2026 Technical Center Korea  기술연구소 동계인턴,2025-11-09T23:59:00.000+09:00,405856,Application Software Enginneer,3,66,True,"173,164,170,161"
100863,GM,2026 Technical Center Korea  기술연구소 동계인턴,2025-11-09T23:59:00.000+09:00,405857,Application UI Designer,3,33,True,241
100863,GM,2026 Technical Center Korea  기술연구소 동계인턴,2025-11-09T23:59:00.000+09:00,405858,Propulsion System Controls Engineer,3,50,True,"164,170,226,227,228,220,223,216"
100863,GM,2026 Technical Center Korea  기술연구소 동계인턴,2025-11-09T23:59:00.000+09:00,405859,Thermal Virtual and Calibration Engineer,3,48,True,"226,227,228,219,220,223,216"
100863,GM,2026 Technical Center Korea  기술연구소 동계인턴,2025-11-09T23:59:00.000+09:00,405860,"Virtual Performance Engineer (Vehicle Dynamics, NVH)",3,43,True,"226,227,228,229,230,231,232,233,219,220,223,216,217"
100863,GM,2026 Technical Center Korea  기술연구소 동계인턴,2025-11-09T23:59:00.000+09:00,405861,Energy Engineer,3,53,True,"226,227,228,229,230,231,232,233,216,217"
100863,GM,2026 Technical Center Korea  기술연구소 동계인턴,2025-11-09T23:59:00.000+09:00,405862,Safety CAE Engineer,3,44,True,"226,227,228,219,220,223,216"
100863,GM,2026 Technical Center Korea  기술연구소 동계인턴,2025-11-09T23:59:00.000+09:00,405863,CAE Modeling Engineer,3,48,True,"226,227,228,219,223,216"
100863,GM,2026 Technical Center Korea  기술연구소 동계인턴,2025-11-09T23:59:00.000+09:00,405864,All-In-One (Integrated Design & CAE) Engineer,3,64,True,"226,227,228,219,220,216"
100863,GM,2026 Technical Center Korea  기술연구소 동계인턴,2025-11-09T23:59:00.000+09:00,405865,AI/Machine Learning Engineer,3,93,True,"179,180,181,182,164,167,170,163"
100863,GM,2026 Technical Center Korea  기술연구소 동계인턴,2025-11-09T23:59:00.000+09:00,405866,Supplier Quality Engineer,3,112,True,"226,227,228,220,223,216"
100863,GM,2026 Technical Center Korea  기술연구소 동계인턴,2025-11-09T23:59:00.000+09:00,405867,Production Specification Analyst / Product Data Management Engineer,3,42,True,"179,180,181,182,226,227,228,163,216"
100863,GM,2026 Technical Center Korea  기술연구소 동계인턴,2025-11-09T23:59:00.000+09:00,405868,Systems Engineering & Safety,3,63,True,"226,227,228,219,220,223,216"
100863,GM,2026 Technical Center Korea  기술연구소 동계인턴,2025-11-09T23:59:00.000+09:00,405869,Field Data Scientist / Safety Certification Engineer,3,38,True,"226,227,228,229,230,231,232,233,225,216,217"
100863,GM,2026 Technical Center Korea  기술연구소 동계인턴,2025-11-09T23:59:00.000+09:00,405870,Electric Feature Validation Engineer,3,85,True,"226,227,228,220,223,216"
100863,GM,2026 Technical Center Korea  기술연구소 동계인턴,2025-11-09T23:59:00.000+09:00,405871,Virtual Reality - PQDQ Engineer,1,53,True,"179,180,181,182,164,165,168,226,227,228,222,163,216"
100863,GM,2026 Technical Center Korea  기술연구소 동계인턴,2025-11-09T23:59:00.000+09:00,405872,AI-Driven Engineering Optimization Engineer,3,43,True,"179,180,181,182,226,227,228,223,163,216"
100865,신영자산운용,2025년 하반기 신입직원 채용공고,2025-11-09T23:59:00.000+09:00,405874,전략운용본부,1,92,True,"210,211"
100865,신영자산운용,2025년 하반기 신입직원 채용공고,2025-11-09T23:59:00.000+09:00,405875,운용지원팀,1,61,True,211
100865,신영자산운용,2025년 하반기 신입직원 채용공고,2025-11-09T23:59:00.000+09:00,405876,마케팅본부,1,60,True,"137,132"
100865,신영자산운용,2025년 하반기 신입직원 채용공고,2025-11-09T23:59:00.000+09:00,405877,경영관리본부,1,124,True,"109,115,122,106,103,104,105"
100870,에스코어,'25년 하반기 신입사원 채용,2025-11-14T17:00:00.000+09:00,405892,SW개발,1,736,True,"167,170"
100876,kt p&m,2025년 하반기 신입/경력 채용,2025-11-09T23:59:00.000+09:00,405907,전원,1,55,True,204
100876,kt p&m,2025년 하반기 신입/경력 채용,2025-11-09T23:59:00.000+09:00,405913,전원,2,5,True,204
100876,kt p&m,2025년 하반기 신입/경력 채용,2025-11-09T23:59:00.000+09:00,405908,MW(Microwave),1,17,True,204
100876,kt p&m,2025년 하반기 신입/경력 채용,2025-11-09T23:59:00.000+09:00,405909,안전,1,48,True,"191,184"
100876,kt p&m,2025년 하반기 신입/경력 채용,2025-11-09T23:59:00.000+09:00,405910,구매계약,1,90,True,"157,147"
100876,kt p&m,2025년 하반기 신입/경력 채용,2025-11-09T23:59:00.000+09:00,405914,구매계약,2,10,True,"157,147"
100876,kt p&m,2025년 하반기 신입/경력 채용,2025-11-09T23:59:00.000+09:00,405911,재무회계,2,7,True,"122,123,124,125,126,105"
100876,kt p&m,2025년 하반기 신입/경력 채용,2025-11-09T23:59:00.000+09:00,405912,경영지원,2,11,True,"119,120,104"
100878,더블유컨셉코리아,[신세계 계열사] 2025년 신입사원 공개채용,2025-11-16T23:59:00.000+09:00,405916,온라인MD,1,397,True,149
100878,더블유컨셉코리아,[신세계 계열사] 2025년 신입사원 공개채용,2025-11-16T23:59:00.000+09:00,405917,글로벌MD,1,185,True,149
100886,멀티캠퍼스,2025년 하반기 신입사원 채용,2025-11-14T16:59:00.000+09:00,405925,교수설계,1,115,True,260
100886,멀티캠퍼스,2025년 하반기 신입사원 채용,2025-11-14T16:59:00.000+09:00,405926,영업,1,135,True,"194,197"
100886,멀티캠퍼스,2025년 하반기 신입사원 채용,2025-11-14T16:59:00.000+09:00,405927,경영지원,1,136,True,"109,111,106,103"
100888,LS MnM,2025년 4분기 신입/경력사원 수시채용,2025-11-16T23:59:00.000+09:00,405930,자금(IR),2,20,True,"125,105"
100888,LS MnM,2025년 4분기 신입/경력사원 수시채용,2025-11-16T23:59:00.000+09:00,405931,재경,1,277,True,"122,106,105"
100888,LS MnM,2025년 4분기 신입/경력사원 수시채용,2025-11-16T23:59:00.000+09:00,405932,EV배터리 소재사업 전략기획,1,145,True,"111,112,113,103"
100888,LS MnM,2025년 4분기 신입/경력사원 수시채용,2025-11-16T23:59:00.000+09:00,405933,품질관리,2,40,True,"189,183"
100888,LS MnM,2025년 4분기 신입/경력사원 수시채용,2025-11-16T23:59:00.000+09:00,405934,생산 엔지니어,1,558,True,"187,185,183"
100888,LS MnM,2025년 4분기 신입/경력사원 수시채용,2025-11-16T23:59:00.000+09:00,405935,설비 엔지니어(전기),1,225,True,185
100894,삼성메디슨,2025년 하반기 3급 신입사원 채용,2025-11-14T17:00:00.000+09:00,405949,회로개발,1,277,True,"164,165,170,220,222"
100894,삼성메디슨,2025년 하반기 3급 신입사원 채용,2025-11-14T17:00:00.000+09:00,405950,SW개발,1,448,True,"164,165,170,220,222"
100894,삼성메디슨,2025년 하반기 3급 신입사원 채용,2025-11-14T17:00:00.000+09:00,405951,영상개발,1,76,True,"164,165,170,220,222"
100894,삼성메디슨,2025년 하반기 3급 신입사원 채용,2025-11-14T17:00:00.000+09:00,405952,기구개발,1,213,True,"164,165,170,220,222"
100894,삼성메디슨,2025년 하반기 3급 신입사원 채용,2025-11-14T17:00:00.000+09:00,405953,Probe 개발,1,132,True,"164,165,170,220,222"
100895,삼성전자로지텍,2025년 하반기 신입사원 채용,2025-11-14T17:00:00.000+09:00,405954,물류운영,1,673,True,"150,151,152,145"
100895,삼성전자로지텍,2025년 하반기 신입사원 채용,2025-11-14T17:00:00.000+09:00,405955,경영지원,1,726,True,"109,110,111,112,113,115,116,117,118,119,120,122,123,124,125,106,127,128,108,103,104,105,107"
100900,SK이노베이션 E&S,도시가스 계열사 대졸 신입사원 모집,2025-11-09T23:59:00.000+09:00,405961,경영지원,1,441,True,"109,110,115,122,128,103,104,105,107"
100900,SK이노베이션 E&S,도시가스 계열사 대졸 신입사원 모집,2025-11-09T23:59:00.000+09:00,405962,마케팅,1,191,True,"137,138,132"
100900,SK이노베이션 E&S,도시가스 계열사 대졸 신입사원 모집,2025-11-09T23:59:00.000+09:00,405963,고객지원,1,136,True,"197,200"
100906,시큐아이,2025년 하반기 신입사원 공개채용,2025-11-14T17:00:00.000+09:00,405984,개발,1,469,True,"175,176,166,162"
100906,시큐아이,2025년 하반기 신입사원 공개채용,2025-11-14T17:00:00.000+09:00,405985,영업,1,98,True,"166,170,194"
100912,행복나래,각 부문별 신입/경력사원 채용,2025-11-16T23:59:00.000+09:00,405992,물류 기획/운영,1,123,True,"150,145"
100912,행복나래,각 부문별 신입/경력사원 채용,2025-11-16T23:59:00.000+09:00,406187,물류 기획/운영,2,10,True,"150,145"
100912,행복나래,각 부문별 신입/경력사원 채용,2025-11-16T23:59:00.000+09:00,405993,IT 개발,2,19,True,"164,166"
100912,행복나래,각 부문별 신입/경력사원 채용,2025-11-16T23:59:00.000+09:00,405994,시스템 Infra 관리,2,1,True,"166,170"
100912,행복나래,각 부문별 신입/경력사원 채용,2025-11-16T23:59:00.000+09:00,405995,법무,2,1,True,108
100913,제일사료,2025년 하반기 신입/경력 공개 채용,2025-11-16T23:59:00.000+09:00,405996,영업,1,73,True,194
100913,제일사료,2025년 하반기 신입/경력 공개 채용,2025-11-16T23:59:00.000+09:00,405997,고객지원,1,42,True,200
100913,제일사료,2025년 하반기 신입/경력 공개 채용,2025-11-16T23:59:00.000+09:00,406005,생산관리,5,51,True,"187,183"
100914,현대퓨처넷,2025년 하반기 신입사원 수시채용(정보보안),2025-11-10T23:59:00.000+09:00,405998,정보보안,1,128,True,166
100921,현대차증권,2025년 4분기 신입 수시채용,2025-11-18T15:00:00.000+09:00,406008,IB(기업금융),4,199,True,"211,213"
100921,현대차증권,2025년 4분기 신입 수시채용,2025-11-18T15:00:00.000+09:00,406009,글로벌리서치 RA,4,112,True,"210,215"
100921,현대차증권,2025년 4분기 신입 수시채용,2025-11-18T15:00:00.000+09:00,406010,IT,1,658,True,"164,165,166"
100945,현대글로비스,2025년 하반기 Connect GLOVIS 신입채용,2025-11-14T23:59:00.000+09:00,406042,물류_항공/해상포워딩,1,359,True,"150,145"
100945,현대글로비스,2025년 하반기 Connect GLOVIS 신입채용,2025-11-14T23:59:00.000+09:00,406043,물류_자동차운송물류,1,193,True,"150,145"
100945,현대글로비스,2025년 하반기 Connect GLOVIS 신입채용,2025-11-14T23:59:00.000+09:00,406044,물류_부품물류운영,1,98,True,"150,145"
100945,현대글로비스,2025년 하반기 Connect GLOVIS 신입채용,2025-11-14T23:59:00.000+09:00,406045,물류_부품물류운영(안전),1,25,True,"150,145"
100945,현대글로비스,2025년 하반기 Connect GLOVIS 신입채용,2025-11-14T23:59:00.000+09:00,406046,해운_자동차선영업,1,220,True,194
100945,현대글로비스,2025년 하반기 Connect GLOVIS 신입채용,2025-11-14T23:59:00.000+09:00,406047,해운_자동차선운항,1,100,True,"155,148,146"
100945,현대글로비스,2025년 하반기 Connect GLOVIS 신입채용,2025-11-14T23:59:00.000+09:00,406048,유통_KD운영관리,1,72,True,"151,145"
100945,현대글로비스,2025년 하반기 Connect GLOVIS 신입채용,2025-11-14T23:59:00.000+09:00,406049,유통_KD기술개발,1,80,True,"151,153,145"
100945,현대글로비스,2025년 하반기 Connect GLOVIS 신입채용,2025-11-14T23:59:00.000+09:00,406050,유통_KD공급관리,1,173,True,"151,153,145"
100945,현대글로비스,2025년 하반기 Connect GLOVIS 신입채용,2025-11-14T23:59:00.000+09:00,406051,유통_통상지원,1,151,True,"150,151,153,145"
100945,현대글로비스,2025년 하반기 Connect GLOVIS 신입채용,2025-11-14T23:59:00.000+09:00,406052,IT_정보보안,1,181,True,166
100946,이랜드그룹(이랜드ESI),2026 상반기 ESI 신입/전역장교 채용,2025-11-17T23:59:00.000+09:00,406053,패션,1,187,True,"110,112,149,103"
100946,이랜드그룹(이랜드ESI),2026 상반기 ESI 신입/전역장교 채용,2025-11-17T23:59:00.000+09:00,406054,리테일,1,134,True,"110,112,150,149,103,145"
100946,이랜드그룹(이랜드ESI),2026 상반기 ESI 신입/전역장교 채용,2025-11-17T23:59:00.000+09:00,406055,F&B,1,159,True,"110,112,137,138,264,103,132"
100946,이랜드그룹(이랜드ESI),2026 상반기 ESI 신입/전역장교 채용,2025-11-17T23:59:00.000+09:00,406056,호텔,1,54,True,"110,112,263,103"
100982,AXA손해보험,Data Science팀 신입사원 채용,2025-11-16T23:59:00.000+09:00,406133,Data Scientist,1,332,True,167
101041,남해화학,신입사원 모집요강,2025-11-19T17:00:00.000+09:00,406323,[5급 사무기술직]사무,1,298,True,"109,157,197,103,147"
101041,남해화학,신입사원 모집요강,2025-11-19T17:00:00.000+09:00,406324,[5급 사무기술직]비료영업_충남지사,1,16,True,194
101041,남해화학,신입사원 모집요강,2025-11-19T17:00:00.000+09:00,406325,[5급 사무기술직]비료영업_경남지사,1,10,True,194
101041,남해화학,신입사원 모집요강,2025-11-19T17:00:00.000+09:00,406326,[5급 사무기술직]비료영업_강원지사,1,6,True,194
101041,남해화학,신입사원 모집요강,2025-11-19T17:00:00.000+09:00,406327,[5급 사무기술직]화공,1,159,True,"187,188,183"
101041,남해화학,신입사원 모집요강,2025-11-19T17:00:00.000+09:00,406328,[5급 사무기술직]안전,1,89,True,"191,184"
101041,남해화학,신입사원 모집요강,2025-11-19T17:00:00.000+09:00,406329,[5급 사무기술직]계전,1,57,True,"204,205"
101041,남해화학,신입사원 모집요강,2025-11-19T17:00:00.000+09:00,406330,[전문기능직]화공,1,24,True,185
101041,남해화학,신입사원 모집요강,2025-11-19T17:00:00.000+09:00,406331,[전문기능직]기계,1,7,True,"185,186"
101043,DB생명,2025년 하반기 지원직 신입사원 공개채용,2025-11-23T23:59:00.000+09:00,406333,지원직,1,205,True,"106,127,130,197,107"
101047,코닝정밀소재,2026년 대졸 엔지니어 및 경영지원직 정규직 신입 채용,2025-12-02T23:59:00.000+09:00,406352,엔지니어,1,1543,True,"227,220,216"
101047,코닝정밀소재,2026년 대졸 엔지니어 및 경영지원직 정규직 신입 채용,2025-12-02T23:59:00.000+09:00,406353,경영지원_인사,1,146,True,"115,117,118,119,120,104"
101047,코닝정밀소재,2026년 대졸 엔지니어 및 경영지원직 정규직 신입 채용,2025-12-02T23:59:00.000+09:00,406406,경영지원_재무 및 관리,1,103,True,"122,123,106,105"
101047,코닝정밀소재,2026년 대졸 엔지니어 및 경영지원직 정규직 신입 채용,2025-12-02T23:59:00.000+09:00,406407,경영지원_구매 및 물류,1,143,True,"150,157,145,147"
101047,코닝정밀소재,2026년 대졸 엔지니어 및 경영지원직 정규직 신입 채용,2025-12-02T23:59:00.000+09:00,406408,경영지원_SCM,1,85,True,"151,145"
101050,KCC실리콘,R&D/영업부문 신입사원 채용,2025-11-18T23:59:00.000+09:00,406356,R&D,1,184,True,"229,217"
101050,KCC실리콘,R&D/영업부문 신입사원 채용,2025-11-18T23:59:00.000+09:00,406357,영업,1,39,True,"196,197"
101053,현대엘앤씨,11월 각 부문별 계약직 채용,2025-11-30T23:59:00.000+09:00,406367,직영점 영업,5,4,True,194
101053,현대엘앤씨,11월 각 부문별 계약직 채용,2025-11-30T23:59:00.000+09:00,406368,재무,1,34,True,106
101053,현대엘앤씨,11월 각 부문별 계약직 채용,2025-11-30T23:59:00.000+09:00,406369,영업지원,1,17,True,106
101053,현대엘앤씨,11월 각 부문별 계약직 채용,2025-11-30T23:59:00.000+09:00,406393,수출입,1,5,True,106
101063,파주에너지서비스,2025년 하반기 신입구성원(설비관리) 채용,2025-11-25T23:59:00.000+09:00,406396, 발전소 설비 운영 관리,1,307,True,"185,204,205"
101093,김앤장 법률사무소,송무 및 상업 등기 스탭  채용,2025-11-23T23:59:00.000+09:00,406627,"송무 스탭, 상업 등기 스탭",1,68,True,108
101120,KCC실리콘,품질부문 신입사원 채용,2025-11-23T23:59:00.000+09:00,406759,품질,1,148,True,"189,183"
101130,롯데바이오로직스,2025년 12월  신입사원 채용 일반전형,2025-12-05T23:00:00.000+09:00,406773,IT(인프라),1,123,True,"166,170"
101130,롯데바이오로직스,2025년 12월  신입사원 채용 일반전형,2025-12-05T23:00:00.000+09:00,406774,IT(CSV),1,74,True,164
101130,롯데바이오로직스,2025년 12월  신입사원 채용 일반전형,2025-12-05T23:00:00.000+09:00,406775,재무(회계/자금),1,317,True,"122,125,106,105"
101130,롯데바이오로직스,2025년 12월  신입사원 채용 일반전형,2025-12-05T23:00:00.000+09:00,406776,Quality Systems,1,79,True,"127,189,107,183"
101130,롯데바이오로직스,2025년 12월  신입사원 채용 일반전형,2025-12-05T23:00:00.000+09:00,406777,Quality Validation,1,42,True,"127,189,190,107,183"
101130,롯데바이오로직스,2025년 12월  신입사원 채용 일반전형,2025-12-05T23:00:00.000+09:00,406778,Quality Control Analysis (Raw Material),1,95,True,"234,218"
101130,롯데바이오로직스,2025년 12월  신입사원 채용 일반전형,2025-12-05T23:00:00.000+09:00,406779,Quality Control (Lab Services),1,73,True,"152,234,145,218"
101130,롯데바이오로직스,2025년 12월  신입사원 채용 일반전형,2025-12-05T23:00:00.000+09:00,406780,Quality Operations,1,33,True,"234,218"
101130,롯데바이오로직스,2025년 12월  신입사원 채용 일반전형,2025-12-05T23:00:00.000+09:00,406781,Technical Operations (배양),1,91,True,"234,218"
101130,롯데바이오로직스,2025년 12월  신입사원 채용 일반전형,2025-12-05T23:00:00.000+09:00,406782,Technical Operations (정제),1,80,True,"234,218"
101130,롯데바이오로직스,2025년 12월  신입사원 채용 일반전형,2025-12-05T23:00:00.000+09:00,406783,Validation,1,37,True,"127,187,234,107,183,218"
101130,롯데바이오로직스,2025년 12월  신입사원 채용 일반전형,2025-12-05T23:00:00.000+09:00,406784,MSAT (Data Science),1,154,True,"180,181,163"
101130,롯데바이오로직스,2025년 12월  신입사원 채용 일반전형,2025-12-05T23:00:00.000+09:00,406785,MSAT 분석개발 (Analytical Scientist),1,66,True,"127,188,107,183"
101130,롯데바이오로직스,2025년 12월  신입사원 채용 일반전형,2025-12-05T23:00:00.000+09:00,406786,"안전관리 (소방,위험물)",1,58,True,"191,184"
101137,삼양그룹,2025년 11월 신입사원 채용,2025-11-23T23:59:00.000+09:00,406876,[대졸신입]계장담당,1,78,True,"185,227,220,216"
101137,삼양그룹,2025년 11월 신입사원 채용,2025-11-23T23:59:00.000+09:00,406878,[Junior Career(대졸신입)]계장담당,1,17,True,"185,227,220,216"
101142,DB하이텍,2025년 하반기 신입사원 모집(영업/시설관리 추가),2025-11-23T23:59:00.000+09:00,406885,영업_국내영업,1,91,True,194
101142,DB하이텍,2025년 하반기 신입사원 모집(영업/시설관리 추가),2025-11-23T23:59:00.000+09:00,406886,영업_기술영업(Customer Engineering),1,118,True,195
101142,DB하이텍,2025년 하반기 신입사원 모집(영업/시설관리 추가),2025-11-23T23:59:00.000+09:00,406887,시설관리_전력설비,1,110,True,"185,204"
101160,노벨리스코리아,급여 담당자 채용 (신입),2025-11-27T22:00:00.000+09:00,406938,급여/근태,1,26,True,"115,119,120,121,104"
101161,노벨리스코리아,Supply Chain 신입 채용,2025-11-27T22:00:00.000+09:00,406939,생산관리,1,135,True,"187,183"
101166,LS MnM,신입/경력사원 수시채용 [이차전지소재 Recycling 원료 구매],2025-11-30T23:59:00.000+09:00,406944,이차전지소재 Recycling 원료 구매,1,324,True,"157,159,147"
101166,LS MnM,신입/경력사원 수시채용 [이차전지소재 Recycling 원료 구매],2025-11-30T23:59:00.000+09:00,406945,이차전지소재 Recycling 원료 구매,2,14,True,"157,159,147"
101176,유니드비티플러스,2025년 하반기 신입 및 경력 채용,2025-11-28T23:59:00.000+09:00,406918,올고다 사업_생산관리 및 품질관리,1,42,True,"187,188,189,190,183"
101176,유니드비티플러스,2025년 하반기 신입 및 경력 채용,2025-11-28T23:59:00.000+09:00,406919,올고다 사업_마케팅,2,12,True,"135,136,132"
101176,유니드비티플러스,2025년 하반기 신입 및 경력 채용,2025-11-28T23:59:00.000+09:00,406920,안전환경,2,4,True,"191,184"
101181,삼천리,2026년 대졸 신입사원모집,2025-11-26T23:59:00.000+09:00,407112,경영지원_재경,1,307,True,"123,125,106,105"
101192,유진투자증권,"신입 업무직원(FITS팀, 파생솔루션팀) 채용",2025-11-30T23:59:00.000+09:00,407125,FITS팀,1,48,True,213
101192,유진투자증권,"신입 업무직원(FITS팀, 파생솔루션팀) 채용",2025-11-30T23:59:00.000+09:00,407126,파생솔루션팀,1,33,True,"210,213,214"
101194,현대스틸파이프,'25년도 하반기 신입사원(일반직) 채용,2025-11-23T23:59:00.000+09:00,407130,사업기획_IT,1,79,True,"166,170"
101194,현대스틸파이프,'25년도 하반기 신입사원(일반직) 채용,2025-11-23T23:59:00.000+09:00,407129,재경_원가관리,1,49,True,"110,122,125,103,105"
101197,서울신문사,미디어경영(신사업) 수습사원 채용,2025-12-02T18:00:00.000+09:00,407133,신사업,1,206,True,"110,112,134,135,136,137,103,132"
101231,도레이첨단소재,2025년 하반기 신입/경력 채용,2025-12-10T23:59:00.000+09:00,407215,영업,1,320,True,"195,197"
101231,도레이첨단소재,2025년 하반기 신입/경력 채용,2025-12-10T23:59:00.000+09:00,407216,경영지원(서울),1,445,True,"115,122,104,105"
101231,도레이첨단소재,2025년 하반기 신입/경력 채용,2025-12-10T23:59:00.000+09:00,407217,경영지원(구미),1,237,True,"115,122,157,104,105,147"
101231,도레이첨단소재,2025년 하반기 신입/경력 채용,2025-12-10T23:59:00.000+09:00,407218,생산기술,1,565,True,"187,190,183"
101231,도레이첨단소재,2025년 하반기 신입/경력 채용,2025-12-10T23:59:00.000+09:00,407219,전력설비,1,120,True,"188,185,183"
101231,도레이첨단소재,2025년 하반기 신입/경력 채용,2025-12-10T23:59:00.000+09:00,407220,연구개발,1,313,True,"229,221,217"
101231,도레이첨단소재,2025년 하반기 신입/경력 채용,2025-12-10T23:59:00.000+09:00,407221,생산기술,2,40,True,"187,190,185,183"
101231,도레이첨단소재,2025년 하반기 신입/경력 채용,2025-12-10T23:59:00.000+09:00,407222,지적재산,2,5,True,255
101317,우리자산운용,2026년 상반기 신입사원 공개채용,2025-12-13T23:59:00.000+09:00,407503,주식운용부문,1,212,True,"210,211"
101317,우리자산운용,2026년 상반기 신입사원 공개채용,2025-12-13T23:59:00.000+09:00,407504,대체투자부문,1,229,True,"210,213"
101317,우리자산운용,2026년 상반기 신입사원 공개채용,2025-12-13T23:59:00.000+09:00,407505,글로벌운용부문,1,81,True,"210,211"
101336,NH선물,직원 채용 공고,2025-12-08T09:00:00.000+09:00,407583,법인영업,1,114,True,"194,201"
101336,NH선물,직원 채용 공고,2025-12-08T09:00:00.000+09:00,407722,법인영업,2,8,True,"194,201"
101336,NH선물,직원 채용 공고,2025-12-08T09:00:00.000+09:00,407584,재무회계,1,136,True,"122,123,124,125,126,105"
101336,NH선물,직원 채용 공고,2025-12-08T09:00:00.000+09:00,407723,재무회계,2,18,True,"122,123,124,125,126,105"
101336,NH선물,직원 채용 공고,2025-12-08T09:00:00.000+09:00,407585,정보보안,2,16,True,166
101338,애경케미칼,2025년 하반기 신입/경력직 채용,2025-12-10T23:59:00.000+09:00,407587,[일반직]R&D,1,161,True,"234,218"
101338,애경케미칼,2025년 하반기 신입/경력직 채용,2025-12-10T23:59:00.000+09:00,407785,[일반직]경영지원,1,90,True,"115,127,128,104,107"
101338,애경케미칼,2025년 하반기 신입/경력직 채용,2025-12-10T23:59:00.000+09:00,407588,[일반직]세무/회계,2,22,True,"123,106,105"
101338,애경케미칼,2025년 하반기 신입/경력직 채용,2025-12-10T23:59:00.000+09:00,407589,[일반직]화장품 원료평가/제형개발,2,6,True,"232,217"
101338,애경케미칼,2025년 하반기 신입/경력직 채용,2025-12-10T23:59:00.000+09:00,407590,[일반직]전기/계장,2,14,True,"191,185,204,184"
101338,애경케미칼,2025년 하반기 신입/경력직 채용,2025-12-10T23:59:00.000+09:00,407591,[현장직]품질분석,1,53,True,"189,190,183"
101338,애경케미칼,2025년 하반기 신입/경력직 채용,2025-12-10T23:59:00.000+09:00,407592,[현장직]생산(신설법인),1,11,True,185
101353,롯데그룹,3·6·9·12 예측가능한 채용(12월),2025-12-22T18:00:00.000+09:00,407620,[롯데웰푸드]영업,3,274,True,194
101353,롯데그룹,3·6·9·12 예측가능한 채용(12월),2025-12-22T18:00:00.000+09:00,407621,[롯데웰푸드]글로벌전략,3,149,True,"111,112,103"
101353,롯데그룹,3·6·9·12 예측가능한 채용(12월),2025-12-22T18:00:00.000+09:00,407622,[롯데웰푸드]마케팅,3,275,True,"136,137,132"
101353,롯데그룹,3·6·9·12 예측가능한 채용(12월),2025-12-22T18:00:00.000+09:00,407623,[롯데글로벌로지스]물류운영(SCM),3,275,True,"150,153,145"
101353,롯데그룹,3·6·9·12 예측가능한 채용(12월),2025-12-22T18:00:00.000+09:00,407624,[롯데글로벌로지스]물류운영(Lastmile),3,131,True,"150,151,145"
101353,롯데그룹,3·6·9·12 예측가능한 채용(12월),2025-12-22T18:00:00.000+09:00,407625,[롯데글로벌로지스]재무,3,217,True,"122,105"
101353,롯데그룹,3·6·9·12 예측가능한 채용(12월),2025-12-22T18:00:00.000+09:00,407634,[롯데건설]건축시공,1,266,True,202
101353,롯데그룹,3·6·9·12 예측가능한 채용(12월),2025-12-22T18:00:00.000+09:00,407635,[롯데건설]조경시공,1,35,True,"202,206"
101353,롯데그룹,3·6·9·12 예측가능한 채용(12월),2025-12-22T18:00:00.000+09:00,407636,[롯데건설]주택설계,1,54,True,207
101353,롯데그룹,3·6·9·12 예측가능한 채용(12월),2025-12-22T18:00:00.000+09:00,407637,[롯데건설]기계시공,1,105,True,"202,205"
101353,롯데그룹,3·6·9·12 예측가능한 채용(12월),2025-12-22T18:00:00.000+09:00,407638,[롯데건설]전기시공,1,82,True,"202,204"
101353,롯데그룹,3·6·9·12 예측가능한 채용(12월),2025-12-22T18:00:00.000+09:00,407730,[롯데건설]조경설계,1,35,True,206
101353,롯데그룹,3·6·9·12 예측가능한 채용(12월),2025-12-22T18:00:00.000+09:00,407731,[롯데건설]인테리어,1,62,True,207
101353,롯데그룹,3·6·9·12 예측가능한 채용(12월),2025-12-22T18:00:00.000+09:00,407639,[롯데건설]안전,1,99,True,203
101353,롯데그룹,3·6·9·12 예측가능한 채용(12월),2025-12-22T18:00:00.000+09:00,407640,[롯데건설]품질,1,56,True,203
101353,롯데그룹,3·6·9·12 예측가능한 채용(12월),2025-12-22T18:00:00.000+09:00,407641,[롯데건설]인사,1,314,True,"115,104"
101353,롯데그룹,3·6·9·12 예측가능한 채용(12월),2025-12-22T18:00:00.000+09:00,407642,[롯데건설]총무,1,201,True,"128,107"
101353,롯데그룹,3·6·9·12 예측가능한 채용(12월),2025-12-22T18:00:00.000+09:00,407643,[롯데건설]홍보,1,168,True,"142,133"
101353,롯데그룹,3·6·9·12 예측가능한 채용(12월),2025-12-22T18:00:00.000+09:00,407644,[롯데이노베이트]소프트웨어(호텔IS),1,136,True,170
101353,롯데그룹,3·6·9·12 예측가능한 채용(12월),2025-12-22T18:00:00.000+09:00,407645,[롯데이노베이트]소프트웨어(멤버스IS),1,61,True,170
101353,롯데그룹,3·6·9·12 예측가능한 채용(12월),2025-12-22T18:00:00.000+09:00,407646,[롯데이노베이트]소프트웨어(이즐IS),1,162,True,170
101353,롯데그룹,3·6·9·12 예측가능한 채용(12월),2025-12-22T18:00:00.000+09:00,407647,[롯데이노베이트]소프트웨어(렌탈IS),1,61,True,170
101353,롯데그룹,3·6·9·12 예측가능한 채용(12월),2025-12-22T18:00:00.000+09:00,407648,[롯데이노베이트]인프라(호텔IS),1,65,True,"166,170"
101353,롯데그룹,3·6·9·12 예측가능한 채용(12월),2025-12-22T18:00:00.000+09:00,407649,[롯데이노베이트]인프라(지주IS),1,39,True,"166,170"
101353,롯데그룹,3·6·9·12 예측가능한 채용(12월),2025-12-22T18:00:00.000+09:00,407650,[롯데이노베이트]인프라(월드IS),1,49,True,"166,170"
101353,롯데그룹,3·6·9·12 예측가능한 채용(12월),2025-12-22T18:00:00.000+09:00,407651,[롯데이노베이트]인프라(이즐IS),1,37,True,"166,170"
101353,롯데그룹,3·6·9·12 예측가능한 채용(12월),2025-12-22T18:00:00.000+09:00,407652,[롯데이노베이트]AI CRM,1,87,True,167
101353,롯데그룹,3·6·9·12 예측가능한 채용(12월),2025-12-22T18:00:00.000+09:00,407653,[롯데이노베이트]AI 기술,1,130,True,167
101353,롯데그룹,3·6·9·12 예측가능한 채용(12월),2025-12-22T18:00:00.000+09:00,407654,[롯데이노베이트]Security(GRS IS),1,45,True,166
101353,롯데그룹,3·6·9·12 예측가능한 채용(12월),2025-12-22T18:00:00.000+09:00,407655,[롯데월드]경영지원(인사),1,348,True,"115,104"
101353,롯데그룹,3·6·9·12 예측가능한 채용(12월),2025-12-22T18:00:00.000+09:00,407656,[롯데월드]경영지원(홍보),1,279,True,"142,133"
101353,롯데그룹,3·6·9·12 예측가능한 채용(12월),2025-12-22T18:00:00.000+09:00,407657,[롯데중앙연구소]제품개발(음료),1,80,True,"235,218"
101353,롯데그룹,3·6·9·12 예측가능한 채용(12월),2025-12-22T18:00:00.000+09:00,407732,[롯데중앙연구소]제품개발(주류),1,37,True,"235,218"
101353,롯데그룹,3·6·9·12 예측가능한 채용(12월),2025-12-22T18:00:00.000+09:00,407658,[대홍기획]스포츠마케팅,1,242,True,"137,132"
101353,롯데그룹,3·6·9·12 예측가능한 채용(12월),2025-12-22T18:00:00.000+09:00,407659,[롯데엠시시]생산관리,1,251,True,"187,183"
101353,롯데그룹,3·6·9·12 예측가능한 채용(12월),2025-12-22T18:00:00.000+09:00,407660,[롯데정밀화학]생산지원(기계),1,163,True,"185,227,216"
101353,롯데그룹,3·6·9·12 예측가능한 채용(12월),2025-12-22T18:00:00.000+09:00,407661,[롯데정밀화학]생산지원(전기),1,110,True,"185,220"
101353,롯데그룹,3·6·9·12 예측가능한 채용(12월),2025-12-22T18:00:00.000+09:00,407662,[롯데홈쇼핑]PD,3,116,True,247
101395,SBI저축은행,AICT 신입사원 공개채용,2025-12-16T23:59:00.000+09:00,407807,Finance AI,1,182,True,167
101395,SBI저축은행,AICT 신입사원 공개채용,2025-12-16T23:59:00.000+09:00,407810,Finance IT (Banking),1,400,True,"172,173,175,176,177,164,165,161,162"
101395,SBI저축은행,AICT 신입사원 공개채용,2025-12-16T23:59:00.000+09:00,407811,Finance IT (Infra),1,123,True,"164,165,166,169,170"
101395,SBI저축은행,AICT 신입사원 공개채용,2025-12-16T23:59:00.000+09:00,407808,Finance Data,1,245,True,"179,180,181,182,163"
101395,SBI저축은행,AICT 신입사원 공개채용,2025-12-16T23:59:00.000+09:00,407809,Finance DX,1,217,True,"109,111,112,137,210,211,103,132"
101415,LS MnM,신입/경력사원 수시채용,2025-12-14T23:59:00.000+09:00,407887,물류,1,156,True,"150,155,145,146"
101415,LS MnM,신입/경력사원 수시채용,2025-12-14T23:59:00.000+09:00,407888,경영관리,2,26,True,"110,112,103"
101419,SK멀티유틸리티,"사업관리 담당 매니저 채용 (신입, 경력)",2025-12-14T23:59:00.000+09:00,407893,사업관리,1,87,True,"110,112,103"
101419,SK멀티유틸리티,"사업관리 담당 매니저 채용 (신입, 경력)",2025-12-14T23:59:00.000+09:00,407894,사업관리,2,11,True,"110,112,103"
101442,유진투자선물,[신입/경력] 해외선물 영업직(글로벌비즈니스팀/국제영업팀) 채용,2025-12-28T23:59:00.000+09:00,407936,글로벌비즈니스팀,1,48,True,"210,215"
101442,유진투자선물,[신입/경력] 해외선물 영업직(글로벌비즈니스팀/국제영업팀) 채용,2025-12-28T23:59:00.000+09:00,407937,글로벌비즈니스팀,2,3,True,"210,215"
101442,유진투자선물,[신입/경력] 해외선물 영업직(글로벌비즈니스팀/국제영업팀) 채용,2025-12-28T23:59:00.000+09:00,407938,국제영업팀,1,23,True,"154,194,210,146"
101442,유진투자선물,[신입/경력] 해외선물 영업직(글로벌비즈니스팀/국제영업팀) 채용,2025-12-28T23:59:00.000+09:00,407939,국제영업팀,2,0,True,"154,194,210,146"
101486,AJ네트웍스,수시채용(신입/경력),2025-12-17T23:59:00.000+09:00,408060,B&T_영업기획,5,50,True,197
101486,AJ네트웍스,수시채용(신입/경력),2025-12-17T23:59:00.000+09:00,408061,B&T_자산운영·관리,5,6,True,211
101486,AJ네트웍스,수시채용(신입/경력),2025-12-17T23:59:00.000+09:00,408062,B&T_로봇설치 및 유지보수,5,18,True,"185,186"
101486,AJ네트웍스,수시채용(신입/경력),2025-12-17T23:59:00.000+09:00,408063,B&T_IT장비 영업,5,14,True,194
101486,AJ네트웍스,수시채용(신입/경력),2025-12-17T23:59:00.000+09:00,408064,로지스_연구개발,2,4,True,"227,219,220,216"
101486,AJ네트웍스,수시채용(신입/경력),2025-12-17T23:59:00.000+09:00,408065,로지스_화물운송관리,2,5,True,148
101486,AJ네트웍스,수시채용(신입/경력),2025-12-17T23:59:00.000+09:00,408066,산업장비_영업기획,2,2,True,197
101486,AJ네트웍스,수시채용(신입/경력),2025-12-17T23:59:00.000+09:00,408067,산업장비_장비유통,2,3,True,"151,145"
101486,AJ네트웍스,수시채용(신입/경력),2025-12-17T23:59:00.000+09:00,408068,지원_영업지원,1,45,True,197
101486,AJ네트웍스,수시채용(신입/경력),2025-12-17T23:59:00.000+09:00,408069,지원_총무,2,8,True,"128,107"
101486,AJ네트웍스,수시채용(신입/경력),2025-12-17T23:59:00.000+09:00,408070,지원_법무,2,3,True,108
101486,AJ네트웍스,수시채용(신입/경력),2025-12-17T23:59:00.000+09:00,408071,지원_내부통제,2,3,True,"122,123,106,105"
101486,AJ네트웍스,수시채용(신입/경력),2025-12-17T23:59:00.000+09:00,408072,지원_보안솔루션운영,2,3,True,166
101486,AJ네트웍스,수시채용(신입/경력),2025-12-17T23:59:00.000+09:00,408073,AJ솔루션테크_원가관리,5,28,True,"122,123,124,125,106,105"
101486,AJ네트웍스,수시채용(신입/경력),2025-12-17T23:59:00.000+09:00,408074,AJ솔루션테크_운영기획,5,69,True,"182,197,163"
101486,AJ네트웍스,수시채용(신입/경력),2025-12-17T23:59:00.000+09:00,408075,AJ솔루션테크_산업 장비 매각 및 유통,2,1,True,"151,153,155,145,146"
101486,AJ네트웍스,수시채용(신입/경력),2025-12-17T23:59:00.000+09:00,408076,AJ솔루션테크_배터리관리,2,0,True,"152,153,145"
101487,드림라인,네트워크기술 신입사원 모집,2026-01-06T23:59:00.000+09:00,408077,네트워크,1,27,True,166
101526,삼양그룹,2025년 12월 신입사원 수시채용,2025-12-28T23:59:00.000+09:00,408257,[Global Talent/Junior Career(Global Talent)]B2B Sales,1,123,True,"196,197"
101526,삼양그룹,2025년 12월 신입사원 수시채용,2025-12-28T23:59:00.000+09:00,408258,[Global Talent/Junior Career(Global Talent)]Global Sourcing/Sales,1,79,True,"196,197"
101526,삼양그룹,2025년 12월 신입사원 수시채용,2025-12-28T23:59:00.000+09:00,408259,[Global Talent/Junior Career(Global Talent)]Global Sales(BIO),1,39,True,"154,155,146"
101526,삼양그룹,2025년 12월 신입사원 수시채용,2025-12-28T23:59:00.000+09:00,408260,[Global Talent/Junior Career(Global Talent)]마케팅(Medical Device),1,48,True,"134,137,132"
101526,삼양그룹,2025년 12월 신입사원 수시채용,2025-12-28T23:59:00.000+09:00,408261,[Global Talent/Junior Career(Global Talent)]HR&Communication,1,95,True,"115,118,104"
101526,삼양그룹,2025년 12월 신입사원 수시채용,2025-12-28T23:59:00.000+09:00,408262,[Global Talent/Junior Career(Global Talent)]경영지원(CP),1,37,True,"127,108,107"
101526,삼양그룹,2025년 12월 신입사원 수시채용,2025-12-28T23:59:00.000+09:00,408263,[Global Talent/Junior Career(Global Talent)]구매(Global),1,110,True,"157,147"
101526,삼양그룹,2025년 12월 신입사원 수시채용,2025-12-28T23:59:00.000+09:00,408264,[신입연구/Junior Career(신입연구)]R&D(mRNA 합성),1,16,True,"234,218"
101526,삼양그룹,2025년 12월 신입사원 수시채용,2025-12-28T23:59:00.000+09:00,408265,[신입연구/Junior Career(신입연구)]R&D(공정개발),1,33,True,"234,218"
101526,삼양그룹,2025년 12월 신입사원 수시채용,2025-12-28T23:59:00.000+09:00,408266,[신입연구/Junior Career(신입연구)]R&D(Medical Device),1,73,True,"234,218"
101559,하나손해보험,2026년 신입사원 공개채용,2025-12-28T23:59:00.000+09:00,408367,보험업무,1,185,True,212
101559,하나손해보험,2026년 신입사원 공개채용,2025-12-28T23:59:00.000+09:00,408368,투자/자산,1,260,True,"210,211"
101559,하나손해보험,2026년 신입사원 공개채용,2025-12-28T23:59:00.000+09:00,408369,영업관리/지원,1,520,True,197
101559,하나손해보험,2026년 신입사원 공개채용,2025-12-28T23:59:00.000+09:00,408370,손해사정,1,72,True,212
101567,서울도시가스,2026년 서울도시가스 신입사원 채용(전문학사),2025-12-25T23:59:00.000+09:00,408395,기술,1,120,True,"191,203,184"
101567,서울도시가스,2026년 서울도시가스 신입사원 채용(전문학사),2025-12-25T23:59:00.000+09:00,408396,관리,1,138,True,"109,197,103"
101584,현대엘앤씨,2026년 상반기 신입사원 공개채용,2026-01-01T23:59:00.000+09:00,408430,국내영업,1,336,True,"134,135,194,195,196,197,132"
101584,현대엘앤씨,2026년 상반기 신입사원 공개채용,2026-01-01T23:59:00.000+09:00,408431,해외영업,1,305,True,"154,155,156,194,195,196,197,146"
101584,현대엘앤씨,2026년 상반기 신입사원 공개채용,2026-01-01T23:59:00.000+09:00,408432,회계,1,279,True,"109,111,113,122,123,124,125,126,106,103,105"
101602,존슨앤드존슨,Innovative Medicine 글로벌 임상시험 리더십 개발 프로그램,2026-01-11T23:59:00.000+09:00,408452,Global Trial Associate,1,146,True,"234,218"
101630,LS MnM,"신입/경력사원 수시채용 [회계, 품질관리, 안전관리, 배터리소재 온산공장 품질관리, 배터리소재 수주영업]",2025-12-31T23:59:00.000+09:00,408549,회계,1,201,True,"122,106,105"
101630,LS MnM,"신입/경력사원 수시채용 [회계, 품질관리, 안전관리, 배터리소재 온산공장 품질관리, 배터리소재 수주영업]",2025-12-31T23:59:00.000+09:00,408550,품질관리,1,356,True,"189,183"
101630,LS MnM,"신입/경력사원 수시채용 [회계, 품질관리, 안전관리, 배터리소재 온산공장 품질관리, 배터리소재 수주영업]",2025-12-31T23:59:00.000+09:00,408551,안전관리,2,36,True,"191,184"
101630,LS MnM,"신입/경력사원 수시채용 [회계, 품질관리, 안전관리, 배터리소재 온산공장 품질관리, 배터리소재 수주영업]",2025-12-31T23:59:00.000+09:00,408552,배터리소재 온산공장 품질관리,2,18,True,"189,227,183,216"
101630,LS MnM,"신입/경력사원 수시채용 [회계, 품질관리, 안전관리, 배터리소재 온산공장 품질관리, 배터리소재 수주영업]",2025-12-31T23:59:00.000+09:00,408553,배터리소재 수주영업,2,5,True,194
101645,NS홈쇼핑,회계 신입사원 모집,2025-12-28T23:59:00.000+09:00,408582,회계,1,169,True,"122,123,106,105"
101658,어플라이드 머티어리얼즈 코리아,신입(석사/학사) 채용,2026-01-09T17:00:00.000+09:00,408614,Process Support Engineer(공정 엔지니어),1,447,True,"188,221,183"
101658,어플라이드 머티어리얼즈 코리아,신입(석사/학사) 채용,2026-01-09T17:00:00.000+09:00,408615,Customer Engineer(장비 엔지니어),1,1098,True,"188,221,183"
101658,어플라이드 머티어리얼즈 코리아,신입(석사/학사) 채용,2026-01-09T17:00:00.000+09:00,409097,GCC Order Management,1,110,True,"194,197,199,200"
101681,노벨리스코리아,신입 엔지니어 채용(금속/자동화/기계),2026-01-07T20:00:00.000+09:00,408712,자동화 엔지니어,1,83,True,"191,192,185,186,204,209,226,227,228,220,221,184,216"
101681,노벨리스코리아,신입 엔지니어 채용(금속/자동화/기계),2026-01-07T20:00:00.000+09:00,408713,기계 엔지니어,1,73,True,"187,188,189,190,185,186,219,183"
101681,노벨리스코리아,신입 엔지니어 채용(금속/자동화/기계),2026-01-07T20:00:00.000+09:00,408714,공정(금속) 엔지니어,1,128,True,"188,185,186,183"
101685,서울도시가스,2026년 신입사원 채용(학사이상),2026-01-01T23:59:00.000+09:00,408753,안전관리 및 기술영업,1,326,True,"195,203,205"
101685,서울도시가스,2026년 신입사원 채용(학사이상),2026-01-01T23:59:00.000+09:00,408723,관리 및 기획/지원 업무,1,423,True,"109,111,127,103,107"
101718,드림라인,해저케이블 ICT 엔지니어링 신입 (Backhaul),2026-01-21T23:59:00.000+09:00,408807,ICT엔지니어링,1,21,True,"160,172,173,174,175,176,177,178,179,180,181,182,164,165,166,167,168,169,170,171,161,162,163"
101721,드림라인,경영기획업무 신입,2026-01-21T23:59:00.000+09:00,408814,경영기획,1,61,True,"109,110,111,112,113,114,103"
101738,KCC실리콘,물류부문 신입사원 채용,2026-01-01T23:59:00.000+09:00,408851,물류,1,55,True,"150,145"
101748,유한킴벌리,2026년 상반기 신입 및 경력사원 채용,2026-02-03T18:00:00.000+09:00,409367,B2B 마케팅,1,312,True,"135,136,137,132"
101748,유한킴벌리,2026년 상반기 신입 및 경력사원 채용,2026-02-03T18:00:00.000+09:00,409686,서초연구소 Data Scientist ,2,17,True,"179,182,163"
101748,유한킴벌리,2026년 상반기 신입 및 경력사원 채용,2026-02-03T18:00:00.000+09:00,409687,고객사업부문 플랫폼 마케팅(D2C),2,18,True,"136,137,132"
101748,유한킴벌리,2026년 상반기 신입 및 경력사원 채용,2026-02-03T18:00:00.000+09:00,409688,IT Business Analyst - 프로젝트 기반 기간제,4,11,True,"111,112,113,103"
101748,유한킴벌리,2026년 상반기 신입 및 경력사원 채용,2026-02-03T18:00:00.000+09:00,409689,가정용품(티슈) 마케팅,5,189,True,"135,136,137,132"
101748,유한킴벌리,2026년 상반기 신입 및 경력사원 채용,2026-02-03T18:00:00.000+09:00,409780,SCM혁신 Production Planner,5,75,True,"151,153,145"
101748,유한킴벌리,2026년 상반기 신입 및 경력사원 채용,2026-02-03T18:00:00.000+09:00,410078,[대전사업장] 제조생산 Safety Engineer,2,36,True,"191,192,184"
101748,유한킴벌리,2026년 상반기 신입 및 경력사원 채용,2026-02-03T18:00:00.000+09:00,409368,SCM 혁신 Logistics planner,5,103,True,"150,151,153,145"
101748,유한킴벌리,2026년 상반기 신입 및 경력사원 채용,2026-02-03T18:00:00.000+09:00,408873,B2B 이커머스 트레이드 마케팅 매니저,2,31,True,"135,136,137,132"
101748,유한킴벌리,2026년 상반기 신입 및 경력사원 채용,2026-02-03T18:00:00.000+09:00,408874,[김천사업장]재무부문 원가기획 담당(Cost Analyst),1,57,True,"122,123,106,105"
101748,유한킴벌리,2026년 상반기 신입 및 경력사원 채용,2026-02-03T18:00:00.000+09:00,409009,고객사업부문 채널영업,5,153,True,"194,196,197"
101748,유한킴벌리,2026년 상반기 신입 및 경력사원 채용,2026-02-03T18:00:00.000+09:00,409366,[대전사업장] 품질 엔지니어,4,19,True,"189,190,183"
101762,키움캐피탈,2026년 상반기 신입사원 공개채용,2026-01-11T23:59:00.000+09:00,408922,기업금융,1,352,True,210
101762,키움캐피탈,2026년 상반기 신입사원 공개채용,2026-01-11T23:59:00.000+09:00,408923,투자금융,1,136,True,210
101762,키움캐피탈,2026년 상반기 신입사원 공개채용,2026-01-11T23:59:00.000+09:00,408924,리테일금융,1,156,True,210
101762,키움캐피탈,2026년 상반기 신입사원 공개채용,2026-01-11T23:59:00.000+09:00,408925,IT,1,587,True,"166,167,170,171"
101762,키움캐피탈,2026년 상반기 신입사원 공개채용,2026-01-11T23:59:00.000+09:00,408926,정보보안,1,85,True,166
101789,유진투자선물,해외선물 백오피스 신입/경력 채용,2026-01-11T23:59:00.000+09:00,409035,신입-해외선물 백오피스,1,73,True,210
101789,유진투자선물,해외선물 백오피스 신입/경력 채용,2026-01-11T23:59:00.000+09:00,409036,경력-해외선물 백오피스,2,1,True,210
101791,선진,2026년 1분기 신입·경력 채용,2026-01-13T23:59:00.000+09:00,409038,식육영업,5,96,True,"194,196,197"
101791,선진,2026년 1분기 신입·경력 채용,2026-01-13T23:59:00.000+09:00,409039,식육 마케팅,5,127,True,"134,135,136,137,138,139,132"
101791,선진,2026년 1분기 신입·경력 채용,2026-01-13T23:59:00.000+09:00,409040,육가공 급식영업,5,23,True,"194,196,197,200"
101791,선진,2026년 1분기 신입·경력 채용,2026-01-13T23:59:00.000+09:00,409041,육가공 식품영업(캐터링),5,16,True,"194,196,197"
101791,선진,2026년 1분기 신입·경력 채용,2026-01-13T23:59:00.000+09:00,409387,육가공 식품영업(식재),5,8,True,"194,196,197"
101791,선진,2026년 1분기 신입·경력 채용,2026-01-13T23:59:00.000+09:00,409042,육가공 품질관리,5,31,True,"189,183"
101791,선진,2026년 1분기 신입·경력 채용,2026-01-13T23:59:00.000+09:00,409043,육가공 공무기획,2,9,True,"205,208"
101791,선진,2026년 1분기 신입·경력 채용,2026-01-13T23:59:00.000+09:00,409044,식육 경영관리,5,98,True,"109,110,111,112,113,114,115,103,104"
101791,선진,2026년 1분기 신입·경력 채용,2026-01-13T23:59:00.000+09:00,409045,육가공 인사/안전관리,5,32,True,"115,116,121,106,104"
101791,선진,2026년 1분기 신입·경력 채용,2026-01-13T23:59:00.000+09:00,409046,기획,2,7,True,"109,110,111,112,103"
101791,선진,2026년 1분기 신입·경력 채용,2026-01-13T23:59:00.000+09:00,409047,회계/세무,1,165,True,"123,106,105"
101791,선진,2026년 1분기 신입·경력 채용,2026-01-13T23:59:00.000+09:00,409048,세티 경영관리,5,16,True,"109,111,113,106,103"
101791,선진,2026년 1분기 신입·경력 채용,2026-01-13T23:59:00.000+09:00,409054,채권/리스크관리,5,13,True,"122,123,124,125,126,105"
101791,선진,2026년 1분기 신입·경력 채용,2026-01-13T23:59:00.000+09:00,409388,내부회계,2,2,True,106
101791,선진,2026년 1분기 신입·경력 채용,2026-01-13T23:59:00.000+09:00,409389,법무,5,5,True,108
101791,선진,2026년 1분기 신입·경력 채용,2026-01-13T23:59:00.000+09:00,409049,육가공 냉장R&D,2,4,True,"235,218"
101791,선진,2026년 1분기 신입·경력 채용,2026-01-13T23:59:00.000+09:00,409050,품질위생 안전담당(Auditor),2,4,True,"235,218"
101791,선진,2026년 1분기 신입·경력 채용,2026-01-13T23:59:00.000+09:00,409051,ERP운영,2,12,True,170
101791,선진,2026년 1분기 신입·경력 채용,2026-01-13T23:59:00.000+09:00,409052,세티 설계,2,4,True,"185,186,219"
101805,KCC실리콘,영업부문 신입사원 채용,2026-01-08T23:59:00.000+09:00,409109,영업,1,80,True,"194,197"
101820,유니드,2026년 상반기 수시채용,2026-01-14T23:59:00.000+09:00,409139,전산,2,32,True,"166,170,181,163"
101820,유니드,2026년 상반기 수시채용,2026-01-14T23:59:00.000+09:00,409140,구매,1,211,True,"157,158,147"
101820,유니드,2026년 상반기 수시채용,2026-01-14T23:59:00.000+09:00,409141,인사,2,16,True,"115,120,116,104"
101820,유니드,2026년 상반기 수시채용,2026-01-14T23:59:00.000+09:00,409142,사업개발,2,3,True,"110,111,113,103"
101820,유니드,2026년 상반기 수시채용,2026-01-14T23:59:00.000+09:00,409143,해외영업,1,158,True,"154,155,146"
101820,유니드,2026년 상반기 수시채용,2026-01-14T23:59:00.000+09:00,409144,물류,1,94,True,"150,152,145"
101820,유니드,2026년 상반기 수시채용,2026-01-14T23:59:00.000+09:00,409145,품질관리,1,151,True,"189,160,183"
101837,NHN,IR,2026-01-14T10:22:41.000+09:00,409189,IR,1,25,True,"124,210,105"
101857,롯데글로벌로지스,각 분야 신입 채용 (JA Grade),2026-01-14T23:59:00.000+09:00,409244,HR팀,1,227,True,"115,119,120,121,104"
101857,롯데글로벌로지스,각 분야 신입 채용 (JA Grade),2026-01-14T23:59:00.000+09:00,409245,안성쿠팡2센터,1,18,True,"150,145"
101884,김앤장 법률사무소,송무 및 상업등기 스탭(신입) 채용,2026-01-19T23:59:00.000+09:00,409310,송무 스탭,1,39,True,"122,123,124,125,126,108,105"
101884,김앤장 법률사무소,송무 및 상업등기 스탭(신입) 채용,2026-01-19T23:59:00.000+09:00,409311,상업 등기 스탭,1,10,True,"122,123,124,125,126,108,105"
101909,코스포영남파워,2026년 1차 신규직원(신입_대졸수준)공개채용,2026-01-21T18:00:00.000+09:00,409369,기계,1,61,True,205
101910,SK키파운드리,상반기 전임직 신입/기술사무직 경력 채용,2026-01-18T23:59:00.000+09:00,409370,제조 Operator,1,142,True,185
101910,SK키파운드리,상반기 전임직 신입/기술사무직 경력 채용,2026-01-18T23:59:00.000+09:00,409371,제조 Operator (보훈제한경쟁),1,7,True,185
101910,SK키파운드리,상반기 전임직 신입/기술사무직 경력 채용,2026-01-18T23:59:00.000+09:00,409372,공정기술 (Cleaning),2,21,True,"221,187,189,183"
101910,SK키파운드리,상반기 전임직 신입/기술사무직 경력 채용,2026-01-18T23:59:00.000+09:00,409373,YE (수율개선),2,6,True,"221,189,187,183"
101916,여주에너지서비스,경력/신입사원 채용,2026-01-21T23:59:00.000+09:00,409383,발전소 기술공무,2,20,True,"186,187,188,109,103,183"
101916,여주에너지서비스,경력/신입사원 채용,2026-01-21T23:59:00.000+09:00,409384,안전/보건관리,2,24,True,"191,192,189,183,184"
101916,여주에너지서비스,경력/신입사원 채용,2026-01-21T23:59:00.000+09:00,409385,환경관리,1,97,True,"192,231,191,184,217"
101916,여주에너지서비스,경력/신입사원 채용,2026-01-21T23:59:00.000+09:00,409386,재무관리,1,77,True,"106,122,123,256,105"
101942,앰코테크놀로지코리아,2026년 신입/경력사원 공채,2026-01-18T23:59:00.000+09:00,409441,Assembly / Bump Engineer ,1,458,True,"187,185,221,183"
101942,앰코테크놀로지코리아,2026년 신입/경력사원 공채,2026-01-18T23:59:00.000+09:00,409442,Test Engineer,1,299,True,"187,185,221,183"
101942,앰코테크놀로지코리아,2026년 신입/경력사원 공채,2026-01-18T23:59:00.000+09:00,409443,Test Development Engineer ,1,48,True,"185,220,221"
101942,앰코테크놀로지코리아,2026년 신입/경력사원 공채,2026-01-18T23:59:00.000+09:00,409444,Test IT Engineer ,1,61,True,"176,166,170,162"
101942,앰코테크놀로지코리아,2026년 신입/경력사원 공채,2026-01-18T23:59:00.000+09:00,409445,Quality Engineer ,1,127,True,"160,189,183"
101942,앰코테크놀로지코리아,2026년 신입/경력사원 공채,2026-01-18T23:59:00.000+09:00,409446,Application 개발,1,153,True,"175,176,165,162"
101942,앰코테크놀로지코리아,2026년 신입/경력사원 공채,2026-01-18T23:59:00.000+09:00,409447,공장자동화 S/W 개발 ,1,50,True,"176,165,166,162"
101942,앰코테크놀로지코리아,2026년 신입/경력사원 공채,2026-01-18T23:59:00.000+09:00,409448,생산/고객관리 ,1,93,True,"187,197,200,183"
101942,앰코테크놀로지코리아,2026년 신입/경력사원 공채,2026-01-18T23:59:00.000+09:00,409449,생산기획 (Industrial Engineering),1,77,True,"109,110,187,103,183"
101942,앰코테크놀로지코리아,2026년 신입/경력사원 공채,2026-01-18T23:59:00.000+09:00,409450,인사 ,1,93,True,"115,118,119,104"
101942,앰코테크놀로지코리아,2026년 신입/경력사원 공채,2026-01-18T23:59:00.000+09:00,409573,교육,1,46,True,"117,104"
101942,앰코테크놀로지코리아,2026년 신입/경력사원 공채,2026-01-18T23:59:00.000+09:00,409451,총무,1,70,True,"127,128,107"
101942,앰코테크놀로지코리아,2026년 신입/경력사원 공채,2026-01-18T23:59:00.000+09:00,409452,공장자동화 H/W 개발 ,1,26,True,"169,219,220"
101942,앰코테크놀로지코리아,2026년 신입/경력사원 공채,2026-01-18T23:59:00.000+09:00,409453,RF Module 개발,2,8,True,"220,221,222"
101942,앰코테크놀로지코리아,2026년 신입/경력사원 공채,2026-01-18T23:59:00.000+09:00,409454,제품개발,2,12,True,"185,219,221"
101942,앰코테크놀로지코리아,2026년 신입/경력사원 공채,2026-01-18T23:59:00.000+09:00,409455,Assembly / Bump Engineer ,2,10,True,"187,185,221,183"
101942,앰코테크놀로지코리아,2026년 신입/경력사원 공채,2026-01-18T23:59:00.000+09:00,409456,Test Engineer ,2,15,True,"187,185,221,183"
101942,앰코테크놀로지코리아,2026년 신입/경력사원 공채,2026-01-18T23:59:00.000+09:00,409457,Test Development Engineer ,2,8,True,"185,220,221"
101942,앰코테크놀로지코리아,2026년 신입/경력사원 공채,2026-01-18T23:59:00.000+09:00,409458,생산/고객관리 ,2,20,True,"187,197,200,183"
101942,앰코테크놀로지코리아,2026년 신입/경력사원 공채,2026-01-18T23:59:00.000+09:00,409459,생산기획 (Industrial Engineering) ,2,12,True,"109,110,187,103,183"
101942,앰코테크놀로지코리아,2026년 신입/경력사원 공채,2026-01-18T23:59:00.000+09:00,409460,총무 ,2,21,True,"127,128,107"
101942,앰코테크놀로지코리아,2026년 신입/경력사원 공채,2026-01-18T23:59:00.000+09:00,409461,공장자동화 H/W 개발 ,2,6,True,"169,219,220"
101942,앰코테크놀로지코리아,2026년 신입/경력사원 공채,2026-01-18T23:59:00.000+09:00,409462,소방 (위험물) ,2,4,True,"191,203,184"
101942,앰코테크놀로지코리아,2026년 신입/경력사원 공채,2026-01-18T23:59:00.000+09:00,409463,소방 (운영관리),2,5,True,"191,203,184"
101942,앰코테크놀로지코리아,2026년 신입/경력사원 공채,2026-01-18T23:59:00.000+09:00,409464,안전관리 ,2,18,True,"191,203,184"
101942,앰코테크놀로지코리아,2026년 신입/경력사원 공채,2026-01-18T23:59:00.000+09:00,409465,환경 운영 ,2,9,True,"192,231,184,217"
101942,앰코테크놀로지코리아,2026년 신입/경력사원 공채,2026-01-18T23:59:00.000+09:00,409466,공사현장 안전관리 ,4,3,True,"191,203,184"
101949,바이엘코리아,Quality Control Analyst (대전공장 정규직),2026-01-22T23:59:00.000+09:00,409517,Quality Control Analyst,1,62,True,"187,188,189,190,183"
101951,KCC실리콘,환경/사무지원 부문,2026-01-15T23:59:00.000+09:00,409519,환경,1,47,True,"191,192,193,184"
101951,KCC실리콘,환경/사무지원 부문,2026-01-15T23:59:00.000+09:00,409520,사무지원,4,8,True,"127,107"
101983,파주에너지서비스,2026년 신입구성원(안전관리) 영입,2026-01-26T23:59:00.000+09:00,409595,안전보건 관리,1,273,True,"191,192,189,203,183,184"
101984,현대비앤지스틸,대졸신입사원 및 채용형 인턴 채용(회계/경영지원),2026-01-17T23:00:00.000+09:00,409596,회계,1,116,True,"106,122,123,256,105"
101984,현대비앤지스틸,대졸신입사원 및 채용형 인턴 채용(회계/경영지원),2026-01-17T23:00:00.000+09:00,409597,경영지원,3,118,True,"127,128,130,107"
102030,GS네오텍,2026년 상반기 경력.신입사원 채용,2026-01-28T23:59:00.000+09:00,409727,[Cloud] Datadog Engineer,2,14,True,"179,180,181,182,166,170,171,163"
102030,GS네오텍,2026년 상반기 경력.신입사원 채용,2026-01-28T23:59:00.000+09:00,409728,[Cloud] Solutions Architect (Data Engineer),2,7,True,"179,180,181,182,166,170,171,163"
102030,GS네오텍,2026년 상반기 경력.신입사원 채용,2026-01-28T23:59:00.000+09:00,409729,[Cloud] Solutions Architect (GCP),2,7,True,"179,180,181,182,166,170,171,163"
102030,GS네오텍,2026년 상반기 경력.신입사원 채용,2026-01-28T23:59:00.000+09:00,409730,[Cloud] Cloud 보안,2,8,True,"179,180,181,182,166,170,171,163"
102030,GS네오텍,2026년 상반기 경력.신입사원 채용,2026-01-28T23:59:00.000+09:00,409731,[CDN] CDN 운영,2,7,True,"179,180,181,182,166,170,171,163"
102030,GS네오텍,2026년 상반기 경력.신입사원 채용,2026-01-28T23:59:00.000+09:00,409732,[보안] 침해분석 보안운영,2,4,True,"179,180,181,182,166,170,171,163"
102030,GS네오텍,2026년 상반기 경력.신입사원 채용,2026-01-28T23:59:00.000+09:00,409733,[Contact Center PM] Project Manager,2,6,True,"179,180,181,182,166,170,171,163"
102030,GS네오텍,2026년 상반기 경력.신입사원 채용,2026-01-28T23:59:00.000+09:00,409734,[Contact Center] S/W개발 (Zendesk App),2,6,True,"179,180,181,182,166,170,171,163"
102030,GS네오텍,2026년 상반기 경력.신입사원 채용,2026-01-28T23:59:00.000+09:00,409735,[Contact Center] Zendesk Engineer,2,4,True,"179,180,181,182,166,170,171,163"
102030,GS네오텍,2026년 상반기 경력.신입사원 채용,2026-01-28T23:59:00.000+09:00,409736,[Contact Center] Technical Architect,2,3,True,"179,180,181,182,166,170,171,163"
102030,GS네오텍,2026년 상반기 경력.신입사원 채용,2026-01-28T23:59:00.000+09:00,410189,[Contact Center] 모바일 통화관리 시스템 개발,2,1,True,"160,172,173,174,175,176,177,178,179,180,181,182,164,165,166,167,168,169,170,171,161,162,163"
102030,GS네오텍,2026년 상반기 경력.신입사원 채용,2026-01-28T23:59:00.000+09:00,409737,[Cloud&CDN] 기술영업,2,9,True,195
102030,GS네오텍,2026년 상반기 경력.신입사원 채용,2026-01-28T23:59:00.000+09:00,409738,[Contact Center 영업] 기술영업,2,4,True,195
102030,GS네오텍,2026년 상반기 경력.신입사원 채용,2026-01-28T23:59:00.000+09:00,409739,[IT사업전략기획] 상품/사업전략기획,2,14,True,195
102030,GS네오텍,2026년 상반기 경력.신입사원 채용,2026-01-28T23:59:00.000+09:00,409740,[IT수행부문] 기술기획,2,7,True,195
102030,GS네오텍,2026년 상반기 경력.신입사원 채용,2026-01-28T23:59:00.000+09:00,409741,[Cloud] Datadog Engineer,1,63,True,"179,180,181,182,166,163"
102030,GS네오텍,2026년 상반기 경력.신입사원 채용,2026-01-28T23:59:00.000+09:00,409742,[Cloud] Solutions Architect,1,123,True,"179,180,181,182,166,171,163"
102030,GS네오텍,2026년 상반기 경력.신입사원 채용,2026-01-28T23:59:00.000+09:00,409743,[CDN] CDN 운영,1,62,True,"179,180,181,182,166,170,171,163"
102030,GS네오텍,2026년 상반기 경력.신입사원 채용,2026-01-28T23:59:00.000+09:00,409744,[Contact Center] Zendesk Engineer,1,32,True,"164,165,166,170,171"
102030,GS네오텍,2026년 상반기 경력.신입사원 채용,2026-01-28T23:59:00.000+09:00,409745,[IT사업전략기획] 사업전략/HR기획,1,177,True,"110,112,115,118,103,104"
102030,GS네오텍,2026년 상반기 경력.신입사원 채용,2026-01-28T23:59:00.000+09:00,409746,[IT수행부문] 기술기획,1,42,True,195
102030,GS네오텍,2026년 상반기 경력.신입사원 채용,2026-01-28T23:59:00.000+09:00,409747,[Cloud 빌링] Billing Data Operation,1,33,True,"179,180,181,182,166,171,163"
102070,하나생명보험,2026년 신입사원 채용,2026-01-25T23:59:00.000+09:00,409851,영업,1,313,True,"197,201"
102070,하나생명보험,2026년 신입사원 채용,2026-01-25T23:59:00.000+09:00,409852,고객서비스,1,180,True,"197,200,201"
102070,하나생명보험,2026년 신입사원 채용,2026-01-25T23:59:00.000+09:00,409853,자산운용,1,178,True,"210,213"
102105,KT,2026년도 가을학기 AI석사과정 신입생 모집,2026-02-12T16:00:00.000+09:00,409948,코어 AI 연구개발,1,65,True,"167,171,180,163"
102105,KT,2026년도 가을학기 AI석사과정 신입생 모집,2026-02-12T16:00:00.000+09:00,409949,응용/서비스 AI 연구개발,1,75,True,"167,171,180,179,163"
102126,행복나래,각 부문별 신입/경력사원 채용,2026-01-27T23:59:00.000+09:00,410020,구매영업,1,60,True,"157,194,196,147"
102126,행복나래,각 부문별 신입/경력사원 채용,2026-01-27T23:59:00.000+09:00,410021,통합구매,1,93,True,"157,150,145,147"
102126,행복나래,각 부문별 신입/경력사원 채용,2026-01-27T23:59:00.000+09:00,410022,반도체 구매,1,59,True,"157,221,150,145,147"
102126,행복나래,각 부문별 신입/경력사원 채용,2026-01-27T23:59:00.000+09:00,410023,SE 상품유통,1,69,True,"151,149,136,132,145"
102126,행복나래,각 부문별 신입/경력사원 채용,2026-01-27T23:59:00.000+09:00,410024,구매영업,2,20,True,"157,194,196,147"
102126,행복나래,각 부문별 신입/경력사원 채용,2026-01-27T23:59:00.000+09:00,410025,건설영업,2,4,True,"194,223,151,145"
102126,행복나래,각 부문별 신입/경력사원 채용,2026-01-27T23:59:00.000+09:00,410026,반도체 구매,2,7,True,"157,221,154,155,146,147"
102126,행복나래,각 부문별 신입/경력사원 채용,2026-01-27T23:59:00.000+09:00,410027,RPA 개발 및 운영,2,3,True,"165,170,166"
102126,행복나래,각 부문별 신입/경력사원 채용,2026-01-27T23:59:00.000+09:00,410028,액셀러레이팅,2,11,True,"110,113,210,103"
102144,드림라인,커머스영업 신입사원 모집,2026-02-04T23:59:00.000+09:00,410069,커머스영업,1,20,True,"196,197"
102176,다우기술,신입사원 대규모 인재영입,2026-02-02T18:00:00.000+09:00,410169,금융/증권 IT 개발,1,567,True,"176,164,165,170,181,162,163"
102176,다우기술,신입사원 대규모 인재영입,2026-02-02T18:00:00.000+09:00,410170,모바일쿠폰 영업,1,164,True,"194,196,197"
102186,디와이,수시채용 신입·경력 사원 모집,2026-02-02T23:59:00.000+09:00,410209,[DY]공시,1,32,True,"124,108,142,105,133"
102186,디와이,수시채용 신입·경력 사원 모집,2026-02-02T23:59:00.000+09:00,410210,[DY]IR 및 지배구조,2,1,True,"124,108,142,105,133"
102186,디와이,수시채용 신입·경력 사원 모집,2026-02-02T23:59:00.000+09:00,410211,[DY INNOVATE]특장 해외 CS,5,4,True,"200,254,227,216"
102186,디와이,수시채용 신입·경력 사원 모집,2026-02-02T23:59:00.000+09:00,410212,[DY INNOVATE]EV 해외 (일본) CS,5,12,True,"200,189,254,183"
102186,디와이,수시채용 신입·경력 사원 모집,2026-02-02T23:59:00.000+09:00,410213,[DY INNOVATE]EV 자율주행 설계,1,22,True,"220,226,165,216"
102186,디와이,수시채용 신입·경력 사원 모집,2026-02-02T23:59:00.000+09:00,410214,[DY INNOVATE]세차기 제어 설계,1,8,True,"220,165,227,216"
102200,티머니,2026년 신입사원 모집,2026-02-04T17:00:00.000+09:00,410253,카드사업팀,1,643,True,"110,137,138,201,103,132"
102200,티머니,2026년 신입사원 모집,2026-02-04T17:00:00.000+09:00,410254,IT보안/기획팀,1,119,True,"166,257"
102200,티머니,2026년 신입사원 모집,2026-02-04T17:00:00.000+09:00,410255,태그리스 솔루션팀,1,143,True,"173,172,170,160,161"
102200,티머니,2026년 신입사원 모집,2026-02-04T17:00:00.000+09:00,410256,정산운영팀 (보훈대상자 전용),1,12,True,"106,122,127,105,107"
102218,현대글로비스,2026 상반기 글로벌물류운영 신입채용,2026-02-02T23:59:00.000+09:00,410285,글로벌물류운영,1,817,True,"150,151,152,153,155,148,145,146"
102235,애경케미칼,각 부문 신입 및 경력 채용,2026-02-05T23:59:00.000+09:00,410332,전기/계장,1,64,True,"186,191,184"
102235,애경케미칼,각 부문 신입 및 경력 채용,2026-02-05T23:59:00.000+09:00,410333,조직문화,2,41,True,"115,143,104,133"
102235,애경케미칼,각 부문 신입 및 경력 채용,2026-02-05T23:59:00.000+09:00,410334,구매,2,41,True,"157,155,146,147"
102235,애경케미칼,각 부문 신입 및 경력 채용,2026-02-05T23:59:00.000+09:00,410335,화장품 원료평가/제형개발,2,11,True,"232,229,217"
102235,애경케미칼,각 부문 신입 및 경력 채용,2026-02-05T23:59:00.000+09:00,410336,기술영업,2,9,True,"195,154,146"
102235,애경케미칼,각 부문 신입 및 경력 채용,2026-02-05T23:59:00.000+09:00,410337,분석연구,2,17,True,"229,189,183,217"
102235,애경케미칼,각 부문 신입 및 경력 채용,2026-02-05T23:59:00.000+09:00,410338,환경관리,2,11,True,"192,231,184,217"
102235,애경케미칼,각 부문 신입 및 경력 채용,2026-02-05T23:59:00.000+09:00,410339,무역사무,2,14,True,"155,127,107,146"
102235,애경케미칼,각 부문 신입 및 경력 채용,2026-02-05T23:59:00.000+09:00,410340,품질검사,1,25,True,"189,160,183"
102241,태광산업,2026년 상반기 경력/신입 수시 채용,2026-02-08T23:59:00.000+09:00,410352,해외영업,2,26,True,"154,197,146"
102241,태광산업,2026년 상반기 경력/신입 수시 채용,2026-02-08T23:59:00.000+09:00,410353,생산관리,2,23,True,"187,188,189,183"
102241,태광산업,2026년 상반기 경력/신입 수시 채용,2026-02-08T23:59:00.000+09:00,410354,안전환경,2,16,True,"191,192,184"
102241,태광산업,2026년 상반기 경력/신입 수시 채용,2026-02-08T23:59:00.000+09:00,410355,공무(기계설비),2,6,True,"185,186"
102241,태광산업,2026년 상반기 경력/신입 수시 채용,2026-02-08T23:59:00.000+09:00,410356,계전(전기설비),2,9,True,"185,186"
102241,태광산업,2026년 상반기 경력/신입 수시 채용,2026-02-08T23:59:00.000+09:00,410357,해외영업,1,133,True,"154,197,146"
102241,태광산업,2026년 상반기 경력/신입 수시 채용,2026-02-08T23:59:00.000+09:00,410358,생산관리,1,128,True,"187,188,189,183"
102241,태광산업,2026년 상반기 경력/신입 수시 채용,2026-02-08T23:59:00.000+09:00,410359,안전환경,1,82,True,"191,192,184"
102263,세아제강,2026 신입/경력사원 채용,2026-02-08T23:59:00.000+09:00,410522,[서울] 원가,1,187,True,"122,106,105"
102263,세아제강,2026 신입/경력사원 채용,2026-02-08T23:59:00.000+09:00,410523,[서울] 구매,1,284,True,"157,147"
102263,세아제강,2026 신입/경력사원 채용,2026-02-08T23:59:00.000+09:00,410524,[서울] 정보화관리,1,190,True,"166,170"
102263,세아제강,2026 신입/경력사원 채용,2026-02-08T23:59:00.000+09:00,410525,[서울] ESG경영,1,180,True,"109,111,192,103,184"
102263,세아제강,2026 신입/경력사원 채용,2026-02-08T23:59:00.000+09:00,410540,[서울] ESG경영,2,57,True,"109,111,192,103,184"
102263,세아제강,2026 신입/경력사원 채용,2026-02-08T23:59:00.000+09:00,410526,[서울] 해외영업,1,228,True,"154,146"
102263,세아제강,2026 신입/경력사원 채용,2026-02-08T23:59:00.000+09:00,410541,[서울] 해외영업,2,54,True,"154,146"
102263,세아제강,2026 신입/경력사원 채용,2026-02-08T23:59:00.000+09:00,410527,[서울] 해외영업(STS),2,18,True,"154,146"
102263,세아제강,2026 신입/경력사원 채용,2026-02-08T23:59:00.000+09:00,410528,[서울] 기술영업/마케팅,2,39,True,"137,195,132"
102263,세아제강,2026 신입/경력사원 채용,2026-02-08T23:59:00.000+09:00,410529,[포항] 물류,1,91,True,"150,152,145"
102263,세아제강,2026 신입/경력사원 채용,2026-02-08T23:59:00.000+09:00,410530,[포항] 품질관리,1,165,True,"189,183"
102263,세아제강,2026 신입/경력사원 채용,2026-02-08T23:59:00.000+09:00,410531,[포항] 제품개발,1,43,True,"227,223,216"
102263,세아제강,2026 신입/경력사원 채용,2026-02-08T23:59:00.000+09:00,410581,[포항] 설비-기계,1,140,True,"186,227,216"
102263,세아제강,2026 신입/경력사원 채용,2026-02-08T23:59:00.000+09:00,410532,[포항] 설비-기계,2,34,True,"186,227,216"
102263,세아제강,2026 신입/경력사원 채용,2026-02-08T23:59:00.000+09:00,410582,[포항] 설비-전기,1,86,True,"186,220"
102263,세아제강,2026 신입/경력사원 채용,2026-02-08T23:59:00.000+09:00,410533,[포항] 설비-전기,2,33,True,"186,220"
102263,세아제강,2026 신입/경력사원 채용,2026-02-08T23:59:00.000+09:00,410896,[포항] 인사/노무,1,28,True,"115,116,104"
102263,세아제강,2026 신입/경력사원 채용,2026-02-08T23:59:00.000+09:00,410534,[포항] 인사/노무,2,19,True,"115,116,104"
102263,세아제강,2026 신입/경력사원 채용,2026-02-08T23:59:00.000+09:00,410535,[순천] 생산관리,1,111,True,"187,188,183"
102263,세아제강,2026 신입/경력사원 채용,2026-02-08T23:59:00.000+09:00,410536,[순천] 노무/총무,1,33,True,"116,128,104,107"
102263,세아제강,2026 신입/경력사원 채용,2026-02-08T23:59:00.000+09:00,410537,[순천] 프로젝트 관리,2,4,True,"187,227,183,216"
102263,세아제강,2026 신입/경력사원 채용,2026-02-08T23:59:00.000+09:00,410538,[창원] 생산기술,2,23,True,"187,190,183"
102263,세아제강,2026 신입/경력사원 채용,2026-02-08T23:59:00.000+09:00,410539,[군산] 품질관리,1,44,True,"189,190,183"
102263,세아제강,2026 신입/경력사원 채용,2026-02-08T23:59:00.000+09:00,410542,[군산] 품질관리,2,24,True,"189,190,183"
102272,GS에너지,2026년 신입/경력 채용,2026-02-13T15:00:00.000+09:00,410557,태양광사업,1,532,True,"110,230,122,106,103,105,217"
102272,GS에너지,2026년 신입/경력 채용,2026-02-13T15:00:00.000+09:00,410558,자금/회계,1,262,True,"106,122,125,123,124,105"
102272,GS에너지,2026년 신입/경력 채용,2026-02-13T15:00:00.000+09:00,410559,감사,1,85,True,"108,113,106,103"
102272,GS에너지,2026년 신입/경력 채용,2026-02-13T15:00:00.000+09:00,410560,SMR사업,2,19,True,"110,230,112,113,103,217"
102325,KCC실리콘,영업부문 신입사원 채용,2026-02-08T23:59:00.000+09:00,410811,영업,1,141,True,"154,155,156,194,196,146"
102326,KT엠모바일,'26년 상반기 공개 채용,2026-02-18T23:59:00.000+09:00,410812,대외협력·홍보,1,352,True,"142,143,133"
102326,KT엠모바일,'26년 상반기 공개 채용,2026-02-18T23:59:00.000+09:00,410813,상품·서비스기획,1,449,True,"138,110,137,103,132"
102326,KT엠모바일,'26년 상반기 공개 채용,2026-02-18T23:59:00.000+09:00,410814,전략기획,2,13,True,"111,109,112,103"
102326,KT엠모바일,'26년 상반기 공개 채용,2026-02-18T23:59:00.000+09:00,410815,인사기획,2,13,True,"115,119,120,116,104"
102326,KT엠모바일,'26년 상반기 공개 채용,2026-02-18T23:59:00.000+09:00,410816,디지털채널영업,2,35,True,"136,137,197,132"
102326,KT엠모바일,'26년 상반기 공개 채용,2026-02-18T23:59:00.000+09:00,410817,eSIM로밍사업 ,2,6,True,"110,154,171,103,146"
102326,KT엠모바일,'26년 상반기 공개 채용,2026-02-18T23:59:00.000+09:00,410818,IT개발·운영관리,2,28,True,"171,170,166"
102326,KT엠모바일,'26년 상반기 공개 채용,2026-02-18T23:59:00.000+09:00,410819,정보보호,2,14,True,"166,257"
102335,농협경제지주,2026년 농업경제부문 신규직원 채용,2026-02-10T18:00:00.000+09:00,410870,일반직 - 일반,1,1959,True,"127,109,110,150,151,157,194,154,103,107,145,146,147"
102335,농협경제지주,2026년 농업경제부문 신규직원 채용,2026-02-10T18:00:00.000+09:00,410871,일반직 - 보훈(제한경쟁),1,40,True,"127,109,110,150,151,157,194,154,103,107,145,146,147"
102335,농협경제지주,2026년 농업경제부문 신규직원 채용,2026-02-10T18:00:00.000+09:00,410872,전산직 - 일반,1,560,True,"176,175,166,179,181,171,170,162,163"
102371,KCC,2026년 1분기 부문별 대졸 신입 수시채용,2026-02-10T23:59:00.000+09:00,410963,총무,1,290,True,"128,107"
102371,KCC,2026년 1분기 부문별 대졸 신입 수시채용,2026-02-10T23:59:00.000+09:00,410964,회계,1,139,True,"122,106,105"
102371,KCC,2026년 1분기 부문별 대졸 신입 수시채용,2026-02-10T23:59:00.000+09:00,410965,IT,1,502,True,"176,165,170,162"
102371,KCC,2026년 1분기 부문별 대졸 신입 수시채용,2026-02-10T23:59:00.000+09:00,410966,생산관리,1,209,True,"187,188,183"
102371,KCC,2026년 1분기 부문별 대졸 신입 수시채용,2026-02-10T23:59:00.000+09:00,411005,제품관리,1,90,True,"150,152,145"
102371,KCC,2026년 1분기 부문별 대졸 신입 수시채용,2026-02-10T23:59:00.000+09:00,410967,건재 영업/영업관리,1,87,True,"194,196,197"
102371,KCC,2026년 1분기 부문별 대졸 신입 수시채용,2026-02-10T23:59:00.000+09:00,410968,도료 영업/영업관리,1,89,True,"194,196,197"
102371,KCC,2026년 1분기 부문별 대졸 신입 수시채용,2026-02-10T23:59:00.000+09:00,410969,도료 기술영업,1,21,True,"194,195"
102371,KCC,2026년 1분기 부문별 대졸 신입 수시채용,2026-02-10T23:59:00.000+09:00,410970,건재 기술영업,1,45,True,"195,202"
102371,KCC,2026년 1분기 부문별 대졸 신입 수시채용,2026-02-10T23:59:00.000+09:00,410971,도료 판촉,1,11,True,"137,194,196,132"
102371,KCC,2026년 1분기 부문별 대졸 신입 수시채용,2026-02-10T23:59:00.000+09:00,410972,설계 판촉,1,24,True,"194,207"
102371,KCC,2026년 1분기 부문별 대졸 신입 수시채용,2026-02-10T23:59:00.000+09:00,410973,판매관리,1,160,True,"155,197,146"
102371,KCC,2026년 1분기 부문별 대졸 신입 수시채용,2026-02-10T23:59:00.000+09:00,410974,컬러개발,1,39,True,"229,238,217"
102371,KCC,2026년 1분기 부문별 대졸 신입 수시채용,2026-02-10T23:59:00.000+09:00,410975,도료기술,1,88,True,"229,217"
102371,KCC,2026년 1분기 부문별 대졸 신입 수시채용,2026-02-10T23:59:00.000+09:00,410976,소재기술 (석사),1,80,True,"229,221,217"
102371,KCC,2026년 1분기 부문별 대졸 신입 수시채용,2026-02-10T23:59:00.000+09:00,410977,연구지원,1,127,True,"127,253,107"
102371,KCC,2026년 1분기 부문별 대졸 신입 수시채용,2026-02-10T23:59:00.000+09:00,410978,기계,1,123,True,"186,227,216"
102371,KCC,2026년 1분기 부문별 대졸 신입 수시채용,2026-02-10T23:59:00.000+09:00,410979,환경관리,1,84,True,"192,231,184,217"
102397,효성그룹,2026년 1분기 경력•신입사원 채용,2026-02-11T23:59:00.000+09:00,411076,[효성티앤씨㈜]미국/유럽 글로벌 브랜드향 소재 마케팅 및 원단 개발,2,32,True,"134,137,132"
102397,효성그룹,2026년 1분기 경력•신입사원 채용,2026-02-11T23:59:00.000+09:00,411077,[효성티앤씨㈜]아시아 지역 Diaper용 스판덱스 해외영업,1,67,True,"154,194,209,146"
102397,효성그룹,2026년 1분기 경력•신입사원 채용,2026-02-11T23:59:00.000+09:00,411078,"[효성티앤씨㈜]PET원사 해외영업(미국,인도)",1,38,True,"154,194,209,146"
102397,효성그룹,2026년 1분기 경력•신입사원 채용,2026-02-11T23:59:00.000+09:00,411079,[효성티앤씨㈜]신규 유럽 Casual 시장 및 명품브랜드 시장 영업 담당,1,30,True,"154,194,209,146"
102397,효성그룹,2026년 1분기 경력•신입사원 채용,2026-02-11T23:59:00.000+09:00,411080,[효성티앤씨㈜]철강 제품(열연강판) 시장/고객사 개발 및 해외 영업,1,37,True,"154,194,209,146"
102397,효성그룹,2026년 1분기 경력•신입사원 채용,2026-02-11T23:59:00.000+09:00,411081,[효성티앤씨㈜]철강제품(후판) 시장/고객사 개발 및 해외 영업,1,31,True,"154,194,209,146"
102397,효성그룹,2026년 1분기 경력•신입사원 채용,2026-02-11T23:59:00.000+09:00,411082,[효성티앤씨㈜]철강제품(도금강판) 시장/고객사 개발 및 해외영업,1,44,True,"154,194,209,146"
102397,효성그룹,2026년 1분기 경력•신입사원 채용,2026-02-11T23:59:00.000+09:00,411083,[효성티앤씨㈜]철강제품(전기강판) 시장/고객사 개발 및 해외영업,1,31,True,"154,194,209,146"
102397,효성그룹,2026년 1분기 경력•신입사원 채용,2026-02-11T23:59:00.000+09:00,411084,[효성티앤씨㈜]철강제품(선재) 시장/고객사 개발 및 해외영업,1,29,True,"154,194,209,146"
102397,효성그룹,2026년 1분기 경력•신입사원 채용,2026-02-11T23:59:00.000+09:00,411085,[효성티앤씨㈜]형강 및 빌렛 등 반제품 해외영업,1,22,True,"154,194,209,146"
102397,효성그룹,2026년 1분기 경력•신입사원 채용,2026-02-11T23:59:00.000+09:00,411086,[효성티앤씨㈜]북미 지역 및 유럽 지역 B2C 사업 담당(화장품),2,7,True,"154,194,209,146"
102397,효성그룹,2026년 1분기 경력•신입사원 채용,2026-02-11T23:59:00.000+09:00,411087,[효성티앤씨㈜]글로벌 지역 B2C 사업 담당(화장품),2,9,True,"154,194,209,146"
102397,효성그룹,2026년 1분기 경력•신입사원 채용,2026-02-11T23:59:00.000+09:00,411088,[효성티앤씨㈜]PTMG 기술지원 및 품질관리,2,7,True,"189,183"
102397,효성그룹,2026년 1분기 경력•신입사원 채용,2026-02-11T23:59:00.000+09:00,411089,[효성티앤씨㈜]Nylon/PET 원사 임가공 공정관리,1,65,True,"188,183"
102397,효성그룹,2026년 1분기 경력•신입사원 채용,2026-02-11T23:59:00.000+09:00,411090,[효성티앤씨㈜](원단)염색 생산 담당,1,23,True,185
102397,효성그룹,2026년 1분기 경력•신입사원 채용,2026-02-11T23:59:00.000+09:00,411091,[효성티앤씨㈜]글로벌 브랜드 전략 및 커뮤니케이션 담당,2,7,True,"142,144,133"
102397,효성그룹,2026년 1분기 경력•신입사원 채용,2026-02-11T23:59:00.000+09:00,411092,[효성티앤씨㈜]글로벌 브랜드 오퍼레이션 및 커뮤니케이션 담당,2,18,True,"142,144,133"
102397,효성그룹,2026년 1분기 경력•신입사원 채용,2026-02-11T23:59:00.000+09:00,411093,[효성티앤씨㈜]글로벌 브랜드 오퍼레이션 및 커뮤니케이션 담당,1,126,True,"142,144,133"
102397,효성그룹,2026년 1분기 경력•신입사원 채용,2026-02-11T23:59:00.000+09:00,411094,"[효성티앤씨㈜]의료/헬스케어 분야 시장조사분석, 사업성 평가",2,12,True,"113,114,253,103"
102397,효성그룹,2026년 1분기 경력•신입사원 채용,2026-02-11T23:59:00.000+09:00,411095,"[효성티앤씨㈜]연결내부회계관리 운영,평가",1,61,True,"122,123,106,105"
102397,효성그룹,2026년 1분기 경력•신입사원 채용,2026-02-11T23:59:00.000+09:00,411096,"[효성티앤씨㈜]인사 전반 운영(발령, 채용, 보상 등)",1,207,True,"115,127,128,104,107"
102397,효성그룹,2026년 1분기 경력•신입사원 채용,2026-02-11T23:59:00.000+09:00,411097,[효성화학㈜]PET/NY필름 C&C(Claim&Complaint)관리,1,36,True,"186,200"
102397,효성그룹,2026년 1분기 경력•신입사원 채용,2026-02-11T23:59:00.000+09:00,411098,[효성화학㈜]필름 해외영업,1,31,True,"154,194,209,146"
102397,효성그룹,2026년 1분기 경력•신입사원 채용,2026-02-11T23:59:00.000+09:00,411099,[효성화학㈜]광학용 필름 품질관리,1,91,True,"189,183"
102397,효성그룹,2026년 1분기 경력•신입사원 채용,2026-02-11T23:59:00.000+09:00,411100,[효성화학㈜]광학용 필름 생산기술,1,125,True,"187,190,183"
102397,효성그룹,2026년 1분기 경력•신입사원 채용,2026-02-11T23:59:00.000+09:00,411101,[효성화학㈜]안전보건관리체계 점검 및 개선,1,111,True,"191,193,184"
102397,효성그룹,2026년 1분기 경력•신입사원 채용,2026-02-11T23:59:00.000+09:00,411102,[효성화학㈜]환경안전보건 관리,2,14,True,"191,192,184"
102397,효성그룹,2026년 1분기 경력•신입사원 채용,2026-02-11T23:59:00.000+09:00,411103,[효성화학㈜]경영관리 및 수익성 검토,1,78,True,"109,111,112,103"
102397,효성그룹,2026년 1분기 경력•신입사원 채용,2026-02-11T23:59:00.000+09:00,411104,[효성중공업㈜]진단/자산관리/AI 플랫폼 솔루션(기술개발/영업),2,22,True,"154,194,209,146"
102397,효성그룹,2026년 1분기 경력•신입사원 채용,2026-02-11T23:59:00.000+09:00,411105,[효성중공업㈜]북유럽 해외영업/수행/입찰/관리 및 전략 수립,1,27,True,"110,112,154,103,146"
102397,효성그룹,2026년 1분기 경력•신입사원 채용,2026-02-11T23:59:00.000+09:00,411106,[효성중공업㈜]유럽대륙(서/남유럽) 해외영업,1,35,True,"154,194,209,146"
102397,효성그룹,2026년 1분기 경력•신입사원 채용,2026-02-11T23:59:00.000+09:00,411107,[효성중공업㈜]북미/중남미 해외영업,1,42,True,"154,194,209,146"
102397,효성그룹,2026년 1분기 경력•신입사원 채용,2026-02-11T23:59:00.000+09:00,411108,[효성중공업㈜]중동 해외영업,1,23,True,"154,194,209,146"
102397,효성그룹,2026년 1분기 경력•신입사원 채용,2026-02-11T23:59:00.000+09:00,411109,[효성중공업㈜]아프리카 해외영업,1,12,True,"154,194,209,146"
102397,효성그룹,2026년 1분기 경력•신입사원 채용,2026-02-11T23:59:00.000+09:00,411110,[효성중공업㈜]전동기 해외영업,1,24,True,"154,194,209,146"
102397,효성그룹,2026년 1분기 경력•신입사원 채용,2026-02-11T23:59:00.000+09:00,411111,[효성중공업㈜]EMS 설치 시험,1,17,True,"219,220"
102397,효성그룹,2026년 1분기 경력•신입사원 채용,2026-02-11T23:59:00.000+09:00,411112,[효성중공업㈜]BMS 소프트웨어 개발,2,7,True,170
102397,효성그룹,2026년 1분기 경력•신입사원 채용,2026-02-11T23:59:00.000+09:00,411113,[효성중공업㈜]국내외 현장 관리 및 턴키(Turn-key) 프로젝트 입찰,5,15,True,"154,194,209,146"
102397,효성그룹,2026년 1분기 경력•신입사원 채용,2026-02-11T23:59:00.000+09:00,411114,[효성중공업㈜]HVDC 제어시스템 설계,1,11,True,"227,219,220,216"
102397,효성그룹,2026년 1분기 경력•신입사원 채용,2026-02-11T23:59:00.000+09:00,411115,"[효성중공업㈜]STATCOM 설계, 모델링, 시뮬레이션 및 계통해석",1,21,True,"227,219,220,216"
102397,효성그룹,2026년 1분기 경력•신입사원 채용,2026-02-11T23:59:00.000+09:00,411116,[효성중공업㈜]STATCOM 제어시스템 설계,5,3,True,"227,219,220,216"
102397,효성그룹,2026년 1분기 경력•신입사원 채용,2026-02-11T23:59:00.000+09:00,411117,[효성중공업㈜]STATCOM 컨버터 개발,1,9,True,"227,219,220,216"
102397,효성그룹,2026년 1분기 경력•신입사원 채용,2026-02-11T23:59:00.000+09:00,411118,[효성중공업㈜]국내외 STATCOM/HVDC프로젝트 입찰 수행 관리,1,34,True,"154,194,209,146"
102397,효성그룹,2026년 1분기 경력•신입사원 채용,2026-02-11T23:59:00.000+09:00,411119,[효성중공업㈜]초고압변압기 총조립 공정 엔지니어,1,60,True,"188,183"
102397,효성그룹,2026년 1분기 경력•신입사원 채용,2026-02-11T23:59:00.000+09:00,411120,[효성중공업㈜]설계 자동화 프로그램 개발,1,36,True,"227,219,220,216"
102397,효성그룹,2026년 1분기 경력•신입사원 채용,2026-02-11T23:59:00.000+09:00,411121,[효성중공업㈜]일반변압기 구조/전기설계,1,107,True,"227,219,220,216"
102397,효성그룹,2026년 1분기 경력•신입사원 채용,2026-02-11T23:59:00.000+09:00,411122,[효성중공업㈜]ESS PCS 구조 및 공정개선,1,70,True,"188,190,183"
102397,효성그룹,2026년 1분기 경력•신입사원 채용,2026-02-11T23:59:00.000+09:00,411123,[효성중공업㈜]변압기/차단기 부품 품질 관리/개선,1,43,True,"189,183"
102397,효성그룹,2026년 1분기 경력•신입사원 채용,2026-02-11T23:59:00.000+09:00,411124,[효성중공업㈜]차단기 품질관리 및 시험/입회검사 수행,1,72,True,"189,183"
102397,효성그룹,2026년 1분기 경력•신입사원 채용,2026-02-11T23:59:00.000+09:00,411125,[효성중공업㈜]회전기 절연시스템 설계/평가,1,14,True,"227,219,220,216"
102397,효성그룹,2026년 1분기 경력•신입사원 채용,2026-02-11T23:59:00.000+09:00,411126,[효성중공업㈜]사업장 내 변전설비/전기시설물/발전설비 관리,1,50,True,"227,219,220,216"
102397,효성그룹,2026년 1분기 경력•신입사원 채용,2026-02-11T23:59:00.000+09:00,411127,[효성중공업㈜]Risk Management,1,33,True,108
102397,효성그룹,2026년 1분기 경력•신입사원 채용,2026-02-11T23:59:00.000+09:00,411128,[효성중공업㈜]ESG경영•기후변화 대응,2,18,True,"110,112,103"
102397,효성그룹,2026년 1분기 경력•신입사원 채용,2026-02-11T23:59:00.000+09:00,411129,[효성중공업㈜]ESG경영•사회/지배구조,5,78,True,"110,112,103"
102397,효성그룹,2026년 1분기 경력•신입사원 채용,2026-02-11T23:59:00.000+09:00,411130,[효성중공업㈜]파생상품 관리 고도화,5,17,True,"109,111,112,103"
102397,효성그룹,2026년 1분기 경력•신입사원 채용,2026-02-11T23:59:00.000+09:00,411131,[효성중공업㈜]투자자•애널리스트 대응/공시•이사회•주주총회 지원,2,3,True,"122,123,106,105"
102397,효성그룹,2026년 1분기 경력•신입사원 채용,2026-02-11T23:59:00.000+09:00,411132,[효성중공업㈜]별도 회계 마감 및 외부 감사 수감 지원,1,85,True,"122,123,106,105"
102397,효성그룹,2026년 1분기 경력•신입사원 채용,2026-02-11T23:59:00.000+09:00,411133,[효성중공업㈜]중공업 사업전략 수립/관리,1,35,True,"111,112,103"
102397,효성그룹,2026년 1분기 경력•신입사원 채용,2026-02-11T23:59:00.000+09:00,411134,[효성중공업㈜]초고압변압기/차단기 Planner(생산계획관리),1,17,True,"187,190,183"
102397,효성그룹,2026년 1분기 경력•신입사원 채용,2026-02-11T23:59:00.000+09:00,411135,[효성중공업㈜]변압기/차단기 등 전력기자재 용도면 부품 구매,1,36,True,"157,147"
102397,효성그룹,2026년 1분기 경력•신입사원 채용,2026-02-11T23:59:00.000+09:00,411136,[효성중공업㈜]행사의전/총무일반/공장관리,1,40,True,"115,127,128,104,107"
102397,효성그룹,2026년 1분기 경력•신입사원 채용,2026-02-11T23:59:00.000+09:00,411137,[효성중공업㈜]노무관리/조직문화/고충처리,1,51,True,"115,127,128,104,107"
102397,효성그룹,2026년 1분기 경력•신입사원 채용,2026-02-11T23:59:00.000+09:00,411138,[효성중공업㈜]ERP 시스템 운영 및 고도화,1,46,True,170
102397,효성그룹,2026년 1분기 경력•신입사원 채용,2026-02-11T23:59:00.000+09:00,411139,[효성중공업㈜]AI 플랫폼 운영 및 고도화,1,114,True,"166,167,170"
102397,효성그룹,2026년 1분기 경력•신입사원 채용,2026-02-11T23:59:00.000+09:00,411140,[㈜효성]HVDC/MVDC 제어보드 개발,5,4,True,"227,219,220,216"
102397,효성그룹,2026년 1분기 경력•신입사원 채용,2026-02-11T23:59:00.000+09:00,411141,[㈜효성]EMT 기반 HVDC/MVDC 계통해석,5,1,True,"227,219,220,216"
102397,효성그룹,2026년 1분기 경력•신입사원 채용,2026-02-11T23:59:00.000+09:00,411142,[㈜효성]HVDC/MVDC 보호로직 설계/구현,2,2,True,"227,219,220,216"
102397,효성그룹,2026년 1분기 경력•신입사원 채용,2026-02-11T23:59:00.000+09:00,411143,[㈜효성]계통해석,5,10,True,"227,219,220,216"
102397,효성그룹,2026년 1분기 경력•신입사원 채용,2026-02-11T23:59:00.000+09:00,411144,[㈜효성]고압 전략변환시스템 제어,5,4,True,"227,219,220,216"
102397,효성그룹,2026년 1분기 경력•신입사원 채용,2026-02-11T23:59:00.000+09:00,411145,[㈜효성]디지털 통신,5,7,True,"227,219,220,216"
102397,효성그룹,2026년 1분기 경력•신입사원 채용,2026-02-11T23:59:00.000+09:00,411146,[㈜효성]전력변환설계/제어/해석,5,5,True,"227,219,220,216"
102397,효성그룹,2026년 1분기 경력•신입사원 채용,2026-02-11T23:59:00.000+09:00,411147,[㈜효성]사이버 보안,5,22,True,"165,166"
102397,효성그룹,2026년 1분기 경력•신입사원 채용,2026-02-11T23:59:00.000+09:00,411148,[㈜효성]디지털변전소 하드웨어 개발,5,10,True,169
102397,효성그룹,2026년 1분기 경력•신입사원 채용,2026-02-11T23:59:00.000+09:00,411149,[㈜효성]디지털변전소 소프트웨어 개발,5,4,True,170
102397,효성그룹,2026년 1분기 경력•신입사원 채용,2026-02-11T23:59:00.000+09:00,411150,[㈜효성]DC 차단기 개발,5,1,True,"227,219,220,216"
102397,효성그룹,2026년 1분기 경력•신입사원 채용,2026-02-11T23:59:00.000+09:00,411151,"[㈜효성]법인세, 부가세, 원천세 등 세무 업무",2,7,True,"122,123,106,105"
102397,효성그룹,2026년 1분기 경력•신입사원 채용,2026-02-11T23:59:00.000+09:00,411152,[㈜효성]브랜드기획 및 브랜드 체계 운영,5,89,True,"134,137,132"
102397,효성그룹,2026년 1분기 경력•신입사원 채용,2026-02-11T23:59:00.000+09:00,411153,[㈜효성]총무(자산관리),1,53,True,"115,127,128,104,107"
102397,효성그룹,2026년 1분기 경력•신입사원 채용,2026-02-11T23:59:00.000+09:00,411154,[㈜효성]그룹 인공지능(AI) 수행 업무,2,22,True,167
102397,효성그룹,2026년 1분기 경력•신입사원 채용,2026-02-11T23:59:00.000+09:00,411155,[㈜효성]신규사업 조사•분석,1,87,True,"111,112,253,103"
102397,효성그룹,2026년 1분기 경력•신입사원 채용,2026-02-11T23:59:00.000+09:00,411156,[효성네오켐㈜]산업용 특수가스 기계설비 증설 및 유지보수,2,4,True,"227,219,220,216"
102397,효성그룹,2026년 1분기 경력•신입사원 채용,2026-02-11T23:59:00.000+09:00,411157,[효성네오켐㈜]산업용 특수가스 소재/기술 개발,1,17,True,"227,219,220,216"
102397,효성그룹,2026년 1분기 경력•신입사원 채용,2026-02-11T23:59:00.000+09:00,411158,[효성네오켐㈜]산업용 특수가스 생산공정관리,1,36,True,"187,188,183"
102397,효성그룹,2026년 1분기 경력•신입사원 채용,2026-02-11T23:59:00.000+09:00,411159,[효성네오켐㈜]산업용 특수가스 생산설비 기계보전,1,28,True,"227,219,220,216"
102397,효성그룹,2026년 1분기 경력•신입사원 채용,2026-02-11T23:59:00.000+09:00,411160,[효성굿스프링스㈜]해외 원전 프로젝트 관련 인증 취득 및 품질 시스템 구축,1,21,True,"189,183"
102397,효성그룹,2026년 1분기 경력•신입사원 채용,2026-02-11T23:59:00.000+09:00,411161,[효성굿스프링스㈜]원자력 안전등급 펌프 설계,1,14,True,"227,219,220,216"
102397,효성그룹,2026년 1분기 경력•신입사원 채용,2026-02-11T23:59:00.000+09:00,411162,[효성굿스프링스㈜]내부회계관리,2,4,True,"122,106,105"
102397,효성그룹,2026년 1분기 경력•신입사원 채용,2026-02-11T23:59:00.000+09:00,411163,[효성굿스프링스㈜]해외 LCC 생산 거점 신규 구축 및 신규 사업 발굴 추진,1,11,True,"109,111,112,103"
102397,효성그룹,2026년 1분기 경력•신입사원 채용,2026-02-11T23:59:00.000+09:00,411164,[효성티앤에스㈜]모바일App 개발 담당,2,8,True,"172,173,161"
102397,효성그룹,2026년 1분기 경력•신입사원 채용,2026-02-11T23:59:00.000+09:00,411165,[효성티앤에스㈜]Windows OS 및 보안 담당,2,3,True,"165,166"
102397,효성그룹,2026년 1분기 경력•신입사원 채용,2026-02-11T23:59:00.000+09:00,411166,[효성티앤에스㈜]SW응용개발 담당,5,50,True,"165,170"
102397,효성그룹,2026년 1분기 경력•신입사원 채용,2026-02-11T23:59:00.000+09:00,411167,[효성티앤에스㈜]디지털마케팅 담당,1,94,True,"136,137,132"
102397,효성그룹,2026년 1분기 경력•신입사원 채용,2026-02-11T23:59:00.000+09:00,411168,"[효성티앤에스㈜]회계/세무, 자금 담당",1,88,True,"122,123,106,105"
102397,효성그룹,2026년 1분기 경력•신입사원 채용,2026-02-11T23:59:00.000+09:00,411169,[효성티앤에스㈜]관리회계 담당,1,34,True,"122,123,106,105"
102397,효성그룹,2026년 1분기 경력•신입사원 채용,2026-02-11T23:59:00.000+09:00,411170,[효성티앤에스㈜]ERP 컨설팅 및 개발 운영 담당,1,53,True,170
102397,효성그룹,2026년 1분기 경력•신입사원 채용,2026-02-11T23:59:00.000+09:00,411171,[효성티앤에스㈜]정보보안 담당,1,51,True,"165,166"
102397,효성그룹,2026년 1분기 경력•신입사원 채용,2026-02-11T23:59:00.000+09:00,411172,[진흥기업㈜]진행 현장/입찰 추진 프로젝트 실행(설계)검토,1,12,True,"109,112,209,103"
102397,효성그룹,2026년 1분기 경력•신입사원 채용,2026-02-11T23:59:00.000+09:00,411173,[진흥기업㈜]정비사업 수주 및 관리 총괄(팀장),2,0,True,"195,209"
102397,효성그룹,2026년 1분기 경력•신입사원 채용,2026-02-11T23:59:00.000+09:00,411174,[진흥기업㈜]정비사업 영업 및 사업관리 업무,2,5,True,"195,209"
102397,효성그룹,2026년 1분기 경력•신입사원 채용,2026-02-11T23:59:00.000+09:00,411175,[진흥기업㈜]본사 건축수행 업무,2,3,True,207
102397,효성그룹,2026년 1분기 경력•신입사원 채용,2026-02-11T23:59:00.000+09:00,411176,[진흥기업㈜]건축현장 시공 담당,1,62,True,202
102397,효성그룹,2026년 1분기 경력•신입사원 채용,2026-02-11T23:59:00.000+09:00,411177,[진흥기업㈜]건축현장 설비 담당,1,8,True,205
102397,효성그룹,2026년 1분기 경력•신입사원 채용,2026-02-11T23:59:00.000+09:00,411178,[진흥기업㈜]건축현장 전기 담당,1,17,True,204
102397,효성그룹,2026년 1분기 경력•신입사원 채용,2026-02-11T23:59:00.000+09:00,411179,[진흥기업㈜]현장 안전 담당,1,19,True,"202,203"
102397,효성그룹,2026년 1분기 경력•신입사원 채용,2026-02-11T23:59:00.000+09:00,411180,[진흥기업㈜]토목현장 시공 담당,1,18,True,"202,206"
102397,효성그룹,2026년 1분기 경력•신입사원 채용,2026-02-11T23:59:00.000+09:00,411181,[진흥기업㈜]현장 회계 및 자재 등 관리,1,6,True,"122,123,106,105"
102440,LG유플러스,2026년 2월 신입사원 채용,2026-02-18T23:00:00.000+09:00,411295,정보보안 기술,1,174,True,"166,160"
102440,LG유플러스,2026년 2월 신입사원 채용,2026-02-18T23:00:00.000+09:00,411296,개인정보 보호,1,112,True,"108,166,160"
102440,LG유플러스,2026년 2월 신입사원 채용,2026-02-18T23:00:00.000+09:00,411297,HRM,1,632,True,"115,119,120,180,104,163"
102473,우리자산운용,2026년 상반기 신입사원 공개채용,2026-02-21T23:59:00.000+09:00,411460,주식운용부문,1,187,True,"210,211,215"
102473,우리자산운용,2026년 상반기 신입사원 공개채용,2026-02-21T23:59:00.000+09:00,411461,대체투자부문,1,202,True,"210,211,215"
102473,우리자산운용,2026년 상반기 신입사원 공개채용,2026-02-21T23:59:00.000+09:00,411462,첨단산업투자실,1,91,True,"210,211,215,253"
102478,테크젠,1/4분기 정기채용,2026-02-20T23:59:00.000+09:00,411483,재경,1,115,True,"106,122,123,105"
102478,테크젠,1/4분기 정기채용,2026-02-20T23:59:00.000+09:00,411484,환경관리,1,94,True,"192,191,184"
102478,테크젠,1/4분기 정기채용,2026-02-20T23:59:00.000+09:00,411485,엔진품질 ,2,13,True,"189,226,227,183,216"
102478,테크젠,1/4분기 정기채용,2026-02-20T23:59:00.000+09:00,411486,인사/노사,2,7,True,"116,108,104"
102478,테크젠,1/4분기 정기채용,2026-02-20T23:59:00.000+09:00,411487,운영지원,4,5,True,"127,130,107"
102498,포천파워,2026년 상반기 기술직 신입사원 채용,2026-02-24T23:59:00.000+09:00,411520,기술직,1,170,True,"220,191,186,185,184"
102549,어플라이드 머티어리얼즈 코리아,Customer Engineer (장비 엔지니어),2026-02-25T13:00:00.000+09:00,411780,Customer Engineer (장비 엔지니어),1,1052,True,"186,221,220,189,227,183,216"
102551,AJ네트웍스,수시채용 (신입/경력),2026-02-22T23:59:00.000+09:00,411782,영업지원,1,40,True,197
102551,AJ네트웍스,수시채용 (신입/경력),2026-02-22T23:59:00.000+09:00,411783,회계,2,15,True,"122,106,105"
102551,AJ네트웍스,수시채용 (신입/경력),2026-02-22T23:59:00.000+09:00,411784,법무,2,5,True,108
102551,AJ네트웍스,수시채용 (신입/경력),2026-02-22T23:59:00.000+09:00,411785,내부통제,2,2,True,"116,108,104"
102551,AJ네트웍스,수시채용 (신입/경력),2026-02-22T23:59:00.000+09:00,411786,운영지원,1,13,True,"150,153,200,145"
102551,AJ네트웍스,수시채용 (신입/경력),2026-02-22T23:59:00.000+09:00,411787,파렛트 회수,5,13,True,"151,152,145"
102551,AJ네트웍스,수시채용 (신입/경력),2026-02-22T23:59:00.000+09:00,411788,파렛트 B2B 영업,5,20,True,"194,196"
102551,AJ네트웍스,수시채용 (신입/경력),2026-02-22T23:59:00.000+09:00,411789,해외영업 ,5,41,True,"154,146"
102551,AJ네트웍스,수시채용 (신입/경력),2026-02-22T23:59:00.000+09:00,411790,해외영업 (경력),2,1,True,"154,146"
102551,AJ네트웍스,수시채용 (신입/경력),2026-02-22T23:59:00.000+09:00,411791,로봇 SI (팀장급),2,3,True,"227,219,216"
102551,AJ네트웍스,수시채용 (신입/경력),2026-02-22T23:59:00.000+09:00,411792,로봇 SI,2,3,True,"227,219,216"
102551,AJ네트웍스,수시채용 (신입/경력),2026-02-22T23:59:00.000+09:00,411793,로봇설치 및 유지보수,5,14,True,"186,227,216"
102551,AJ네트웍스,수시채용 (신입/경력),2026-02-22T23:59:00.000+09:00,411794,IT장비 B2B영업,5,17,True,"194,196"
102551,AJ네트웍스,수시채용 (신입/경력),2026-02-22T23:59:00.000+09:00,411795,자산 운영•관리,5,7,True,"150,152,145"
102551,AJ네트웍스,수시채용 (신입/경력),2026-02-22T23:59:00.000+09:00,411796,장비유통,5,10,True,"151,194,145"
102551,AJ네트웍스,수시채용 (신입/경력),2026-02-22T23:59:00.000+09:00,411797,산업장비 유통상품 영업,2,2,True,194
102551,AJ네트웍스,수시채용 (신입/경력),2026-02-22T23:59:00.000+09:00,411798,고소장비 B2B영업,5,3,True,"194,196"
102551,AJ네트웍스,수시채용 (신입/경력),2026-02-22T23:59:00.000+09:00,411799,지게차 B2B영업,5,5,True,"194,196"
102551,AJ네트웍스,수시채용 (신입/경력),2026-02-22T23:59:00.000+09:00,411800,경영 및 상품 기획,2,1,True,"151,153,145"
102560,DY그룹,수시채용 신입·경력 사원 모집,2026-03-03T23:59:00.000+09:00,411836,영업/마케팅,2,10,True,"137,134,136,132"
102560,DY그룹,수시채용 신입·경력 사원 모집,2026-03-03T23:59:00.000+09:00,411837,특장 해외 CS EV,5,12,True,"200,154,227,146,216"
102560,DY그룹,수시채용 신입·경력 사원 모집,2026-03-03T23:59:00.000+09:00,411838,EV (Electric Vehicle) 해외 (일본) CS 영업/마케팅,5,17,True,"189,200,154,146,183"
102560,DY그룹,수시채용 신입·경력 사원 모집,2026-03-03T23:59:00.000+09:00,411839,EV (Electric Vehicle) 자율주행 설계,1,51,True,"220,226,167,216"
102560,DY그룹,수시채용 신입·경력 사원 모집,2026-03-03T23:59:00.000+09:00,411840,세차기 제어 설계,1,19,True,"220,165,227,216"
102563,코카콜라음료,여주공장 신입사원 채용,2026-02-23T23:00:00.000+09:00,411852,품질보증(QA),1,71,True,"189,183"
102563,코카콜라음료,여주공장 신입사원 채용,2026-02-23T23:00:00.000+09:00,411853,환경,1,58,True,"192,184"
102563,코카콜라음료,여주공장 신입사원 채용,2026-02-23T23:00:00.000+09:00,411854,생산관리,1,62,True,"187,183"
102572,아마존웹서비스,Amazon 인턴/신입 채용,2026-04-12T23:59:00.000+09:00,411893,Demand Generation Rep Intern 인턴,3,49,True,"109,110,111,112,113,114,115,116,117,118,119,120,121,122,123,124,125,126,106,127,128,129,130,131,108,134,135,136,137,138,139,140,141,142,143,144,150,151,152,153,154,155,156,157,158,159,148,149,160,172,173,174,175,176,177,178,179,180,181,182,164,165,166,167,168,169,170,171,194,195,196,197,198,199,200,201,103,104,105,107,132,133,145,146,147,161,162,163"
102572,아마존웹서비스,Amazon 인턴/신입 채용,2026-04-12T23:59:00.000+09:00,411894,"Professional Services 인턴, A2C",3,47,True,"160,172,173,174,175,176,177,178,179,180,181,182,164,165,166,167,168,169,170,171,226,227,228,229,230,231,232,233,234,235,236,219,220,221,222,223,224,225,161,162,163,216,217,218"
102572,아마존웹서비스,Amazon 인턴/신입 채용,2026-04-12T23:59:00.000+09:00,411895,"Professional Services 신입사원, A2C",1,115,True,"160,172,173,174,175,176,177,178,179,180,181,182,164,165,166,167,168,169,170,171,226,227,228,229,230,231,232,233,234,235,236,219,220,221,222,223,224,225,161,162,163,216,217,218"
102612,신한자산신탁,2026년 상반기 채용공고,2026-02-23T08:59:00.000+09:00,412073,신탁 영업 (신입),1,137,True,"194,196,209"
102612,신한자산신탁,2026년 상반기 채용공고,2026-02-23T08:59:00.000+09:00,412074,신탁 영업 (경력),2,4,True,"194,196,209"
102612,신한자산신탁,2026년 상반기 채용공고,2026-02-23T08:59:00.000+09:00,412075,회계 (경력),2,16,True,"106,122,256,105"
102629,김앤장 법률사무소,송무 및 상업등기 스탭(신입) 채용,2026-03-09T23:59:00.000+09:00,412096,송무 스탭,1,48,True,"122,123,124,125,126,108,105"
102629,김앤장 법률사무소,송무 및 상업등기 스탭(신입) 채용,2026-03-09T23:59:00.000+09:00,412097,상업 등기 스탭,1,12,True,"122,123,124,125,126,108,105"
102671,한화에너지,2026 상반기 신입사원 공개채용,2026-03-16T23:59:00.000+09:00,412322,엔지니어 - 기계/전기,1,1024,True,"227,186,187,183,216"
102671,한화에너지,2026 상반기 신입사원 공개채용,2026-03-16T23:59:00.000+09:00,412324,엔지니어 - 안전,1,382,True,"191,192,189,183,184"
102671,한화에너지,2026 상반기 신입사원 공개채용,2026-03-16T23:59:00.000+09:00,412325,재무,1,408,True,"125,122,124,105"
102687,현대엔지비,현대자동차 H-모빌리티 클래스 교육생 모집,2026-03-22T23:59:00.000+09:00,412362,로보틱스,7,79,True,"164,165,227,219,220,216"
102687,현대엔지비,현대자동차 H-모빌리티 클래스 교육생 모집,2026-03-22T23:59:00.000+09:00,412363,자율주행-인지,7,31,True,"164,165,166,167,220,222"
102687,현대엔지비,현대자동차 H-모빌리티 클래스 교육생 모집,2026-03-22T23:59:00.000+09:00,412691,자율주행-판단,1,34,True,"164,165,166,167,220,222"
102687,현대엔지비,현대자동차 H-모빌리티 클래스 교육생 모집,2026-03-22T23:59:00.000+09:00,412692,자율주행-제어,1,38,True,"164,165,166,167,220,222"
102687,현대엔지비,현대자동차 H-모빌리티 클래스 교육생 모집,2026-03-22T23:59:00.000+09:00,412693,자율주행-통신 및 네트워크,1,37,True,"164,165,166,167,220,222"
102687,현대엔지비,현대자동차 H-모빌리티 클래스 교육생 모집,2026-03-22T23:59:00.000+09:00,412364,전동화-전력변환,7,55,True,"226,227,230,220,216,217"
102687,현대엔지비,현대자동차 H-모빌리티 클래스 교육생 모집,2026-03-22T23:59:00.000+09:00,412694,전동화-모터,1,47,True,"226,227,230,220,216,217"
102687,현대엔지비,현대자동차 H-모빌리티 클래스 교육생 모집,2026-03-22T23:59:00.000+09:00,412365,에너지솔루션-연료전지,7,44,True,"229,230,220,217"
102687,현대엔지비,현대자동차 H-모빌리티 클래스 교육생 모집,2026-03-22T23:59:00.000+09:00,412695,에너지솔루션-배터리,1,107,True,"229,230,220,217"
102687,현대엔지비,현대자동차 H-모빌리티 클래스 교육생 모집,2026-03-22T23:59:00.000+09:00,412366,파워트레인,7,115,True,"226,227,220,216"
102692,쎄트렉아이,2026 상반기 신입 채용 SI FUTURE-SHIP 모집,2026-03-18T23:59:00.000+09:00,412406,SW - 임베디드,1,201,True,"164,165,169"
102692,쎄트렉아이,2026 상반기 신입 채용 SI FUTURE-SHIP 모집,2026-03-18T23:59:00.000+09:00,412407,SW - 테스트,1,128,True,"160,170"
102692,쎄트렉아이,2026 상반기 신입 채용 SI FUTURE-SHIP 모집,2026-03-18T23:59:00.000+09:00,412408,HW - 광학,1,45,True,"169,220,224"
102692,쎄트렉아이,2026 상반기 신입 채용 SI FUTURE-SHIP 모집,2026-03-18T23:59:00.000+09:00,412409,HW - 하네스,1,94,True,"219,220,224"
102692,쎄트렉아이,2026 상반기 신입 채용 SI FUTURE-SHIP 모집,2026-03-18T23:59:00.000+09:00,412410,HW - 전력,1,168,True,"230,220,224,217"
102692,쎄트렉아이,2026 상반기 신입 채용 SI FUTURE-SHIP 모집,2026-03-18T23:59:00.000+09:00,412411,SW - 비행제어,1,25,True,"170,220,224"
102712,현대모비스,2026 상반기 신입 채용,2026-03-13T11:00:00.000+09:00,412484,배터리 시작개발,1,356,True,"220,221"
102712,현대모비스,2026 상반기 신입 채용,2026-03-13T11:00:00.000+09:00,412485,BMS Application SW 설계 ,1,199,True,"165,176,162"
102712,현대모비스,2026 상반기 신입 채용,2026-03-13T11:00:00.000+09:00,412486,전동화 BSW 및 CDD 개발,1,185,True,"165,176,226,162,216"
102712,현대모비스,2026 상반기 신입 채용,2026-03-13T11:00:00.000+09:00,412487,BMS 신뢰성검증 ,1,234,True,"160,189,183"
102712,현대모비스,2026 상반기 신입 채용,2026-03-13T11:00:00.000+09:00,412488,IVI SW플랫폼 개발,1,275,True,"165,176,170,162"
102712,현대모비스,2026 상반기 신입 채용,2026-03-13T11:00:00.000+09:00,412489,자율 주행 시스템 개발,1,260,True,"165,176,167,162"
102712,현대모비스,2026 상반기 신입 채용,2026-03-13T11:00:00.000+09:00,412490,조향 시스템/기구 설계 ,1,324,True,"219,227,226,216"
102712,현대모비스,2026 상반기 신입 채용,2026-03-13T11:00:00.000+09:00,412491,조향 센서 개발 ,1,168,True,"220,221,227,216"
102712,현대모비스,2026 상반기 신입 채용,2026-03-13T11:00:00.000+09:00,412492,조향 전장 평가 ,1,148,True,"160,189,220,183"
102712,현대모비스,2026 상반기 신입 채용,2026-03-13T11:00:00.000+09:00,412493,제품사업기획 ,1,312,True,"110,112,103"
102712,현대모비스,2026 상반기 신입 채용,2026-03-13T11:00:00.000+09:00,412494,공정기술,1,574,True,"188,187,183"
102712,현대모비스,2026 상반기 신입 채용,2026-03-13T11:00:00.000+09:00,412495,서비스부품 가격관리 ,1,479,True,"197,137,132"
102712,현대모비스,2026 상반기 신입 채용,2026-03-13T11:00:00.000+09:00,412496,제동/로보틱스/전장부품 구매,1,220,True,"157,158,147"
102712,현대모비스,2026 상반기 신입 채용,2026-03-13T11:00:00.000+09:00,412497,조향/로보틱스부품 구매,1,164,True,"157,158,147"
102712,현대모비스,2026 상반기 신입 채용,2026-03-13T11:00:00.000+09:00,412498,구매기획,1,618,True,"157,110,103,147"
102712,현대모비스,2026 상반기 신입 채용,2026-03-13T11:00:00.000+09:00,412499,IVI부품 개발,1,142,True,"157,158,147"
102712,현대모비스,2026 상반기 신입 채용,2026-03-13T11:00:00.000+09:00,412500,칵핏모듈부품 개발,1,148,True,"157,158,147"
102712,현대모비스,2026 상반기 신입 채용,2026-03-13T11:00:00.000+09:00,412501,서비스부품 구매원가,1,285,True,"157,106,147"
102712,현대모비스,2026 상반기 신입 채용,2026-03-13T11:00:00.000+09:00,412502,IVI 품질분석 ,1,184,True,"189,160,183"
102712,현대모비스,2026 상반기 신입 채용,2026-03-13T11:00:00.000+09:00,412503,샤시모듈 신차품질,1,359,True,"189,160,183"
102712,현대모비스,2026 상반기 신입 채용,2026-03-13T11:00:00.000+09:00,412504,인포HMI 신차품질 ,1,126,True,"189,160,183"
102712,현대모비스,2026 상반기 신입 채용,2026-03-13T11:00:00.000+09:00,412505,전동화 품질시험 ,1,168,True,"189,160,183"
102712,현대모비스,2026 상반기 신입 채용,2026-03-13T11:00:00.000+09:00,412506,배터리시스템 품질분석 ,1,336,True,"189,160,183"
102712,현대모비스,2026 상반기 신입 채용,2026-03-13T11:00:00.000+09:00,412507,생산기술_스마트팩토리,1,431,True,"187,188,183"
102712,현대모비스,2026 상반기 신입 채용,2026-03-13T11:00:00.000+09:00,412508,생산기술_조향,1,221,True,"187,188,183"
102712,현대모비스,2026 상반기 신입 채용,2026-03-13T11:00:00.000+09:00,412509,생산기술_샤시제어기,1,99,True,"187,188,183"
102712,현대모비스,2026 상반기 신입 채용,2026-03-13T11:00:00.000+09:00,412510,생산기술_SMD,1,117,True,"187,188,183"
102712,현대모비스,2026 상반기 신입 채용,2026-03-13T11:00:00.000+09:00,412511,생산기술_구동모터(스테이터),1,123,True,"187,188,183"
102712,현대모비스,2026 상반기 신입 채용,2026-03-13T11:00:00.000+09:00,412512,생산기술_통합제어기(인포테인먼트),1,95,True,"187,188,183"
102712,현대모비스,2026 상반기 신입 채용,2026-03-13T11:00:00.000+09:00,412520,경영관리/경영전략 ,1,658,True,"109,111,103"
102712,현대모비스,2026 상반기 신입 채용,2026-03-13T11:00:00.000+09:00,412521,세무 ,1,274,True,"123,256,105"
102712,현대모비스,2026 상반기 신입 채용,2026-03-13T11:00:00.000+09:00,412513,반도체 선행 검증 ,1,395,True,"221,160"
102712,현대모비스,2026 상반기 신입 채용,2026-03-13T11:00:00.000+09:00,412514,반도체 품질관리 ,1,757,True,"189,221,183"
102712,현대모비스,2026 상반기 신입 채용,2026-03-13T11:00:00.000+09:00,412515,CI/CD/CT 개발 ,1,219,True,"166,176,162"
102712,현대모비스,2026 상반기 신입 채용,2026-03-13T11:00:00.000+09:00,412516,사이버보안 기술관리,1,84,True,"166,257"
102712,현대모비스,2026 상반기 신입 채용,2026-03-13T11:00:00.000+09:00,412517,브랜드 보호,1,138,True,"108,255"
102712,현대모비스,2026 상반기 신입 채용,2026-03-13T11:00:00.000+09:00,412518,안전보건관리,1,347,True,"191,192,184"
102712,현대모비스,2026 상반기 신입 채용,2026-03-13T11:00:00.000+09:00,412519,로보틱스 기구/시스템 ,1,248,True,"219,227,216"
102715,IBK연금보험,2026년 주요직무 신입사원 / 경력직 공개채용,2026-03-12T18:00:00.000+09:00,412528,마케팅·영업 ,1,529,True,"137,201,194,132"
102715,IBK연금보험,2026년 주요직무 신입사원 / 경력직 공개채용,2026-03-12T18:00:00.000+09:00,412529,자산운용·(자산)리스크,1,247,True,"210,211,215,122,105"
102715,IBK연금보험,2026년 주요직무 신입사원 / 경력직 공개채용,2026-03-12T18:00:00.000+09:00,412530,상품·계리·(부채)리스크 ,1,92,True,"212,213,215"
102715,IBK연금보험,2026년 주요직무 신입사원 / 경력직 공개채용,2026-03-12T18:00:00.000+09:00,412531,재무 직군 (수습공인회계사 우대),1,35,True,"106,122,256,105"
102715,IBK연금보험,2026년 주요직무 신입사원 / 경력직 공개채용,2026-03-12T18:00:00.000+09:00,412532,자산운용·(자산)리스크 직군 (수습공인회계사 우대),1,14,True,"213,210,215,256"
102715,IBK연금보험,2026년 주요직무 신입사원 / 경력직 공개채용,2026-03-12T18:00:00.000+09:00,412533,경영관리 실무자 ,2,7,True,"109,111,113,103"
102715,IBK연금보험,2026년 주요직무 신입사원 / 경력직 공개채용,2026-03-12T18:00:00.000+09:00,412534,상품개발 실무자,2,5,True,"138,149,212,132"
102715,IBK연금보험,2026년 주요직무 신입사원 / 경력직 공개채용,2026-03-12T18:00:00.000+09:00,412535,(자산)리스크관리 실무자 ,2,7,True,"213,210,215"
102715,IBK연금보험,2026년 주요직무 신입사원 / 경력직 공개채용,2026-03-12T18:00:00.000+09:00,412536,계리적가정 관리 실무자 ,2,0,True,"212,213"
102721,하나은행,2026년 상반기 신입행원 채용,2026-03-16T18:00:00.000+09:00,412546,종합금융 - 기업금융(RM),1,1441,True,"194,196,214,201,122,125,105"
102721,하나은행,2026년 상반기 신입행원 채용,2026-03-16T18:00:00.000+09:00,412547,종합금융 - 개인금융(PB),1,1228,True,"194,201,214,210,211"
102721,하나은행,2026년 상반기 신입행원 채용,2026-03-16T18:00:00.000+09:00,412548,종합금융 - 연금/신탁,1,200,True,"214,201,211,138,197,132"
102721,하나은행,2026년 상반기 신입행원 채용,2026-03-16T18:00:00.000+09:00,412549,종합금융 - 글로벌,1,314,True,"154,155,112,109,214,103,146"
102721,하나은행,2026년 상반기 신입행원 채용,2026-03-16T18:00:00.000+09:00,412550,종합금융 - 리스크/자금,1,202,True,"125,122,213,215,109,103,105"
102721,하나은행,2026년 상반기 신입행원 채용,2026-03-16T18:00:00.000+09:00,412551,종합금융 - IB,1,148,True,"210,211,124,215,122,105"
102721,하나은행,2026년 상반기 신입행원 채용,2026-03-16T18:00:00.000+09:00,412552,지역인재 - 영남,1,403,True,"214,194,196,201,155,146"
102721,하나은행,2026년 상반기 신입행원 채용,2026-03-16T18:00:00.000+09:00,412553,지역인재 - 충청,1,177,True,"214,194,196,201,155,146"
102721,하나은행,2026년 상반기 신입행원 채용,2026-03-16T18:00:00.000+09:00,412554,지역인재 - 호남,1,158,True,"214,194,196,201,155,146"
102721,하나은행,2026년 상반기 신입행원 채용,2026-03-16T18:00:00.000+09:00,412555,지역인재 - 강원,1,47,True,"214,194,196,201,155,146"
102721,하나은행,2026년 상반기 신입행원 채용,2026-03-16T18:00:00.000+09:00,412556,지역인재 - 제주,1,33,True,"214,194,196,201,155,146"
102724,행복나래,정보보안 경력·신입 채용,2026-03-10T23:59:00.000+09:00,412562,정보보안 (경력),2,18,True,"166,257"
102724,행복나래,정보보안 경력·신입 채용,2026-03-10T23:59:00.000+09:00,412563,정보보안 (신입),1,63,True,"166,257"
102727,LX인터내셔널,2026년 상반기 신입사원 채용 (채용연계형 인턴십),2026-03-22T23:00:00.000+09:00,412566,자원사업 - 기술지원,1,134,True,"187,192,206,207,230,231,183,184,217"
102727,LX인터내셔널,2026년 상반기 신입사원 채용 (채용연계형 인턴십),2026-03-22T23:00:00.000+09:00,412567,자원사업 - 사업개발 및 운영,1,171,True,"109,110,111,112,113,114,103"
102727,LX인터내셔널,2026년 상반기 신입사원 채용 (채용연계형 인턴십),2026-03-22T23:00:00.000+09:00,412568,해외영업,1,423,True,"154,155,156,157,158,159,196,197,146,147"
102727,LX인터내셔널,2026년 상반기 신입사원 채용 (채용연계형 인턴십),2026-03-22T23:00:00.000+09:00,412569,투자사업 개발 및 운영,1,282,True,"109,111,112,113,208,209,253,103"
102727,LX인터내셔널,2026년 상반기 신입사원 채용 (채용연계형 인턴십),2026-03-22T23:00:00.000+09:00,412570,사업기획,1,348,True,"109,110,111,112,113,114,122,123,125,126,103,105"
102729,하나증권,2026 상반기 신입사원 채용,2026-03-13T13:00:00.000+09:00,412577,IB,1,320,True,"197,201,210"
102729,하나증권,2026 상반기 신입사원 채용,2026-03-13T13:00:00.000+09:00,412578,S&T,1,136,True,"197,201,210"
102729,하나증권,2026 상반기 신입사원 채용,2026-03-13T13:00:00.000+09:00,412579,WM,1,641,True,"197,201,210"
102729,하나증권,2026 상반기 신입사원 채용,2026-03-13T13:00:00.000+09:00,412580,디지털(AI),1,567,True,"179,180,167,171,163"
102729,하나증권,2026 상반기 신입사원 채용,2026-03-13T13:00:00.000+09:00,412581,IT,1,1000,True,"164,165,166,169,170,171"
102729,하나증권,2026 상반기 신입사원 채용,2026-03-13T13:00:00.000+09:00,412582,본사관리,1,553,True,"109,110,111,112,127,128,103,107"
102747,농협물류,상반기 신입사원 채용,2026-03-09T23:59:00.000+09:00,412653,물류운영,1,494,True,"150,151,145"
102751,한화시스템/ICT,2026년 상반기 신입사원 채용,2026-03-25T17:00:00.000+09:00,412663,서비스 개발/운영,1,1476,True,"175,176,171,165,162"
102751,한화시스템/ICT,2026년 상반기 신입사원 채용,2026-03-25T17:00:00.000+09:00,412664,ERP 개발/운영,1,252,True,"170,176,165,162"
102751,한화시스템/ICT,2026년 상반기 신입사원 채용,2026-03-25T17:00:00.000+09:00,412665,인프라 구축/운영,1,417,True,"166,181,164,163"
102751,한화시스템/ICT,2026년 상반기 신입사원 채용,2026-03-25T17:00:00.000+09:00,412666,구매,1,677,True,"157,110,253,103,147"
102761,롯데백화점,2026년 상반기 신입사원 채용 [I'M 전형],2026-03-27T23:00:00.000+09:00,412696,영업/MD,1,846,True,"149,194,197"
102761,롯데백화점,2026년 상반기 신입사원 채용 [I'M 전형],2026-03-27T23:00:00.000+09:00,412697,마케팅,1,626,True,"134,137,138,132"
102762,롯데그룹,3·6·9·12 예측가능한 채용(3월),2026-03-30T23:00:00.000+09:00,412698,[롯데GRS]점포개발,3,108,True,"194,197"
102762,롯데그룹,3·6·9·12 예측가능한 채용(3월),2026-03-30T23:00:00.000+09:00,412699,[롯데GRS]IT기획,3,158,True,"166,171"
102762,롯데그룹,3·6·9·12 예측가능한 채용(3월),2026-03-30T23:00:00.000+09:00,413021,[롯데GRS]IT운영,3,126,True,166
102762,롯데그룹,3·6·9·12 예측가능한 채용(3월),2026-03-30T23:00:00.000+09:00,412700,[롯데GRS]컴플라이언스,3,55,True,108
102762,롯데그룹,3·6·9·12 예측가능한 채용(3월),2026-03-30T23:00:00.000+09:00,412701,[롯데GRS]HR,3,156,True,"115,118,104"
102762,롯데그룹,3·6·9·12 예측가능한 채용(3월),2026-03-30T23:00:00.000+09:00,412702,[롯데GRS]ESG,3,123,True,"110,111,112,103"
102762,롯데그룹,3·6·9·12 예측가능한 채용(3월),2026-03-30T23:00:00.000+09:00,412703,[롯데GRS]식품안전,3,109,True,"189,191,183,184"
102762,롯데그룹,3·6·9·12 예측가능한 채용(3월),2026-03-30T23:00:00.000+09:00,412844,[롯데GRS]신사업상품개발,3,73,True,"138,149,132"
102762,롯데그룹,3·6·9·12 예측가능한 채용(3월),2026-03-30T23:00:00.000+09:00,412704,[롯데홈쇼핑]MD,3,169,True,149
102762,롯데그룹,3·6·9·12 예측가능한 채용(3월),2026-03-30T23:00:00.000+09:00,412921,[롯데이노베이트]HR,3,131,True,"115,118,104"
102762,롯데그룹,3·6·9·12 예측가능한 채용(3월),2026-03-30T23:00:00.000+09:00,412922,[롯데이노베이트]구매,3,88,True,"157,147"
102762,롯데그룹,3·6·9·12 예측가능한 채용(3월),2026-03-30T23:00:00.000+09:00,412923,[롯데이노베이트]회계,3,80,True,"122,106,105"
102762,롯데그룹,3·6·9·12 예측가능한 채용(3월),2026-03-30T23:00:00.000+09:00,412924,[롯데이노베이트]전략기획 ,3,73,True,"109,110,111,112,103"
102762,롯데그룹,3·6·9·12 예측가능한 채용(3월),2026-03-30T23:00:00.000+09:00,412705,[롯데칠성음료]컴플라이언스,1,49,True,108
102762,롯데그룹,3·6·9·12 예측가능한 채용(3월),2026-03-30T23:00:00.000+09:00,412706,[롯데칠성음료]생산,1,91,True,185
102762,롯데그룹,3·6·9·12 예측가능한 채용(3월),2026-03-30T23:00:00.000+09:00,412707,[롯데칠성음료]회계,1,132,True,"122,106,105"
102762,롯데그룹,3·6·9·12 예측가능한 채용(3월),2026-03-30T23:00:00.000+09:00,412708,[롯데칠성음료]글로벌,1,136,True,"154,146"
102762,롯데그룹,3·6·9·12 예측가능한 채용(3월),2026-03-30T23:00:00.000+09:00,412709,[롯데칠성음료]기획,1,136,True,"109,110,103"
102762,롯데그룹,3·6·9·12 예측가능한 채용(3월),2026-03-30T23:00:00.000+09:00,412710,[롯데칠성음료]HR,1,210,True,"115,118,104"
102762,롯데그룹,3·6·9·12 예측가능한 채용(3월),2026-03-30T23:00:00.000+09:00,412711,[롯데칠성음료]구매,1,160,True,"157,147"
102762,롯데그룹,3·6·9·12 예측가능한 채용(3월),2026-03-30T23:00:00.000+09:00,412712,[롯데호텔]호텔서비스,1,146,True,263
102762,롯데그룹,3·6·9·12 예측가능한 채용(3월),2026-03-30T23:00:00.000+09:00,412713,[롯데호텔]재무,1,160,True,"122,105"
102762,롯데그룹,3·6·9·12 예측가능한 채용(3월),2026-03-30T23:00:00.000+09:00,412714,[롯데이노베이트]Cloud,1,132,True,"179,165,170,163"
102762,롯데그룹,3·6·9·12 예측가능한 채용(3월),2026-03-30T23:00:00.000+09:00,412845,[롯데이노베이트]AI,1,251,True,167
102762,롯데그룹,3·6·9·12 예측가능한 채용(3월),2026-03-30T23:00:00.000+09:00,412715,[롯데이노베이트]biz컨설팅,1,126,True,"109,111,113,103"
102762,롯데그룹,3·6·9·12 예측가능한 채용(3월),2026-03-30T23:00:00.000+09:00,412716,[롯데이노베이트]Software(웰푸드 IS팀),1,88,True,170
102762,롯데그룹,3·6·9·12 예측가능한 채용(3월),2026-03-30T23:00:00.000+09:00,413022,[롯데이노베이트]Software(마트IS팀),1,270,True,170
102762,롯데그룹,3·6·9·12 예측가능한 채용(3월),2026-03-30T23:00:00.000+09:00,413023,[롯데이노베이트]Software(면세IS팀),1,83,True,170
102762,롯데그룹,3·6·9·12 예측가능한 채용(3월),2026-03-30T23:00:00.000+09:00,412717,[롯데이노베이트]Infra(마트IS팀),1,84,True,"166,170"
102762,롯데그룹,3·6·9·12 예측가능한 채용(3월),2026-03-30T23:00:00.000+09:00,413024,[롯데이노베이트]Infra(홈쇼핑IS팀),1,46,True,"166,170"
102762,롯데그룹,3·6·9·12 예측가능한 채용(3월),2026-03-30T23:00:00.000+09:00,413025,[롯데이노베이트]Infra(상사IS담당),1,30,True,"166,170"
102762,롯데그룹,3·6·9·12 예측가능한 채용(3월),2026-03-30T23:00:00.000+09:00,412718,[롯데이노베이트]Security(보안컨설팅팀),1,55,True,"166,170"
102762,롯데그룹,3·6·9·12 예측가능한 채용(3월),2026-03-30T23:00:00.000+09:00,413026,[롯데이노베이트]Security(웰푸트IS팀)),1,36,True,"166,170"
102762,롯데그룹,3·6·9·12 예측가능한 채용(3월),2026-03-30T23:00:00.000+09:00,412720,[롯데이네오스화학]회계/세무,1,99,True,"123,106,105"
102762,롯데그룹,3·6·9·12 예측가능한 채용(3월),2026-03-30T23:00:00.000+09:00,412721,[롯데이네오스화학]안전,1,156,True,"191,184"
102762,롯데그룹,3·6·9·12 예측가능한 채용(3월),2026-03-30T23:00:00.000+09:00,412722,[롯데면세점]MD(온/오프라인),1,257,True,149
102762,롯데그룹,3·6·9·12 예측가능한 채용(3월),2026-03-30T23:00:00.000+09:00,412723,[롯데면세점]영업/마케팅,1,513,True,"194,197"
102762,롯데그룹,3·6·9·12 예측가능한 채용(3월),2026-03-30T23:00:00.000+09:00,412724,[롯데면세점]물류운영(SCM),1,274,True,"150,145"
102762,롯데그룹,3·6·9·12 예측가능한 채용(3월),2026-03-30T23:00:00.000+09:00,412725,[롯데면세점]재무/회계,1,151,True,"122,106,105"
102762,롯데그룹,3·6·9·12 예측가능한 채용(3월),2026-03-30T23:00:00.000+09:00,412726,[롯데면세점]노무,1,58,True,"116,104"
102762,롯데그룹,3·6·9·12 예측가능한 채용(3월),2026-03-30T23:00:00.000+09:00,412727,[롯데컬쳐웍스]전략기획,1,162,True,"109,110,111,112,103"
102762,롯데그룹,3·6·9·12 예측가능한 채용(3월),2026-03-30T23:00:00.000+09:00,412728,[롯데컬쳐웍스]재무,1,103,True,"122,105"
102762,롯데그룹,3·6·9·12 예측가능한 채용(3월),2026-03-30T23:00:00.000+09:00,412738,[롯데상사]영업(글로벌소싱),1,154,True,"194,197"
102762,롯데그룹,3·6·9·12 예측가능한 채용(3월),2026-03-30T23:00:00.000+09:00,412739,[롯데상사]영업(유지),1,72,True,"194,197"
102762,롯데그룹,3·6·9·12 예측가능한 채용(3월),2026-03-30T23:00:00.000+09:00,412740,[롯데상사]영업(농산),1,69,True,"194,197"
102762,롯데그룹,3·6·9·12 예측가능한 채용(3월),2026-03-30T23:00:00.000+09:00,412741,[롯데상사]영업(수산),1,58,True,"194,197"
102762,롯데그룹,3·6·9·12 예측가능한 채용(3월),2026-03-30T23:00:00.000+09:00,412742,[롯데상사]글로벌전략,1,116,True,"110,111,112,103"
102762,롯데그룹,3·6·9·12 예측가능한 채용(3월),2026-03-30T23:00:00.000+09:00,412743,[롯데상사]HR,1,206,True,"115,118,104"
102762,롯데그룹,3·6·9·12 예측가능한 채용(3월),2026-03-30T23:00:00.000+09:00,412744,[롯데에너지머티리얼즈]R&D,1,185,True,"230,233,217"
102762,롯데그룹,3·6·9·12 예측가능한 채용(3월),2026-03-30T23:00:00.000+09:00,412745,[롯데캐피탈]금융영업,1,297,True,"194,197,201"
102762,롯데그룹,3·6·9·12 예측가능한 채용(3월),2026-03-30T23:00:00.000+09:00,412746,[롯데캐피탈]기업금융,1,305,True,"201,210,211"
102762,롯데그룹,3·6·9·12 예측가능한 채용(3월),2026-03-30T23:00:00.000+09:00,412747,[롯데캐피탈]신용분석,1,229,True,"210,211"
102762,롯데그룹,3·6·9·12 예측가능한 채용(3월),2026-03-30T23:00:00.000+09:00,412748,[롯데캐피탈]IT개발운영,1,702,True,"164,166"
102762,롯데그룹,3·6·9·12 예측가능한 채용(3월),2026-03-30T23:00:00.000+09:00,412749,[롯데캐피탈]IT기획/운영,1,374,True,"166,171"
102762,롯데그룹,3·6·9·12 예측가능한 채용(3월),2026-03-30T23:00:00.000+09:00,412750,[롯데캐피탈]법무/컴플라이언스,1,82,True,108
102762,롯데그룹,3·6·9·12 예측가능한 채용(3월),2026-03-30T23:00:00.000+09:00,412751,[롯데캐피탈]재무/회계,1,225,True,"122,106,105"
102762,롯데그룹,3·6·9·12 예측가능한 채용(3월),2026-03-30T23:00:00.000+09:00,412752,[롯데캐피탈]경영관리,1,237,True,"109,111,103"
102762,롯데그룹,3·6·9·12 예측가능한 채용(3월),2026-03-30T23:00:00.000+09:00,412753,[롯데홈쇼핑]MD,1,258,True,149
102762,롯데그룹,3·6·9·12 예측가능한 채용(3월),2026-03-30T23:00:00.000+09:00,412754,[롯데면세점]정보보호,1,38,True,166
102762,롯데그룹,3·6·9·12 예측가능한 채용(3월),2026-03-30T23:00:00.000+09:00,412755,[한국후지필름]컴플라이언스,1,21,True,108
102762,롯데그룹,3·6·9·12 예측가능한 채용(3월),2026-03-30T23:00:00.000+09:00,412756,[한국후지필름]영업,1,77,True,"194,197"
102762,롯데그룹,3·6·9·12 예측가능한 채용(3월),2026-03-30T23:00:00.000+09:00,412757,[롯데호텔]DX,1,82,True,"164,165,167"
102762,롯데그룹,3·6·9·12 예측가능한 채용(3월),2026-03-30T23:00:00.000+09:00,412758,"[롯데호텔]MEP(조명, 전기)",1,28,True,"204,207"
102762,롯데그룹,3·6·9·12 예측가능한 채용(3월),2026-03-30T23:00:00.000+09:00,412759,[롯데마트•슈퍼]MD,1,167,True,149
102762,롯데그룹,3·6·9·12 예측가능한 채용(3월),2026-03-30T23:00:00.000+09:00,412760,[롯데마트•슈퍼]마케팅,1,224,True,"136,137,132"
102762,롯데그룹,3·6·9·12 예측가능한 채용(3월),2026-03-30T23:00:00.000+09:00,412761,[롯데마트•슈퍼]품질관리,1,68,True,"189,183"
102765,에코프로그룹,2026 R&D 신입사원 채용,2026-03-17T23:59:00.000+09:00,412764,[에코프로HN] 전지재료담당,1,80,True,"229,234,113,103,217,218"
102765,에코프로그룹,2026 R&D 신입사원 채용,2026-03-17T23:59:00.000+09:00,412765,[에코프로HN] 개발담당,1,23,True,"231,229,217"
102765,에코프로그룹,2026 R&D 신입사원 채용,2026-03-17T23:59:00.000+09:00,412766,[에코프로HN] 반도체소재개발,1,113,True,"221,229,220,217"
102765,에코프로그룹,2026 R&D 신입사원 채용,2026-03-17T23:59:00.000+09:00,412767,[에코프로BM] 미래소재,1,78,True,"229,234,217,218"
102765,에코프로그룹,2026 R&D 신입사원 채용,2026-03-17T23:59:00.000+09:00,412768,[에코프로EM] 공정개발,1,257,True,"229,188,183,217"
102765,에코프로그룹,2026 R&D 신입사원 채용,2026-03-17T23:59:00.000+09:00,412769,[에코프로Innovation] 개발,1,28,True,"229,188,183,217"
102765,에코프로그룹,2026 R&D 신입사원 채용,2026-03-17T23:59:00.000+09:00,412770,[에코프로Materials] 개발,1,159,True,"229,234,188,183,217,218"
102765,에코프로그룹,2026 R&D 신입사원 채용,2026-03-17T23:59:00.000+09:00,412771,[에코프로Materials] 이차전지 소재개발,1,174,True,"229,234,220,217,218"
102766,한화엔진,2026 상반기 학/석사 신입사원 채용,2026-03-22T23:59:00.000+09:00,412772,관리회계/재무회계,1,293,True,"122,123,106,105"
102766,한화엔진,2026 상반기 학/석사 신입사원 채용,2026-03-22T23:59:00.000+09:00,412773,IT 기획/운영,1,710,True,"180,166,167,171,163"
102766,한화엔진,2026 상반기 학/석사 신입사원 채용,2026-03-22T23:59:00.000+09:00,412774,영업(엔진영업),1,181,True,"194,196"
102766,한화엔진,2026 상반기 학/석사 신입사원 채용,2026-03-22T23:59:00.000+09:00,412775,영업(AM영업),1,130,True,"194,195"
102766,한화엔진,2026 상반기 학/석사 신입사원 채용,2026-03-22T23:59:00.000+09:00,412776,프로젝트 엔지니어링,1,142,True,"226,227,216"
102766,한화엔진,2026 상반기 학/석사 신입사원 채용,2026-03-22T23:59:00.000+09:00,412777,생산기술,1,425,True,"187,227,219,183,216"
102766,한화엔진,2026 상반기 학/석사 신입사원 채용,2026-03-22T23:59:00.000+09:00,412778,시운전기술,1,123,True,"189,227,220,183,216"
102766,한화엔진,2026 상반기 학/석사 신입사원 채용,2026-03-22T23:59:00.000+09:00,412779,설계(제품설계),1,268,True,"226,227,219,216"
102766,한화엔진,2026 상반기 학/석사 신입사원 채용,2026-03-22T23:59:00.000+09:00,412780,설계(제어설계),1,142,True,"227,220,216"
102766,한화엔진,2026 상반기 학/석사 신입사원 채용,2026-03-22T23:59:00.000+09:00,412781,R&D,1,81,True,"226,227,216"
102766,한화엔진,2026 상반기 학/석사 신입사원 채용,2026-03-22T23:59:00.000+09:00,412782,품질,1,291,True,"189,227,183,216"
102766,한화엔진,2026 상반기 학/석사 신입사원 채용,2026-03-22T23:59:00.000+09:00,412783,구매,1,257,True,"157,158,147"
102766,한화엔진,2026 상반기 학/석사 신입사원 채용,2026-03-22T23:59:00.000+09:00,412784,안전환경,1,338,True,"191,192,184"
102770,HD현대,2026년 상반기 신입사원 모집,2026-03-24T15:00:00.000+09:00,412798,[HD한국조선해양] 선박기자재 품질 및 납기 관리 (울산),1,215,True,"187,189,183"
102770,HD현대,2026년 상반기 신입사원 모집,2026-03-24T15:00:00.000+09:00,412799,[HD한국조선해양] 선박기자재 품질 및 납기 관리 (목포),1,78,True,"187,189,183"
102770,HD현대,2026년 상반기 신입사원 모집,2026-03-24T15:00:00.000+09:00,412800,[HD한국조선해양] 선박기자재 커미셔닝,1,61,True,"189,186,183"
102770,HD현대,2026년 상반기 신입사원 모집,2026-03-24T15:00:00.000+09:00,412801,[HD한국조선해양] After Service,1,84,True,"186,200"
102770,HD현대,2026년 상반기 신입사원 모집,2026-03-24T15:00:00.000+09:00,412802,[HD현대중공업] 기본설계,1,362,True,"227,219,224,216"
102770,HD현대,2026년 상반기 신입사원 모집,2026-03-24T15:00:00.000+09:00,412803,[HD현대중공업] 상세설계,1,216,True,"227,219,224,216"
102770,HD현대,2026년 상반기 신입사원 모집,2026-03-24T15:00:00.000+09:00,412804,[HD현대중공업] 조선 생산관리,1,258,True,"187,185,183"
102770,HD현대,2026년 상반기 신입사원 모집,2026-03-24T15:00:00.000+09:00,412805,[HD현대중공업] 생산지원,1,232,True,"187,185,183"
102770,HD현대,2026년 상반기 신입사원 모집,2026-03-24T15:00:00.000+09:00,412806,[HD현대중공업] 함정 설계,1,98,True,"227,219,224,216"
102770,HD현대,2026년 상반기 신입사원 모집,2026-03-24T15:00:00.000+09:00,412807,[HD현대중공업] 기술영업,1,116,True,"194,195"
102770,HD현대,2026년 상반기 신입사원 모집,2026-03-24T15:00:00.000+09:00,412808,[HD현대중공업] 엔진기계 설계,1,141,True,"227,219,220,216"
102770,HD현대,2026년 상반기 신입사원 모집,2026-03-24T15:00:00.000+09:00,412809,[HD현대중공업] 엔진기계 생산관리 ,1,213,True,"187,185,183"
102770,HD현대,2026년 상반기 신입사원 모집,2026-03-24T15:00:00.000+09:00,412836,[HD현대중공업] 품질,1,256,True,"189,190,183"
102770,HD현대,2026년 상반기 신입사원 모집,2026-03-24T15:00:00.000+09:00,412810,[HD현대삼호] 설계,1,107,True,"189,227,219,183,216"
102770,HD현대,2026년 상반기 신입사원 모집,2026-03-24T15:00:00.000+09:00,412811,[HD현대삼호] 환경/에너지,1,221,True,"192,230,231,184,217"
102770,HD현대,2026년 상반기 신입사원 모집,2026-03-24T15:00:00.000+09:00,412812,[HD현대삼호] 품질,1,81,True,"189,183"
102770,HD현대,2026년 상반기 신입사원 모집,2026-03-24T15:00:00.000+09:00,412813,[HD현대삼호] 사업기획,1,82,True,"110,112,103"
102770,HD현대,2026년 상반기 신입사원 모집,2026-03-24T15:00:00.000+09:00,412814,[HD현대삼호] 계약관리,1,115,True,"127,108,107"
102770,HD현대,2026년 상반기 신입사원 모집,2026-03-24T15:00:00.000+09:00,412815,[HD현대삼호] 생산관리,1,150,True,"187,185,183"
102770,HD현대,2026년 상반기 신입사원 모집,2026-03-24T15:00:00.000+09:00,412816,[HD현대삼호] 산업설비,1,58,True,"185,186,227,216"
102770,HD현대,2026년 상반기 신입사원 모집,2026-03-24T15:00:00.000+09:00,412817,[HD현대삼호] 총무,1,124,True,"128,107"
102770,HD현대,2026년 상반기 신입사원 모집,2026-03-24T15:00:00.000+09:00,412818,[HD현대삼호] 구매/조달,1,219,True,"157,147"
102770,HD현대,2026년 상반기 신입사원 모집,2026-03-24T15:00:00.000+09:00,412819,[HD현대일렉트릭] 전기설계,1,243,True,220
102770,HD현대,2026년 상반기 신입사원 모집,2026-03-24T15:00:00.000+09:00,412820,[HD현대일렉트릭] 구조설계,1,134,True,"227,219,216"
102770,HD현대,2026년 상반기 신입사원 모집,2026-03-24T15:00:00.000+09:00,412821,[HD현대일렉트릭] 중저압차단기 설계,1,129,True,"219,220"
102770,HD현대,2026년 상반기 신입사원 모집,2026-03-24T15:00:00.000+09:00,412822,[HD현대일렉트릭] 품질경영,1,129,True,"189,183"
102770,HD현대,2026년 상반기 신입사원 모집,2026-03-24T15:00:00.000+09:00,412823,[HD현대일렉트릭] 품질관리,1,292,True,"189,183"
102770,HD현대,2026년 상반기 신입사원 모집,2026-03-24T15:00:00.000+09:00,412824,[HD현대일렉트릭] 국내영업,1,262,True,"194,195"
102770,HD현대,2026년 상반기 신입사원 모집,2026-03-24T15:00:00.000+09:00,412825,[HD현대일렉트릭] 재경,1,427,True,"122,106,105"
102770,HD현대,2026년 상반기 신입사원 모집,2026-03-24T15:00:00.000+09:00,412826,[HD현대일렉트릭] DT,1,468,True,"175,176,171,162"
102770,HD현대,2026년 상반기 신입사원 모집,2026-03-24T15:00:00.000+09:00,412827,[HD현대일렉트릭] HR,1,335,True,"115,104"
102770,HD현대,2026년 상반기 신입사원 모집,2026-03-24T15:00:00.000+09:00,412828,[HD현대로보틱스] 기구양산설계,1,196,True,"227,219,216"
102770,HD현대,2026년 상반기 신입사원 모집,2026-03-24T15:00:00.000+09:00,412829,[HD현대로보틱스] 재경(경영관리),1,359,True,"109,122,106,103,105"
102770,HD현대,2026년 상반기 신입사원 모집,2026-03-24T15:00:00.000+09:00,412830,[HD현대사이트솔루션] 스마트 안전기술,1,317,True,"176,191,227,220,162,184,216"
102770,HD현대,2026년 상반기 신입사원 모집,2026-03-24T15:00:00.000+09:00,412831,[HD건설기계] 제품기획,1,175,True,"138,227,132,216"
102770,HD현대,2026년 상반기 신입사원 모집,2026-03-24T15:00:00.000+09:00,412832,[HD건설기계] 제품설계,1,119,True,"227,219,216"
102770,HD현대,2026년 상반기 신입사원 모집,2026-03-24T15:00:00.000+09:00,412833,[HD건설기계] 제품시험,1,199,True,"160,189,227,183,216"
102770,HD현대,2026년 상반기 신입사원 모집,2026-03-24T15:00:00.000+09:00,412834,[HD현대오일뱅크] 엔지니어 (공정기술/생산기획),1,396,True,"187,188,229,183,217"
102770,HD현대,2026년 상반기 신입사원 모집,2026-03-24T15:00:00.000+09:00,412835,[HD현대오일뱅크] 해외영업,1,586,True,"109,127,154,103,107,146"
102770,HD현대,2026년 상반기 신입사원 모집,2026-03-24T15:00:00.000+09:00,412837,[HD현대오일뱅크] 국내영업,1,546,True,194
102770,HD현대,2026년 상반기 신입사원 모집,2026-03-24T15:00:00.000+09:00,412838,[HD현대오일뱅크] 재무회계,1,327,True,"122,106,105"
102770,HD현대,2026년 상반기 신입사원 모집,2026-03-24T15:00:00.000+09:00,412839,[HD현대오일뱅크] HR,1,581,True,"115,118,104"
102773,현대그룹,2026 상반기 신입 매니저 채용,2026-03-25T23:59:00.000+09:00,412892,[현대엘리베이터] 제어시스템개발,1,259,True,"220,164"
102773,현대그룹,2026 상반기 신입 매니저 채용,2026-03-25T23:59:00.000+09:00,412893,[현대엘리베이터] 군관리시스템개발,1,152,True,"167,180,164,163"
102773,현대그룹,2026 상반기 신입 매니저 채용,2026-03-25T23:59:00.000+09:00,412894,[현대엘리베이터] IoT시스템개발,1,137,True,"164,176,166,162"
102773,현대그룹,2026 상반기 신입 매니저 채용,2026-03-25T23:59:00.000+09:00,412895,[현대엘리베이터] 기계개발,1,144,True,"227,219,216"
102773,현대그룹,2026 상반기 신입 매니저 채용,2026-03-25T23:59:00.000+09:00,412896,[현대엘리베이터] 모듈러시스템개발,1,61,True,"227,219,187,183,216"
102773,현대그룹,2026 상반기 신입 매니저 채용,2026-03-25T23:59:00.000+09:00,412897,[현대엘리베이터] 기계설계,1,227,True,"219,227,216"
102773,현대그룹,2026 상반기 신입 매니저 채용,2026-03-25T23:59:00.000+09:00,412898,[현대엘리베이터] 품질기술,1,262,True,"189,160,183"
102773,현대그룹,2026 상반기 신입 매니저 채용,2026-03-25T23:59:00.000+09:00,412899,[현대엘리베이터] 품질관리,1,252,True,"189,160,183"
102773,현대그룹,2026 상반기 신입 매니저 채용,2026-03-25T23:59:00.000+09:00,412900,[현대엘리베이터] 데이터/AI개발,1,616,True,"167,179,180,163"
102773,현대그룹,2026 상반기 신입 매니저 채용,2026-03-25T23:59:00.000+09:00,412901,[현대엘리베이터] 디지털서비스개발,1,562,True,"171,170,176,162"
102773,현대그룹,2026 상반기 신입 매니저 채용,2026-03-25T23:59:00.000+09:00,412902,[현대엘리베이터] 제품경험디자인,1,168,True,"238,241"
102773,현대그룹,2026 상반기 신입 매니저 채용,2026-03-25T23:59:00.000+09:00,412903,[현대엘리베이터] 안전기획,1,197,True,"191,203,184"
102773,현대그룹,2026 상반기 신입 매니저 채용,2026-03-25T23:59:00.000+09:00,412904,[현대엘리베이터] IR,1,235,True,"124,113,103,105"
102773,현대그룹,2026 상반기 신입 매니저 채용,2026-03-25T23:59:00.000+09:00,412905,[현대엘리베이터] 회계,1,263,True,"106,122,123,105"
102773,현대그룹,2026 상반기 신입 매니저 채용,2026-03-25T23:59:00.000+09:00,412906,[현대엘리베이터] 구매전략,1,369,True,"157,155,146,147"
102773,현대그룹,2026 상반기 신입 매니저 채용,2026-03-25T23:59:00.000+09:00,412907,[현대엘리베이터] 법무,1,114,True,"108,255"
102773,현대그룹,2026 상반기 신입 매니저 채용,2026-03-25T23:59:00.000+09:00,412908,[현대엘리베이터] 인사,1,650,True,"115,118,121,104"
102773,현대그룹,2026 상반기 신입 매니저 채용,2026-03-25T23:59:00.000+09:00,412909,[현대무벡스] 전기설계,1,241,True,"220,219"
102773,현대그룹,2026 상반기 신입 매니저 채용,2026-03-25T23:59:00.000+09:00,412910,[현대무벡스] 기계PE,1,202,True,"227,219,187,183,216"
102773,현대그룹,2026 상반기 신입 매니저 채용,2026-03-25T23:59:00.000+09:00,412911,[현대무벡스] 시스템설계,1,186,True,"219,227,150,145,216"
102773,현대그룹,2026 상반기 신입 매니저 채용,2026-03-25T23:59:00.000+09:00,412912,[현대무벡스] 그룹웨어 운영,1,118,True,"166,170,176,162"
102773,현대그룹,2026 상반기 신입 매니저 채용,2026-03-25T23:59:00.000+09:00,412913,[현대무벡스] WEB개발,1,518,True,"175,176,173,161,162"
102773,현대그룹,2026 상반기 신입 매니저 채용,2026-03-25T23:59:00.000+09:00,412914,[현대무벡스] 회계,1,252,True,"106,122,123,105"
102780,현대오토에버,2026년 상반기 신입 채용,2026-03-23T13:00:00.000+09:00,413038,(로봇SW) Backend Developer,1,222,True,"176,170,162"
102780,현대오토에버,2026년 상반기 신입 채용,2026-03-23T13:00:00.000+09:00,412925,(차량전장SW) Embedded SW Platform Developer_차량제어 SW 플랫폼 개발,1,262,True,"169,220"
102780,현대오토에버,2026년 상반기 신입 채용,2026-03-23T13:00:00.000+09:00,412926,(내비게이션) Embedded SW App Developer_내비게이션 application 영역 내 설정 연동 기능 개발,1,98,True,"165,169"
102780,현대오토에버,2026년 상반기 신입 채용,2026-03-23T13:00:00.000+09:00,412927,(내비게이션) Data Scientist_경로 분석 및 사양 설계,1,255,True,"180,167,163"
102780,현대오토에버,2026년 상반기 신입 채용,2026-03-23T13:00:00.000+09:00,412928,(내비게이션) Fullstack Developer_콘텐츠 서비스 개발,1,86,True,"175,176,162"
102780,현대오토에버,2026년 상반기 신입 채용,2026-03-23T13:00:00.000+09:00,412929,(내비게이션) Backend Developer_백엔드 서비스 개발/운영,1,218,True,"176,162"
102780,현대오토에버,2026년 상반기 신입 채용,2026-03-23T13:00:00.000+09:00,412930,(내비게이션) Embedded SW QC Engineer_신규 내비게이션SW 평가,1,123,True,"160,169"
102780,현대오토에버,2026년 상반기 신입 채용,2026-03-23T13:00:00.000+09:00,414788,(내비게이션) Embedded SW PM_내비게이션 SW 개발 PL,1,24,True,"170,171"
102780,현대오토에버,2026년 상반기 신입 채용,2026-03-23T13:00:00.000+09:00,412961,(보안) Mobiliity Security Engineer_차량보안진단,1,27,True,"166,171"
102780,현대오토에버,2026년 상반기 신입 채용,2026-03-23T13:00:00.000+09:00,412963,(보안) Infra Security Engineer_Endpoint 보안 솔루션 운영,1,24,True,"166,171"
102780,현대오토에버,2026년 상반기 신입 채용,2026-03-23T13:00:00.000+09:00,413005,(보안) Infra Security Engineer_OT_생산망 보안 구축/운영,1,19,True,"166,171"
102780,현대오토에버,2026년 상반기 신입 채용,2026-03-23T13:00:00.000+09:00,412999,(보안) Infra Security Engineer_보안솔루션 구축/운영,1,26,True,"166,171"
102780,현대오토에버,2026년 상반기 신입 채용,2026-03-23T13:00:00.000+09:00,413002,(보안) Infra Security Engineer_SIEM 운영,1,16,True,"166,171"
102780,현대오토에버,2026년 상반기 신입 채용,2026-03-23T13:00:00.000+09:00,413000,(보안) Infra Security Engineer_퍼블릭클라우드 형상관리,1,22,True,"166,171"
102780,현대오토에버,2026년 상반기 신입 채용,2026-03-23T13:00:00.000+09:00,412962,(보안) Service Security Engineer_취약점 관리 솔루션 운영,1,26,True,"166,171"
102780,현대오토에버,2026년 상반기 신입 채용,2026-03-23T13:00:00.000+09:00,413001,(보안) Service Security Engineer_보안관제 품질관리,1,16,True,"166,171"
102780,현대오토에버,2026년 상반기 신입 채용,2026-03-23T13:00:00.000+09:00,413004,(보안) Service Security Engineer_모의해킹,1,20,True,"166,171"
102780,현대오토에버,2026년 상반기 신입 채용,2026-03-23T13:00:00.000+09:00,412964,(보안) Security Strategy_개인정보보호,1,46,True,"166,171"
102780,현대오토에버,2026년 상반기 신입 채용,2026-03-23T13:00:00.000+09:00,413006,(보안) Security Strategy_글로벌 보안 체계 수립,1,16,True,"166,171"
102780,현대오토에버,2026년 상반기 신입 채용,2026-03-23T13:00:00.000+09:00,413003,(보안) Security Strategy_OT 보안 기획,1,20,True,"166,171"
102780,현대오토에버,2026년 상반기 신입 채용,2026-03-23T13:00:00.000+09:00,412931,(클라우드/인프라) Server Engineer_hCloud 구축/운영,1,31,True,166
102780,현대오토에버,2026년 상반기 신입 채용,2026-03-23T13:00:00.000+09:00,412966,(클라우드/인프라) Server Engineer_AI 인프라 구축/운영,1,66,True,"166,167"
102780,현대오토에버,2026년 상반기 신입 채용,2026-03-23T13:00:00.000+09:00,412967,(클라우드/인프라)  Platform Engineer_hCloud 구축/운영,1,63,True,166
102780,현대오토에버,2026년 상반기 신입 채용,2026-03-23T13:00:00.000+09:00,412932,(클라우드/인프라)  Platform Engineer_가상데스크탑 서비스 운영 담당자,1,18,True,"164,166"
102780,현대오토에버,2026년 상반기 신입 채용,2026-03-23T13:00:00.000+09:00,412933,(클라우드/인프라) Fullstack Developer_DBMS 운영 관리 플랫폼 개발,1,56,True,"175,176,166,162"
102780,현대오토에버,2026년 상반기 신입 채용,2026-03-23T13:00:00.000+09:00,412934,(클라우드/인프라) IT Architect_AWS 구축/운영,1,82,True,"164,166"
102780,현대오토에버,2026년 상반기 신입 채용,2026-03-23T13:00:00.000+09:00,412935,(클라우드/인프라) Network Engineer_네트웍 운영,1,59,True,166
102780,현대오토에버,2026년 상반기 신입 채용,2026-03-23T13:00:00.000+09:00,412936,(클라우드/인프라)DB Administrator_글로벌 인프라 지원 DBA(해외법인),1,40,True,"181,166,163"
102780,현대오토에버,2026년 상반기 신입 채용,2026-03-23T13:00:00.000+09:00,412937,(클라우드/인프라) Backend Developer_국내외 커넥티드카 서비스 개 발/운영,1,104,True,"176,166,162"
102780,현대오토에버,2026년 상반기 신입 채용,2026-03-23T13:00:00.000+09:00,412938,(스마트팩토리) Service Engineer_MES시스템 개발/운영 (울산/화성/서울),1,43,True,"164,170"
102780,현대오토에버,2026년 상반기 신입 채용,2026-03-23T13:00:00.000+09:00,412968,(스마트팩토리) Service Engineer_스마트태그 시스템 운영/개발,1,20,True,"164,170"
102780,현대오토에버,2026년 상반기 신입 채용,2026-03-23T13:00:00.000+09:00,412969,(스마트팩토리) Service Engineer_그룹표준 MES시스템 개발/운영,1,24,True,"164,170"
102780,현대오토에버,2026년 상반기 신입 채용,2026-03-23T13:00:00.000+09:00,412970,(스마트팩토리) Service Engineer_OT시스템 개발/운영,1,18,True,"164,170"
102780,현대오토에버,2026년 상반기 신입 채용,2026-03-23T13:00:00.000+09:00,412939,(스마트팩토리) Data Engineer_데이터 파이프라인 개발 및 운영,1,100,True,"179,163"
102780,현대오토에버,2026년 상반기 신입 채용,2026-03-23T13:00:00.000+09:00,412940,(스마트팩토리) Solution Developer_머신비전 시스템 개발/운영,1,81,True,170
102780,현대오토에버,2026년 상반기 신입 채용,2026-03-23T13:00:00.000+09:00,412942,(스마트팩토리) Backend Developer_제조품질시스템 웹 개발/운영 ,1,41,True,"176,162"
102780,현대오토에버,2026년 상반기 신입 채용,2026-03-23T13:00:00.000+09:00,412971,(스마트팩토리) Backend Developer_해외 그룹표준 MES시스템 개발/구축,1,20,True,"176,162"
102780,현대오토에버,2026년 상반기 신입 채용,2026-03-23T13:00:00.000+09:00,412943,"(솔루션 ERP,CRM) Solution Architect_SAP ERP BC 운영",1,31,True,170
102780,현대오토에버,2026년 상반기 신입 채용,2026-03-23T13:00:00.000+09:00,412972,"(솔루션 ERP,CRM) Solution Architect_ERP 구축 프로젝트 수행 및 운 영",1,37,True,170
102780,현대오토에버,2026년 상반기 신입 채용,2026-03-23T13:00:00.000+09:00,412973,"(솔루션 ERP,CRM) Solution Architect_SAP ERP SD 운영",1,28,True,170
102780,현대오토에버,2026년 상반기 신입 채용,2026-03-23T13:00:00.000+09:00,412974,"(솔루션 ERP,CRM) Solution Architect_대내외 SAP ERP 시스템 구축",1,32,True,170
102780,현대오토에버,2026년 상반기 신입 채용,2026-03-23T13:00:00.000+09:00,412944,"(솔루션 ERP,CRM) Solution Developer_SAP ABAP 개발",1,41,True,170
102780,현대오토에버,2026년 상반기 신입 채용,2026-03-23T13:00:00.000+09:00,412975,"(솔루션 ERP,CRM) Solution Developer_SAP ABAP/BTP 개발",1,27,True,170
102780,현대오토에버,2026년 상반기 신입 채용,2026-03-23T13:00:00.000+09:00,412976,"(솔루션 ERP,CRM) Solution Developer_Salesforce 플랫폼 개발/운영",1,18,True,170
102780,현대오토에버,2026년 상반기 신입 채용,2026-03-23T13:00:00.000+09:00,412977,"(솔루션 ERP,CRM) Solution Developer_CRM시스템 개발",1,20,True,170
102780,현대오토에버,2026년 상반기 신입 채용,2026-03-23T13:00:00.000+09:00,412945,(엔터프라이즈 IT) IT Planner_사내 IT 기획/관리,1,250,True,"109,171,103"
102780,현대오토에버,2026년 상반기 신입 채용,2026-03-23T13:00:00.000+09:00,412946,(엔터프라이즈 IT) Frontend Developer_완성차 SI 프로젝트 수행,1,55,True,"175,162"
102780,현대오토에버,2026년 상반기 신입 채용,2026-03-23T13:00:00.000+09:00,412978,(엔터프라이즈 IT) Frontend Developer_딜러평가시스템 프론트엔드 개발/운영,1,153,True,"175,162"
102780,현대오토에버,2026년 상반기 신입 채용,2026-03-23T13:00:00.000+09:00,412947,(엔터프라이즈 IT) Backend Developer_딜러평가시스템 백엔드 개발/운영,1,104,True,"176,162"
102780,현대오토에버,2026년 상반기 신입 채용,2026-03-23T13:00:00.000+09:00,412979,(엔터프라이즈 IT) Backend Developer_WEB 어플리케이션 개발 및 운영_생산계획 시스템,1,91,True,"176,162"
102780,현대오토에버,2026년 상반기 신입 채용,2026-03-23T13:00:00.000+09:00,412980,(엔터프라이즈 IT) Backend Developer_판매시스템 개발,1,77,True,"176,162"
102780,현대오토에버,2026년 상반기 신입 채용,2026-03-23T13:00:00.000+09:00,412981,(엔터프라이즈 IT) Backend Developer_sso 서비스 개발,1,47,True,"176,162"
102780,현대오토에버,2026년 상반기 신입 채용,2026-03-23T13:00:00.000+09:00,412948,(엔터프라이즈 IT) Service Engineer_IT시스템 BA/운영/개발,1,22,True,"164,170"
102780,현대오토에버,2026년 상반기 신입 채용,2026-03-23T13:00:00.000+09:00,412982,(엔터프라이즈 IT) Service Engineer_완성차 품질 시스템 개발/운영,1,33,True,"164,170"
102780,현대오토에버,2026년 상반기 신입 채용,2026-03-23T13:00:00.000+09:00,412983,(엔터프라이즈 IT) Service Engineer_모비스 AS부품시스템 운영,1,18,True,"164,170"
102780,현대오토에버,2026년 상반기 신입 채용,2026-03-23T13:00:00.000+09:00,412984,(엔터프라이즈 IT) Service Engineer_Web 어플리케이션 개발/운영,1,54,True,"164,170"
102780,현대오토에버,2026년 상반기 신입 채용,2026-03-23T13:00:00.000+09:00,412985,(엔터프라이즈 IT) Service Engineer_원료/스크랩구매 시스템 운영,1,16,True,"164,170"
102780,현대오토에버,2026년 상반기 신입 채용,2026-03-23T13:00:00.000+09:00,412986,(엔터프라이즈 IT) Service Engineer_현대제철 MES 플랫폼 구축 및 운영,1,12,True,"164,170"
102780,현대오토에버,2026년 상반기 신입 채용,2026-03-23T13:00:00.000+09:00,412987,(엔터프라이즈 IT) Service Engineer_IT시스템 개발/운영,1,47,True,"164,170"
102780,현대오토에버,2026년 상반기 신입 채용,2026-03-23T13:00:00.000+09:00,412988,(엔터프라이즈 IT) Service Engineer_WEB시스템 운영/개발,1,55,True,"164,170"
102780,현대오토에버,2026년 상반기 신입 채용,2026-03-23T13:00:00.000+09:00,412989,(엔터프라이즈 IT) Service Engineer_MES시스템 운영/개발 (창원),1,21,True,"164,170"
102780,현대오토에버,2026년 상반기 신입 채용,2026-03-23T13:00:00.000+09:00,412990,(엔터프라이즈 IT) Service Engineer_AD 운영 및 구축,1,10,True,"164,170"
102780,현대오토에버,2026년 상반기 신입 채용,2026-03-23T13:00:00.000+09:00,412991,(엔터프라이즈 IT) Service Engineer_MES시스템 운영/개발 (서산),1,9,True,"164,170"
102780,현대오토에버,2026년 상반기 신입 채용,2026-03-23T13:00:00.000+09:00,413858,(엔터프라이즈IT) Service Engineer_그룹웨어 운영 및 유지보수,1,8,True,"164,170"
102780,현대오토에버,2026년 상반기 신입 채용,2026-03-23T13:00:00.000+09:00,413859,(엔터프라이즈IT) Service Engineer_IT시스템 운영 및 유지보수,1,50,True,"164,166,170"
102780,현대오토에버,2026년 상반기 신입 채용,2026-03-23T13:00:00.000+09:00,412949,(엔터프라이즈 IT) Fullstack Developer_완성차 정비시스템 개발/운영,1,24,True,"175,176,162"
102780,현대오토에버,2026년 상반기 신입 채용,2026-03-23T13:00:00.000+09:00,412992,(엔터프라이즈 IT) Fullstack Developer_연구소 엔지니어링 SW 관리 시스템 운영,1,18,True,"175,176,162"
102780,현대오토에버,2026년 상반기 신입 채용,2026-03-23T13:00:00.000+09:00,412993,(엔터프라이즈 IT) Fullstack Developer_WEB 시스템 개발/운영,1,41,True,"175,176,162"
102780,현대오토에버,2026년 상반기 신입 채용,2026-03-23T13:00:00.000+09:00,412950,(엔터프라이즈 IT) Solution Developer_CAD 응용프로그램 개발/운영,1,16,True,170
102780,현대오토에버,2026년 상반기 신입 채용,2026-03-23T13:00:00.000+09:00,412995,(엔터프라이즈 IT) Solution Developer_SAP 개발/운영,1,16,True,170
102780,현대오토에버,2026년 상반기 신입 채용,2026-03-23T13:00:00.000+09:00,412994,(엔터프라이즈 IT) Solution Developer_자동화 서비스 DevOps,1,39,True,170
102780,현대오토에버,2026년 상반기 신입 채용,2026-03-23T13:00:00.000+09:00,412951,(엔터프라이즈 IT) Platform Engineer_연구소 플랫폼 개발/운영,1,25,True,"164,166"
102780,현대오토에버,2026년 상반기 신입 채용,2026-03-23T13:00:00.000+09:00,412952,(엔터프라이즈 IT) Platform Developer_ITSM 개발/운영,1,51,True,"164,165"
102780,현대오토에버,2026년 상반기 신입 채용,2026-03-23T13:00:00.000+09:00,414789,(엔터프라이즈IT) Frontend Developer_웹어플리케이션 개발,1,45,True,"172,173,175,161,162"
102780,현대오토에버,2026년 상반기 신입 채용,2026-03-23T13:00:00.000+09:00,414790,(엔터프라이즈IT) Fullstack Developer_AI 컨택센터 개발/운영,1,21,True,"175,176,177,167,162"
102780,현대오토에버,2026년 상반기 신입 채용,2026-03-23T13:00:00.000+09:00,412953,(UX) UX & UI Designer_UX 기획,1,290,True,241
102780,현대오토에버,2026년 상반기 신입 채용,2026-03-23T13:00:00.000+09:00,412954,(사업기획) Business Strategy_내비게이션 사업,1,153,True,"110,112,103"
102780,현대오토에버,2026년 상반기 신입 채용,2026-03-23T13:00:00.000+09:00,412955,(사업기획)Business Developer_지도 사업/콘텐츠 기획,1,145,True,"110,103"
102780,현대오토에버,2026년 상반기 신입 채용,2026-03-23T13:00:00.000+09:00,412956,(전략기획/경영지원) Business Planning_글로벌 IT사업 기획/지원 및 해외법인 관리,1,160,True,"109,111,103"
102780,현대오토에버,2026년 상반기 신입 채용,2026-03-23T13:00:00.000+09:00,412996,(전략기획/경영지원) Business Planning_전사 투자전략 수립 및 투자과제 관리,1,179,True,"109,111,103"
102780,현대오토에버,2026년 상반기 신입 채용,2026-03-23T13:00:00.000+09:00,412997,(전략기획/경영지원) Business Planning_전사 전략 수립 및 경영현황 관리,1,287,True,"109,111,103"
102780,현대오토에버,2026년 상반기 신입 채용,2026-03-23T13:00:00.000+09:00,412957,(전략기획/경영지원) PR_PR 담당,1,281,True,"142,133"
102780,현대오토에버,2026년 상반기 신입 채용,2026-03-23T13:00:00.000+09:00,412958,(전략기획/경영지원) IR_공시 & 거버넌스,1,174,True,"124,105"
102780,현대오토에버,2026년 상반기 신입 채용,2026-03-23T13:00:00.000+09:00,412959,(전략기획/경영지원) Procurement _IT구매,1,228,True,"157,147"
102780,현대오토에버,2026년 상반기 신입 채용,2026-03-23T13:00:00.000+09:00,412960,(전략기획/경영지원) HRM_인사제도 기획 및 운영,1,421,True,"115,104"
102780,현대오토에버,2026년 상반기 신입 채용,2026-03-23T13:00:00.000+09:00,412998,(전략기획/경영지원) HRM_HR Tech,1,103,True,"115,118,104"
102781,NH투자증권,2026년 상반기 대졸 신입사원 채용,2026-03-20T17:00:00.000+09:00,413013,IB,1,498,True,"210,211,215"
102781,NH투자증권,2026년 상반기 대졸 신입사원 채용,2026-03-20T17:00:00.000+09:00,413014,부동산인프라,1,324,True,"210,209"
102781,NH투자증권,2026년 상반기 대졸 신입사원 채용,2026-03-20T17:00:00.000+09:00,413016,Trading,1,259,True,"210,215"
102781,NH투자증권,2026년 상반기 대졸 신입사원 채용,2026-03-20T17:00:00.000+09:00,413015,본사영업,1,265,True,"201,194,197"
102781,NH투자증권,2026년 상반기 대졸 신입사원 채용,2026-03-20T17:00:00.000+09:00,413017,PB,1,962,True,"201,211,210"
102781,NH투자증권,2026년 상반기 대졸 신입사원 채용,2026-03-20T17:00:00.000+09:00,413018,연금컨설팅,1,284,True,"201,211"
102781,NH투자증권,2026년 상반기 대졸 신입사원 채용,2026-03-20T17:00:00.000+09:00,413019,IT,1,1783,True,"170,171,176,166,162"
102785,롯데케미칼,2026년 3월 [첨단소재사업] 신입사원 채용 일반전형,2026-03-17T23:00:00.000+09:00,412729,글로벌영업,1,285,True,"154,194,197,146"
102785,롯데케미칼,2026년 3월 [첨단소재사업] 신입사원 채용 일반전형,2026-03-17T23:00:00.000+09:00,412730,AD(기술영업),1,100,True,"194,197"
102785,롯데케미칼,2026년 3월 [첨단소재사업] 신입사원 채용 일반전형,2026-03-17T23:00:00.000+09:00,412731,연구개발(의왕),1,266,True,"229,223,217"
102785,롯데케미칼,2026년 3월 [첨단소재사업] 신입사원 채용 일반전형,2026-03-17T23:00:00.000+09:00,413028,연구개발(여수),1,93,True,"229,223,217"
102785,롯데케미칼,2026년 3월 [첨단소재사업] 신입사원 채용 일반전형,2026-03-17T23:00:00.000+09:00,412732,생산관리,1,306,True,"187,183"
102785,롯데케미칼,2026년 3월 [첨단소재사업] 신입사원 채용 일반전형,2026-03-17T23:00:00.000+09:00,412734,안전환경(의왕),1,185,True,"191,192,203,184"
102785,롯데케미칼,2026년 3월 [첨단소재사업] 신입사원 채용 일반전형,2026-03-17T23:00:00.000+09:00,413029,안전환경(여수),1,123,True,"191,192,203,184"
102785,롯데케미칼,2026년 3월 [첨단소재사업] 신입사원 채용 일반전형,2026-03-17T23:00:00.000+09:00,412733,공무(기계),1,132,True,202
102785,롯데케미칼,2026년 3월 [첨단소재사업] 신입사원 채용 일반전형,2026-03-17T23:00:00.000+09:00,412735,품질관리,1,389,True,"189,203,183"
102785,롯데케미칼,2026년 3월 [첨단소재사업] 신입사원 채용 일반전형,2026-03-17T23:00:00.000+09:00,413030,HR(의왕),1,163,True,"115,118,104"
102785,롯데케미칼,2026년 3월 [첨단소재사업] 신입사원 채용 일반전형,2026-03-17T23:00:00.000+09:00,412737,HR(여수),1,56,True,"115,118,104"
102785,롯데케미칼,2026년 3월 [첨단소재사업] 신입사원 채용 일반전형,2026-03-17T23:00:00.000+09:00,412736,경영기획,1,200,True,"109,103"
102805,현대비앤지스틸,대졸신입사원 및 채용형 인턴 채용(회계/경영지원),2026-03-15T23:00:00.000+09:00,413092,회계,1,246,True,"122,106,105"
102805,현대비앤지스틸,대졸신입사원 및 채용형 인턴 채용(회계/경영지원),2026-03-15T23:00:00.000+09:00,413093,경영지원,3,114,True,"127,128,107"
102815,자이씨앤에이,2026년 상반기 신입/경력 정규직 채용,2026-03-22T23:59:00.000+09:00,413103,건축시공,1,125,True,202
102815,자이씨앤에이,2026년 상반기 신입/경력 정규직 채용,2026-03-22T23:59:00.000+09:00,413104,기계시공,1,80,True,"202,205"
102815,자이씨앤에이,2026년 상반기 신입/경력 정규직 채용,2026-03-22T23:59:00.000+09:00,413105,전기시공,1,63,True,"202,204"
102815,자이씨앤에이,2026년 상반기 신입/경력 정규직 채용,2026-03-22T23:59:00.000+09:00,413106,안전관리,1,89,True,203
102815,자이씨앤에이,2026년 상반기 신입/경력 정규직 채용,2026-03-22T23:59:00.000+09:00,413107,현장관리,1,29,True,203
102815,자이씨앤에이,2026년 상반기 신입/경력 정규직 채용,2026-03-22T23:59:00.000+09:00,413108,수주영업,1,141,True,209
102815,자이씨앤에이,2026년 상반기 신입/경력 정규직 채용,2026-03-22T23:59:00.000+09:00,413109,건축시공,2,12,True,202
102815,자이씨앤에이,2026년 상반기 신입/경력 정규직 채용,2026-03-22T23:59:00.000+09:00,413110,기계시공,2,7,True,"202,205"
102815,자이씨앤에이,2026년 상반기 신입/경력 정규직 채용,2026-03-22T23:59:00.000+09:00,413111,전기시공,2,5,True,"202,204"
102815,자이씨앤에이,2026년 상반기 신입/경력 정규직 채용,2026-03-22T23:59:00.000+09:00,413112,안전관리,2,13,True,203
102815,자이씨앤에이,2026년 상반기 신입/경력 정규직 채용,2026-03-22T23:59:00.000+09:00,413113,현장관리,2,3,True,203
102815,자이씨앤에이,2026년 상반기 신입/경력 정규직 채용,2026-03-22T23:59:00.000+09:00,413114,회계,2,9,True,"122,123,124,125,126,106,105"
102815,자이씨앤에이,2026년 상반기 신입/경력 정규직 채용,2026-03-22T23:59:00.000+09:00,413115,건축견적/예산,2,2,True,209
102815,자이씨앤에이,2026년 상반기 신입/경력 정규직 채용,2026-03-22T23:59:00.000+09:00,413121,수주영업,2,8,True,209
102815,자이씨앤에이,2026년 상반기 신입/경력 정규직 채용,2026-03-22T23:59:00.000+09:00,413116,건축설계,2,4,True,207
102815,자이씨앤에이,2026년 상반기 신입/경력 정규직 채용,2026-03-22T23:59:00.000+09:00,413117,기계설계,2,3,True,207
102815,자이씨앤에이,2026년 상반기 신입/경력 정규직 채용,2026-03-22T23:59:00.000+09:00,413118,전기설계,2,1,True,207
102815,자이씨앤에이,2026년 상반기 신입/경력 정규직 채용,2026-03-22T23:59:00.000+09:00,413119,장치설계,2,1,True,207
102815,자이씨앤에이,2026년 상반기 신입/경력 정규직 채용,2026-03-22T23:59:00.000+09:00,413120,구조설계,2,4,True,207
102817,GS건설,2026년 상반기 신입사원 채용,2026-03-22T23:00:00.000+09:00,413125,AI Engineer,1,459,True,"167,180,163"
102817,GS건설,2026년 상반기 신입사원 채용,2026-03-22T23:00:00.000+09:00,413126,개발 (Front-end),1,396,True,"175,176,162"
102817,GS건설,2026년 상반기 신입사원 채용,2026-03-22T23:00:00.000+09:00,413127,사업관리 ,1,176,True,"110,197,103"
102817,GS건설,2026년 상반기 신입사원 채용,2026-03-22T23:00:00.000+09:00,413128,발전영업,1,68,True,"194,196,154,146"
102817,GS건설,2026년 상반기 신입사원 채용,2026-03-22T23:00:00.000+09:00,413129,사업개발 (신재생-기술),1,58,True,"110,230,103,217"
102817,GS건설,2026년 상반기 신입사원 채용,2026-03-22T23:00:00.000+09:00,413130,사업개발 (신재생-영업),1,94,True,"194,230,217"
102817,GS건설,2026년 상반기 신입사원 채용,2026-03-22T23:00:00.000+09:00,413131,발전사업관리,1,56,True,"110,197,103"
102817,GS건설,2026년 상반기 신입사원 채용,2026-03-22T23:00:00.000+09:00,413132,발전 Schedule ,1,101,True,"188,187,183"
102817,GS건설,2026년 상반기 신입사원 채용,2026-03-22T23:00:00.000+09:00,413133,원자력 사업관리,1,49,True,"110,194,230,103,217"
102817,GS건설,2026년 상반기 신입사원 채용,2026-03-22T23:00:00.000+09:00,413134,EPC System ,1,63,True,"166,170"
102817,GS건설,2026년 상반기 신입사원 채용,2026-03-22T23:00:00.000+09:00,413135,견적(Grid) ,1,37,True,"209,220"
102817,GS건설,2026년 상반기 신입사원 채용,2026-03-22T23:00:00.000+09:00,413136,현장안전,1,142,True,"191,203,184"
102817,GS건설,2026년 상반기 신입사원 채용,2026-03-22T23:00:00.000+09:00,413137,현장보건,1,30,True,"192,258,184"
102817,GS건설,2026년 상반기 신입사원 채용,2026-03-22T23:00:00.000+09:00,413138,토목시공 (플랜트),1,33,True,"186,202,206"
102817,GS건설,2026년 상반기 신입사원 채용,2026-03-22T23:00:00.000+09:00,413139,건축시공 (플랜트),1,46,True,"186,202,207"
102817,GS건설,2026년 상반기 신입사원 채용,2026-03-22T23:00:00.000+09:00,413140,철골시공 (플랜트),1,40,True,"186,202"
102817,GS건설,2026년 상반기 신입사원 채용,2026-03-22T23:00:00.000+09:00,413141,계장시공 (플랜트),1,32,True,"186,202,220"
102817,GS건설,2026년 상반기 신입사원 채용,2026-03-22T23:00:00.000+09:00,413142,시운전 (플랜트),1,73,True,"186,187,229,183,217"
102817,GS건설,2026년 상반기 신입사원 채용,2026-03-22T23:00:00.000+09:00,413143,건축시공 (건축·주택),1,232,True,"202,207"
102817,GS건설,2026년 상반기 신입사원 채용,2026-03-22T23:00:00.000+09:00,413144,전기시공 (건축·주택),1,60,True,"202,204,220"
102817,GS건설,2026년 상반기 신입사원 채용,2026-03-22T23:00:00.000+09:00,413145,설비시공 (건축·주택),1,72,True,"202,205"
102817,GS건설,2026년 상반기 신입사원 채용,2026-03-22T23:00:00.000+09:00,413146,토목시공 (인프라),1,54,True,"202,206"
102817,GS건설,2026년 상반기 신입사원 채용,2026-03-22T23:00:00.000+09:00,413147,기본설계 ,1,162,True,"229,207,217"
102817,GS건설,2026년 상반기 신입사원 채용,2026-03-22T23:00:00.000+09:00,413148,발전기계설계 ,1,79,True,"219,227,216"
102817,GS건설,2026년 상반기 신입사원 채용,2026-03-22T23:00:00.000+09:00,413149,발전계장설계 ,1,30,True,"220,219"
102817,GS건설,2026년 상반기 신입사원 채용,2026-03-22T23:00:00.000+09:00,413150,배관설계,1,79,True,"219,227,216"
102817,GS건설,2026년 상반기 신입사원 채용,2026-03-22T23:00:00.000+09:00,413151,전기설계 ,1,74,True,"220,219"
102817,GS건설,2026년 상반기 신입사원 채용,2026-03-22T23:00:00.000+09:00,413152,계장설계 ,1,38,True,"220,219,229,217"
102817,GS건설,2026년 상반기 신입사원 채용,2026-03-22T23:00:00.000+09:00,413153,회전기계설계,1,54,True,"219,227,216"
102817,GS건설,2026년 상반기 신입사원 채용,2026-03-22T23:00:00.000+09:00,413154,토목설계 ,1,28,True,"206,219"
102817,GS건설,2026년 상반기 신입사원 채용,2026-03-22T23:00:00.000+09:00,413155,철골설계 ,1,18,True,"207,219"
102817,GS건설,2026년 상반기 신입사원 채용,2026-03-22T23:00:00.000+09:00,413156,수주영업,1,555,True,"194,196"
102817,GS건설,2026년 상반기 신입사원 채용,2026-03-22T23:00:00.000+09:00,413157,디지털건설,1,84,True,"207,167,180,163"
102817,GS건설,2026년 상반기 신입사원 채용,2026-03-22T23:00:00.000+09:00,413158,건설로보틱스,1,23,True,"202,167"
102817,GS건설,2026년 상반기 신입사원 채용,2026-03-22T23:00:00.000+09:00,413159,환경솔루션,1,40,True,"192,231,208,184,217"
102821,여주에너지서비스,2026년 재무관리 신입구성원 영입,2026-03-18T23:59:00.000+09:00,413171,재무결산 및 세무지원,1,112,True,"106,122,123,256,105"
102844,신한캐피탈,2026년 상반기 수시채용,2026-03-20T17:00:00.000+09:00,413248,정보보호,1,207,True,"166,257"
102844,신한캐피탈,2026년 상반기 수시채용,2026-03-20T17:00:00.000+09:00,413249,IB 기업금융,2,67,True,"210,211,213,215"
102844,신한캐피탈,2026년 상반기 수시채용,2026-03-20T17:00:00.000+09:00,413315,IB 투자금융,2,34,True,"210,211,213,215"
102844,신한캐피탈,2026년 상반기 수시채용,2026-03-20T17:00:00.000+09:00,413250,ICT개발,2,184,True,"175,176,180,170,162,163"
102844,신한캐피탈,2026년 상반기 수시채용,2026-03-20T17:00:00.000+09:00,413251,STO/P2P 통합 플랫폼 전문가,4,6,True,"110,171,210,211,103"
102845,한국투자증권,FY2026 상반기 업무직원 공채 (신입사원 6급),2026-03-30T17:00:00.000+09:00,413252,지점창구업무 (PB 영업지원),1,1287,True,"194,197,200,210,214"
102848,현대건설,2026 상반기 신입사원 채용,2026-03-24T23:59:00.000+09:00,413262,토목사업_토목,1,128,True,"202,206"
102848,현대건설,2026 상반기 신입사원 채용,2026-03-24T23:59:00.000+09:00,413263,건축주택사업_건축,1,317,True,"202,207"
102848,현대건설,2026 상반기 신입사원 채용,2026-03-24T23:59:00.000+09:00,413264,건축주택사업_설비,1,93,True,"202,205"
102848,현대건설,2026 상반기 신입사원 채용,2026-03-24T23:59:00.000+09:00,413265,건축주택사업_전기,1,113,True,"204,220"
102848,현대건설,2026 상반기 신입사원 채용,2026-03-24T23:59:00.000+09:00,413278,건축주택사업_토목,1,30,True,"202,206"
102848,현대건설,2026 상반기 신입사원 채용,2026-03-24T23:59:00.000+09:00,413266,플랜트사업_기계,1,181,True,"208,227,216"
102848,현대건설,2026 상반기 신입사원 채용,2026-03-24T23:59:00.000+09:00,413267,플랜트사업_화공,1,163,True,"208,229,217"
102848,현대건설,2026 상반기 신입사원 채용,2026-03-24T23:59:00.000+09:00,413268,NewEnergy사업_원자력,1,27,True,"208,230,217"
102848,현대건설,2026 상반기 신입사원 채용,2026-03-24T23:59:00.000+09:00,413269,NewEnergy사업_기계,1,163,True,"227,230,216,217"
102848,현대건설,2026 상반기 신입사원 채용,2026-03-24T23:59:00.000+09:00,413270,NewEnergy사업_화공,1,189,True,"229,230,217"
102848,현대건설,2026 상반기 신입사원 채용,2026-03-24T23:59:00.000+09:00,413271,NewEnergy사업_전기,1,172,True,"230,220,217"
102848,현대건설,2026 상반기 신입사원 채용,2026-03-24T23:59:00.000+09:00,413272,NewEnergy사업_토목,1,50,True,"206,230,217"
102848,현대건설,2026 상반기 신입사원 채용,2026-03-24T23:59:00.000+09:00,413273,NewEnergy사업_건축,1,62,True,"207,230,217"
102848,현대건설,2026 상반기 신입사원 채용,2026-03-24T23:59:00.000+09:00,413274,지원본부_경영일반,1,1107,True,"109,122,106,127,103,105,107"
102848,현대건설,2026 상반기 신입사원 채용,2026-03-24T23:59:00.000+09:00,413275,안전품질,1,160,True,"189,191,203,183,184"
102854,SK키파운드리,기술사무직 신입·Junior Talent·경력 모집,2026-03-15T23:59:00.000+09:00,413285,[신입] 제조기술 Engineer (Implant),1,372,True,"185,187,189,221,183"
102854,SK키파운드리,기술사무직 신입·Junior Talent·경력 모집,2026-03-15T23:59:00.000+09:00,413286,[신입] 반도체 제조 Engineer,1,304,True,"185,187,188,183"
102854,SK키파운드리,기술사무직 신입·Junior Talent·경력 모집,2026-03-15T23:59:00.000+09:00,413287,[신입] 재무회계,1,142,True,"106,122,105"
102854,SK키파운드리,기술사무직 신입·Junior Talent·경력 모집,2026-03-15T23:59:00.000+09:00,413288,[Junior Talent] 제조기술 Junior Engineer (Implant),2,33,True,"185,187,189,221,183"
102854,SK키파운드리,기술사무직 신입·Junior Talent·경력 모집,2026-03-15T23:59:00.000+09:00,413289,[Junior Talent] 재무회계,2,14,True,"106,122,105"
102854,SK키파운드리,기술사무직 신입·Junior Talent·경력 모집,2026-03-15T23:59:00.000+09:00,413290,[Junior Talent] 경영기획,2,22,True,"109,122,113,103,105"
102854,SK키파운드리,기술사무직 신입·Junior Talent·경력 모집,2026-03-15T23:59:00.000+09:00,413291,[경력] TCAD Engineer,2,11,True,"221,164,167"
102854,SK키파운드리,기술사무직 신입·Junior Talent·경력 모집,2026-03-15T23:59:00.000+09:00,413292,[경력] 공정기술 (Cleaning),2,7,True,"185,187,188,189,183"
102854,SK키파운드리,기술사무직 신입·Junior Talent·경력 모집,2026-03-15T23:59:00.000+09:00,413293,[경력] YE (수율개선),2,3,True,"187,189,188,183"
102854,SK키파운드리,기술사무직 신입·Junior Talent·경력 모집,2026-03-15T23:59:00.000+09:00,413294,[경력] 국내변호사,2,4,True,"108,255"
102863,S-OIL,2026 신입사원 채용 (소매영업),2026-03-29T23:59:00.000+09:00,413307,소매영업,1,1003,True,"194,196,197"
102890,삼성웰스토리,2026년도 상반기 신입사원 채용,2026-03-17T17:00:00.000+09:00,413354,경영지원,1,191,True,"127,109,197,103,107"
102890,삼성웰스토리,2026년도 상반기 신입사원 채용,2026-03-17T17:00:00.000+09:00,413355,경영지원(재무),1,95,True,"106,122,123,125,105"
102890,삼성웰스토리,2026년도 상반기 신입사원 채용,2026-03-17T17:00:00.000+09:00,413356,수주영업,1,185,True,"194,196,197"
102890,삼성웰스토리,2026년도 상반기 신입사원 채용,2026-03-17T17:00:00.000+09:00,413357,품질위생,1,120,True,"189,235,191,183,184,218"
102899,KT커머스,"2026년 신입사원 채용(재무회계, 구매)",2026-03-20T23:59:00.000+09:00,413386,재무회계,1,285,True,"122,123,124,125,126,106,105"
102899,KT커머스,"2026년 신입사원 채용(재무회계, 구매)",2026-03-20T23:59:00.000+09:00,413387,구매,1,411,True,"157,158,159,147"
102909,삼성물산(건설),2026년 상반기 3급 신입사원 채용 공고,2026-03-17T17:00:00.000+09:00,413411,기술직(플랜트/에너지):건축,1,70,True,"202,207,208"
102909,삼성물산(건설),2026년 상반기 3급 신입사원 채용 공고,2026-03-17T17:00:00.000+09:00,413412,기술직(플랜트/에너지):기계,1,84,True,"205,208,227,216"
102909,삼성물산(건설),2026년 상반기 3급 신입사원 채용 공고,2026-03-17T17:00:00.000+09:00,413413,기술직(플랜트/에너지):전기전자,1,71,True,"204,208,220"
102909,삼성물산(건설),2026년 상반기 3급 신입사원 채용 공고,2026-03-17T17:00:00.000+09:00,413414,기술직(데이터센터/오피스빌딩):건축,1,98,True,"202,207"
102909,삼성물산(건설),2026년 상반기 3급 신입사원 채용 공고,2026-03-17T17:00:00.000+09:00,413415,기술직(데이터센터/오피스빌딩):기계,1,54,True,"202,205,227,216"
102909,삼성물산(건설),2026년 상반기 3급 신입사원 채용 공고,2026-03-17T17:00:00.000+09:00,413416,기술직(데이터센터/오피스빌딩):전기전자,1,33,True,"202,204,220"
102909,삼성물산(건설),2026년 상반기 3급 신입사원 채용 공고,2026-03-17T17:00:00.000+09:00,413417,기술직(주택):건축,1,150,True,"202,207"
102909,삼성물산(건설),2026년 상반기 3급 신입사원 채용 공고,2026-03-17T17:00:00.000+09:00,413418,기술직(주택):기계,1,30,True,"202,205,227,216"
102909,삼성물산(건설),2026년 상반기 3급 신입사원 채용 공고,2026-03-17T17:00:00.000+09:00,413419,기술직(주택):전기전자,1,19,True,"202,204,220"
102909,삼성물산(건설),2026년 상반기 3급 신입사원 채용 공고,2026-03-17T17:00:00.000+09:00,413420,기술직(반도체생산설비):건축,1,44,True,"202,207,221"
102909,삼성물산(건설),2026년 상반기 3급 신입사원 채용 공고,2026-03-17T17:00:00.000+09:00,413421,기술직(반도체생산설비):기계,1,40,True,"202,227,221,216"
102909,삼성물산(건설),2026년 상반기 3급 신입사원 채용 공고,2026-03-17T17:00:00.000+09:00,413422,기술직(반도체생산설비):전기전자,1,33,True,"202,220,221"
102909,삼성물산(건설),2026년 상반기 3급 신입사원 채용 공고,2026-03-17T17:00:00.000+09:00,413423,기술직(안전),1,110,True,"191,203,184"
102909,삼성물산(건설),2026년 상반기 3급 신입사원 채용 공고,2026-03-17T17:00:00.000+09:00,413424,기술직(IT 기획/운영),1,171,True,"179,180,167,170,171,163"
102909,삼성물산(건설),2026년 상반기 3급 신입사원 채용 공고,2026-03-17T17:00:00.000+09:00,413425,경영지원직(일반),1,200,True,"109,115,122,106,127,103,104,105,107"
102910,삼성생명,2026 상반기 신입사원 채용,2026-03-17T17:00:00.000+09:00,413426,영업관리,1,601,True,"197,201,196,194"
102910,삼성생명,2026 상반기 신입사원 채용,2026-03-17T17:00:00.000+09:00,413427,상품계리,1,85,True,"212,122,113,180,103,105,163"
102910,삼성생명,2026 상반기 신입사원 채용,2026-03-17T17:00:00.000+09:00,413428,자산운용,1,97,True,"210,211,215,122,105"
102910,삼성생명,2026 상반기 신입사원 채용,2026-03-17T17:00:00.000+09:00,413429,투자자산관리,1,142,True,"106,122,125,127,105,107"
102910,삼성생명,2026 상반기 신입사원 채용,2026-03-17T17:00:00.000+09:00,413430,디지털 서비스 기획/운영,1,361,True,"171,167,180,166,160,163"
102910,삼성생명,2026 상반기 신입사원 채용,2026-03-17T17:00:00.000+09:00,413431,IT 서비스 기획/운영,1,404,True,"176,166,171,170,164,162"
102910,삼성생명,2026 상반기 신입사원 채용,2026-03-17T17:00:00.000+09:00,413432,보험지원,1,172,True,"200,127,213,108,107"
102912,삼성증권,2026년 상반기 3급 신입사원 채용,2026-03-17T17:00:00.000+09:00,413444,WM,1,333,True,"201,210,211"
102912,삼성증권,2026년 상반기 3급 신입사원 채용,2026-03-17T17:00:00.000+09:00,413445,IB(기업금융),1,113,True,"122,210,211,105"
102912,삼성증권,2026년 상반기 3급 신입사원 채용,2026-03-17T17:00:00.000+09:00,413446,IB(대체투자),1,90,True,"122,210,211,105"
102912,삼성증권,2026년 상반기 3급 신입사원 채용,2026-03-17T17:00:00.000+09:00,413447,Sales&Trading(운용),1,38,True,"122,210,211,105"
102912,삼성증권,2026년 상반기 3급 신입사원 채용,2026-03-17T17:00:00.000+09:00,413448,Sales&Trading(세일즈),1,40,True,"154,194,210,146"
102912,삼성증권,2026년 상반기 3급 신입사원 채용,2026-03-17T17:00:00.000+09:00,413449,리서치,1,61,True,"113,215,253,103"
102912,삼성증권,2026년 상반기 3급 신입사원 채용,2026-03-17T17:00:00.000+09:00,413450,디지털 서비스 기획/운영,1,269,True,"136,137,180,171,132,163"
102912,삼성증권,2026년 상반기 3급 신입사원 채용,2026-03-17T17:00:00.000+09:00,413451,연금 사업지원/영업,1,110,True,"110,197,201,103"
102912,삼성증권,2026년 상반기 3급 신입사원 채용,2026-03-17T17:00:00.000+09:00,413452,IT서비스 기획/운영,1,338,True,"176,166,170,171,162"
102912,삼성증권,2026년 상반기 3급 신입사원 채용,2026-03-17T17:00:00.000+09:00,413453,AI 서비스 기획/운영,1,156,True,"179,180,167,171,163"
102912,삼성증권,2026년 상반기 3급 신입사원 채용,2026-03-17T17:00:00.000+09:00,413454,경영지원,1,168,True,"110,122,106,127,103,105,107"
102912,삼성증권,2026년 상반기 3급 신입사원 채용,2026-03-17T17:00:00.000+09:00,413547,노무사,1,23,True,"115,116,108,104"
102913,삼성전자 DS부문,2026년 상반기 3급 신입사원 채용,2026-03-17T17:00:00.000+09:00,413455,반도체공정기술 (메모리),1,1758,True,"221,220,229,217"
102913,삼성전자 DS부문,2026년 상반기 3급 신입사원 채용,2026-03-17T17:00:00.000+09:00,413456,설비기술 (메모리),1,630,True,"220,227,185,216"
102913,삼성전자 DS부문,2026년 상반기 3급 신입사원 채용,2026-03-17T17:00:00.000+09:00,413457,회로설계 (S.LSI),1,216,True,"221,220"
102913,삼성전자 DS부문,2026년 상반기 3급 신입사원 채용,2026-03-17T17:00:00.000+09:00,413458,신호및시스템설계 (S.LSI),1,117,True,"221,220,222"
102913,삼성전자 DS부문,2026년 상반기 3급 신입사원 채용,2026-03-17T17:00:00.000+09:00,413459,평가및분석 (S.LSI),1,180,True,"221,189,180,163,183"
102913,삼성전자 DS부문,2026년 상반기 3급 신입사원 채용,2026-03-17T17:00:00.000+09:00,413460,반도체공정설계 (S.LSI),1,66,True,"221,220,219"
102913,삼성전자 DS부문,2026년 상반기 3급 신입사원 채용,2026-03-17T17:00:00.000+09:00,413461,회로설계 (Foundry),1,144,True,"221,220"
102913,삼성전자 DS부문,2026년 상반기 3급 신입사원 채용,2026-03-17T17:00:00.000+09:00,413462,평가및분석 (Foundry),1,324,True,"221,189,180,163,183"
102913,삼성전자 DS부문,2026년 상반기 3급 신입사원 채용,2026-03-17T17:00:00.000+09:00,413463,반도체공정설계 (Foundry),1,221,True,"221,220,219"
102913,삼성전자 DS부문,2026년 상반기 3급 신입사원 채용,2026-03-17T17:00:00.000+09:00,413464,반도체공정기술 (Foundry),1,523,True,"221,220,229,217"
102913,삼성전자 DS부문,2026년 상반기 3급 신입사원 채용,2026-03-17T17:00:00.000+09:00,413465,설비기술 (Foundry),1,290,True,"220,227,185,216"
102913,삼성전자 DS부문,2026년 상반기 3급 신입사원 채용,2026-03-17T17:00:00.000+09:00,413466,생산관리 (Foundry),1,331,True,"187,188,183"
102913,삼성전자 DS부문,2026년 상반기 3급 신입사원 채용,2026-03-17T17:00:00.000+09:00,413467,반도체공정기술 (CTO_반도체 연구소),1,167,True,"221,220,229,217"
102913,삼성전자 DS부문,2026년 상반기 3급 신입사원 채용,2026-03-17T17:00:00.000+09:00,413468,설비기술 (CTO_반도체 연구소),1,77,True,"220,227,185,216"
102913,삼성전자 DS부문,2026년 상반기 3급 신입사원 채용,2026-03-17T17:00:00.000+09:00,413469,인프라기술 (글로벌 제조&인프라 총괄),1,550,True,"204,207,206,128,107"
102913,삼성전자 DS부문,2026년 상반기 3급 신입사원 채용,2026-03-17T17:00:00.000+09:00,413470,환경 (글로벌 제조&인프라 총괄),1,243,True,"192,231,208,184,217"
102913,삼성전자 DS부문,2026년 상반기 3급 신입사원 채용,2026-03-17T17:00:00.000+09:00,413471,반도체공정기술 (TSP총괄),1,263,True,"221,220,229,217"
102913,삼성전자 DS부문,2026년 상반기 3급 신입사원 채용,2026-03-17T17:00:00.000+09:00,413472,생산관리 (TSP총괄),1,138,True,"187,188,180,163,183"
102913,삼성전자 DS부문,2026년 상반기 3급 신입사원 채용,2026-03-17T17:00:00.000+09:00,413473,신호및시스템설계 (AI센터),1,101,True,"167,220,222"
102913,삼성전자 DS부문,2026년 상반기 3급 신입사원 채용,2026-03-17T17:00:00.000+09:00,413474,SW개발 (AI센터),1,423,True,"167,176,175,162"
102913,삼성전자 DS부문,2026년 상반기 3급 신입사원 채용,2026-03-17T17:00:00.000+09:00,413475,경영지원 (부문공통),1,423,True,"122,106,109,103,105"
102914,삼성디스플레이,2026년 상반기 3급 신입사원 채용,2026-03-17T17:00:00.000+09:00,413476,연구개발,1,242,True,"227,229,220,221,216,217"
102914,삼성디스플레이,2026년 상반기 3급 신입사원 채용,2026-03-17T17:00:00.000+09:00,413477,공정기술,1,155,True,"187,188,189,185,183"
102914,삼성디스플레이,2026년 상반기 3급 신입사원 채용,2026-03-17T17:00:00.000+09:00,413478,설비인프라기술,1,118,True,"191,192,185,186,184"
102914,삼성디스플레이,2026년 상반기 3급 신입사원 채용,2026-03-17T17:00:00.000+09:00,413479,경영지원,1,324,True,"109,115,127,157,103,104,107,147"
102914,삼성디스플레이,2026년 상반기 3급 신입사원 채용,2026-03-17T17:00:00.000+09:00,413480,경영지원(재무),1,134,True,"109,122,125,106,103,105"
102914,삼성디스플레이,2026년 상반기 3급 신입사원 채용,2026-03-17T17:00:00.000+09:00,413481,영업마케팅,1,202,True,"137,194,196,197,132"
102915,삼성물산(상사),2026년 상반기 신입사원 채용 및 대학생 인턴모집,2026-03-17T17:00:00.000+09:00,413482,기술영업직,1,106,True,"154,195,196,146"
102915,삼성물산(상사),2026년 상반기 신입사원 채용 및 대학생 인턴모집,2026-03-17T17:00:00.000+09:00,413483,영업직,1,286,True,"154,195,196,146"
102915,삼성물산(상사),2026년 상반기 신입사원 채용 및 대학생 인턴모집,2026-03-17T17:00:00.000+09:00,413484,경영지원직(관리/금융/재무),1,164,True,"154,195,196,146"
102915,삼성물산(상사),2026년 상반기 신입사원 채용 및 대학생 인턴모집,2026-03-17T17:00:00.000+09:00,413485,기술영업직,3,28,True,"154,195,196,146"
102915,삼성물산(상사),2026년 상반기 신입사원 채용 및 대학생 인턴모집,2026-03-17T17:00:00.000+09:00,413486,영업직,3,46,True,"154,194,196,146"
102915,삼성물산(상사),2026년 상반기 신입사원 채용 및 대학생 인턴모집,2026-03-17T17:00:00.000+09:00,413487,경영지원직(관리/금융/재무),3,53,True,"154,194,196,146"
102917,삼성E&A,2026 상반기 3급 신입사원 채용 및 대학생 인턴 모집,2026-03-17T17:00:00.000+09:00,413503,기술직(설계/조달),1,276,True,"159,207,219,147"
102917,삼성E&A,2026 상반기 3급 신입사원 채용 및 대학생 인턴 모집,2026-03-17T17:00:00.000+09:00,413504,기술직(사업관리/시공관리/품질),1,202,True,"110,202,203,103"
102917,삼성E&A,2026 상반기 3급 신입사원 채용 및 대학생 인턴 모집,2026-03-17T17:00:00.000+09:00,413505,안전보건관리직,1,80,True,203
102917,삼성E&A,2026 상반기 3급 신입사원 채용 및 대학생 인턴 모집,2026-03-17T17:00:00.000+09:00,413506,경영지원직,1,139,True,"109,110,127,128,103,107"
102917,삼성E&A,2026 상반기 3급 신입사원 채용 및 대학생 인턴 모집,2026-03-17T17:00:00.000+09:00,413507,기술직(설계/조달),3,64,True,"207,219"
102917,삼성E&A,2026 상반기 3급 신입사원 채용 및 대학생 인턴 모집,2026-03-17T17:00:00.000+09:00,413508,기술직(사업관리/시공관리/품질),3,43,True,"110,202,203,103"
102917,삼성E&A,2026 상반기 3급 신입사원 채용 및 대학생 인턴 모집,2026-03-17T17:00:00.000+09:00,413509,안전보건관리직,3,37,True,203
102917,삼성E&A,2026 상반기 3급 신입사원 채용 및 대학생 인턴 모집,2026-03-17T17:00:00.000+09:00,413510,경영지원직,3,40,True,"109,110,127,128,103,107"
102918,삼성자산운용,2026년 상반기 3급 신입사원 채용,2026-03-17T17:00:00.000+09:00,413511,자산운용,1,117,True,"210,211,215"
102918,삼성자산운용,2026년 상반기 3급 신입사원 채용,2026-03-17T17:00:00.000+09:00,413512,경영지원,1,149,True,"109,110,115,138,197,103,104,132"
102919,삼성에스원,2026 상반기 3급 신입사원/인턴 채용,2026-03-17T17:00:00.000+09:00,413513,보안시스템영업,1,71,True,"194,196"
102919,삼성에스원,2026 상반기 3급 신입사원/인턴 채용,2026-03-17T17:00:00.000+09:00,413514,부동산자산관리(PM),1,91,True,"128,209,107"
102919,삼성에스원,2026 상반기 3급 신입사원/인턴 채용,2026-03-17T17:00:00.000+09:00,413515,시설관리(FM),1,67,True,"128,186,204,205,107"
102919,삼성에스원,2026 상반기 3급 신입사원/인턴 채용,2026-03-17T17:00:00.000+09:00,413516,SI기술,1,48,True,"166,170,220,222"
102919,삼성에스원,2026 상반기 3급 신입사원/인턴 채용,2026-03-17T17:00:00.000+09:00,413517,연구개발(S/W),1,103,True,"176,165,167,170,162"
102919,삼성에스원,2026 상반기 3급 신입사원/인턴 채용,2026-03-17T17:00:00.000+09:00,413518,경영지원,1,119,True,"109,111,115,127,197,103,104,107"
102919,삼성에스원,2026 상반기 3급 신입사원/인턴 채용,2026-03-17T17:00:00.000+09:00,413519,연구개발(S/W),3,22,True,"176,165,167,170,162"
102919,삼성에스원,2026 상반기 3급 신입사원/인턴 채용,2026-03-17T17:00:00.000+09:00,413520,디자인,3,36,True,"243,238,241,237"
102920,삼성전자 DX부문,2026년 상반기 3급 신입사원 채용,2026-03-17T17:00:00.000+09:00,413521,[MX사업부]회로설계,1,185,True,"220,221"
102920,삼성전자 DX부문,2026년 상반기 3급 신입사원 채용,2026-03-17T17:00:00.000+09:00,413525,[MX사업부]인공지능,1,260,True,"180,167,163"
102920,삼성전자 DX부문,2026년 상반기 3급 신입사원 채용,2026-03-17T17:00:00.000+09:00,413538,[MX사업부]B2C 영업,1,183,True,194
102920,삼성전자 DX부문,2026년 상반기 3급 신입사원 채용,2026-03-17T17:00:00.000+09:00,413539,[MX사업부]제품/서비스 마케팅,1,292,True,"137,132"
102920,삼성전자 DX부문,2026년 상반기 3급 신입사원 채용,2026-03-17T17:00:00.000+09:00,413522,[미래로봇추진단]회로설계,1,85,True,"220,221"
102920,삼성전자 DX부문,2026년 상반기 3급 신입사원 채용,2026-03-17T17:00:00.000+09:00,413524,[미래로봇추진단]시스템 소프트웨어,1,252,True,"176,164,162"
102920,삼성전자 DX부문,2026년 상반기 3급 신입사원 채용,2026-03-17T17:00:00.000+09:00,413523,[네트워크사업부]시스템 개발,1,91,True,"164,220,222"
102920,삼성전자 DX부문,2026년 상반기 3급 신입사원 채용,2026-03-17T17:00:00.000+09:00,413527,[네트워크사업부]미들웨어 개발,1,68,True,"176,170,162"
102920,삼성전자 DX부문,2026년 상반기 3급 신입사원 채용,2026-03-17T17:00:00.000+09:00,413528,[네트워크사업부]서버 소프트웨어,1,378,True,"176,166,162"
102920,삼성전자 DX부문,2026년 상반기 3급 신입사원 채용,2026-03-17T17:00:00.000+09:00,413529,[네트워크사업부]애플리케이션 개발,1,128,True,"175,176,165,162"
102920,삼성전자 DX부문,2026년 상반기 3급 신입사원 채용,2026-03-17T17:00:00.000+09:00,413540,[네트워크사업부]B2B 영업,1,75,True,"194,196"
102920,삼성전자 DX부문,2026년 상반기 3급 신입사원 채용,2026-03-17T17:00:00.000+09:00,413535,[네트워크사업부]구매,1,343,True,"157,147"
102920,삼성전자 DX부문,2026년 상반기 3급 신입사원 채용,2026-03-17T17:00:00.000+09:00,413526,[Samsung Research]인공지능,1,149,True,"180,167,163"
102920,삼성전자 DX부문,2026년 상반기 3급 신입사원 채용,2026-03-17T17:00:00.000+09:00,413530,[Global CS센터]품질,1,292,True,"160,189,183"
102920,삼성전자 DX부문,2026년 상반기 3급 신입사원 채용,2026-03-17T17:00:00.000+09:00,413532,[DA사업부]B2C 영업,1,97,True,"154,194,146"
102920,삼성전자 DX부문,2026년 상반기 3급 신입사원 채용,2026-03-17T17:00:00.000+09:00,413541,[DA사업부]제품/서비스 마케팅,1,171,True,"137,132"
102920,삼성전자 DX부문,2026년 상반기 3급 신입사원 채용,2026-03-17T17:00:00.000+09:00,413542,[DA사업부]B2B 영업,1,131,True,"194,196"
102920,삼성전자 DX부문,2026년 상반기 3급 신입사원 채용,2026-03-17T17:00:00.000+09:00,413531,[영상디스플레이사업부]제품/서비스 마케팅,1,186,True,"137,138,132"
102920,삼성전자 DX부문,2026년 상반기 3급 신입사원 채용,2026-03-17T17:00:00.000+09:00,413533,[영상디스플레이사업부]B2B 영업,1,73,True,"154,196,146"
102920,삼성전자 DX부문,2026년 상반기 3급 신입사원 채용,2026-03-17T17:00:00.000+09:00,413534,[한국총괄]국내영업마케팅,1,487,True,"137,194,132"
102920,삼성전자 DX부문,2026년 상반기 3급 신입사원 채용,2026-03-17T17:00:00.000+09:00,413536,[Global EHS실]환경안전,1,182,True,"191,192,184"
102920,삼성전자 DX부문,2026년 상반기 3급 신입사원 채용,2026-03-17T17:00:00.000+09:00,413537,[Global EHS실]인프라기술,1,98,True,"128,186,107"
102922,삼성바이오로직스,2026년 상반기 3급 신입사원 채용 공고,2026-03-17T17:00:00.000+09:00,413544,공정엔지니어링직,1,513,True,"187,189,185,234,235,183,218"
102922,삼성바이오로직스,2026년 상반기 3급 신입사원 채용 공고,2026-03-17T17:00:00.000+09:00,413545,경영지원직(재무),1,157,True,"109,111,122,125,106,103,105"
102928,삼성전자 DS부문,Full-time opportunity for international students (DS),2026-03-17T17:00:00.000+09:00,413582,Process technology,1,17,True,"187,189,185,227,219,220,221,183,216"
102929,삼성글로벌리서치,2026년 상반기 3급 신입사원 채용 공고,2026-03-17T17:00:00.000+09:00,413583,인사,1,205,True,"115,117,118,119,120,104"
102929,삼성글로벌리서치,2026년 상반기 3급 신입사원 채용 공고,2026-03-17T17:00:00.000+09:00,413584,IT서비스 기획/운영,1,212,True,"175,176,171,241,162"
102931,LG전자,2026 R&D 석/박사 산학장학생 채용,2026-03-30T10:00:00.000+09:00,413586,HW(전기전자) R&D,1,126,True,"220,221"
102931,LG전자,2026 R&D 석/박사 산학장학생 채용,2026-03-30T10:00:00.000+09:00,413587,SW R&D,1,114,True,"175,176,165,167,162"
102931,LG전자,2026 R&D 석/박사 산학장학생 채용,2026-03-30T10:00:00.000+09:00,413588,Mechanical(기계/기구) R&D,1,78,True,"227,219,216"
102931,LG전자,2026 R&D 석/박사 산학장학생 채용,2026-03-30T10:00:00.000+09:00,413589,Material(소재/재료) R&D,1,120,True,"229,223,217"
102931,LG전자,2026 R&D 석/박사 산학장학생 채용,2026-03-30T10:00:00.000+09:00,413590,Production R&D,1,26,True,"187,185,183"
102931,LG전자,2026 R&D 석/박사 산학장학생 채용,2026-03-30T10:00:00.000+09:00,413591,IT/Communication R&D,1,40,True,"166,222"
102940,제일기획,2026년 상반기 3급 신입사원 채용 공고,2026-03-17T17:00:00.000+09:00,413610,기획직,1,186,True,"110,134,137,103,132"
102940,제일기획,2026년 상반기 3급 신입사원 채용 공고,2026-03-17T17:00:00.000+09:00,413611,마케팅전략,1,97,True,"112,113,137,103,132"
102940,제일기획,2026년 상반기 3급 신입사원 채용 공고,2026-03-17T17:00:00.000+09:00,413612,리테일마케팅,1,77,True,"137,151,149,132,145"
102940,제일기획,2026년 상반기 3급 신입사원 채용 공고,2026-03-17T17:00:00.000+09:00,413613,플랫폼기획직,1,99,True,"110,136,171,103,132"
102940,제일기획,2026년 상반기 3급 신입사원 채용 공고,2026-03-17T17:00:00.000+09:00,413614,데이터기획직,1,88,True,"179,180,167,163"
102940,제일기획,2026년 상반기 3급 신입사원 채용 공고,2026-03-17T17:00:00.000+09:00,413615,방송직(PD),1,105,True,"135,247,248,132"
102940,제일기획,2026년 상반기 3급 신입사원 채용 공고,2026-03-17T17:00:00.000+09:00,413616,제작직(Art),1,91,True,"141,242,243,133,237"
102940,제일기획,2026년 상반기 3급 신입사원 채용 공고,2026-03-17T17:00:00.000+09:00,413617,제작직(CW),1,43,True,"135,140,141,132,133"
102940,제일기획,2026년 상반기 3급 신입사원 채용 공고,2026-03-17T17:00:00.000+09:00,413618,UI/UX디자인직,1,128,True,"175,171,241,162"
102940,제일기획,2026년 상반기 3급 신입사원 채용 공고,2026-03-17T17:00:00.000+09:00,413619,소프트웨어직,1,171,True,"175,176,170,162"
102940,제일기획,2026년 상반기 3급 신입사원 채용 공고,2026-03-17T17:00:00.000+09:00,413620,경영지원직(일반),1,140,True,"115,118,142,104,133"
102942,삼성물산(패션),2026년 상반기 3급 신입사원 채용 공고,2026-03-17T17:00:00.000+09:00,413622,상품기획,1,229,True,"137,138,149,132"
102942,삼성물산(패션),2026년 상반기 3급 신입사원 채용 공고,2026-03-17T17:00:00.000+09:00,413623,Retail영업,1,221,True,"151,154,194,197,145,146"
102942,삼성물산(패션),2026년 상반기 3급 신입사원 채용 공고,2026-03-17T17:00:00.000+09:00,413624,경영지원,1,181,True,"109,112,115,103,104"
102944,삼성전자 DX부문,Full-Time Opportunity for International Students,2026-03-17T17:00:00.000+09:00,413627,[Mobile eXperience Business] Circuit Design,1,9,True,"220,221"
102944,삼성전자 DX부문,Full-Time Opportunity for International Students,2026-03-17T17:00:00.000+09:00,413628,[Future Robotics Office] Circuit Design,1,0,True,"220,221"
102944,삼성전자 DX부문,Full-Time Opportunity for International Students,2026-03-17T17:00:00.000+09:00,413629,[Networks Business] System Development,1,2,True,"164,222"
102944,삼성전자 DX부문,Full-Time Opportunity for International Students,2026-03-17T17:00:00.000+09:00,413630,[Future Robotics Office] System Software,1,1,True,"164,165,176,162"
102944,삼성전자 DX부문,Full-Time Opportunity for International Students,2026-03-17T17:00:00.000+09:00,413631,[Mobile eXperience Business] Artificial Intelligence,1,2,True,"167,180,163"
102944,삼성전자 DX부문,Full-Time Opportunity for International Students,2026-03-17T17:00:00.000+09:00,413632,[Samsung Research] Artificial Intelligence,1,0,True,"167,180,163"
102944,삼성전자 DX부문,Full-Time Opportunity for International Students,2026-03-17T17:00:00.000+09:00,413633,[Networks Business] Middleware Development,1,1,True,"165,176,162"
102944,삼성전자 DX부문,Full-Time Opportunity for International Students,2026-03-17T17:00:00.000+09:00,413634,[Networks Business] Server Software,1,1,True,"176,166,162"
102944,삼성전자 DX부문,Full-Time Opportunity for International Students,2026-03-17T17:00:00.000+09:00,413635,[Networks Business] Application Development,1,4,True,"165,172,173,161"
102944,삼성전자 DX부문,Full-Time Opportunity for International Students,2026-03-17T17:00:00.000+09:00,413636,[Visual Display Business] Product/Service Marketing,1,0,True,"137,138,132"
102944,삼성전자 DX부문,Full-Time Opportunity for International Students,2026-03-17T17:00:00.000+09:00,413637,[Digital Appliances Business] Product/Service Marketing,1,0,True,"137,138,132"
102944,삼성전자 DX부문,Full-Time Opportunity for International Students,2026-03-17T17:00:00.000+09:00,413638,[Mobile eXperience Business] Product/Service Marketing,1,0,True,"137,138,132"
102944,삼성전자 DX부문,Full-Time Opportunity for International Students,2026-03-17T17:00:00.000+09:00,413639,[Digital Appliances Business] B2C Sales,1,1,True,"194,154,146"
102944,삼성전자 DX부문,Full-Time Opportunity for International Students,2026-03-17T17:00:00.000+09:00,413640,[Mobile eXperience Business] B2C Sales,1,1,True,"194,154,146"
102944,삼성전자 DX부문,Full-Time Opportunity for International Students,2026-03-17T17:00:00.000+09:00,413641,[Visual Display Business] B2B Sales,1,0,True,"196,154,146"
102944,삼성전자 DX부문,Full-Time Opportunity for International Students,2026-03-17T17:00:00.000+09:00,413642,[Digital Appliances Business] B2B Sales,1,1,True,"196,154,146"
102944,삼성전자 DX부문,Full-Time Opportunity for International Students,2026-03-17T17:00:00.000+09:00,413643,[Networks Business] B2B Sales,1,3,True,"196,154,195,146"
102945,삼성중공업,2026년 상반기 3급 신입사원 채용 공고,2026-03-17T17:00:00.000+09:00,413644,기본설계,1,84,True,"207,219"
102945,삼성중공업,2026년 상반기 3급 신입사원 채용 공고,2026-03-17T17:00:00.000+09:00,413645,조선설계,1,132,True,"207,219,220"
102945,삼성중공업,2026년 상반기 3급 신입사원 채용 공고,2026-03-17T17:00:00.000+09:00,413646,해양설계,1,52,True,"207,229,219,220,217"
102945,삼성중공업,2026년 상반기 3급 신입사원 채용 공고,2026-03-17T17:00:00.000+09:00,413647,공정관리,1,138,True,"187,188,183"
102945,삼성중공업,2026년 상반기 3급 신입사원 채용 공고,2026-03-17T17:00:00.000+09:00,413648,구매,1,128,True,"157,158,147"
102945,삼성중공업,2026년 상반기 3급 신입사원 채용 공고,2026-03-17T17:00:00.000+09:00,413649,PM,1,36,True,"110,188,103,183"
102945,삼성중공업,2026년 상반기 3급 신입사원 채용 공고,2026-03-17T17:00:00.000+09:00,413650,R&D,1,82,True,"167,227,220,224,216"
102945,삼성중공업,2026년 상반기 3급 신입사원 채용 공고,2026-03-17T17:00:00.000+09:00,413651,자동화솔루션,1,69,True,"170,227,220,216"
102945,삼성중공업,2026년 상반기 3급 신입사원 채용 공고,2026-03-17T17:00:00.000+09:00,413652,해외영업,1,83,True,"154,197,146"
102945,삼성중공업,2026년 상반기 3급 신입사원 채용 공고,2026-03-17T17:00:00.000+09:00,413653,경영지원,1,126,True,"117,118,120,104"
102945,삼성중공업,2026년 상반기 3급 신입사원 채용 공고,2026-03-17T17:00:00.000+09:00,413654,경영지원(재무),1,77,True,"122,124,125,106,105"
102946,삼성화재,2026년 상반기 3급 신입사원 채용,2026-03-17T17:00:00.000+09:00,413655,영업관리,1,363,True,"194,197"
102946,삼성화재,2026년 상반기 3급 신입사원 채용,2026-03-17T17:00:00.000+09:00,413656,손해사정,1,83,True,"201,212"
102946,삼성화재,2026년 상반기 3급 신입사원 채용,2026-03-17T17:00:00.000+09:00,413657,상품개발·계리,1,64,True,"110,138,212,103,132"
102946,삼성화재,2026년 상반기 3급 신입사원 채용,2026-03-17T17:00:00.000+09:00,413658,계약심사(언더라이팅),1,80,True,"127,108,213,107"
102946,삼성화재,2026년 상반기 3급 신입사원 채용,2026-03-17T17:00:00.000+09:00,413659,글로벌 사업 기획/운영,1,113,True,"110,112,154,103,146"
102946,삼성화재,2026년 상반기 3급 신입사원 채용,2026-03-17T17:00:00.000+09:00,413660,자산운용,1,82,True,"122,210,211,105"
102946,삼성화재,2026년 상반기 3급 신입사원 채용,2026-03-17T17:00:00.000+09:00,413661,디지털 서비스 기획/운영,1,359,True,"180,167,171,163"
102948,삼성바이오에피스,2026년 상반기 3급 신입사원 채용 공고,2026-03-17T17:00:00.000+09:00,413673,연구개발,1,147,True,"187,188,189,234,235,183,218"
102948,삼성바이오에피스,2026년 상반기 3급 신입사원 채용 공고,2026-03-17T17:00:00.000+09:00,413674,경영지원,1,166,True,"109,111,112,115,117,118,120,122,125,103,104,105"
102949,삼성SDI,2026년 상반기 3급 신입사원 채용 공고,2026-03-17T17:00:00.000+09:00,413675,기술,1,605,True,"187,188,189,185,219,220,221,227,183,216"
102951,삼성전기,2026년 상반기 3급 신입사원 채용 공고,2026-03-17T17:00:00.000+09:00,413679,연구개발직,1,656,True,"229,223,227,216,217"
102966,한화오션,2026 상반기 신입사원 채용,2026-03-31T22:59:00.000+09:00,413757,기본설계,1,284,True,219
102966,한화오션,2026 상반기 신입사원 채용,2026-03-31T22:59:00.000+09:00,413758,종합/구조설계,1,247,True,219
102966,한화오션,2026 상반기 신입사원 채용,2026-03-31T22:59:00.000+09:00,413759,의장설계(기장/선장/배관),1,249,True,219
102966,한화오션,2026 상반기 신입사원 채용,2026-03-31T22:59:00.000+09:00,413760,의장설계(전장/무장/통신),1,272,True,219
102966,한화오션,2026 상반기 신입사원 채용,2026-03-31T22:59:00.000+09:00,413761,영업,1,558,True,194
102966,한화오션,2026 상반기 신입사원 채용,2026-03-31T22:59:00.000+09:00,413762,사업기획,1,292,True,"110,103"
102966,한화오션,2026 상반기 신입사원 채용,2026-03-31T22:59:00.000+09:00,413763,사업관리,1,217,True,"110,112,103"
102966,한화오션,2026 상반기 신입사원 채용,2026-03-31T22:59:00.000+09:00,413764,사업개발(풍력),1,125,True,"109,110,112,103"
102966,한화오션,2026 상반기 신입사원 채용,2026-03-31T22:59:00.000+09:00,413765,구매,1,225,True,"157,147"
102966,한화오션,2026 상반기 신입사원 채용,2026-03-31T22:59:00.000+09:00,413766,생산관리(생산관리/공무/품질),1,684,True,"187,189,183"
102966,한화오션,2026 상반기 신입사원 채용,2026-03-31T22:59:00.000+09:00,413767,HSE,1,141,True,"187,188,185,183"
102966,한화오션,2026 상반기 신입사원 채용,2026-03-31T22:59:00.000+09:00,413768,AI 개발,1,325,True,167
102966,한화오션,2026 상반기 신입사원 채용,2026-03-31T22:59:00.000+09:00,413769,로보틱스 개발,1,68,True,"219,220"
102966,한화오션,2026 상반기 신입사원 채용,2026-03-31T22:59:00.000+09:00,413770,자동화 개발(장비/설비),1,46,True,"167,185,186"
102966,한화오션,2026 상반기 신입사원 채용,2026-03-31T22:59:00.000+09:00,413771,생산지능화,1,60,True,"165,167,187,183"
102966,한화오션,2026 상반기 신입사원 채용,2026-03-31T22:59:00.000+09:00,413772,설계지능화,1,58,True,"165,167,219"
102966,한화오션,2026 상반기 신입사원 채용,2026-03-31T22:59:00.000+09:00,413773,경영관리지능화,1,95,True,"109,111,165,103"
102966,한화오션,2026 상반기 신입사원 채용,2026-03-31T22:59:00.000+09:00,413774,IT 시스템 개발 및 운영,1,322,True,"164,170"
102966,한화오션,2026 상반기 신입사원 채용,2026-03-31T22:59:00.000+09:00,413775,CCS연구,1,80,True,"219,224"
102966,한화오션,2026 상반기 신입사원 채용,2026-03-31T22:59:00.000+09:00,413776,성능평가,1,58,True,"189,224,183"
102966,한화오션,2026 상반기 신입사원 채용,2026-03-31T22:59:00.000+09:00,413777,회계,1,324,True,"122,106,105"
102966,한화오션,2026 상반기 신입사원 채용,2026-03-31T22:59:00.000+09:00,413778,홍보,1,167,True,"142,133"
102966,한화오션,2026 상반기 신입사원 채용,2026-03-31T22:59:00.000+09:00,413779,ER,1,35,True,"116,104"
102966,한화오션,2026 상반기 신입사원 채용,2026-03-31T22:59:00.000+09:00,413780,HR,1,352,True,"115,104"
102982,한화에어로스페이스,2026 상반기 대규모 신입사원 채용,2026-03-30T15:00:00.000+09:00,413827,R&D_기계/항공,1,738,True,"227,224,216"
102982,한화에어로스페이스,2026 상반기 대규모 신입사원 채용,2026-03-30T15:00:00.000+09:00,414481,R&D_전기/전자,1,663,True,220
102982,한화에어로스페이스,2026 상반기 대규모 신입사원 채용,2026-03-30T15:00:00.000+09:00,414482,R&D_SW/컴퓨터공학,1,524,True,"170,220,222"
102982,한화에어로스페이스,2026 상반기 대규모 신입사원 채용,2026-03-30T15:00:00.000+09:00,414483,R&D_화학공학/화학,1,354,True,"229,217"
102982,한화에어로스페이스,2026 상반기 대규모 신입사원 채용,2026-03-30T15:00:00.000+09:00,414484,R&D_공학계열,1,150,True,"220,224"
102982,한화에어로스페이스,2026 상반기 대규모 신입사원 채용,2026-03-30T15:00:00.000+09:00,414485,제조/생산기술_기계/항공,1,646,True,"227,224,216"
102982,한화에어로스페이스,2026 상반기 대규모 신입사원 채용,2026-03-30T15:00:00.000+09:00,414486,제조/생산기술_전기/전자,1,541,True,220
102982,한화에어로스페이스,2026 상반기 대규모 신입사원 채용,2026-03-30T15:00:00.000+09:00,414487,제조/생산기술_SW/컴퓨터공학,1,160,True,"170,220,222"
102982,한화에어로스페이스,2026 상반기 대규모 신입사원 채용,2026-03-30T15:00:00.000+09:00,414488,제조/생산기술_화학공학/화학,1,539,True,"229,217"
102982,한화에어로스페이스,2026 상반기 대규모 신입사원 채용,2026-03-30T15:00:00.000+09:00,414489,제조/생산기술_공학계열,1,514,True,"187,185,183"
102982,한화에어로스페이스,2026 상반기 대규모 신입사원 채용,2026-03-30T15:00:00.000+09:00,414490,품질,1,702,True,"189,183"
102982,한화에어로스페이스,2026 상반기 대규모 신입사원 채용,2026-03-30T15:00:00.000+09:00,414491,구매_공학계열,1,251,True,"157,158,147"
102982,한화에어로스페이스,2026 상반기 대규모 신입사원 채용,2026-03-30T15:00:00.000+09:00,414492,구매_상경계열,1,383,True,"157,158,147"
102982,한화에어로스페이스,2026 상반기 대규모 신입사원 채용,2026-03-30T15:00:00.000+09:00,414493,사업개발,1,783,True,"110,112,103"
102982,한화에어로스페이스,2026 상반기 대규모 신입사원 채용,2026-03-30T15:00:00.000+09:00,414494,재무,1,385,True,"122,105"
102982,한화에어로스페이스,2026 상반기 대규모 신입사원 채용,2026-03-30T15:00:00.000+09:00,414495,경영관리,1,180,True,"109,111,103"
102982,한화에어로스페이스,2026 상반기 대규모 신입사원 채용,2026-03-30T15:00:00.000+09:00,414496,방산원가,1,117,True,"157,158,159,147"
102982,한화에어로스페이스,2026 상반기 대규모 신입사원 채용,2026-03-30T15:00:00.000+09:00,414497,인사,1,456,True,"115,104"
102982,한화에어로스페이스,2026 상반기 대규모 신입사원 채용,2026-03-30T15:00:00.000+09:00,414498,총무,1,139,True,"128,107"
102982,한화에어로스페이스,2026 상반기 대규모 신입사원 채용,2026-03-30T15:00:00.000+09:00,414499,안전/환경_안전공학,1,207,True,"191,184"
102982,한화에어로스페이스,2026 상반기 대규모 신입사원 채용,2026-03-30T15:00:00.000+09:00,414500,안전/환경_환경공학,1,179,True,"192,184"
102982,한화에어로스페이스,2026 상반기 대규모 신입사원 채용,2026-03-30T15:00:00.000+09:00,414501,R&D_기계/항공,3,167,True,"227,224,216"
102982,한화에어로스페이스,2026 상반기 대규모 신입사원 채용,2026-03-30T15:00:00.000+09:00,414502,R&D_전기/전자,3,185,True,220
102982,한화에어로스페이스,2026 상반기 대규모 신입사원 채용,2026-03-30T15:00:00.000+09:00,414503,R&D_SW/컴퓨터공학,3,132,True,"170,220,222"
102982,한화에어로스페이스,2026 상반기 대규모 신입사원 채용,2026-03-30T15:00:00.000+09:00,414504,R&D_재료/소재공학,3,182,True,"229,217"
102982,한화에어로스페이스,2026 상반기 대규모 신입사원 채용,2026-03-30T15:00:00.000+09:00,414505,사업개발,3,289,True,"110,112,103"
102982,한화에어로스페이스,2026 상반기 대규모 신입사원 채용,2026-03-30T15:00:00.000+09:00,414506,재무,3,160,True,"122,105"
102982,한화에어로스페이스,2026 상반기 대규모 신입사원 채용,2026-03-30T15:00:00.000+09:00,414507,인사,3,222,True,"115,104"
102987,남해화학,신입/연구직/공인노무사 모집,2026-03-18T17:00:00.000+09:00,413851,공인노무사,4,6,True,"116,115,108,104"
102987,남해화학,신입/연구직/공인노무사 모집,2026-03-18T17:00:00.000+09:00,413852,5급 연구직,1,67,True,"229,221,230,217"
102987,남해화학,신입/연구직/공인노무사 모집,2026-03-18T17:00:00.000+09:00,413853,화공 (전문기능직),1,42,True,"185,187,189,183"
102987,남해화학,신입/연구직/공인노무사 모집,2026-03-18T17:00:00.000+09:00,413854,CAD (전문기능직),1,9,True,"219,207,202"
102987,남해화학,신입/연구직/공인노무사 모집,2026-03-18T17:00:00.000+09:00,413855,계전 (전문기능직),1,10,True,"220,204,186"
102988,존슨앤드존슨,[Innovative Medicine] Territory Executive(Pharmacist hiring/Fresh graduates may apply),2026-03-22T23:59:00.000+09:00,413856,Territory Executive,1,19,True,"110,112,229,232,103,217"
102989,존슨앤드존슨,[Vision Care] AI Engineer - Techonology Leadership Development Program,2026-03-29T23:59:00.000+09:00,413857,AI Engineer,1,149,True,167
102999,세아특수강,2026 상반기 채용 신입/경력 각 분야 (사무기술직/별정직),2026-03-22T23:59:00.000+09:00,413887,디지털혁신팀/사무기술직,2,17,True,"109,110,113,170,171,103"
102999,세아특수강,2026 상반기 채용 신입/경력 각 분야 (사무기술직/별정직),2026-03-22T23:59:00.000+09:00,413888,물류팀/사무기술직,1,150,True,"150,151,152,145"
102999,세아특수강,2026 상반기 채용 신입/경력 각 분야 (사무기술직/별정직),2026-03-22T23:59:00.000+09:00,413889,운영지원팀/별정직,5,10,True,"127,128,143,107,133"
103001,LG유플러스,2026년 3월 신입채용,2026-03-29T23:00:00.000+09:00,413891,Consumer부문 - 모바일 정책기획,1,1259,True,"197,112,137,113,180,103,132,163"
103001,LG유플러스,2026년 3월 신입채용,2026-03-29T23:00:00.000+09:00,413892,Enterprise부문(B2B) - B2B영업,1,680,True,"196,195,194,197"
103001,LG유플러스,2026년 3월 신입채용,2026-03-29T23:00:00.000+09:00,413893,NW부문 - NW기술(유·무선),1,279,True,"166,222,204,220,164"
103002,GS칼텍스,2026년 상반기 신입/경력사원 채용,2026-03-31T23:59:00.000+09:00,413894,Supply & Trading ,1,651,True,"154,155,194,146"
103002,GS칼텍스,2026년 상반기 신입/경력사원 채용,2026-03-31T23:59:00.000+09:00,413896,Retail/Commercial 영업,1,962,True,"137,194,197,132"
103002,GS칼텍스,2026년 상반기 신입/경력사원 채용,2026-03-31T23:59:00.000+09:00,413898,재무,1,467,True,"157,180,147,163"
103002,GS칼텍스,2026년 상반기 신입/경력사원 채용,2026-03-31T23:59:00.000+09:00,413900,인사,1,608,True,"115,116,119,120,104"
103002,GS칼텍스,2026년 상반기 신입/경력사원 채용,2026-03-31T23:59:00.000+09:00,413902,엔지니어 (전기),1,292,True,"191,186,220,184"
103002,GS칼텍스,2026년 상반기 신입/경력사원 채용,2026-03-31T23:59:00.000+09:00,413904,엔지니어 (화공) ,1,461,True,"187,188,229,183,217"
103002,GS칼텍스,2026년 상반기 신입/경력사원 채용,2026-03-31T23:59:00.000+09:00,413906,안전,1,222,True,"191,203,184"
103002,GS칼텍스,2026년 상반기 신입/경력사원 채용,2026-03-31T23:59:00.000+09:00,413908,DX/AX (여수공장) (경력),2,38,True,"179,180,167,163"
103017,세아제강,2026년 상반기 신입/경력사원 채용,2026-03-18T23:59:00.000+09:00,413976,[세아제강지주] IR ,1,90,True,"124,105"
103017,세아제강,2026년 상반기 신입/경력사원 채용,2026-03-18T23:59:00.000+09:00,413977,[세아제강] 인사 ,1,322,True,"115,117,104"
103017,세아제강,2026년 상반기 신입/경력사원 채용,2026-03-18T23:59:00.000+09:00,413978,[세아제강] 인사,2,30,True,"118,119,120,104"
103017,세아제강,2026년 상반기 신입/경력사원 채용,2026-03-18T23:59:00.000+09:00,413979,[세아제강] 경영기획 ,1,186,True,"109,110,103"
103017,세아제강,2026년 상반기 신입/경력사원 채용,2026-03-18T23:59:00.000+09:00,413980,[세아제강] 경영기획 ,2,35,True,"109,110,103"
103017,세아제강,2026년 상반기 신입/경력사원 채용,2026-03-18T23:59:00.000+09:00,413981,[세아제강] 해외영업 ,1,240,True,"154,157,146,147"
103017,세아제강,2026년 상반기 신입/경력사원 채용,2026-03-18T23:59:00.000+09:00,413982,[세아제강] 해외영업,2,38,True,"154,157,146,147"
103017,세아제강,2026년 상반기 신입/경력사원 채용,2026-03-18T23:59:00.000+09:00,414653,[세아제강] 회계 ,1,114,True,"122,106,105"
103017,세아제강,2026년 상반기 신입/경력사원 채용,2026-03-18T23:59:00.000+09:00,413983,[세아제강] 회계 ,2,85,True,"122,106,105"
103017,세아제강,2026년 상반기 신입/경력사원 채용,2026-03-18T23:59:00.000+09:00,413984,[세아제강] 신제품/신소재개발 ,1,200,True,"227,223,216"
103017,세아제강,2026년 상반기 신입/경력사원 채용,2026-03-18T23:59:00.000+09:00,413985,[세아제강] 인사/노무 ,2,9,True,"115,116,104"
103017,세아제강,2026년 상반기 신입/경력사원 채용,2026-03-18T23:59:00.000+09:00,413986,[세아제강] 총무/혁신 ,2,5,True,"109,128,103,107"
103055,한화시스템,2026년 상반기 방산부문 대규모 신입사원 채용,2026-03-26T11:00:00.000+09:00,414072,System Engineering,1,669,True,"219,220,227,226,216"
103055,한화시스템,2026년 상반기 방산부문 대규모 신입사원 채용,2026-03-26T11:00:00.000+09:00,414073,Hardware,1,590,True,"220,221,222,169"
103055,한화시스템,2026년 상반기 방산부문 대규모 신입사원 채용,2026-03-26T11:00:00.000+09:00,414074,Software,1,704,True,"176,175,164,165,167,166,162"
103055,한화시스템,2026년 상반기 방산부문 대규모 신입사원 채용,2026-03-26T11:00:00.000+09:00,414075,함정설계,1,286,True,"224,207,219"
103055,한화시스템,2026년 상반기 방산부문 대규모 신입사원 채용,2026-03-26T11:00:00.000+09:00,414076,기계,1,622,True,"219,227,224,216"
103055,한화시스템,2026년 상반기 방산부문 대규모 신입사원 채용,2026-03-26T11:00:00.000+09:00,414077,전원,1,128,True,"220,230,217"
103055,한화시스템,2026년 상반기 방산부문 대규모 신입사원 채용,2026-03-26T11:00:00.000+09:00,414078,제어,1,120,True,"220,227,216"
103055,한화시스템,2026년 상반기 방산부문 대규모 신입사원 채용,2026-03-26T11:00:00.000+09:00,414079,연구기획,1,113,True,"110,112,113,103"
103055,한화시스템,2026년 상반기 방산부문 대규모 신입사원 채용,2026-03-26T11:00:00.000+09:00,414080,광학,1,90,True,"220,221"
103055,한화시스템,2026년 상반기 방산부문 대규모 신입사원 채용,2026-03-26T11:00:00.000+09:00,414081,품질,1,405,True,"189,160,183"
103055,한화시스템,2026년 상반기 방산부문 대규모 신입사원 채용,2026-03-26T11:00:00.000+09:00,414082,해외영업,1,446,True,"154,155,253,146"
103055,한화시스템,2026년 상반기 방산부문 대규모 신입사원 채용,2026-03-26T11:00:00.000+09:00,414083,사업기획,1,369,True,"110,112,197,103"
103055,한화시스템,2026년 상반기 방산부문 대규모 신입사원 채용,2026-03-26T11:00:00.000+09:00,414084,금융/회계,1,308,True,"106,122,123,256,105"
103055,한화시스템,2026년 상반기 방산부문 대규모 신입사원 채용,2026-03-26T11:00:00.000+09:00,414085,원가,1,264,True,"106,180,113,103,163"
103055,한화시스템,2026년 상반기 방산부문 대규모 신입사원 채용,2026-03-26T11:00:00.000+09:00,414086,구매,1,442,True,"157,150,151,145,147"
103055,한화시스템,2026년 상반기 방산부문 대규모 신입사원 채용,2026-03-26T11:00:00.000+09:00,414087,ESH,1,96,True,"191,192,184"
103055,한화시스템,2026년 상반기 방산부문 대규모 신입사원 채용,2026-03-26T11:00:00.000+09:00,414088,HR,1,505,True,"115,118,117,120,104"
103075,SK하이닉스,['26년 상반기] Talent hy-way 신입 (이천/분당/서울),2026-03-23T17:00:00.000+09:00,414292,Tech R&D - 설계,1,346,True,221
103075,SK하이닉스,['26년 상반기] Talent hy-way 신입 (이천/분당/서울),2026-03-23T17:00:00.000+09:00,414293,Tech R&D - 소자,1,116,True,221
103075,SK하이닉스,['26년 상반기] Talent hy-way 신입 (이천/분당/서울),2026-03-23T17:00:00.000+09:00,414294,Tech R&D - R&D 공정,1,186,True,221
103075,SK하이닉스,['26년 상반기] Talent hy-way 신입 (이천/분당/서울),2026-03-23T17:00:00.000+09:00,414295,Tech R&D - Product Engineering,1,201,True,221
103075,SK하이닉스,['26년 상반기] Talent hy-way 신입 (이천/분당/서울),2026-03-23T17:00:00.000+09:00,414296,Tech R&D - Application Engineering,1,171,True,221
103075,SK하이닉스,['26년 상반기] Talent hy-way 신입 (이천/분당/서울),2026-03-23T17:00:00.000+09:00,414297,Tech R&D - PKG 개발,1,187,True,221
103075,SK하이닉스,['26년 상반기] Talent hy-way 신입 (이천/분당/서울),2026-03-23T17:00:00.000+09:00,414298,제조 - 양산기술,1,1452,True,"185,187,183"
103075,SK하이닉스,['26년 상반기] Talent hy-way 신입 (이천/분당/서울),2026-03-23T17:00:00.000+09:00,414299,제조 - 양산기술(P&T),1,355,True,"185,187,183"
103075,SK하이닉스,['26년 상반기] Talent hy-way 신입 (이천/분당/서울),2026-03-23T17:00:00.000+09:00,414300,제조 - 기반기술,1,327,True,"185,187,183"
103075,SK하이닉스,['26년 상반기] Talent hy-way 신입 (이천/분당/서울),2026-03-23T17:00:00.000+09:00,414301,제조 - 양산관리,1,335,True,"187,183"
103075,SK하이닉스,['26년 상반기] Talent hy-way 신입 (이천/분당/서울),2026-03-23T17:00:00.000+09:00,414302,"건설/플랜트 - Utility기술(공조/배기, 배관)",1,249,True,"205,208"
103075,SK하이닉스,['26년 상반기] Talent hy-way 신입 (이천/분당/서울),2026-03-23T17:00:00.000+09:00,414303,"건설/플랜트 - Utility기술(Gas, Chemical, 수처리)",1,194,True,"205,208"
103075,SK하이닉스,['26년 상반기] Talent hy-way 신입 (이천/분당/서울),2026-03-23T17:00:00.000+09:00,414304,"건설/플랜트 - Utility기술(전기, 제어)",1,259,True,"204,208"
103075,SK하이닉스,['26년 상반기] Talent hy-way 신입 (이천/분당/서울),2026-03-23T17:00:00.000+09:00,414305,"건설/플랜트 - Utility기술(건축, BIM/5D)",1,235,True,"207,208"
103075,SK하이닉스,['26년 상반기] Talent hy-way 신입 (이천/분당/서울),2026-03-23T17:00:00.000+09:00,414306,안전보건 - SHE(안전),1,184,True,"191,184"
103075,SK하이닉스,['26년 상반기] Talent hy-way 신입 (이천/분당/서울),2026-03-23T17:00:00.000+09:00,414307,안전보건 - SHE(보건),1,61,True,258
103075,SK하이닉스,['26년 상반기] Talent hy-way 신입 (이천/분당/서울),2026-03-23T17:00:00.000+09:00,414308,안전보건 - SHE(환경/화학물질관리),1,230,True,"192,184"
103075,SK하이닉스,['26년 상반기] Talent hy-way 신입 (이천/분당/서울),2026-03-23T17:00:00.000+09:00,414309,안전보건 - SHE(P&S기술),1,73,True,"191,192,184"
103075,SK하이닉스,['26년 상반기] Talent hy-way 신입 (이천/분당/서울),2026-03-23T17:00:00.000+09:00,414310,전략기획 - 경영전략,1,479,True,"111,103"
103075,SK하이닉스,['26년 상반기] Talent hy-way 신입 (이천/분당/서울),2026-03-23T17:00:00.000+09:00,414311,구매 - 구매,1,525,True,"157,147"
103075,SK하이닉스,['26년 상반기] Talent hy-way 신입 (이천/분당/서울),2026-03-23T17:00:00.000+09:00,414312,기업문화 - 기업문화,1,683,True,"115,104"
103075,SK하이닉스,['26년 상반기] Talent hy-way 신입 (이천/분당/서울),2026-03-23T17:00:00.000+09:00,414313,Tech R&D - System Arch./Solution SW,1,72,True,"170,164"
103075,SK하이닉스,['26년 상반기] Talent hy-way 신입 (이천/분당/서울),2026-03-23T17:00:00.000+09:00,414314,영업 - 영업/마케팅/상품기획/신제품사업화,1,1169,True,"194,137,138,132"
103075,SK하이닉스,['26년 상반기] Talent hy-way 신입 (이천/분당/서울),2026-03-23T17:00:00.000+09:00,414315,Tech R&D - 개발Test&Infra,1,78,True,"160,166"
103075,SK하이닉스,['26년 상반기] Talent hy-way 신입 (이천/분당/서울),2026-03-23T17:00:00.000+09:00,414316,재무 - 재무,1,608,True,"122,105"
103075,SK하이닉스,['26년 상반기] Talent hy-way 신입 (이천/분당/서울),2026-03-23T17:00:00.000+09:00,414317,IT - IT,1,1277,True,"166,170"
103076,SK하이닉스,['26년 상반기] Talent hy-way 신입 (청주),2026-03-23T17:00:00.000+09:00,414318,제조 - 양산기술,1,1097,True,"187,189,185,183"
103076,SK하이닉스,['26년 상반기] Talent hy-way 신입 (청주),2026-03-23T17:00:00.000+09:00,414319,제조 - 양산기술(P&T),1,322,True,"187,189,185,183"
103076,SK하이닉스,['26년 상반기] Talent hy-way 신입 (청주),2026-03-23T17:00:00.000+09:00,414320,제조 - 기반기술,1,179,True,"187,188,185,183"
103076,SK하이닉스,['26년 상반기] Talent hy-way 신입 (청주),2026-03-23T17:00:00.000+09:00,414321,제조 - 양산관리,1,236,True,"187,188,183"
103076,SK하이닉스,['26년 상반기] Talent hy-way 신입 (청주),2026-03-23T17:00:00.000+09:00,414322,"건설/플랜트 - Utility기술(공조/배기, 배관)",1,191,True,"202,205,208"
103076,SK하이닉스,['26년 상반기] Talent hy-way 신입 (청주),2026-03-23T17:00:00.000+09:00,414323,"건설/플랜트 - Utility기술(Gas, Chemical, 수처리)",1,168,True,"208,229,231,217"
103076,SK하이닉스,['26년 상반기] Talent hy-way 신입 (청주),2026-03-23T17:00:00.000+09:00,414324,"건설/플랜트 - Utility기술(전기, 제어)",1,207,True,"202,204,220"
103076,SK하이닉스,['26년 상반기] Talent hy-way 신입 (청주),2026-03-23T17:00:00.000+09:00,414325,"건설/플랜트 - Utility기술(건축, BIM/5D)",1,134,True,"202,203,207"
103076,SK하이닉스,['26년 상반기] Talent hy-way 신입 (청주),2026-03-23T17:00:00.000+09:00,414326,안전보건 - SHE(안전),1,152,True,"191,203,184"
103076,SK하이닉스,['26년 상반기] Talent hy-way 신입 (청주),2026-03-23T17:00:00.000+09:00,414327,안전보건 - SHE(P&S기술),1,60,True,"188,191,203,183,184"
103078,세아베스틸,2026 상반기 신입/경력사원 채용,2026-03-22T23:59:00.000+09:00,414342,경영관리 ,1,585,True,"109,111,103"
103078,세아베스틸,2026 상반기 신입/경력사원 채용,2026-03-22T23:59:00.000+09:00,414345,생산/연구,1,295,True,"188,189,183"
103078,세아베스틸,2026 상반기 신입/경력사원 채용,2026-03-22T23:59:00.000+09:00,414347,ESG,1,94,True,"192,229,231,184,217"
103078,세아베스틸,2026 상반기 신입/경력사원 채용,2026-03-22T23:59:00.000+09:00,414348,설비,1,153,True,"186,227,216"
103078,세아베스틸,2026 상반기 신입/경력사원 채용,2026-03-22T23:59:00.000+09:00,414349,안전경영,2,50,True,"191,184"
103078,세아베스틸,2026 상반기 신입/경력사원 채용,2026-03-22T23:59:00.000+09:00,414350,인사,2,62,True,"115,117,120,104"
103078,세아베스틸,2026 상반기 신입/경력사원 채용,2026-03-22T23:59:00.000+09:00,414352,설비 (창녕),2,32,True,"186,220"
103082,드림라인,드림라인 상반기 채용,2026-03-29T23:59:00.000+09:00,414359,글로벌 영업,5,40,True,"195,196,197"
103082,드림라인,드림라인 상반기 채용,2026-03-29T23:59:00.000+09:00,414360,글로벌 기획,5,22,True,"109,110,103"
103082,드림라인,드림라인 상반기 채용,2026-03-29T23:59:00.000+09:00,414361,커머스 영업,5,16,True,"195,196"
103082,드림라인,드림라인 상반기 채용,2026-03-29T23:59:00.000+09:00,414362,기업 영업,2,1,True,"195,196"
103082,드림라인,드림라인 상반기 채용,2026-03-29T23:59:00.000+09:00,414363,통신 인프라,5,9,True,222
103082,드림라인,드림라인 상반기 채용,2026-03-29T23:59:00.000+09:00,414364,IP기술,5,15,True,166
103082,드림라인,드림라인 상반기 채용,2026-03-29T23:59:00.000+09:00,414365,회계,1,59,True,"122,123,124,125,126,105"
103083,현대자동차,3월 신입 채용,2026-04-03T17:00:00.000+09:00,414367,오픈소스 컴플라이언스,1,234,True,"109,127,128,226,103,107,216"
103083,현대자동차,3월 신입 채용,2026-04-03T17:00:00.000+09:00,414368,AVP 차량개발 전략,1,91,True,"109,127,128,226,103,107,216"
103083,현대자동차,3월 신입 채용,2026-04-03T17:00:00.000+09:00,414369,R&D 기술경영,1,188,True,"109,127,128,226,103,107,216"
103083,현대자동차,3월 신입 채용,2026-04-03T17:00:00.000+09:00,414370,디지털엔지니어링,1,324,True,"170,226,227,219,216"
103083,현대자동차,3월 신입 채용,2026-04-03T17:00:00.000+09:00,414371,로보틱스 기술 및 사업 개발,1,204,True,"170,226,227,219,216"
103083,현대자동차,3월 신입 채용,2026-04-03T17:00:00.000+09:00,414372,모빌리티 서비스 개발/기획/UX/사업,1,285,True,"170,226,227,219,216"
103083,현대자동차,3월 신입 채용,2026-04-03T17:00:00.000+09:00,414373,모빌리티 시스템 선행 개발,1,148,True,"170,226,227,219,216"
103083,현대자동차,3월 신입 채용,2026-04-03T17:00:00.000+09:00,414374,차량 SW/HW 아키텍처 개발,1,200,True,"170,226,227,219,216"
103083,현대자동차,3월 신입 채용,2026-04-03T17:00:00.000+09:00,414375,Feature 상품 전략/기획 및 SW 서비스/사업 개발,1,81,True,"170,226,227,219,216"
103083,현대자동차,3월 신입 채용,2026-04-03T17:00:00.000+09:00,414376,배터리 제조/공정 기술 개발,1,611,True,"170,226,227,219,216"
103083,현대자동차,3월 신입 채용,2026-04-03T17:00:00.000+09:00,414377,전동화 에너지 개발(연료전지/배터리) 및 소재 연구,1,570,True,"170,226,227,219,216"
103083,현대자동차,3월 신입 채용,2026-04-03T17:00:00.000+09:00,414378,인포테인먼트 개발 및 검증,1,117,True,"170,226,227,219,216"
103083,현대자동차,3월 신입 채용,2026-04-03T17:00:00.000+09:00,414379,자율주행개발-시험,1,193,True,"170,226,227,219,216"
103083,현대자동차,3월 신입 채용,2026-04-03T17:00:00.000+09:00,414380,전자개발,1,302,True,"164,170,226,220,216"
103083,현대자동차,3월 신입 채용,2026-04-03T17:00:00.000+09:00,414381,상용차 시작 개발,1,141,True,"164,170,226,227,219,220,216"
103083,현대자동차,3월 신입 채용,2026-04-03T17:00:00.000+09:00,414382,전동화/SDV 차량제어 SW 개발·검증,1,212,True,"164,170,226,227,219,220,216"
103083,현대자동차,3월 신입 채용,2026-04-03T17:00:00.000+09:00,414383,차량 시스템 개발,1,665,True,"164,170,226,227,219,220,216"
103083,현대자동차,3월 신입 채용,2026-04-03T17:00:00.000+09:00,414384,"[채용전환형 인턴] 기아 CMF(Color, Material, Finish) 디자인",3,54,True,238
103083,현대자동차,3월 신입 채용,2026-04-03T17:00:00.000+09:00,414385,[채용전환형 인턴] 기아 내장 디자인,3,30,True,238
103083,현대자동차,3월 신입 채용,2026-04-03T17:00:00.000+09:00,414386,[채용전환형 인턴] 제네시스 모빌리티 디자인,3,48,True,238
103083,현대자동차,3월 신입 채용,2026-04-03T17:00:00.000+09:00,414387,"[채용전환형 인턴] 현대 CMF(Color, Material, Finish) 디자인",3,35,True,238
103083,현대자동차,3월 신입 채용,2026-04-03T17:00:00.000+09:00,414388,[채용전환형 인턴] 현대 모빌리티 디자인,3,37,True,238
103083,현대자동차,3월 신입 채용,2026-04-03T17:00:00.000+09:00,414389,[채용전환형 인턴] 현대/기아/제네시스 디자인엔지니어링,3,61,True,238
103083,현대자동차,3월 신입 채용,2026-04-03T17:00:00.000+09:00,414390,기아 디자인 PM,1,68,True,238
103083,현대자동차,3월 신입 채용,2026-04-03T17:00:00.000+09:00,414391,현대/기아 디자인 CQM(Color Quality Management),1,31,True,238
103083,현대자동차,3월 신입 채용,2026-04-03T17:00:00.000+09:00,414392,구매,1,364,True,"157,147"
103083,현대자동차,3월 신입 채용,2026-04-03T17:00:00.000+09:00,414393,구매 (남양연구소),1,240,True,"157,147"
103083,현대자동차,3월 신입 채용,2026-04-03T17:00:00.000+09:00,414394,구매 (울산공장),1,147,True,"157,147"
103083,현대자동차,3월 신입 채용,2026-04-03T17:00:00.000+09:00,414395,플랜트 운영 (아산공장),1,432,True,208
103083,현대자동차,3월 신입 채용,2026-04-03T17:00:00.000+09:00,414396,플랜트 운영 (울산공장),1,582,True,208
103083,현대자동차,3월 신입 채용,2026-04-03T17:00:00.000+09:00,414397,플랜트 운영 (전주공장),1,224,True,208
103083,현대자동차,3월 신입 채용,2026-04-03T17:00:00.000+09:00,414398,생산기술 (남양연구소),1,461,True,"187,183"
103083,현대자동차,3월 신입 채용,2026-04-03T17:00:00.000+09:00,414399,생산기술 (아산공장),1,362,True,"187,183"
103083,현대자동차,3월 신입 채용,2026-04-03T17:00:00.000+09:00,414400,생산기술 (울산공장),1,696,True,"187,183"
103083,현대자동차,3월 신입 채용,2026-04-03T17:00:00.000+09:00,414401,생산기술 (전주공장),1,218,True,"187,183"
103083,현대자동차,3월 신입 채용,2026-04-03T17:00:00.000+09:00,414402,선행품질 (남양연구소),1,337,True,"189,183"
103083,현대자동차,3월 신입 채용,2026-04-03T17:00:00.000+09:00,414403,선행품질 (울산공장),1,244,True,"189,183"
103083,현대자동차,3월 신입 채용,2026-04-03T17:00:00.000+09:00,414404,안전품질,1,119,True,"189,183"
103083,현대자동차,3월 신입 채용,2026-04-03T17:00:00.000+09:00,414405,품질보증 (남양연구소),1,241,True,"189,183"
103083,현대자동차,3월 신입 채용,2026-04-03T17:00:00.000+09:00,414406,품질보증 (아산공장),1,145,True,"189,183"
103083,현대자동차,3월 신입 채용,2026-04-03T17:00:00.000+09:00,414407,품질보증 (울산공장),1,276,True,"189,183"
103083,현대자동차,3월 신입 채용,2026-04-03T17:00:00.000+09:00,414408,경영기획,1,217,True,"109,127,128,226,103,107,216"
103083,현대자동차,3월 신입 채용,2026-04-03T17:00:00.000+09:00,414409,경영연구,1,74,True,"109,127,128,226,103,107,216"
103083,현대자동차,3월 신입 채용,2026-04-03T17:00:00.000+09:00,414410,미래사업전략 기획/개발,1,152,True,"109,110,111,112,127,128,226,103,107,216"
103083,현대자동차,3월 신입 채용,2026-04-03T17:00:00.000+09:00,414411,미래사업전략 기획/개발 (의왕연구소),1,79,True,"109,110,111,112,127,128,226,103,107,216"
103083,현대자동차,3월 신입 채용,2026-04-03T17:00:00.000+09:00,414412,신사업전략/법인 운영,1,101,True,"109,110,111,112,127,128,226,103,107,216"
103083,현대자동차,3월 신입 채용,2026-04-03T17:00:00.000+09:00,414413,프로세스 개선,1,205,True,"109,110,111,112,127,128,226,103,107,216"
103083,현대자동차,3월 신입 채용,2026-04-03T17:00:00.000+09:00,414414,국내사업,1,811,True,"109,110,111,112,127,128,226,103,107,216"
103083,현대자동차,3월 신입 채용,2026-04-03T17:00:00.000+09:00,414415,글로벌 상용&LCV사업,1,148,True,"110,111,112,103"
103083,현대자동차,3월 신입 채용,2026-04-03T17:00:00.000+09:00,414416,글로벌사업,1,401,True,"110,111,112,103"
103083,현대자동차,3월 신입 채용,2026-04-03T17:00:00.000+09:00,414417,글로벌사업 (울산공장),1,83,True,"110,111,112,103"
103083,현대자동차,3월 신입 채용,2026-04-03T17:00:00.000+09:00,414418,에너지&수소사업,1,141,True,"110,111,112,103"
103083,현대자동차,3월 신입 채용,2026-04-03T17:00:00.000+09:00,414419,제네시스사업,1,187,True,"110,111,112,103"
103083,현대자동차,3월 신입 채용,2026-04-03T17:00:00.000+09:00,414420,글로벌 SDV 전략,1,60,True,"110,111,112,103"
103083,현대자동차,3월 신입 채용,2026-04-03T17:00:00.000+09:00,415171,글로벌 대외협력,1,211,True,"110,112,113,142,103,133"
103083,현대자동차,3월 신입 채용,2026-04-03T17:00:00.000+09:00,414421,상품기획/운영,1,246,True,"138,149,132"
103083,현대자동차,3월 신입 채용,2026-04-03T17:00:00.000+09:00,414422,상품전략/MI,1,126,True,"138,149,132"
103083,현대자동차,3월 신입 채용,2026-04-03T17:00:00.000+09:00,414423,브랜드경험,1,292,True,"134,132"
103083,현대자동차,3월 신입 채용,2026-04-03T17:00:00.000+09:00,414424,브랜드마케팅 및 인테리어/전시 디자인,1,280,True,"134,239,132"
103083,현대자동차,3월 신입 채용,2026-04-03T17:00:00.000+09:00,414425,PR,1,151,True,"142,133"
103083,현대자동차,3월 신입 채용,2026-04-03T17:00:00.000+09:00,414426,국내생산 경영지원,1,193,True,"109,127,128,226,103,107,216"
103083,현대자동차,3월 신입 채용,2026-04-03T17:00:00.000+09:00,414427,비즈니스 지원 (공간기획/개인정보보호),1,126,True,"109,127,128,226,103,107,216"
103083,현대자동차,3월 신입 채용,2026-04-03T17:00:00.000+09:00,414428,안전/환경,1,405,True,"191,192,184"
103083,현대자동차,3월 신입 채용,2026-04-03T17:00:00.000+09:00,414429,재경,1,391,True,"122,123,106,105"
103083,현대자동차,3월 신입 채용,2026-04-03T17:00:00.000+09:00,414430,재경 (남양연구소),1,118,True,"122,123,106,105"
103083,현대자동차,3월 신입 채용,2026-04-03T17:00:00.000+09:00,414431,재경 (울산공장),1,97,True,"122,123,106,105"
103083,현대자동차,3월 신입 채용,2026-04-03T17:00:00.000+09:00,414432,노사기획,1,85,True,"115,116,118,104"
103083,현대자동차,3월 신입 채용,2026-04-03T17:00:00.000+09:00,414433,HR,1,349,True,"115,116,118,104"
103083,현대자동차,3월 신입 채용,2026-04-03T17:00:00.000+09:00,414434,HRD 기획/운영,1,275,True,"115,116,118,104"
103083,현대자동차,3월 신입 채용,2026-04-03T17:00:00.000+09:00,414366,R&D 경영지원,1,115,True,"109,127,128,226,103,107,216"
103083,현대자동차,3월 신입 채용,2026-04-03T17:00:00.000+09:00,414435,SW Development,1,353,True,170
103083,현대자동차,3월 신입 채용,2026-04-03T17:00:00.000+09:00,414436,SW Architect,1,104,True,170
103083,현대자동차,3월 신입 채용,2026-04-03T17:00:00.000+09:00,414437,Security Engineering,1,36,True,166
103083,현대자동차,3월 신입 채용,2026-04-03T17:00:00.000+09:00,414438,Infra Engineering,1,268,True,"166,170"
103083,현대자동차,3월 신입 채용,2026-04-03T17:00:00.000+09:00,414439,정보보안,1,104,True,166
103083,현대자동차,3월 신입 채용,2026-04-03T17:00:00.000+09:00,414440,Data Engineering,1,251,True,"179,163"
103083,현대자동차,3월 신입 채용,2026-04-03T17:00:00.000+09:00,414441,[장애인 신입 특별채용] 플랜트 운영,1,5,True,208
103083,현대자동차,3월 신입 채용,2026-04-03T17:00:00.000+09:00,414442,[장애인 신입 특별채용] 미래사업전략 기획/개발,1,7,True,"110,112,103"
103083,현대자동차,3월 신입 채용,2026-04-03T17:00:00.000+09:00,414443,[장애인 신입 특별채용] 브랜드마케팅,1,8,True,"134,132"
103083,현대자동차,3월 신입 채용,2026-04-03T17:00:00.000+09:00,414444,[장애인 신입 특별채용] 상품전략/MI,1,5,True,"137,138,149,132"
103083,현대자동차,3월 신입 채용,2026-04-03T17:00:00.000+09:00,414445,[장애인 신입 특별채용] 비즈니스 지원,1,12,True,"109,127,128,226,103,107,216"
103083,현대자동차,3월 신입 채용,2026-04-03T17:00:00.000+09:00,414446,[장애인 신입 특별채용] 안전/환경,1,11,True,"109,127,128,226,103,107,216"
103083,현대자동차,3월 신입 채용,2026-04-03T17:00:00.000+09:00,414447,[장애인 신입 특별채용] HRD 기획/운영,1,10,True,"109,127,128,226,103,107,216"
103097,한화에어로스페이스,2026년 상반기 외국인 유학생 특별채용,2026-03-30T15:00:00.000+09:00,414590,사업개발 (유럽권),1,8,True,"110,112,154,197,103,146"
103097,한화에어로스페이스,2026년 상반기 외국인 유학생 특별채용,2026-03-30T15:00:00.000+09:00,414591,사업개발 (중동권),1,4,True,"110,112,154,197,103,146"
103108,KT&G,2026년 상반기 신입/경력사원 채용,2026-04-06T15:00:00.000+09:00,414638,R&D - 제품개발,1,217,True,"234,235,113,103,218"
103108,KT&G,2026년 상반기 신입/경력사원 채용,2026-04-06T15:00:00.000+09:00,414639,R&D - 향료연구,1,107,True,"229,234,235,217,218"
103108,KT&G,2026년 상반기 신입/경력사원 채용,2026-04-06T15:00:00.000+09:00,414640,R&D - 기구개발,1,215,True,"219,227,228,216"
103108,KT&G,2026년 상반기 신입/경력사원 채용,2026-04-06T15:00:00.000+09:00,414641,R&D - 회로개발,1,117,True,"220,221,169"
103108,KT&G,2026년 상반기 신입/경력사원 채용,2026-04-06T15:00:00.000+09:00,414642,R&D - SW개발,1,169,True,"169,164,170"
103108,KT&G,2026년 상반기 신입/경력사원 채용,2026-04-06T15:00:00.000+09:00,414643,생산직 - 일반전형,1,308,True,"185,186,187,189,183"
103108,KT&G,2026년 상반기 신입/경력사원 채용,2026-04-06T15:00:00.000+09:00,414644,생산직 - 보훈제한경쟁,1,12,True,"185,186,187,189,183"
103108,KT&G,2026년 상반기 신입/경력사원 채용,2026-04-06T15:00:00.000+09:00,414645,사업개발,2,59,True,"110,112,122,210,103,105"
103108,KT&G,2026년 상반기 신입/경력사원 채용,2026-04-06T15:00:00.000+09:00,414646,디바이스 부품 품질관리,2,47,True,"189,160,188,183"
103126,LG에너지솔루션,2026년 상반기(3월) 신입사원 수시채용,2026-03-19T23:00:00.000+09:00,414751,자동차개발센터 전극공정기술_각형,1,99,True,"187,188,189,185,227,219,183,216"
103126,LG에너지솔루션,2026년 상반기(3월) 신입사원 수시채용,2026-03-19T23:00:00.000+09:00,414752,자동차개발센터 설비기술_각형,1,56,True,"185,186,227,219,216"
103126,LG에너지솔루션,2026년 상반기(3월) 신입사원 수시채용,2026-03-19T23:00:00.000+09:00,414753,자동차개발센터 생산기술_각형,1,50,True,"187,188,185,227,219,183,216"
103126,LG에너지솔루션,2026년 상반기(3월) 신입사원 수시채용,2026-03-19T23:00:00.000+09:00,414754,자동차개발센터 활성화공정기술_각형,1,36,True,"187,188,189,185,229,183,217"
103126,LG에너지솔루션,2026년 상반기(3월) 신입사원 수시채용,2026-03-19T23:00:00.000+09:00,414755,ESS전지개발센터 Cell개발,1,94,True,"229,230,234,220,221,217,218"
103126,LG에너지솔루션,2026년 상반기(3월) 신입사원 수시채용,2026-03-19T23:00:00.000+09:00,414756,ESS전지개발센터 Pack제품설계,1,49,True,"227,219,220,238,216"
103126,LG에너지솔루션,2026년 상반기(3월) 신입사원 수시채용,2026-03-19T23:00:00.000+09:00,414757,ESS전지개발센터 System개발,1,48,True,"164,165,230,220,217"
103126,LG에너지솔루션,2026년 상반기(3월) 신입사원 수시채용,2026-03-19T23:00:00.000+09:00,414758,ESS전지개발센터 BMS SW,1,49,True,"176,165,169,170,162"
103126,LG에너지솔루션,2026년 상반기(3월) 신입사원 수시채용,2026-03-19T23:00:00.000+09:00,414759,생산기술혁신센터 설비기술_전극,1,34,True,"185,186,227,219,216"
103126,LG에너지솔루션,2026년 상반기(3월) 신입사원 수시채용,2026-03-19T23:00:00.000+09:00,414760,생산기술혁신센터 공정기술_전극,1,148,True,"187,188,185,229,183,217"
103126,LG에너지솔루션,2026년 상반기(3월) 신입사원 수시채용,2026-03-19T23:00:00.000+09:00,414761,생산기술혁신센터 검사기술_전극,1,34,True,"160,189,185,183"
103126,LG에너지솔루션,2026년 상반기(3월) 신입사원 수시채용,2026-03-19T23:00:00.000+09:00,414762,생산기술혁신센터 조립공정기술_파우치,1,48,True,"187,188,185,183"
103126,LG에너지솔루션,2026년 상반기(3월) 신입사원 수시채용,2026-03-19T23:00:00.000+09:00,414763,생산기술혁신센터 활성화공정기술_파우치,1,21,True,"187,188,185,229,183,217"
103126,LG에너지솔루션,2026년 상반기(3월) 신입사원 수시채용,2026-03-19T23:00:00.000+09:00,414764,생산기술혁신센터 검사기술_파우치,1,26,True,"160,189,185,183"
103126,LG에너지솔루션,2026년 상반기(3월) 신입사원 수시채용,2026-03-19T23:00:00.000+09:00,414765,생산기술혁신센터 설비기술_파우치,1,16,True,"185,186,227,219,216"
103126,LG에너지솔루션,2026년 상반기(3월) 신입사원 수시채용,2026-03-19T23:00:00.000+09:00,414766,생산기술혁신센터 공정기술_원통형조립/와인더,1,18,True,"187,188,185,183"
103126,LG에너지솔루션,2026년 상반기(3월) 신입사원 수시채용,2026-03-19T23:00:00.000+09:00,414767,생산기술혁신센터 공정기술_원통형 활성화,1,25,True,"187,188,185,229,183,217"
103126,LG에너지솔루션,2026년 상반기(3월) 신입사원 수시채용,2026-03-19T23:00:00.000+09:00,414768,생산기술혁신센터 설비기술_원통형,1,18,True,"185,186,227,219,216"
103126,LG에너지솔루션,2026년 상반기(3월) 신입사원 수시채용,2026-03-19T23:00:00.000+09:00,414769,생산기술혁신센터 요소기술_원통형DE,1,34,True,"227,229,219,220,216,217"
103126,LG에너지솔루션,2026년 상반기(3월) 신입사원 수시채용,2026-03-19T23:00:00.000+09:00,414770,생산기술혁신센터 제조지능화_원격기술,1,32,True,"180,166,167,187,163,183"
103126,LG에너지솔루션,2026년 상반기(3월) 신입사원 수시채용,2026-03-19T23:00:00.000+09:00,414771,생산기술혁신센터 설비기술_Pack,1,16,True,"185,186,227,219,216"
103126,LG에너지솔루션,2026년 상반기(3월) 신입사원 수시채용,2026-03-19T23:00:00.000+09:00,414772,생산기술혁신센터 공정기술_Pack,1,87,True,"187,188,185,183"
103126,LG에너지솔루션,2026년 상반기(3월) 신입사원 수시채용,2026-03-19T23:00:00.000+09:00,414773,생산기술혁신센터 공무/생산인프라,1,65,True,"128,186,202,205,107"
103126,LG에너지솔루션,2026년 상반기(3월) 신입사원 수시채용,2026-03-19T23:00:00.000+09:00,414774,생산기술혁신센터 설비기술_인프라,1,40,True,"185,186,227,219,216"
103126,LG에너지솔루션,2026년 상반기(3월) 신입사원 수시채용,2026-03-19T23:00:00.000+09:00,414775,CTO 차세대전지_공정개발,1,37,True,"188,229,230,234,183,217,218"
103126,LG에너지솔루션,2026년 상반기(3월) 신입사원 수시채용,2026-03-19T23:00:00.000+09:00,414776,CTO 차세대전지_Pack System 선행개발,1,20,True,"164,165,219,220"
103126,LG에너지솔루션,2026년 상반기(3월) 신입사원 수시채용,2026-03-19T23:00:00.000+09:00,414777,CTO 차세대전지_기반기술개발,1,22,True,"229,230,234,220,217,218"
103126,LG에너지솔루션,2026년 상반기(3월) 신입사원 수시채용,2026-03-19T23:00:00.000+09:00,414778,CTO 소재기술,1,50,True,"229,234,223,217,218"
103126,LG에너지솔루션,2026년 상반기(3월) 신입사원 수시채용,2026-03-19T23:00:00.000+09:00,414779,CTO 제품시뮬레이션,1,24,True,"180,167,227,219,163,216"
103126,LG에너지솔루션,2026년 상반기(3월) 신입사원 수시채용,2026-03-19T23:00:00.000+09:00,414780,CTO 전장부품설계,1,58,True,"226,219,220,216"
103126,LG에너지솔루션,2026년 상반기(3월) 신입사원 수시채용,2026-03-19T23:00:00.000+09:00,414781,CTO Data Engineering,1,98,True,"179,180,181,167,163"
103126,LG에너지솔루션,2026년 상반기(3월) 신입사원 수시채용,2026-03-19T23:00:00.000+09:00,414782,CTO 퇴화예측 기술개발,1,11,True,"180,167,229,234,163,217,218"
103126,LG에너지솔루션,2026년 상반기(3월) 신입사원 수시채용,2026-03-19T23:00:00.000+09:00,414783,CTO BMS SW개발,1,38,True,"176,165,169,170,162"
103126,LG에너지솔루션,2026년 상반기(3월) 신입사원 수시채용,2026-03-19T23:00:00.000+09:00,414784,CTO 진단기술,1,19,True,"160,180,167,189,163,183"
103126,LG에너지솔루션,2026년 상반기(3월) 신입사원 수시채용,2026-03-19T23:00:00.000+09:00,414785,CTO 전지분석,1,22,True,"180,189,229,234,163,183,217,218"
103126,LG에너지솔루션,2026년 상반기(3월) 신입사원 수시채용,2026-03-19T23:00:00.000+09:00,414786,CDO AI기술개발,1,21,True,"176,180,165,167,162,163"
103126,LG에너지솔루션,2026년 상반기(3월) 신입사원 수시채용,2026-03-19T23:00:00.000+09:00,414787,CDO Data Science/최적화 알고리즘 개발,1,23,True,"176,179,180,167,162,163"
103145,KB국민은행,2026년 상반기 신입행원 채용,2026-03-25T18:00:00.000+09:00,414824,[UB부문] 기업고객금융·고객자산관리,1,3204,True,"194,196,197,201,214"
103145,KB국민은행,2026년 상반기 신입행원 채용,2026-03-25T18:00:00.000+09:00,414831,[UB부문] 부산·울산·경남,1,346,True,214
103145,KB국민은행,2026년 상반기 신입행원 채용,2026-03-25T18:00:00.000+09:00,414832,[UB부문] 대구·경북,1,177,True,214
103145,KB국민은행,2026년 상반기 신입행원 채용,2026-03-25T18:00:00.000+09:00,414833,[UB부문] 대전·세종·충청,1,199,True,214
103145,KB국민은행,2026년 상반기 신입행원 채용,2026-03-25T18:00:00.000+09:00,414834,[UB부문] 광주·호남,1,209,True,214
103145,KB국민은행,2026년 상반기 신입행원 채용,2026-03-25T18:00:00.000+09:00,414835,[UB부문] 강원,1,54,True,214
103145,KB국민은행,2026년 상반기 신입행원 채용,2026-03-25T18:00:00.000+09:00,414836,[UB부문] 제주,1,35,True,214
103145,KB국민은행,2026년 상반기 신입행원 채용,2026-03-25T18:00:00.000+09:00,414825,[전역장교부문] 신입행원,1,158,True,"194,196,197,201,214"
103145,KB국민은행,2026년 상반기 신입행원 채용,2026-03-25T18:00:00.000+09:00,414826,[ESG동반성장부문] 기초생활수급,1,25,True,"127,194,214,107"
103145,KB국민은행,2026년 상반기 신입행원 채용,2026-03-25T18:00:00.000+09:00,414827,[ESG동반성장부문] 다문화가족자녀,1,13,True,"127,194,214,107"
103145,KB국민은행,2026년 상반기 신입행원 채용,2026-03-25T18:00:00.000+09:00,414828,[ESG동반성장부문] 북한이탈주민,1,8,True,"127,194,214,107"
103145,KB국민은행,2026년 상반기 신입행원 채용,2026-03-25T18:00:00.000+09:00,414829,[ESG동반성장부문] 장애인,1,12,True,"127,194,214,107"
103145,KB국민은행,2026년 상반기 신입행원 채용,2026-03-25T18:00:00.000+09:00,414830,[보훈부문] 신입행원,1,15,True,"127,194,214,107"
103159,CJ제일제당(식품사업부문),2026 Future Marketer League,2026-04-01T17:00:00.000+09:00,414929,Product 마케팅,1,140,True,"134,135,136,137,138,139,149,132"
103160,CJ제일제당(BIO), 2026 BIO/공통부문 신입사원 모집,2026-04-01T17:00:00.000+09:00,414930,[재경전형] 재경,1,228,True,"122,125,105"
103160,CJ제일제당(BIO), 2026 BIO/공통부문 신입사원 모집,2026-04-01T17:00:00.000+09:00,414931,[일반전형] 미디어PR,1,111,True,"142,143,133"
103160,CJ제일제당(BIO), 2026 BIO/공통부문 신입사원 모집,2026-04-01T17:00:00.000+09:00,414932,[일반전형] 보안기술,1,54,True,"257,166"
103160,CJ제일제당(BIO), 2026 BIO/공통부문 신입사원 모집,2026-04-01T17:00:00.000+09:00,414933,[일반전형] 사업관리 ,1,172,True,"109,110,111,112,103"
103160,CJ제일제당(BIO), 2026 BIO/공통부문 신입사원 모집,2026-04-01T17:00:00.000+09:00,414934,[일반전형] Global Sales ,1,106,True,"154,194,196,146"
103160,CJ제일제당(BIO), 2026 BIO/공통부문 신입사원 모집,2026-04-01T17:00:00.000+09:00,414935,[일반전형] 생산기술 (발효/정제) ,1,343,True,"187,188,185,183"
103160,CJ제일제당(BIO), 2026 BIO/공통부문 신입사원 모집,2026-04-01T17:00:00.000+09:00,414936,[R&D전형] BIO AI,1,66,True,"167,234,218"
103160,CJ제일제당(BIO), 2026 BIO/공통부문 신입사원 모집,2026-04-01T17:00:00.000+09:00,414937,[R&D전형] Regulatory Sciences ,1,66,True,"234,235,258,218"
103161,CJ올리브영,2026 신입사원 모집,2026-04-01T17:00:00.000+09:00,414938,MD,1,488,True,"138,149,132"
103161,CJ올리브영,2026 신입사원 모집,2026-04-01T17:00:00.000+09:00,414939,상품개발BM,1,188,True,"138,149,132"
103161,CJ올리브영,2026 신입사원 모집,2026-04-01T17:00:00.000+09:00,414940,상품마케팅,1,279,True,"134,137,132"
103161,CJ올리브영,2026 신입사원 모집,2026-04-01T17:00:00.000+09:00,414941,브랜드 콘텐츠마케팅,1,171,True,"134,135,136,132"
103161,CJ올리브영,2026 신입사원 모집,2026-04-01T17:00:00.000+09:00,414942,브랜드 커뮤니케이션,1,275,True,"134,137,142,132,133"
103161,CJ올리브영,2026 신입사원 모집,2026-04-01T17:00:00.000+09:00,414943,그로스마케팅,1,230,True,"136,137,180,132,163"
103161,CJ올리브영,2026 신입사원 모집,2026-04-01T17:00:00.000+09:00,414944,커머스마케팅,1,199,True,"136,137,132"
103161,CJ올리브영,2026 신입사원 모집,2026-04-01T17:00:00.000+09:00,414945,비주얼 콘텐츠마케팅,1,108,True,"134,135,243,132,237"
103161,CJ올리브영,2026 신입사원 모집,2026-04-01T17:00:00.000+09:00,414946,Product Management,1,315,True,"110,171,103"
103161,CJ올리브영,2026 신입사원 모집,2026-04-01T17:00:00.000+09:00,414947,백엔드 개발,1,530,True,"176,170,162"
103161,CJ올리브영,2026 신입사원 모집,2026-04-01T17:00:00.000+09:00,414948,소프트웨어 엔지니어,1,217,True,"165,170"
103161,CJ올리브영,2026 신입사원 모집,2026-04-01T17:00:00.000+09:00,414949,QA엔지니어,1,87,True,160
103161,CJ올리브영,2026 신입사원 모집,2026-04-01T17:00:00.000+09:00,414950,Data Modeling,1,312,True,"179,180,181,163"
103161,CJ올리브영,2026 신입사원 모집,2026-04-01T17:00:00.000+09:00,414951,비주얼디자인,1,101,True,"134,243,132,237"
103161,CJ올리브영,2026 신입사원 모집,2026-04-01T17:00:00.000+09:00,414952,VMD,1,62,True,"238,239"
103161,CJ올리브영,2026 신입사원 모집,2026-04-01T17:00:00.000+09:00,414953,인테리어,1,103,True,"207,239"
103161,CJ올리브영,2026 신입사원 모집,2026-04-01T17:00:00.000+09:00,414954,스토어기획,1,247,True,"110,151,103,145"
103161,CJ올리브영,2026 신입사원 모집,2026-04-01T17:00:00.000+09:00,414955,SCM,1,268,True,"150,151,145"
103161,CJ올리브영,2026 신입사원 모집,2026-04-01T17:00:00.000+09:00,414956,재무,1,235,True,"122,123,106,105"
103161,CJ올리브영,2026 신입사원 모집,2026-04-01T17:00:00.000+09:00,414957,사업관리,1,217,True,"109,111,113,103"
103161,CJ올리브영,2026 신입사원 모집,2026-04-01T17:00:00.000+09:00,414958,[글로벌전형] 글로벌 그로스마케팅,1,135,True,"136,137,180,132,163"
103161,CJ올리브영,2026 신입사원 모집,2026-04-01T17:00:00.000+09:00,414959,[글로벌전형] 글로벌 상권개발,1,89,True,"110,209,253,103"
103161,CJ올리브영,2026 신입사원 모집,2026-04-01T17:00:00.000+09:00,414960,[글로벌전형] 글로벌 SCM,1,108,True,"150,155,145,146"
103162,CJ ENM(엔터테인먼트),2026 일반/Creator 신입사원 모집,2026-04-01T17:00:00.000+09:00,414961,[Creator전형] 예능 제작PD,1,126,True,247
103162,CJ ENM(엔터테인먼트),2026 일반/Creator 신입사원 모집,2026-04-01T17:00:00.000+09:00,414962,[Creator전형] 음악 제작PD,1,72,True,"247,248"
103162,CJ ENM(엔터테인먼트),2026 일반/Creator 신입사원 모집,2026-04-01T17:00:00.000+09:00,414963,[Creator전형] 드라마 프로듀서,1,118,True,247
103162,CJ ENM(엔터테인먼트),2026 일반/Creator 신입사원 모집,2026-04-01T17:00:00.000+09:00,414964,[일반전형] 영화기획제작,1,182,True,247
103162,CJ ENM(엔터테인먼트),2026 일반/Creator 신입사원 모집,2026-04-01T17:00:00.000+09:00,414965,[일반전형] 아티스트제작,1,87,True,251
103162,CJ ENM(엔터테인먼트),2026 일반/Creator 신입사원 모집,2026-04-01T17:00:00.000+09:00,414966,[일반전형] Business Planning,1,145,True,"110,112,103"
103162,CJ ENM(엔터테인먼트),2026 일반/Creator 신입사원 모집,2026-04-01T17:00:00.000+09:00,414972,[일반전형] Global Business Planning,1,82,True,"110,112,103"
103162,CJ ENM(엔터테인먼트),2026 일반/Creator 신입사원 모집,2026-04-01T17:00:00.000+09:00,414967,[일반전형] Finance,1,128,True,"122,106,105"
103162,CJ ENM(엔터테인먼트),2026 일반/Creator 신입사원 모집,2026-04-01T17:00:00.000+09:00,414973,[일반전형] Business Planning(TVING),1,111,True,"110,112,103"
103162,CJ ENM(엔터테인먼트),2026 일반/Creator 신입사원 모집,2026-04-01T17:00:00.000+09:00,414968,[일반전형] Global Marketing,1,186,True,"137,154,132,146"
103162,CJ ENM(엔터테인먼트),2026 일반/Creator 신입사원 모집,2026-04-01T17:00:00.000+09:00,414969,[일반전형] Global HR,1,144,True,"115,118,104"
103162,CJ ENM(엔터테인먼트),2026 일반/Creator 신입사원 모집,2026-04-01T17:00:00.000+09:00,414970,[Tech&Art전형] 무대디자인,1,40,True,"239,250"
103162,CJ ENM(엔터테인먼트),2026 일반/Creator 신입사원 모집,2026-04-01T17:00:00.000+09:00,414971,[Tech&Art전형] 콘텐츠촬영,1,35,True,"247,248"
103163,CJ올리브네트웍스,2026년 상반기 신입사원 모집,2026-04-01T17:00:00.000+09:00,414974,AI Engineer,1,398,True,"167,176,179,162,163"
103163,CJ올리브네트웍스,2026년 상반기 신입사원 모집,2026-04-01T17:00:00.000+09:00,414975,Data Engineer,1,169,True,"179,180,181,163"
103163,CJ올리브네트웍스,2026년 상반기 신입사원 모집,2026-04-01T17:00:00.000+09:00,414976,DX Engineer,1,363,True,"176,170,165,162"
103163,CJ올리브네트웍스,2026년 상반기 신입사원 모집,2026-04-01T17:00:00.000+09:00,414977,Software Engineer,1,511,True,"176,165,175,162"
103163,CJ올리브네트웍스,2026년 상반기 신입사원 모집,2026-04-01T17:00:00.000+09:00,414978,ERP System Engineer,1,98,True,"170,176,162"
103163,CJ올리브네트웍스,2026년 상반기 신입사원 모집,2026-04-01T17:00:00.000+09:00,414979,Security Engineer,1,64,True,"166,257"
103163,CJ올리브네트웍스,2026년 상반기 신입사원 모집,2026-04-01T17:00:00.000+09:00,414980,Infra Service Engineer,1,150,True,"166,164"
103163,CJ올리브네트웍스,2026년 상반기 신입사원 모집,2026-04-01T17:00:00.000+09:00,414981,Network Service Engineer,1,62,True,"166,222"
103163,CJ올리브네트웍스,2026년 상반기 신입사원 모집,2026-04-01T17:00:00.000+09:00,414982,UX/UI,1,268,True,"241,171"
103163,CJ올리브네트웍스,2026년 상반기 신입사원 모집,2026-04-01T17:00:00.000+09:00,414983,경영지원(재무/관리),1,205,True,"122,106,125,105"
103163,CJ올리브네트웍스,2026년 상반기 신입사원 모집,2026-04-01T17:00:00.000+09:00,414984,사업지원,1,203,True,"110,112,109,103"
103163,CJ올리브네트웍스,2026년 상반기 신입사원 모집,2026-04-01T17:00:00.000+09:00,414985,인사,1,427,True,"115,118,117,104"
103164,CJ ENM(엔터테인먼트),2026 Be the First 전형 (Creator 조기 선발),2026-04-01T17:00:00.000+09:00,414986,예능 제작PD,1,32,True,"171,247,248"
103164,CJ ENM(엔터테인먼트),2026 Be the First 전형 (Creator 조기 선발),2026-04-01T17:00:00.000+09:00,414987,음악 제작PD,1,14,True,"171,247,248,251"
103166,CJ제일제당(식품사업부문),2026 상반기 신입사원 모집 ,2026-04-01T17:00:00.000+09:00,414989,[마케팅 전형] Product 마케팅,1,297,True,"137,138,134,132"
103166,CJ제일제당(식품사업부문),2026 상반기 신입사원 모집 ,2026-04-01T17:00:00.000+09:00,414990,[마케팅 전형] 디지털 마케팅,1,213,True,"136,135,134,132"
103166,CJ제일제당(식품사업부문),2026 상반기 신입사원 모집 ,2026-04-01T17:00:00.000+09:00,414991,[마케팅 전형] 트렌드 마케팅,1,242,True,"137,253,180,132,163"
103166,CJ제일제당(식품사업부문),2026 상반기 신입사원 모집 ,2026-04-01T17:00:00.000+09:00,414992,[마케팅 전형] 온라인 마케팅,1,170,True,"136,137,180,132,163"
103166,CJ제일제당(식품사업부문),2026 상반기 신입사원 모집 ,2026-04-01T17:00:00.000+09:00,414993,[마케팅 전형] 콘텐츠 마케팅,1,216,True,"135,136,141,132,133"
103166,CJ제일제당(식품사업부문),2026 상반기 신입사원 모집 ,2026-04-01T17:00:00.000+09:00,414994,[R&D 전형] R&D (식품),1,133,True,"235,234,229,217,218"
103166,CJ제일제당(식품사업부문),2026 상반기 신입사원 모집 ,2026-04-01T17:00:00.000+09:00,414995,[일반 전형] Food Sales (B2B/B2C),1,509,True,"194,196,197"
103166,CJ제일제당(식품사업부문),2026 상반기 신입사원 모집 ,2026-04-01T17:00:00.000+09:00,414996,[일반 전형] e-Commerce Sales,1,205,True,"194,197,136,132"
103166,CJ제일제당(식품사업부문),2026 상반기 신입사원 모집 ,2026-04-01T17:00:00.000+09:00,414997,[일반 전형] 구매,1,309,True,"157,158,149,147"
103166,CJ제일제당(식품사업부문),2026 상반기 신입사원 모집 ,2026-04-01T17:00:00.000+09:00,414998,[일반 전형] DX 솔루션 기획,1,253,True,"171,170,113,103"
103166,CJ제일제당(식품사업부문),2026 상반기 신입사원 모집 ,2026-04-01T17:00:00.000+09:00,414999,[일반 전형] 플랫폼 서비스 기획,1,240,True,"171,241,180,163"
103166,CJ제일제당(식품사업부문),2026 상반기 신입사원 모집 ,2026-04-01T17:00:00.000+09:00,415000,[일반 전형] 플랫폼 개발 (Front/Back-End),1,278,True,"175,176,171,162"
103166,CJ제일제당(식품사업부문),2026 상반기 신입사원 모집 ,2026-04-01T17:00:00.000+09:00,415001,[일반 전형] UI/UX 디자인,1,143,True,"241,243,171,237"
103166,CJ제일제당(식품사업부문),2026 상반기 신입사원 모집 ,2026-04-01T17:00:00.000+09:00,415002,[일반 전형] 브랜드/패키지 디자인,1,52,True,"238,243,134,132,237"
103166,CJ제일제당(식품사업부문),2026 상반기 신입사원 모집 ,2026-04-01T17:00:00.000+09:00,415003,[일반 전형] 생산기술,1,269,True,"187,188,189,183"
103170,아모레퍼시픽,2026 상반기 신입사원 수시채용,2026-04-08T23:59:00.000+09:00,415015,공간디자인,1,179,True,239
103170,아모레퍼시픽,2026 상반기 신입사원 수시채용,2026-04-08T23:59:00.000+09:00,415016,생산시스템 엔지니어,1,554,True,"179,180,166,170,187,163,183"
103170,아모레퍼시픽,2026 상반기 신입사원 수시채용,2026-04-08T23:59:00.000+09:00,415017,포장재 구매,1,569,True,"150,152,157,145,147"
103170,아모레퍼시픽,2026 상반기 신입사원 수시채용,2026-04-08T23:59:00.000+09:00,415018,스킨케어 제품개발 (R&I),1,247,True,"232,234,217,218"
103202,CJ대한통운,2026년 상반기 신입사원 모집,2026-04-01T17:00:00.000+09:00,415173,[일반전형] SCM (운영),1,412,True,"150,151,152,110,112,103,145"
103202,CJ대한통운,2026년 상반기 신입사원 모집,2026-04-01T17:00:00.000+09:00,415174,[일반전형] Robotics,1,119,True,"164,165,169,176,227,162,216"
103202,CJ대한통운,2026년 상반기 신입사원 모집,2026-04-01T17:00:00.000+09:00,415175,[일반전형] AI/빅데이터,1,170,True,"167,179,180,113,150,103,145,163"
103202,CJ대한통운,2026년 상반기 신입사원 모집,2026-04-01T17:00:00.000+09:00,415176,[일반전형] IT 개발,1,318,True,"175,176,172,173,171,161,162"
103202,CJ대한통운,2026년 상반기 신입사원 모집,2026-04-01T17:00:00.000+09:00,415177,[일반전형] 재무/회계,1,184,True,"106,122,123,125,256,105"
103202,CJ대한통운,2026년 상반기 신입사원 모집,2026-04-01T17:00:00.000+09:00,415178,[일반전형] 안전/보건,1,134,True,"191,192,203,189,183,184"
103202,CJ대한통운,2026년 상반기 신입사원 모집,2026-04-01T17:00:00.000+09:00,415179,[글로벌전형] 글로벌 SCM (영업·운영),1,111,True,"154,155,150,151,196,145,146"
103202,CJ대한통운,2026년 상반기 신입사원 모집,2026-04-01T17:00:00.000+09:00,415180,[글로벌전형] 글로벌 사업관리,1,61,True,"110,112,109,122,113,103,105"
103208,삼양그룹,2026년 3월 신입사원 채용,2026-04-05T23:59:00.000+09:00,415192,[대졸신입/Junior Career] 기계설비_화학,1,134,True,"186,227,219,216"
103208,삼양그룹,2026년 3월 신입사원 채용,2026-04-05T23:59:00.000+09:00,415193,[대졸신입/Junior Career] 공정기술_화학,1,267,True,"187,188,189,183"
103208,삼양그룹,2026년 3월 신입사원 채용,2026-04-05T23:59:00.000+09:00,415194,[대졸신입/Junior Career] 생산관리_화학,1,90,True,"187,152,189,145,183"
103208,삼양그룹,2026년 3월 신입사원 채용,2026-04-05T23:59:00.000+09:00,415195,[신입연구/Junior Career] R&D(Mobility)_화학,1,121,True,"227,221,229,216,217"
103208,삼양그룹,2026년 3월 신입사원 채용,2026-04-05T23:59:00.000+09:00,415196,[신입연구/Junior Career] R&D(RO)_화학,1,107,True,"229,234,221,217,218"
103208,삼양그룹,2026년 3월 신입사원 채용,2026-04-05T23:59:00.000+09:00,415197,[신입연구/Junior Career] R&D(전기전자)_화학,1,68,True,"220,221,229,217"
103208,삼양그룹,2026년 3월 신입사원 채용,2026-04-05T23:59:00.000+09:00,415198,[대졸신입/Junior Career] 생산관리_의약바이오,1,230,True,"187,152,189,145,183"
103208,삼양그룹,2026년 3월 신입사원 채용,2026-04-05T23:59:00.000+09:00,415199,[신입연구/Junior Career] R&D(공정개발)_의약바이오,1,74,True,"234,188,189,183,218"
103208,삼양그룹,2026년 3월 신입사원 채용,2026-04-05T23:59:00.000+09:00,415200,[신입연구/Junior Career] R&D(Medical Device)_의약바이오,1,50,True,"234,229,221,217,218"
103208,삼양그룹,2026년 3월 신입사원 채용,2026-04-05T23:59:00.000+09:00,415201,[대졸신입/Junior Career] 전사 안전보건 총괄관리_패키징,1,129,True,"191,192,203,184"
103208,삼양그룹,2026년 3월 신입사원 채용,2026-04-05T23:59:00.000+09:00,415202,[대졸신입/Junior Career] Beverage Development_패키징,1,74,True,"235,138,253,132,218"
103208,삼양그룹,2026년 3월 신입사원 채용,2026-04-05T23:59:00.000+09:00,415203,[대졸신입/Junior Career] 안전보건_패키징,1,112,True,"191,192,108,184"
103208,삼양그룹,2026년 3월 신입사원 채용,2026-04-05T23:59:00.000+09:00,415204,[대졸신입/Global Talent/Junior Career] 재경(대전)_Staff,1,136,True,"106,122,123,105"
103208,삼양그룹,2026년 3월 신입사원 채용,2026-04-05T23:59:00.000+09:00,415205,[대졸신입/Global Talent/Junior Career] 재경(전주)_Staff,1,59,True,"106,122,123,105"
103223,한솔제지,신입사원 수시채용 (해외영업),2026-04-01T23:59:00.000+09:00,415457,해외영업,1,266,True,"194,196,197"
103240,신한은행,2026년 상반기 일반직 신입행원 채용,2026-04-03T14:00:00.000+09:00,415512,일반직_일반,1,2973,True,"201,214"
103240,신한은행,2026년 상반기 일반직 신입행원 채용,2026-04-03T14:00:00.000+09:00,415513,일반직_지역인재,1,837,True,"201,214"
103241,신한은행,2026년 디지털/ICT 수시채용,2026-04-03T14:00:00.000+09:00,415514,뱅킹서비스 개발 및 운영,1,1102,True,"176,181,165,170,162,163"
103241,신한은행,2026년 디지털/ICT 수시채용,2026-04-03T14:00:00.000+09:00,415515,AI 애플리케이션 엔지니어링,1,574,True,"176,179,180,167,171,162,163"
103241,신한은행,2026년 디지털/ICT 수시채용,2026-04-03T14:00:00.000+09:00,415516,정보보호,1,161,True,166
103265,LS MnM,신입사원 수시채용 - 설비엔지니어(기계),2026-04-05T23:59:00.000+09:00,415687,설비엔지니어(기계),1,248,True,"191,185,186,227,219,184,216"
103283,경신,2026년 상반기 신입/경력사원 채용,2026-04-12T23:59:00.000+09:00,415805,생산기술 (채용연계형),3,215,True,"187,188,185,183"
103283,경신,2026년 상반기 신입/경력사원 채용,2026-04-12T23:59:00.000+09:00,415806,사업관리 (채용연계형),3,126,True,"110,157,197,103,147"
103283,경신,2026년 상반기 신입/경력사원 채용,2026-04-12T23:59:00.000+09:00,415807,부품설계 (채용연계형),3,84,True,"227,219,220,216"
103283,경신,2026년 상반기 신입/경력사원 채용,2026-04-12T23:59:00.000+09:00,415808,전장설계(경로),1,107,True,"226,227,219,216"
103283,경신,2026년 상반기 신입/경력사원 채용,2026-04-12T23:59:00.000+09:00,415809,전장설계(회로),1,117,True,"226,220,221,216"
103283,경신,2026년 상반기 신입/경력사원 채용,2026-04-12T23:59:00.000+09:00,415810,생산관리 ,1,148,True,"127,152,187,107,145,183"
103283,경신,2026년 상반기 신입/경력사원 채용,2026-04-12T23:59:00.000+09:00,415811,물류지원,1,54,True,"150,151,152,145"
103283,경신,2026년 상반기 신입/경력사원 채용,2026-04-12T23:59:00.000+09:00,415812,품질관리 ,1,217,True,"160,189,185,183"
103283,경신,2026년 상반기 신입/경력사원 채용,2026-04-12T23:59:00.000+09:00,415813,통합구매,2,30,True,"157,158,197,147"
103283,경신,2026년 상반기 신입/경력사원 채용,2026-04-12T23:59:00.000+09:00,415814,전장설계(경로),2,15,True,"226,227,219,216"
103283,경신,2026년 상반기 신입/경력사원 채용,2026-04-12T23:59:00.000+09:00,415815,전장설계(회로),2,22,True,"226,220,221,216"
103283,경신,2026년 상반기 신입/경력사원 채용,2026-04-12T23:59:00.000+09:00,415816,물류지원,2,8,True,"150,151,152,145"
103283,경신,2026년 상반기 신입/경력사원 채용,2026-04-12T23:59:00.000+09:00,415817,부품설계 ,2,20,True,"219,220,222"
103283,경신,2026년 상반기 신입/경력사원 채용,2026-04-12T23:59:00.000+09:00,415818,품질보증,2,27,True,"160,170,189,183"
103285,현대모비스,"[반도체사업담당] 26년 3월 관리직 신입채용 (Chief of Semiconductor Business, entry-admin.)",2026-04-06T10:00:00.000+09:00,415820,기획_Planning-사업관리_PM-사업기획/운영_Business Planning&Management,1,572,True,"110,112,103"
103287,한국투자증권,FY2026 상반기 PB 공채 (신입사원 5급),2026-04-09T17:00:00.000+09:00,415849,[서울/인천/경기] PB(Private Banker),1,855,True,"201,210,211,194,196"
103287,한국투자증권,FY2026 상반기 PB 공채 (신입사원 5급),2026-04-09T17:00:00.000+09:00,415850,[대구/울산/경북] PB(Private Banker),1,90,True,"201,210,211,194,196"
103287,한국투자증권,FY2026 상반기 PB 공채 (신입사원 5급),2026-04-09T17:00:00.000+09:00,415851,[대전/충청] PB(Private Banker),1,96,True,"201,210,211,194,196"
103287,한국투자증권,FY2026 상반기 PB 공채 (신입사원 5급),2026-04-09T17:00:00.000+09:00,415852,[부산/경남] PB(Private Banker),1,119,True,"201,210,211,194,196"
103287,한국투자증권,FY2026 상반기 PB 공채 (신입사원 5급),2026-04-09T17:00:00.000+09:00,415853,[전주/전북] PB(Private Banker),1,46,True,"201,210,211,194,196"
103287,한국투자증권,FY2026 상반기 PB 공채 (신입사원 5급),2026-04-09T17:00:00.000+09:00,415854,[춘천/강원/제주] PB(Private Banker),1,30,True,"201,210,211,194,196"
103287,한국투자증권,FY2026 상반기 PB 공채 (신입사원 5급),2026-04-09T17:00:00.000+09:00,415855,[광주/전남] PB(Private Banker),1,66,True,"201,210,211,194,196"
103287,한국투자증권,FY2026 상반기 PB 공채 (신입사원 5급),2026-04-09T17:00:00.000+09:00,415856,[근무지 무관] PB(Private Banker),1,80,True,"201,210,211,194,196"
103299,동국제강,2026년 신입&경력 공개채용,2026-04-12T23:59:00.000+09:00,415909,변호사,5,26,True,"108,255"
103299,동국제강,2026년 신입&경력 공개채용,2026-04-12T23:59:00.000+09:00,415910,설비관리-기계,2,34,True,"186,227,216"
103299,동국제강,2026년 신입&경력 공개채용,2026-04-12T23:59:00.000+09:00,415911,설비관리-전기,2,18,True,"186,220"
103299,동국제강,2026년 신입&경력 공개채용,2026-04-12T23:59:00.000+09:00,415912,제련 연구,2,19,True,"223,229,217"
103299,동국제강,2026년 신입&경력 공개채용,2026-04-12T23:59:00.000+09:00,415913,기획,1,334,True,"109,106,122,103,105"
103299,동국제강,2026년 신입&경력 공개채용,2026-04-12T23:59:00.000+09:00,415914,생산계획관리,1,260,True,"187,188,183"
103299,동국제강,2026년 신입&경력 공개채용,2026-04-12T23:59:00.000+09:00,415915,법무,1,88,True,"108,255"
103299,동국제강,2026년 신입&경력 공개채용,2026-04-12T23:59:00.000+09:00,415916,해외영업,1,408,True,"154,155,146"
103299,동국제강,2026년 신입&경력 공개채용,2026-04-12T23:59:00.000+09:00,415917,설비관리(기계),1,262,True,"186,227,216"
103299,동국제강,2026년 신입&경력 공개채용,2026-04-12T23:59:00.000+09:00,415918,생산관리(봉강),1,55,True,"187,191,227,183,184,216"
103299,동국제강,2026년 신입&경력 공개채용,2026-04-12T23:59:00.000+09:00,415919,물류(인천),1,178,True,"150,152,157,145,147"
103299,동국제강,2026년 신입&경력 공개채용,2026-04-12T23:59:00.000+09:00,415920,인사/노무(인천),1,128,True,"115,116,120,104"
103299,동국제강,2026년 신입&경력 공개채용,2026-04-12T23:59:00.000+09:00,415921,생산관리(제강),1,165,True,"187,189,183"
103299,동국제강,2026년 신입&경력 공개채용,2026-04-12T23:59:00.000+09:00,415922,품질관리,1,130,True,"189,160,183"
103299,동국제강,2026년 신입&경력 공개채용,2026-04-12T23:59:00.000+09:00,415923,품질보증,1,90,True,"189,160,183"
103299,동국제강,2026년 신입&경력 공개채용,2026-04-12T23:59:00.000+09:00,415924,물류(포항),1,68,True,"150,152,145"
103299,동국제강,2026년 신입&경력 공개채용,2026-04-12T23:59:00.000+09:00,415925,인사/노무(포항),1,78,True,"115,116,119,104"
103299,동국제강,2026년 신입&경력 공개채용,2026-04-12T23:59:00.000+09:00,415926,구매(국내),1,125,True,"157,158,147"
103299,동국제강,2026년 신입&경력 공개채용,2026-04-12T23:59:00.000+09:00,415927,후판연구,1,37,True,"223,227,216"
103299,동국제강,2026년 신입&경력 공개채용,2026-04-12T23:59:00.000+09:00,415928,생산관리(후판),1,70,True,"187,188,183"
103299,동국제강,2026년 신입&경력 공개채용,2026-04-12T23:59:00.000+09:00,415929,설비관리(전기),1,137,True,"186,220"
103299,동국제강,2026년 신입&경력 공개채용,2026-04-12T23:59:00.000+09:00,415930,인사/총무,1,87,True,"115,128,104,107"
103299,동국제강,2026년 신입&경력 공개채용,2026-04-12T23:59:00.000+09:00,415931,구매지원(수입관리),4,11,True,"155,157,146,147"
103299,동국제강,2026년 신입&경력 공개채용,2026-04-12T23:59:00.000+09:00,415932,구매지원(대금 지급 외),4,4,True,"157,127,107,147"
103299,동국제강,2026년 신입&경력 공개채용,2026-04-12T23:59:00.000+09:00,415933,안전보건 지원,4,25,True,"191,192,184"
103299,동국제강,2026년 신입&경력 공개채용,2026-04-12T23:59:00.000+09:00,415934,생산관리 지원,4,2,True,"187,127,107,183"
103315,여주에너지서비스,2026 상반기 발전운영 신입 채용,2026-04-15T23:59:00.000+09:00,416064,발전운영,1,239,True,"109,110,113,122,187,103,105,183"
103317,NH농협손해보험,2026년 상반기 신규직원 채용,2026-04-08T17:00:00.000+09:00,416070,[강원권] 6급 초급 일반직,1,223,True,"194,196,197,201"
103317,NH농협손해보험,2026년 상반기 신규직원 채용,2026-04-08T17:00:00.000+09:00,416071,[충청권] 6급 초급 일반직,1,311,True,"194,196,197,201"
103317,NH농협손해보험,2026년 상반기 신규직원 채용,2026-04-08T17:00:00.000+09:00,416072,[전라권] 6급 초급 일반직,1,234,True,"194,196,197,201"
103317,NH농협손해보험,2026년 상반기 신규직원 채용,2026-04-08T17:00:00.000+09:00,416073,[경남권] 6급 초급 일반직,1,287,True,"194,196,197,201"
103321,현대모비스,2026 상반기 연구장학생 모집,2026-04-16T15:00:00.000+09:00,416088,자율주행 편의 기능 개발,1,39,True,"165,171"
103321,현대모비스,2026 상반기 연구장학생 모집,2026-04-16T15:00:00.000+09:00,416089,자율주행 AI 알고리즘 개발,1,59,True,"167,180,179,163"
103321,현대모비스,2026 상반기 연구장학생 모집,2026-04-16T15:00:00.000+09:00,416090,감속기 구조 해석,1,29,True,"227,219,216"
103321,현대모비스,2026 상반기 연구장학생 모집,2026-04-16T15:00:00.000+09:00,416091,전력회로 설계,1,22,True,"220,227,216"
103321,현대모비스,2026 상반기 연구장학생 모집,2026-04-16T15:00:00.000+09:00,416092,EV BSA 시작개발,1,15,True,"226,227,219,216"
103321,현대모비스,2026 상반기 연구장학생 모집,2026-04-16T15:00:00.000+09:00,416093,기능안전 기반 컨버터 개발,1,9,True,"164,165,170"
103321,현대모비스,2026 상반기 연구장학생 모집,2026-04-16T15:00:00.000+09:00,416094,파워모듈/냉각기 설계 및 해석 검증,1,24,True,"221,220,219"
103321,현대모비스,2026 상반기 연구장학생 모집,2026-04-16T15:00:00.000+09:00,416095,파워모듈 패키징 공정 및 접합 소재 설계 ,1,27,True,"221,185,189,183"
103321,현대모비스,2026 상반기 연구장학생 모집,2026-04-16T15:00:00.000+09:00,416096,SoC 개발 ,1,22,True,"221,169,164"
103321,현대모비스,2026 상반기 연구장학생 모집,2026-04-16T15:00:00.000+09:00,416097,아날로그 반도체 설계,1,46,True,"221,220"
103321,현대모비스,2026 상반기 연구장학생 모집,2026-04-16T15:00:00.000+09:00,416098,로보틱스 모터 설계,1,21,True,"227,220,219,216"
103321,현대모비스,2026 상반기 연구장학생 모집,2026-04-16T15:00:00.000+09:00,416099,로보틱스 회로 설계,1,17,True,"220,227,219,216"
103321,현대모비스,2026 상반기 연구장학생 모집,2026-04-16T15:00:00.000+09:00,416100,차량용 Multimodal LLM 개발 ,1,23,True,"167,179,180,163"
103326,코오롱생명과학,2026년 상반기 정기채용,2026-04-07T23:59:00.000+09:00,416109,[코오롱생명과학] 법무,2,14,True,108
103326,코오롱생명과학,2026년 상반기 정기채용,2026-04-07T23:59:00.000+09:00,416110,[코오롱생명과학] 인사,2,23,True,"115,120,104"
103326,코오롱생명과학,2026년 상반기 정기채용,2026-04-07T23:59:00.000+09:00,416111,[코오롱생명과학] 구매,1,111,True,"157,155,146,147"
103326,코오롱생명과학,2026년 상반기 정기채용,2026-04-07T23:59:00.000+09:00,416112,[코오롱생명과학] Warehouse/Logistics,5,24,True,"150,152,145"
103326,코오롱생명과학,2026년 상반기 정기채용,2026-04-07T23:59:00.000+09:00,416113,[코오롱생명과학] 품질보증(QA) ,2,11,True,"189,160,183"
103326,코오롱생명과학,2026년 상반기 정기채용,2026-04-07T23:59:00.000+09:00,416114,[코오롱생명과학] 품질보증(QA) - 통합 CAPA 관리/실사 및 감사 대응,1,57,True,"189,160,183"
103326,코오롱생명과학,2026년 상반기 정기채용,2026-04-07T23:59:00.000+09:00,416115,[코오롱생명과학] 품질보증(QA) - 공급자 평가/자격 관리,1,27,True,"189,157,147,183"
103326,코오롱생명과학,2026년 상반기 정기채용,2026-04-07T23:59:00.000+09:00,416116,[코오롱생명과학] 공정기술,5,64,True,"188,229,183,217"
103326,코오롱생명과학,2026년 상반기 정기채용,2026-04-07T23:59:00.000+09:00,416117,[코오롱바이오텍] Bio생산 공정 개발,1,45,True,"234,188,183,218"
103326,코오롱생명과학,2026년 상반기 정기채용,2026-04-07T23:59:00.000+09:00,416118,[코오롱바이오텍] 품질보증(QA) ,2,9,True,"189,160,183"
103326,코오롱생명과학,2026년 상반기 정기채용,2026-04-07T23:59:00.000+09:00,416119,[코오롱바이오텍] 품질보증(QA) ,1,30,True,"189,160,183"
103326,코오롱생명과학,2026년 상반기 정기채용,2026-04-07T23:59:00.000+09:00,416120,[코오롱바이오텍] 품질관리(QC),1,111,True,"189,160,183"
103326,코오롱생명과학,2026년 상반기 정기채용,2026-04-07T23:59:00.000+09:00,416121,[코오롱바이오텍] 물류관리 ,5,27,True,"150,152,145"
103326,코오롱생명과학,2026년 상반기 정기채용,2026-04-07T23:59:00.000+09:00,416122,[코오롱바이오텍] 물류관리,1,33,True,"150,152,145"
103326,코오롱생명과학,2026년 상반기 정기채용,2026-04-07T23:59:00.000+09:00,416123,[코오롱바이오텍] Bio생산 ,2,7,True,"185,234,218"
103326,코오롱생명과학,2026년 상반기 정기채용,2026-04-07T23:59:00.000+09:00,416124,[코오롱바이오텍] Bio생산 ,1,11,True,"185,234,218"
103327,팬오션,2026년 신입사원 채용,2026-04-15T14:00:00.000+09:00,416125,영업,1,753,True,"154,194,196,146"
103327,팬오션,2026년 신입사원 채용,2026-04-15T14:00:00.000+09:00,416126,관리,1,627,True,"109,115,122,128,108,103,104,105,107"
103329,동부건설,2026년 대졸 신입사원 공개채용,2026-04-12T23:50:00.000+09:00,416133,토목사업-토목,1,104,True,206
103329,동부건설,2026년 대졸 신입사원 공개채용,2026-04-12T23:50:00.000+09:00,416134,건축사업-건축,1,162,True,207
103329,동부건설,2026년 대졸 신입사원 공개채용,2026-04-12T23:50:00.000+09:00,416135,건축사업-기계,1,38,True,205
103329,동부건설,2026년 대졸 신입사원 공개채용,2026-04-12T23:50:00.000+09:00,416136,건축사업-전기,1,36,True,204
103329,동부건설,2026년 대졸 신입사원 공개채용,2026-04-12T23:50:00.000+09:00,416137,플랜트사업-건축,1,22,True,"207,208"
103329,동부건설,2026년 대졸 신입사원 공개채용,2026-04-12T23:50:00.000+09:00,416138,플랜트사업-기계,1,64,True,"205,208"
103329,동부건설,2026년 대졸 신입사원 공개채용,2026-04-12T23:50:00.000+09:00,416139,플랜트사업-전기,1,49,True,"204,208"
103329,동부건설,2026년 대졸 신입사원 공개채용,2026-04-12T23:50:00.000+09:00,416140,안전-안전관리,1,81,True,203
103329,동부건설,2026년 대졸 신입사원 공개채용,2026-04-12T23:50:00.000+09:00,416141,경영지원-사무,1,357,True,"109,127,103,107"
103329,동부건설,2026년 대졸 신입사원 공개채용,2026-04-12T23:50:00.000+09:00,416142,경영지원-IT,1,380,True,"164,166,170"
103329,동부건설,2026년 대졸 신입사원 공개채용,2026-04-12T23:50:00.000+09:00,416143,품질-품질관리,1,22,True,203
103350,한화손보,2026 상반기 신입사원 모집,2026-04-20T15:00:00.000+09:00,416189,펨테크,1,859,True,"134,135,137,138,253,132"
103350,한화손보,2026 상반기 신입사원 모집,2026-04-20T15:00:00.000+09:00,416190,사이버보험,1,415,True,"113,122,138,180,167,103,105,132,163"
103350,한화손보,2026 상반기 신입사원 모집,2026-04-20T15:00:00.000+09:00,416191,회계,1,130,True,"122,106,256,105"
103350,한화손보,2026 상반기 신입사원 모집,2026-04-20T15:00:00.000+09:00,416192,경영지원,1,964,True,"109,110,127,128,103,107"
103354,IBK캐피탈,2026년 신입사원 모집,2026-04-22T17:00:00.000+09:00,416219,일반분야,1,1368,True,"127,194,122,106,109,197,103,105,107"
103354,IBK캐피탈,2026년 신입사원 모집,2026-04-22T17:00:00.000+09:00,416220,전산분야,1,577,True,"176,166,170,171,181,167,179,162,163"
103363,기아,2026 상반기 기아 신입 채용,2026-04-13T11:00:00.000+09:00,416238,CKD 기획 및 운영,1,240,True,"110,150,151,103,145"
103363,기아,2026 상반기 기아 신입 채용,2026-04-13T11:00:00.000+09:00,416239,구매,1,515,True,"157,147"
103363,기아,2026 상반기 기아 신입 채용,2026-04-13T11:00:00.000+09:00,416240,상용차 부품 구매/개발,1,216,True,"157,226,147,216"
103363,기아,2026 상반기 기아 신입 채용,2026-04-13T11:00:00.000+09:00,416241,생산기술,1,964,True,"187,185,183"
103363,기아,2026 상반기 기아 신입 채용,2026-04-13T11:00:00.000+09:00,416242,생산운영 및 공정기술 (AutoLand광명),1,701,True,"187,188,185,183"
103363,기아,2026 상반기 기아 신입 채용,2026-04-13T11:00:00.000+09:00,416243,생산운영 및 공정기술 (AutoLand광주),1,491,True,"187,188,185,183"
103363,기아,2026 상반기 기아 신입 채용,2026-04-13T11:00:00.000+09:00,416244,생산운영 및 공정기술 (AutoLand화성),1,938,True,"187,188,185,183"
103363,기아,2026 상반기 기아 신입 채용,2026-04-13T11:00:00.000+09:00,416245,생산운영 및 공정기술 (파워트레인),1,178,True,"187,188,185,183"
103363,기아,2026 상반기 기아 신입 채용,2026-04-13T11:00:00.000+09:00,416246,신차품질,1,496,True,"189,183"
103363,기아,2026 상반기 기아 신입 채용,2026-04-13T11:00:00.000+09:00,416247,안전관리 (AutoLand광주),1,134,True,"191,184"
103363,기아,2026 상반기 기아 신입 채용,2026-04-13T11:00:00.000+09:00,416248,안전관리 (AutoLand화성),1,199,True,"191,184"
103363,기아,2026 상반기 기아 신입 채용,2026-04-13T11:00:00.000+09:00,416249,안전관리 (파워트레인),1,131,True,"191,184"
103363,기아,2026 상반기 기아 신입 채용,2026-04-13T11:00:00.000+09:00,416250,차량사이버보안,1,86,True,"166,257"
103363,기아,2026 상반기 기아 신입 채용,2026-04-13T11:00:00.000+09:00,416251,품질기획,1,153,True,"189,183"
103363,기아,2026 상반기 기아 신입 채용,2026-04-13T11:00:00.000+09:00,416252,품질보증,1,290,True,"160,189,183"
103363,기아,2026 상반기 기아 신입 채용,2026-04-13T11:00:00.000+09:00,416253,Data Scientist,1,360,True,"180,167,163"
103363,기아,2026 상반기 기아 신입 채용,2026-04-13T11:00:00.000+09:00,416254,IT Project Manager,1,545,True,171
103363,기아,2026 상반기 기아 신입 채용,2026-04-13T11:00:00.000+09:00,416255,Machine Learning Engineer,1,239,True,167
103363,기아,2026 상반기 기아 신입 채용,2026-04-13T11:00:00.000+09:00,416256,Mobile Developer,1,199,True,"172,173,161"
103363,기아,2026 상반기 기아 신입 채용,2026-04-13T11:00:00.000+09:00,416257,Solution Architect (ERP FI 모듈 재무회계),1,96,True,"122,170,105"
103363,기아,2026 상반기 기아 신입 채용,2026-04-13T11:00:00.000+09:00,416258,글로벌 CRM,1,131,True,"136,200,132"
103363,기아,2026 상반기 기아 신입 채용,2026-04-13T11:00:00.000+09:00,416259,PBV 신사업 전략 수립,1,207,True,"110,112,103"
103363,기아,2026 상반기 기아 신입 채용,2026-04-13T11:00:00.000+09:00,416260,PBV 일본 B2B 영업 관리,1,124,True,"154,196,197,146"
103363,기아,2026 상반기 기아 신입 채용,2026-04-13T11:00:00.000+09:00,416261,SDV 전략 기획,1,194,True,"110,112,103"
103363,기아,2026 상반기 기아 신입 채용,2026-04-13T11:00:00.000+09:00,416262,글로벌사업,1,485,True,"110,154,103,146"
103363,기아,2026 상반기 기아 신입 채용,2026-04-13T11:00:00.000+09:00,416263,기업전략,1,198,True,"111,103"
103363,기아,2026 상반기 기아 신입 채용,2026-04-13T11:00:00.000+09:00,416264,상품,1,388,True,"138,132"
103363,기아,2026 상반기 기아 신입 채용,2026-04-13T11:00:00.000+09:00,416265,신사업 전략/법인 운영,1,142,True,"109,110,112,103"
103363,기아,2026 상반기 기아 신입 채용,2026-04-13T11:00:00.000+09:00,416266,에너지&수소 사업 기획 및 개발,1,197,True,"110,230,103,217"
103363,기아,2026 상반기 기아 신입 채용,2026-04-13T11:00:00.000+09:00,416267,오픈이노베이션 기획 및 운영,1,109,True,"109,110,103"
103363,기아,2026 상반기 기아 신입 채용,2026-04-13T11:00:00.000+09:00,416268,정책연구,1,108,True,"113,225,103"
103363,기아,2026 상반기 기아 신입 채용,2026-04-13T11:00:00.000+09:00,416269,특수사업 컨버전 상품 개발 및 운영,1,83,True,"110,138,103,132"
103363,기아,2026 상반기 기아 신입 채용,2026-04-13T11:00:00.000+09:00,416270,해외 서비스 기술/기획,1,72,True,"110,154,103,146"
103363,기아,2026 상반기 기아 신입 채용,2026-04-13T11:00:00.000+09:00,416271,해외 신사업전략 수립,1,148,True,"112,154,103,146"
103363,기아,2026 상반기 기아 신입 채용,2026-04-13T11:00:00.000+09:00,416272,HRD 기획 및 운영,1,281,True,"115,117,104"
103363,기아,2026 상반기 기아 신입 채용,2026-04-13T11:00:00.000+09:00,416273,IT 인재 채용 및 운영,1,194,True,"118,104"
103363,기아,2026 상반기 기아 신입 채용,2026-04-13T11:00:00.000+09:00,416274,경영지원,1,443,True,"109,127,103,107"
103363,기아,2026 상반기 기아 신입 채용,2026-04-13T11:00:00.000+09:00,416275,경영지원 (AutoLand화성),1,181,True,"109,127,103,107"
103363,기아,2026 상반기 기아 신입 채용,2026-04-13T11:00:00.000+09:00,416276,노사 기획 및 커뮤니케이션,1,214,True,"116,142,104,133"
103363,기아,2026 상반기 기아 신입 채용,2026-04-13T11:00:00.000+09:00,416277,재경,1,486,True,"122,106,105"
103363,기아,2026 상반기 기아 신입 채용,2026-04-13T11:00:00.000+09:00,416278,특수사업 개발 설계,1,177,True,"226,219,216"
103429,코카콜라음료,재경 직무 신입 채용,2026-04-13T23:00:00.000+09:00,416644,재경,1,244,True,"122,123,105"
103433,현대모비스,"[로보틱스사업실] 26년 4월 연구직 신입채용 (Robotics Business Group, entry-res.)",2026-04-13T10:00:00.000+09:00,416685,HW-기구_Electric Parts-로보틱스 전장기구,1,129,True,"169,227,219,216"
103434,현대모비스,[로보틱스사업실] 26년 4월 관리직 신입채용 (로보틱스 생산기술),2026-04-13T10:00:00.000+09:00,416686,생산_Production-생산기술_Production Engineering-로보틱스_Robotics,1,236,True,"187,185,183"
103435,동원그룹,2026년 GO:FIELD 신입사원 채용,2026-04-20T14:00:00.000+09:00,416687,[동원F&B] 식품유통영업,1,252,True,"194,196"
103435,동원그룹,2026년 GO:FIELD 신입사원 채용,2026-04-20T14:00:00.000+09:00,416688,[동원시스템즈] 2차전지기술영업,1,78,True,"195,196"
103435,동원그룹,2026년 GO:FIELD 신입사원 채용,2026-04-20T14:00:00.000+09:00,416689,[동원홈푸드] 식자재유통영업,1,81,True,"194,196"
103435,동원그룹,2026년 GO:FIELD 신입사원 채용,2026-04-20T14:00:00.000+09:00,416690,[동원홈푸드] 급식수주영업,1,52,True,"194,196"
103435,동원그룹,2026년 GO:FIELD 신입사원 채용,2026-04-20T14:00:00.000+09:00,416691,[동원건설산업] 건축수주영업,1,71,True,"194,209"
103435,동원그룹,2026년 GO:FIELD 신입사원 채용,2026-04-20T14:00:00.000+09:00,416692,[동원건설산업] 토목수주영업,1,17,True,"194,209"
103435,동원그룹,2026년 GO:FIELD 신입사원 채용,2026-04-20T14:00:00.000+09:00,416693,[동원F&B] 생산기술,1,92,True,"187,185,183"
103435,동원그룹,2026년 GO:FIELD 신입사원 채용,2026-04-20T14:00:00.000+09:00,416694,[동원시스템즈] 생산기술(배터리캔),1,94,True,"187,185,183"
103435,동원그룹,2026년 GO:FIELD 신입사원 채용,2026-04-20T14:00:00.000+09:00,416695,[동원시스템즈] 생산지원(연포장),1,46,True,"187,191,185,183,184"
103435,동원그룹,2026년 GO:FIELD 신입사원 채용,2026-04-20T14:00:00.000+09:00,416696,[동원F&B] 생산관리,1,39,True,"187,189,183"
103435,동원그룹,2026년 GO:FIELD 신입사원 채용,2026-04-20T14:00:00.000+09:00,416700,[동원시스템즈] 생산관리(연포장) ,1,67,True,"187,189,183"
103435,동원그룹,2026년 GO:FIELD 신입사원 채용,2026-04-20T14:00:00.000+09:00,416701,[동원시스템즈] 생산관리(유리병),1,19,True,"187,189,183"
103435,동원그룹,2026년 GO:FIELD 신입사원 채용,2026-04-20T14:00:00.000+09:00,416702,[동원시스템즈] 생산관리(알루미늄캔),1,52,True,"187,189,183"
103435,동원그룹,2026년 GO:FIELD 신입사원 채용,2026-04-20T14:00:00.000+09:00,416703,[동원시스템즈] 생산관리(아셉틱),1,14,True,"187,189,183"
103435,동원그룹,2026년 GO:FIELD 신입사원 채용,2026-04-20T14:00:00.000+09:00,416697,[동원시스템즈] 품질관리(연포장),1,45,True,"187,189,183"
103435,동원그룹,2026년 GO:FIELD 신입사원 채용,2026-04-20T14:00:00.000+09:00,416704,[동원시스템즈] 품질관리(알루미늄캔),1,75,True,"187,189,183"
103435,동원그룹,2026년 GO:FIELD 신입사원 채용,2026-04-20T14:00:00.000+09:00,416705,[동원시스템즈] 품질관리(알미늄),1,55,True,"187,189,183"
103435,동원그룹,2026년 GO:FIELD 신입사원 채용,2026-04-20T14:00:00.000+09:00,416706,[동원시스템즈] 공정관리(알미늄),1,60,True,"187,189,183"
103435,동원그룹,2026년 GO:FIELD 신입사원 채용,2026-04-20T14:00:00.000+09:00,416698,[동원건설산업] 건축,1,74,True,"202,207"
103435,동원그룹,2026년 GO:FIELD 신입사원 채용,2026-04-20T14:00:00.000+09:00,416699,[동원건설산업] 토목시공,1,15,True,"202,206"
103435,동원그룹,2026년 GO:FIELD 신입사원 채용,2026-04-20T14:00:00.000+09:00,416797,[동원건설산업] 안전,1,46,True,"191,184"
103441,행복나래,각 부문별 신입/경력사원 채용,2026-04-13T23:59:00.000+09:00,416727,반도체구매,1,71,True,"157,158,150,151,152,145,147"
103441,행복나래,각 부문별 신입/경력사원 채용,2026-04-13T23:59:00.000+09:00,416728,액셀러레이팅,1,88,True,"110,112,113,137,142,103,132,133"
103441,행복나래,각 부문별 신입/경력사원 채용,2026-04-13T23:59:00.000+09:00,416729,통신구매,1,24,True,"157,158,150,222,204,145,147"
103441,행복나래,각 부문별 신입/경력사원 채용,2026-04-13T23:59:00.000+09:00,416730,통합구매,1,127,True,"157,158,150,151,197,145,147"
103441,행복나래,각 부문별 신입/경력사원 채용,2026-04-13T23:59:00.000+09:00,416731,반도체구매,2,5,True,"157,158,150,151,194,196,145,147"
103441,행복나래,각 부문별 신입/경력사원 채용,2026-04-13T23:59:00.000+09:00,416732,액셀러레이팅,2,14,True,"110,112,113,137,142,103,132,133"
103441,행복나래,각 부문별 신입/경력사원 채용,2026-04-13T23:59:00.000+09:00,416733,통신구매,2,5,True,"157,158,150,222,204,145,147"
103447,한화생명금융서비스,2026년 신입사원 채용,2026-04-20T15:00:00.000+09:00,416755,영업마케팅,1,1166,True,"137,138,194,197,201,132"
103448,LS MnM,신입/경력사원 수시채용,2026-04-15T23:59:00.000+09:00,416756,생산엔지니어,1,530,True,"187,188,189,183"
103448,LS MnM,신입/경력사원 수시채용,2026-04-15T23:59:00.000+09:00,416757,설비엔지니어 (기계),2,38,True,"186,202,227,216"
103448,LS MnM,신입/경력사원 수시채용,2026-04-15T23:59:00.000+09:00,416758,사업전략,2,32,True,"112,113,124,103,105"
103455,HDC현대EP,2026년 상반기 신입/경력 채용,2026-04-17T23:59:00.000+09:00,416817,(HDC현대EP) PO연구개발,1,130,True,"127,107"
103455,HDC현대EP,2026년 상반기 신입/경력 채용,2026-04-17T23:59:00.000+09:00,416818,(HDC현대EP) PS연구개발,5,73,True,"127,107"
103455,HDC현대EP,2026년 상반기 신입/경력 채용,2026-04-17T23:59:00.000+09:00,416819,(HDC현대EP)PO사업기획,2,12,True,"110,103"
103455,HDC현대EP,2026년 상반기 신입/경력 채용,2026-04-17T23:59:00.000+09:00,416820,(HDC현대EP) 인프라지원,2,10,True,"127,107"
103455,HDC현대EP,2026년 상반기 신입/경력 채용,2026-04-17T23:59:00.000+09:00,417495,(HDC현대EP) 재경,2,11,True,"122,123,106,105"
103455,HDC현대EP,2026년 상반기 신입/경력 채용,2026-04-17T23:59:00.000+09:00,416821,(HDC폴리올) 기계설비,2,5,True,205
103455,HDC현대EP,2026년 상반기 신입/경력 채용,2026-04-17T23:59:00.000+09:00,416822,(HDC폴리올) 생산관리,2,17,True,"187,183"
103481,애경케미칼,각 부문 신입 및 경력 채용,2026-04-16T23:59:00.000+09:00,416914,구매,1,262,True,"155,157,146,147"
103481,애경케미칼,각 부문 신입 및 경력 채용,2026-04-16T23:59:00.000+09:00,416915,해외영업 (가소제),1,103,True,"154,194,146"
103481,애경케미칼,각 부문 신입 및 경력 채용,2026-04-16T23:59:00.000+09:00,416916,설비관리 엔지니어,1,107,True,"186,227,216"
103481,애경케미칼,각 부문 신입 및 경력 채용,2026-04-16T23:59:00.000+09:00,416991,생산 엔지니어,1,188,True,"187,188,190,183"
103481,애경케미칼,각 부문 신입 및 경력 채용,2026-04-16T23:59:00.000+09:00,416917,법무/컴플라이언스,2,10,True,"108,255"
103481,애경케미칼,각 부문 신입 및 경력 채용,2026-04-16T23:59:00.000+09:00,416918,국내/해외영업 (윤활기유),2,9,True,"154,194,146"
103481,애경케미칼,각 부문 신입 및 경력 채용,2026-04-16T23:59:00.000+09:00,416919,해외영업 (생활화학),2,7,True,"154,194,146"
103481,애경케미칼,각 부문 신입 및 경력 채용,2026-04-16T23:59:00.000+09:00,416920,생산 엔지니어,2,12,True,"187,188,185,183"
103486,현대모비스,"[로보틱스사업실] 26년 4월 연구직 신입채용 (Robotics Business Group, entry-res.)",2026-04-13T10:00:00.000+09:00,416684,HW-기구_Electric Parts-로보틱스 모터 설계,1,48,True,"169,227,219,216"
103510,산은캐피탈,2026년 상반기 신입 채용 공고,2026-04-19T22:00:00.000+09:00,417035,공통 일반직(정규직),1,891,True,"127,211,107"
103510,산은캐피탈,2026년 상반기 신입 채용 공고,2026-04-19T22:00:00.000+09:00,417036,이공계열 일반직(정규직),1,173,True,"122,123,124,125,126,127,105,107"
103512,LG생활건강,AX 신입 채용,2026-04-14T23:00:00.000+09:00,417038,AX (AI/ML Engineer),1,452,True,"167,179,180,176,162,163"
103526,보령LNG터미널,2026 상반기 신입/경력 채용,2026-04-19T23:59:00.000+09:00,417088,인사,1,263,True,"115,119,120,117,104"
103526,보령LNG터미널,2026 상반기 신입/경력 채용,2026-04-19T23:59:00.000+09:00,417089,IT보안/인프라,2,14,True,"166,257"
103528,SGC이앤씨,2026년 상반기 신입사원 공개채용,2026-04-26T23:59:00.000+09:00,417091,화공플랜트 공사관리,1,117,True,"208,202,187,183"
103528,SGC이앤씨,2026년 상반기 신입사원 공개채용,2026-04-26T23:59:00.000+09:00,417092,공정설계,1,129,True,"208,229,217"
103528,SGC이앤씨,2026년 상반기 신입사원 공개채용,2026-04-26T23:59:00.000+09:00,417093,기계설계,1,111,True,"219,227,208,216"
103528,SGC이앤씨,2026년 상반기 신입사원 공개채용,2026-04-26T23:59:00.000+09:00,417094,배관설계,1,49,True,"219,227,208,216"
103528,SGC이앤씨,2026년 상반기 신입사원 공개채용,2026-04-26T23:59:00.000+09:00,417095,전기설계,1,73,True,"220,204,208"
103528,SGC이앤씨,2026년 상반기 신입사원 공개채용,2026-04-26T23:59:00.000+09:00,417096,계장설계,1,37,True,"220,208"
103528,SGC이앤씨,2026년 상반기 신입사원 공개채용,2026-04-26T23:59:00.000+09:00,417097,토목/건축설계,1,76,True,"207,206,208"
103528,SGC이앤씨,2026년 상반기 신입사원 공개채용,2026-04-26T23:59:00.000+09:00,417098,공조/소방설계,1,35,True,"205,208"
103528,SGC이앤씨,2026년 상반기 신입사원 공개채용,2026-04-26T23:59:00.000+09:00,417099,안전기획,1,145,True,"191,203,184"
103528,SGC이앤씨,2026년 상반기 신입사원 공개채용,2026-04-26T23:59:00.000+09:00,417100,건설사업관리,1,128,True,"202,209,110,103"
103528,SGC이앤씨,2026년 상반기 신입사원 공개채용,2026-04-26T23:59:00.000+09:00,417101,분양마케팅,1,46,True,"209,137,194,132"
103528,SGC이앤씨,2026년 상반기 신입사원 공개채용,2026-04-26T23:59:00.000+09:00,417102,구매 (Buying),1,122,True,"157,149,147"
103528,SGC이앤씨,2026년 상반기 신입사원 공개채용,2026-04-26T23:59:00.000+09:00,417103,수출관리,1,132,True,"155,150,145,146"
103528,SGC이앤씨,2026년 상반기 신입사원 공개채용,2026-04-26T23:59:00.000+09:00,417104,외주,1,29,True,"157,108,147"
103528,SGC이앤씨,2026년 상반기 신입사원 공개채용,2026-04-26T23:59:00.000+09:00,417105,회계,1,193,True,"106,123,122,105"
103528,SGC이앤씨,2026년 상반기 신입사원 공개채용,2026-04-26T23:59:00.000+09:00,417106,해외 영업,1,164,True,"154,194,146"
103543,수협,26년도 상반기 전국 일괄공개채용 공고,2026-04-23T23:59:00.000+09:00,417168,(서울)냉동냉장수협 일반관리계,1,285,True,"127,107"
103543,수협,26년도 상반기 전국 일괄공개채용 공고,2026-04-23T23:59:00.000+09:00,417169,(경인)경기수협 일반관리계,1,159,True,"127,107"
103543,수협,26년도 상반기 전국 일괄공개채용 공고,2026-04-23T23:59:00.000+09:00,417170,(경인)경인북부수협 일반관리계,1,77,True,"127,107"
103543,수협,26년도 상반기 전국 일괄공개채용 공고,2026-04-23T23:59:00.000+09:00,417171,(경인)경인서부수협 일반관리계,1,61,True,"127,107"
103543,수협,26년도 상반기 전국 일괄공개채용 공고,2026-04-23T23:59:00.000+09:00,417172,(경인)영흥수협 일반관리계,1,5,True,"127,107"
103543,수협,26년도 상반기 전국 일괄공개채용 공고,2026-04-23T23:59:00.000+09:00,417173,(강원)강릉시수협 일반관리계,1,9,True,"127,107"
103543,수협,26년도 상반기 전국 일괄공개채용 공고,2026-04-23T23:59:00.000+09:00,417174,(강원)삼척수협 일반관리계,1,6,True,"127,107"
103543,수협,26년도 상반기 전국 일괄공개채용 공고,2026-04-23T23:59:00.000+09:00,417175,(강원)동해시수협 일반관리계,1,1,True,"127,107"
103543,수협,26년도 상반기 전국 일괄공개채용 공고,2026-04-23T23:59:00.000+09:00,417176,(강원)양양군수협 일반관리계,1,3,True,"127,107"
103543,수협,26년도 상반기 전국 일괄공개채용 공고,2026-04-23T23:59:00.000+09:00,417177,(강원)대포수협 일반관리계,1,0,True,"127,107"
103543,수협,26년도 상반기 전국 일괄공개채용 공고,2026-04-23T23:59:00.000+09:00,417178,(강원)강원고성군수협 일반관리계,1,3,True,"127,107"
103543,수협,26년도 상반기 전국 일괄공개채용 공고,2026-04-23T23:59:00.000+09:00,417179,(강원)삼척원덕수협 일반관리계,1,0,True,"127,107"
103543,수협,26년도 상반기 전국 일괄공개채용 공고,2026-04-23T23:59:00.000+09:00,417180,(강원)죽왕수협 일반관리계,1,0,True,"127,107"
103543,수협,26년도 상반기 전국 일괄공개채용 공고,2026-04-23T23:59:00.000+09:00,417181,(강원)속초시수협 일반관리계,1,6,True,"127,107"
103543,수협,26년도 상반기 전국 일괄공개채용 공고,2026-04-23T23:59:00.000+09:00,417182,(충남)태안남부수협 일반관리계,1,2,True,"127,107"
103543,수협,26년도 상반기 전국 일괄공개채용 공고,2026-04-23T23:59:00.000+09:00,417183,(충남)보령수협 일반관리계,1,11,True,"127,107"
103543,수협,26년도 상반기 전국 일괄공개채용 공고,2026-04-23T23:59:00.000+09:00,417184,(충남)안면도수협 일반관리계,1,3,True,"127,107"
103543,수협,26년도 상반기 전국 일괄공개채용 공고,2026-04-23T23:59:00.000+09:00,417185,(전북)김제수협 일반관리계,1,19,True,"127,107"
103543,수협,26년도 상반기 전국 일괄공개채용 공고,2026-04-23T23:59:00.000+09:00,417186,(전북)부안수협 일반관리계,1,6,True,"127,107"
103543,수협,26년도 상반기 전국 일괄공개채용 공고,2026-04-23T23:59:00.000+09:00,417187,(전북)고창군수협 일반관리계,1,4,True,"127,107"
103543,수협,26년도 상반기 전국 일괄공개채용 공고,2026-04-23T23:59:00.000+09:00,417188,(전남)고흥군수협 일반관리계,1,8,True,"127,107"
103543,수협,26년도 상반기 전국 일괄공개채용 공고,2026-04-23T23:59:00.000+09:00,417189,(전남)완도금일수협 일반관리계,1,1,True,"127,107"
103543,수협,26년도 상반기 전국 일괄공개채용 공고,2026-04-23T23:59:00.000+09:00,417190,(전남)전남정치망수협 일반관리계,1,6,True,"127,107"
103543,수협,26년도 상반기 전국 일괄공개채용 공고,2026-04-23T23:59:00.000+09:00,417191,(전남)서남해수 어류양식수협 일반관리계,1,8,True,"127,107"
103543,수협,26년도 상반기 전국 일괄공개채용 공고,2026-04-23T23:59:00.000+09:00,417192,(전남)신안군수협 일반관리계,1,2,True,"127,107"
103543,수협,26년도 상반기 전국 일괄공개채용 공고,2026-04-23T23:59:00.000+09:00,417193,(전남)장흥군수협 일반관리계,1,4,True,"127,107"
103543,수협,26년도 상반기 전국 일괄공개채용 공고,2026-04-23T23:59:00.000+09:00,417194,(전남)영광군수협 일반관리계,1,3,True,"127,107"
103543,수협,26년도 상반기 전국 일괄공개채용 공고,2026-04-23T23:59:00.000+09:00,417195,(전남)해남군수엽 일반관리계,1,0,True,"127,107"
103543,수협,26년도 상반기 전국 일괄공개채용 공고,2026-04-23T23:59:00.000+09:00,417196,(전남)목포수협 일반관리계,1,13,True,"127,107"
103543,수협,26년도 상반기 전국 일괄공개채용 공고,2026-04-23T23:59:00.000+09:00,417197,(경북)구룡포수협 일반관리계,1,14,True,"127,107"
103543,수협,26년도 상반기 전국 일괄공개채용 공고,2026-04-23T23:59:00.000+09:00,417198,(경북)울진후포수협 일반관리계,1,4,True,"127,107"
103543,수협,26년도 상반기 전국 일괄공개채용 공고,2026-04-23T23:59:00.000+09:00,417199,(경북)영덕북부수협 일반관리계,1,5,True,"127,107"
103543,수협,26년도 상반기 전국 일괄공개채용 공고,2026-04-23T23:59:00.000+09:00,417200,(경북)강구수협 일반관리계,1,9,True,"127,107"
103543,수협,26년도 상반기 전국 일괄공개채용 공고,2026-04-23T23:59:00.000+09:00,417201,(경남)경남고성군수협 일반관리계,1,1,True,"127,107"
103543,수협,26년도 상반기 전국 일괄공개채용 공고,2026-04-23T23:59:00.000+09:00,417202,(경남)패류살포양식수협 일반관리계,1,7,True,"127,107"
103543,수협,26년도 상반기 전국 일괄공개채용 공고,2026-04-23T23:59:00.000+09:00,417203,(경남)굴수하식수협 일반관리계,1,2,True,"127,107"
103543,수협,26년도 상반기 전국 일괄공개채용 공고,2026-04-23T23:59:00.000+09:00,417204,(경남)멍게수하식수협 일반관리계,1,1,True,"127,107"
103543,수협,26년도 상반기 전국 일괄공개채용 공고,2026-04-23T23:59:00.000+09:00,417205,(경남)울산수협 일반관리계,1,23,True,"127,107"
103543,수협,26년도 상반기 전국 일괄공개채용 공고,2026-04-23T23:59:00.000+09:00,417206,(경남)하동군수협 일반관리계,1,4,True,"127,107"
103543,수협,26년도 상반기 전국 일괄공개채용 공고,2026-04-23T23:59:00.000+09:00,417207,(경남)거제수협 일반관리계,1,7,True,"127,107"
103543,수협,26년도 상반기 전국 일괄공개채용 공고,2026-04-23T23:59:00.000+09:00,417208,(경남)남해군수협 일반관리계,1,1,True,"127,107"
103543,수협,26년도 상반기 전국 일괄공개채용 공고,2026-04-23T23:59:00.000+09:00,417209,(경남)통영수협 일반관리계,1,4,True,"127,107"
103543,수협,26년도 상반기 전국 일괄공개채용 공고,2026-04-23T23:59:00.000+09:00,417210,(경남)진해수협 일반관리계,1,16,True,"127,107"
103543,수협,26년도 상반기 전국 일괄공개채용 공고,2026-04-23T23:59:00.000+09:00,417211,(경남)삼천포수협 일반관리계,1,5,True,"127,107"
103543,수협,26년도 상반기 전국 일괄공개채용 공고,2026-04-23T23:59:00.000+09:00,417212,(경남)마산수협 일반관리계,1,14,True,"127,107"
103543,수협,26년도 상반기 전국 일괄공개채용 공고,2026-04-23T23:59:00.000+09:00,417213,"(부산)제1,2구잠수기수협 일반관리계",1,6,True,"127,107"
103543,수협,26년도 상반기 전국 일괄공개채용 공고,2026-04-23T23:59:00.000+09:00,417214,(부산)경남정치망수협 일반관리계,1,2,True,"127,107"
103543,수협,26년도 상반기 전국 일괄공개채용 공고,2026-04-23T23:59:00.000+09:00,417215,(부산)부산시수협 일반관리계,1,52,True,"127,107"
103543,수협,26년도 상반기 전국 일괄공개채용 공고,2026-04-23T23:59:00.000+09:00,417216,(부산)기장수협 일반관리계,1,18,True,"127,107"
103543,수협,26년도 상반기 전국 일괄공개채용 공고,2026-04-23T23:59:00.000+09:00,417217,(부산)대형기선 저인망수협 일반관리계,1,23,True,"127,107"
103543,수협,26년도 상반기 전국 일괄공개채용 공고,2026-04-23T23:59:00.000+09:00,417218,(부산)서남구기선 저인망수협,1,1,True,"127,107"
103543,수협,26년도 상반기 전국 일괄공개채용 공고,2026-04-23T23:59:00.000+09:00,417219,(제주)모슬포수협 일반관리계,1,4,True,"127,107"
103543,수협,26년도 상반기 전국 일괄공개채용 공고,2026-04-23T23:59:00.000+09:00,417220,(제주)성산포수협 일반관리계,1,1,True,"127,107"
103543,수협,26년도 상반기 전국 일괄공개채용 공고,2026-04-23T23:59:00.000+09:00,417221,(제주)한림수협 일반관리계,1,3,True,"127,107"
103543,수협,26년도 상반기 전국 일괄공개채용 공고,2026-04-23T23:59:00.000+09:00,417222,(제주)제주시수협 일반관리계,1,10,True,"127,107"
103543,수협,26년도 상반기 전국 일괄공개채용 공고,2026-04-23T23:59:00.000+09:00,417223,(제주)서귀포수협 일반관리계,1,6,True,"127,107"
103543,수협,26년도 상반기 전국 일괄공개채용 공고,2026-04-23T23:59:00.000+09:00,417224,(경인)경인북부수협 기술계,1,7,True,"127,107"
103543,수협,26년도 상반기 전국 일괄공개채용 공고,2026-04-23T23:59:00.000+09:00,417225,(강원)강릉시수협 일반관리계(보훈),1,2,True,"127,107"
103543,수협,26년도 상반기 전국 일괄공개채용 공고,2026-04-23T23:59:00.000+09:00,417226,(강원)강원고성군수협 일반관리계(보훈),1,1,True,"127,107"
103543,수협,26년도 상반기 전국 일괄공개채용 공고,2026-04-23T23:59:00.000+09:00,417227,(강원)속초시수협 기술계,1,0,True,"127,107"
103543,수협,26년도 상반기 전국 일괄공개채용 공고,2026-04-23T23:59:00.000+09:00,417228,(전북)김제수협 일반관리계(보훈),1,0,True,"127,107"
103543,수협,26년도 상반기 전국 일괄공개채용 공고,2026-04-23T23:59:00.000+09:00,417229,(전남)고흥군수협 일반관리계(보훈),1,0,True,"127,107"
103543,수협,26년도 상반기 전국 일괄공개채용 공고,2026-04-23T23:59:00.000+09:00,417230,(전남)서남해수 어류양식수협 기술계,1,0,True,"127,107"
103543,수협,26년도 상반기 전국 일괄공개채용 공고,2026-04-23T23:59:00.000+09:00,417231,(전남)영광군수협 기술계,1,2,True,"127,107"
103543,수협,26년도 상반기 전국 일괄공개채용 공고,2026-04-23T23:59:00.000+09:00,417232,(전남)영광군수협 기능계,1,0,True,"127,107"
103543,수협,26년도 상반기 전국 일괄공개채용 공고,2026-04-23T23:59:00.000+09:00,417233,(경북)구룡포수협 일반관리계(보훈),1,0,True,"127,107"
103543,수협,26년도 상반기 전국 일괄공개채용 공고,2026-04-23T23:59:00.000+09:00,417234,(경남)거제수협 일반관리계(보훈),1,1,True,"127,107"
103543,수협,26년도 상반기 전국 일괄공개채용 공고,2026-04-23T23:59:00.000+09:00,417235,(경남)삼천포수협 기술계,1,1,True,"127,107"
103543,수협,26년도 상반기 전국 일괄공개채용 공고,2026-04-23T23:59:00.000+09:00,417236,(경남)마산수협 일반관리계(보훈),1,1,True,"127,107"
103543,수협,26년도 상반기 전국 일괄공개채용 공고,2026-04-23T23:59:00.000+09:00,417237,(부산)부산시수협 일반관리계(보훈),1,1,True,"127,107"
103543,수협,26년도 상반기 전국 일괄공개채용 공고,2026-04-23T23:59:00.000+09:00,417238,(부산)부산시수협 기술계,1,2,True,"127,107"
103543,수협,26년도 상반기 전국 일괄공개채용 공고,2026-04-23T23:59:00.000+09:00,417239,(부산)부산시수협 기능계,1,0,True,"127,107"
103543,수협,26년도 상반기 전국 일괄공개채용 공고,2026-04-23T23:59:00.000+09:00,417240,(제주)서귀포수협 기술계,1,2,True,"127,107"
103545,세아창원특수강,2026년 상반기 채용,2026-04-19T23:59:00.000+09:00,417243,해외영업,1,316,True,"154,196,194,146"
103545,세아창원특수강,2026년 상반기 채용,2026-04-19T23:59:00.000+09:00,417244,총무,1,180,True,"128,127,107"
103545,세아창원특수강,2026년 상반기 채용,2026-04-19T23:59:00.000+09:00,417245,생산기술,1,243,True,"187,188,189,183"
103545,세아창원특수강,2026년 상반기 채용,2026-04-19T23:59:00.000+09:00,417246,희토류 자성소재 및 공정개발,5,30,True,"223,229,227,216,217"
103551,SK머티리얼즈,2026 신입사원 채용,2026-04-21T18:00:00.000+09:00,417258,[SK머티리얼즈퍼포먼스] Photo Resist,1,70,True,"229,220,221,217"
103551,SK머티리얼즈,2026 신입사원 채용,2026-04-21T18:00:00.000+09:00,417259,[SK머티리얼즈퍼포먼스] Adv.PKG,1,155,True,"229,220,221,217"
103551,SK머티리얼즈,2026 신입사원 채용,2026-04-21T18:00:00.000+09:00,417260,[SK트리켐] Precursor,1,68,True,"229,220,221,217"
103551,SK머티리얼즈,2026 신입사원 채용,2026-04-21T18:00:00.000+09:00,417261,[SK머티리얼즈제이엔씨] OLED 소재 개발 및 합성,1,41,True,"229,220,221,217"
103561,한화투자증권,2026년 상반기 신입사원 공개채용,2026-04-27T15:00:00.000+09:00,417311,본사영업,1,692,True,"109,110,197,201,210,211,215,103"
103561,한화투자증권,2026년 상반기 신입사원 공개채용,2026-04-27T15:00:00.000+09:00,417312,본사지원,1,995,True,"115,122,125,154,196,197,201,210,104,105,146"
103561,한화투자증권,2026년 상반기 신입사원 공개채용,2026-04-27T15:00:00.000+09:00,417313,디지털금융(Trading /IT),1,783,True,"164,165,166,167,170,171,210,211"
103573,포스코DX,2026년 상반기 신입사원 채용,2026-04-27T11:00:00.000+09:00,417388,전기설계,1,301,True,"220,219"
103573,포스코DX,2026년 상반기 신입사원 채용,2026-04-27T11:00:00.000+09:00,417389,전산설계,1,189,True,"220,164,165"
103573,포스코DX,2026년 상반기 신입사원 채용,2026-04-27T11:00:00.000+09:00,417390,IT인프라,1,280,True,"166,164"
103573,포스코DX,2026년 상반기 신입사원 채용,2026-04-27T11:00:00.000+09:00,417391,통신설계,1,56,True,"222,166"
103573,포스코DX,2026년 상반기 신입사원 채용,2026-04-27T11:00:00.000+09:00,417392,Agentic Intelligence,1,118,True,"167,171,165"
103573,포스코DX,2026년 상반기 신입사원 채용,2026-04-27T11:00:00.000+09:00,417393,Agentic Workflow,1,103,True,"167,171,165"
103573,포스코DX,2026년 상반기 신입사원 채용,2026-04-27T11:00:00.000+09:00,417394,Decision Intelligence,1,53,True,"167,180,179,163"
103573,포스코DX,2026년 상반기 신입사원 채용,2026-04-27T11:00:00.000+09:00,417395,Spatial Intelligence,1,94,True,"167,169,220"
103573,포스코DX,2026년 상반기 신입사원 채용,2026-04-27T11:00:00.000+09:00,417396,전략기획,1,418,True,"109,111,103"
103573,포스코DX,2026년 상반기 신입사원 채용,2026-04-27T11:00:00.000+09:00,417397,재무,1,301,True,"122,106,123,125,105"
103573,포스코DX,2026년 상반기 신입사원 채용,2026-04-27T11:00:00.000+09:00,417398,HR,1,411,True,"115,118,117,116,104"
103573,포스코DX,2026년 상반기 신입사원 채용,2026-04-27T11:00:00.000+09:00,417399,홍보,1,473,True,"142,143,135,132,133"
103595,AJ네트웍스,수시채용 (신입/경력),2026-04-26T23:59:00.000+09:00,417497,영업지원 ,1,41,True,"127,197,107"
103595,AJ네트웍스,수시채용 (신입/경력),2026-04-26T23:59:00.000+09:00,417498,통합구매 ,2,12,True,"157,180,147,163"
103595,AJ네트웍스,수시채용 (신입/경력),2026-04-26T23:59:00.000+09:00,417982,회계,2,15,True,"122,106,105"
103595,AJ네트웍스,수시채용 (신입/경력),2026-04-26T23:59:00.000+09:00,418153,리스크관리,2,2,True,"127,108,213,107"
103595,AJ네트웍스,수시채용 (신입/경력),2026-04-26T23:59:00.000+09:00,417499,파렛트 회수 ,5,13,True,"127,151,152,107,145"
103595,AJ네트웍스,수시채용 (신입/경력),2026-04-26T23:59:00.000+09:00,417500,파렛트 B2B 영업,5,13,True,"194,196,197"
103595,AJ네트웍스,수시채용 (신입/경력),2026-04-26T23:59:00.000+09:00,417501,해외영업 ,1,96,True,"154,155,197,146"
103595,AJ네트웍스,수시채용 (신입/경력),2026-04-26T23:59:00.000+09:00,417502,해외영업 ,2,6,True,"154,155,197,146"
103595,AJ네트웍스,수시채용 (신입/경력),2026-04-26T23:59:00.000+09:00,417503,사업기획/경영기획,2,4,True,"109,110,112,103"
103595,AJ네트웍스,수시채용 (신입/경력),2026-04-26T23:59:00.000+09:00,418154,폴란드법인 행정지원,2,0,True,"115,116,122,106,127,128,104,105,107"
103595,AJ네트웍스,수시채용 (신입/경력),2026-04-26T23:59:00.000+09:00,417504,로봇SI ,2,2,True,"171,227,219,216"
103595,AJ네트웍스,수시채용 (신입/경력),2026-04-26T23:59:00.000+09:00,417505,로봇설치 및 유지보수,5,14,True,"186,227,220,216"
103595,AJ네트웍스,수시채용 (신입/경력),2026-04-26T23:59:00.000+09:00,417983,로봇영업,2,1,True,"194,196"
103595,AJ네트웍스,수시채용 (신입/경력),2026-04-26T23:59:00.000+09:00,417506,IT장비 B2B영업,5,11,True,"194,195,196"
103595,AJ네트웍스,수시채용 (신입/경력),2026-04-26T23:59:00.000+09:00,417507,IT장비 B2B영업,2,3,True,"194,195,196"
103595,AJ네트웍스,수시채용 (신입/경력),2026-04-26T23:59:00.000+09:00,417508,IT장비 B2G영업,2,3,True,"194,195,196"
103595,AJ네트웍스,수시채용 (신입/경력),2026-04-26T23:59:00.000+09:00,417509,영업기획 ,5,58,True,"109,110,197,103"
103595,AJ네트웍스,수시채용 (신입/경력),2026-04-26T23:59:00.000+09:00,417510,전략마케팅,2,3,True,"137,138,197,132"
103595,AJ네트웍스,수시채용 (신입/경력),2026-04-26T23:59:00.000+09:00,417511,산업장비 유통상품 영업,2,2,True,"194,195,196"
103595,AJ네트웍스,수시채용 (신입/경력),2026-04-26T23:59:00.000+09:00,417512,고소장비 B2B영업,5,3,True,"194,196,209"
103595,AJ네트웍스,수시채용 (신입/경력),2026-04-26T23:59:00.000+09:00,417513,영업기획 ,4,8,True,"127,197,107"
103595,AJ네트웍스,수시채용 (신입/경력),2026-04-26T23:59:00.000+09:00,417514,경영/상품기획 (팀장급),2,0,True,"138,151,149,132,145"
103595,AJ네트웍스,수시채용 (신입/경력),2026-04-26T23:59:00.000+09:00,417515,경영/상품기획 (팀원급),2,3,True,"138,151,149,132,145"
103618,부산은행,2026년 IT직군 신입행원 채용,2026-04-27T17:00:00.000+09:00,417851,일반_지역전형,1,303,True,"160,172,173,175,176,179,180,166,170,171,161,162,163"
103618,부산은행,2026년 IT직군 신입행원 채용,2026-04-27T17:00:00.000+09:00,417852,일반_비지역전형,1,274,True,"160,172,173,175,176,179,180,166,170,171,161,162,163"
103647,한주,2026년도 하반기 신입사원 채용,2026-04-29T16:00:00.000+09:00,418042,안전보건,1,178,True,"191,192,184"
103647,한주,2026년도 하반기 신입사원 채용,2026-04-29T16:00:00.000+09:00,418043,동력,1,35,True,"185,186,230,217"
103657,현대차증권,2026년 2분기 신입 수시채용 ,2026-04-29T15:00:00.000+09:00,418057,지점영업 (PB),1,575,True,"201,210,211"
103657,현대차증권,2026년 2분기 신입 수시채용 ,2026-04-29T15:00:00.000+09:00,418058,퇴직연금,1,149,True,"201,210,211"
103657,현대차증권,2026년 2분기 신입 수시채용 ,2026-04-29T15:00:00.000+09:00,418059,WM본부,1,286,True,"197,215,210"
103657,현대차증권,2026년 2분기 신입 수시채용 ,2026-04-29T15:00:00.000+09:00,418060,IT,1,760,True,"166,171,160"
103657,현대차증권,2026년 2분기 신입 수시채용 ,2026-04-29T15:00:00.000+09:00,418061,회계,1,50,True,"106,256,122,105"
103657,현대차증권,2026년 2분기 신입 수시채용 ,2026-04-29T15:00:00.000+09:00,418062,RA,4,86,True,"215,210,113,103"
103657,현대차증권,2026년 2분기 신입 수시채용 ,2026-04-29T15:00:00.000+09:00,418063,해외주식 야간데스크 (미들/야간 2교대),4,19,True,"210,154,215,146"
103678,한화솔루션 인사이트부문,2026 상반기 신입사원 모집,2026-05-03T18:00:00.000+09:00,418121,부동산개발업,1,326,True,"209,110,109,137,194,202,103,132"
103678,한화솔루션 인사이트부문,2026 상반기 신입사원 모집,2026-05-03T18:00:00.000+09:00,418122,경영관리(PLS),1,424,True,"109,113,106,122,180,103,105,163"
103697,현대로템,2026 상반기 신입사원 집중채용,2026-05-03T23:59:00.000+09:00,418187,[DS사업]경영기획,1,240,True,"109,103"
103697,현대로템,2026 상반기 신입사원 집중채용,2026-05-03T23:59:00.000+09:00,418188,[DS사업]사업관리,1,94,True,"110,112,103"
103697,현대로템,2026 상반기 신입사원 집중채용,2026-05-03T23:59:00.000+09:00,418189,[DS사업]PM,1,120,True,171
103697,현대로템,2026 상반기 신입사원 집중채용,2026-05-03T23:59:00.000+09:00,418190,[DS연구]R&D기획,1,91,True,"227,220,224,216"
103697,현대로템,2026 상반기 신입사원 집중채용,2026-05-03T23:59:00.000+09:00,418191,[DS연구]해석,1,35,True,"227,219,220,216"
103697,현대로템,2026 상반기 신입사원 집중채용,2026-05-03T23:59:00.000+09:00,418192,[DS연구]시험평가,1,86,True,"227,219,220,216"
103697,현대로템,2026 상반기 신입사원 집중채용,2026-05-03T23:59:00.000+09:00,418193,[DS연구]체계설계,1,157,True,"227,219,220,216"
103697,현대로템,2026 상반기 신입사원 집중채용,2026-05-03T23:59:00.000+09:00,418194,[DS연구]전기전자,1,137,True,220
103697,현대로템,2026 상반기 신입사원 집중채용,2026-05-03T23:59:00.000+09:00,418195,[DS연구]전기,1,24,True,220
103697,현대로템,2026 상반기 신입사원 집중채용,2026-05-03T23:59:00.000+09:00,418946,[DS연구]방산보안,1,12,True,"166,222"
103697,현대로템,2026 상반기 신입사원 집중채용,2026-05-03T23:59:00.000+09:00,418947,[DS연구]소프트웨어설계,1,58,True,170
103697,현대로템,2026 상반기 신입사원 집중채용,2026-05-03T23:59:00.000+09:00,418948,[DS연구]기계,1,99,True,"227,216"
103697,현대로템,2026 상반기 신입사원 집중채용,2026-05-03T23:59:00.000+09:00,418949,[RS사업]철도영업_퀀텀,1,73,True,"194,196"
103697,현대로템,2026 상반기 신입사원 집중채용,2026-05-03T23:59:00.000+09:00,418950,[RS사업]기술영업,1,43,True,195
103697,현대로템,2026 상반기 신입사원 집중채용,2026-05-03T23:59:00.000+09:00,418951,[RS사업]철도PM,1,118,True,171
103697,현대로템,2026 상반기 신입사원 집중채용,2026-05-03T23:59:00.000+09:00,418952,[RS사업]철도영업_의왕,1,185,True,"194,196"
103697,현대로템,2026 상반기 신입사원 집중채용,2026-05-03T23:59:00.000+09:00,418953,[RS연구]기계,1,139,True,"227,216"
103697,현대로템,2026 상반기 신입사원 집중채용,2026-05-03T23:59:00.000+09:00,418954,[RS연구]CBM,1,66,True,"219,220,222"
103697,현대로템,2026 상반기 신입사원 집중채용,2026-05-03T23:59:00.000+09:00,418955,[RS연구]신호통신,1,92,True,"220,222"
103697,현대로템,2026 상반기 신입사원 집중채용,2026-05-03T23:59:00.000+09:00,418956,[RS연구]전기전자,1,81,True,220
103697,현대로템,2026 상반기 신입사원 집중채용,2026-05-03T23:59:00.000+09:00,418957,[RS연구]SE,1,32,True,"164,166,170"
103697,현대로템,2026 상반기 신입사원 집중채용,2026-05-03T23:59:00.000+09:00,418958,[EP]기계_퀀텀,1,100,True,"227,216"
103697,현대로템,2026 상반기 신입사원 집중채용,2026-05-03T23:59:00.000+09:00,418959,[EP]소프트웨어설계,1,22,True,170
103697,현대로템,2026 상반기 신입사원 집중채용,2026-05-03T23:59:00.000+09:00,418960,[EP]설계검증,1,45,True,219
103697,현대로템,2026 상반기 신입사원 집중채용,2026-05-03T23:59:00.000+09:00,418961,[EP]PM,1,52,True,171
103697,현대로템,2026 상반기 신입사원 집중채용,2026-05-03T23:59:00.000+09:00,418962,[EP]전기전자,1,30,True,220
103697,현대로템,2026 상반기 신입사원 집중채용,2026-05-03T23:59:00.000+09:00,418963,[EP]ICT,1,107,True,"164,165,167"
103697,현대로템,2026 상반기 신입사원 집중채용,2026-05-03T23:59:00.000+09:00,418964,[EP]기계_당진,1,24,True,"227,216"
103697,현대로템,2026 상반기 신입사원 집중채용,2026-05-03T23:59:00.000+09:00,418965,[EP]전기_당진,1,59,True,220
103697,현대로템,2026 상반기 신입사원 집중채용,2026-05-03T23:59:00.000+09:00,418966,[EP]전기_퀀텀,1,53,True,220
103697,현대로템,2026 상반기 신입사원 집중채용,2026-05-03T23:59:00.000+09:00,418967,[생산]생산관리(방산),1,263,True,"187,183"
103697,현대로템,2026 상반기 신입사원 집중채용,2026-05-03T23:59:00.000+09:00,418968,[생산]자재관리(방산),1,79,True,"158,147"
103697,현대로템,2026 상반기 신입사원 집중채용,2026-05-03T23:59:00.000+09:00,418969,[생산]방산생산제조기술,1,219,True,"187,190,185,183"
103697,현대로템,2026 상반기 신입사원 집중채용,2026-05-03T23:59:00.000+09:00,418970,[생산]생산기술기획,1,34,True,"187,188,190,183"
103697,현대로템,2026 상반기 신입사원 집중채용,2026-05-03T23:59:00.000+09:00,418971,[생산]철도생산기술,1,91,True,"187,190,183"
103697,현대로템,2026 상반기 신입사원 집중채용,2026-05-03T23:59:00.000+09:00,418972,[품질]품질관리_창원,1,213,True,"189,183"
103697,현대로템,2026 상반기 신입사원 집중채용,2026-05-03T23:59:00.000+09:00,418973,[품질]품질관리_광주 또는 부산,1,72,True,"189,183"
103697,현대로템,2026 상반기 신입사원 집중채용,2026-05-03T23:59:00.000+09:00,418974,[품질]품질관리_당진,1,77,True,"189,183"
103697,현대로템,2026 상반기 신입사원 집중채용,2026-05-03T23:59:00.000+09:00,418975,[구매]부품구매,1,239,True,"157,147"
103697,현대로템,2026 상반기 신입사원 집중채용,2026-05-03T23:59:00.000+09:00,418976,[구매]상생협력,1,127,True,"109,111,103"
103697,현대로템,2026 상반기 신입사원 집중채용,2026-05-03T23:59:00.000+09:00,418977,[구매]구매기획,1,117,True,"157,147"
103697,현대로템,2026 상반기 신입사원 집중채용,2026-05-03T23:59:00.000+09:00,418978,[재경]경영분석,1,138,True,"113,103"
103697,현대로템,2026 상반기 신입사원 집중채용,2026-05-03T23:59:00.000+09:00,418979,[재경]회계,1,157,True,"122,106,105"
103697,현대로템,2026 상반기 신입사원 집중채용,2026-05-03T23:59:00.000+09:00,418980,[재경]세무,1,61,True,"123,105"
103697,현대로템,2026 상반기 신입사원 집중채용,2026-05-03T23:59:00.000+09:00,418981,[경영지원]ICT,1,187,True,"164,165,167"
103697,현대로템,2026 상반기 신입사원 집중채용,2026-05-03T23:59:00.000+09:00,418982,[경영지원]보안_창원,1,17,True,166
103697,현대로템,2026 상반기 신입사원 집중채용,2026-05-03T23:59:00.000+09:00,418983,[경영지원]보안_의왕,1,40,True,166
103697,현대로템,2026 상반기 신입사원 집중채용,2026-05-03T23:59:00.000+09:00,418984,[경영지원]인사/노무,1,171,True,"115,116,104"
103713,김앤장 법률사무소,송무 및 상업등기 스탭(신입) 채용,2026-04-28T23:59:00.000+09:00,418309,송무 스탭,1,42,True,"122,123,124,125,126,108,105"
103713,김앤장 법률사무소,송무 및 상업등기 스탭(신입) 채용,2026-04-28T23:59:00.000+09:00,418310,상업 등기 스탭,1,13,True,"122,123,124,125,126,108,105"
103759,한솔제지,신입사원 수시채용 (해외영업/내수영업),2026-04-28T17:00:00.000+09:00,418449,해외영업,1,167,True,"194,196,197"
103762,대우건설,2026년 상반기 신입사원 및 채용연계형 인턴 채용,2026-05-06T23:59:00.000+09:00,418452,건축시공,1,219,True,"202,207"
103762,대우건설,2026년 상반기 신입사원 및 채용연계형 인턴 채용,2026-05-06T23:59:00.000+09:00,418453,구조,1,22,True,"202,207,219"
103762,대우건설,2026년 상반기 신입사원 및 채용연계형 인턴 채용,2026-05-06T23:59:00.000+09:00,418454,건축기계설비,1,54,True,"202,205,227,216"
103762,대우건설,2026년 상반기 신입사원 및 채용연계형 인턴 채용,2026-05-06T23:59:00.000+09:00,418455,건축전기설비,1,39,True,"202,204,220"
103762,대우건설,2026년 상반기 신입사원 및 채용연계형 인턴 채용,2026-05-06T23:59:00.000+09:00,418456,건축토목,1,11,True,"202,206,207"
103762,대우건설,2026년 상반기 신입사원 및 채용연계형 인턴 채용,2026-05-06T23:59:00.000+09:00,418457,영업개발,1,311,True,"110,194,209,103"
103762,대우건설,2026년 상반기 신입사원 및 채용연계형 인턴 채용,2026-05-06T23:59:00.000+09:00,418458,토목시공,1,65,True,"202,206"
103762,대우건설,2026년 상반기 신입사원 및 채용연계형 인턴 채용,2026-05-06T23:59:00.000+09:00,418459,토목토질설계,1,9,True,"202,206,219"
103762,대우건설,2026년 상반기 신입사원 및 채용연계형 인턴 채용,2026-05-06T23:59:00.000+09:00,418460,토목구조설계,1,11,True,"202,206,219"
103762,대우건설,2026년 상반기 신입사원 및 채용연계형 인턴 채용,2026-05-06T23:59:00.000+09:00,418461,토목항만설계,1,4,True,"202,206,219"
103762,대우건설,2026년 상반기 신입사원 및 채용연계형 인턴 채용,2026-05-06T23:59:00.000+09:00,418462,토목도로설계,1,7,True,"202,206,219"
103762,대우건설,2026년 상반기 신입사원 및 채용연계형 인턴 채용,2026-05-06T23:59:00.000+09:00,418463,토목BIM,1,10,True,"202,206,219"
103762,대우건설,2026년 상반기 신입사원 및 채용연계형 인턴 채용,2026-05-06T23:59:00.000+09:00,418464,연구개발,5,11,True,"206,227,219,216"
103762,대우건설,2026년 상반기 신입사원 및 채용연계형 인턴 채용,2026-05-06T23:59:00.000+09:00,418465,토목기계설비,1,10,True,"202,205,227,216"
103762,대우건설,2026년 상반기 신입사원 및 채용연계형 인턴 채용,2026-05-06T23:59:00.000+09:00,418466,토목전기설비,1,15,True,"202,204,220"
103762,대우건설,2026년 상반기 신입사원 및 채용연계형 인턴 채용,2026-05-06T23:59:00.000+09:00,418467,플랜트건축,1,43,True,"202,207,208"
103762,대우건설,2026년 상반기 신입사원 및 채용연계형 인턴 채용,2026-05-06T23:59:00.000+09:00,418468,플랜트토목,1,29,True,"202,206,208"
103762,대우건설,2026년 상반기 신입사원 및 채용연계형 인턴 채용,2026-05-06T23:59:00.000+09:00,418469,플랜트기계,1,127,True,"202,205,208,227,216"
103762,대우건설,2026년 상반기 신입사원 및 채용연계형 인턴 채용,2026-05-06T23:59:00.000+09:00,418470,플랜트전기,1,86,True,"202,204,208,220"
103762,대우건설,2026년 상반기 신입사원 및 채용연계형 인턴 채용,2026-05-06T23:59:00.000+09:00,418471,원자력,1,33,True,"202,208,230,217"
103762,대우건설,2026년 상반기 신입사원 및 채용연계형 인턴 채용,2026-05-06T23:59:00.000+09:00,418472,안전,1,107,True,"191,203,184"
103762,대우건설,2026년 상반기 신입사원 및 채용연계형 인턴 채용,2026-05-06T23:59:00.000+09:00,418473,건축시공(채용연계형),3,64,True,"202,207"
103762,대우건설,2026년 상반기 신입사원 및 채용연계형 인턴 채용,2026-05-06T23:59:00.000+09:00,418474,건축기계설비(채용연계형),3,16,True,"202,205,227,216"
103762,대우건설,2026년 상반기 신입사원 및 채용연계형 인턴 채용,2026-05-06T23:59:00.000+09:00,418475,건축전기설비(채용연계형),3,10,True,"202,204,220"
103762,대우건설,2026년 상반기 신입사원 및 채용연계형 인턴 채용,2026-05-06T23:59:00.000+09:00,418476,토목시공(채용연계형),3,27,True,"202,206"
103762,대우건설,2026년 상반기 신입사원 및 채용연계형 인턴 채용,2026-05-06T23:59:00.000+09:00,418477,플랜트건축(채용연계형),3,20,True,"202,207,208"
103762,대우건설,2026년 상반기 신입사원 및 채용연계형 인턴 채용,2026-05-06T23:59:00.000+09:00,418478,플랜트토목(채용연계형),3,16,True,"202,206,208"
103762,대우건설,2026년 상반기 신입사원 및 채용연계형 인턴 채용,2026-05-06T23:59:00.000+09:00,418479,플랜트기계(채용연계형),3,45,True,"202,205,208,227,216"
103762,대우건설,2026년 상반기 신입사원 및 채용연계형 인턴 채용,2026-05-06T23:59:00.000+09:00,418480,플랜트전기(채용연계형),3,40,True,"202,204,208,220"
103762,대우건설,2026년 상반기 신입사원 및 채용연계형 인턴 채용,2026-05-06T23:59:00.000+09:00,418481,원자력(채용연계형),3,10,True,"202,208,230,217"
103787,어플라이드 머티어리얼즈 코리아,[Semiconductor 분야] Customer Engineer (장비 엔지니어),2026-05-06T17:00:00.000+09:00,418716,Customer Engineer (장비 엔지니어),1,1116,True,"189,185,186,220,221,183"
103789,인카금융서비스,2026년 신입사원 공개 채용,2026-05-11T23:59:00.000+09:00,418718,영업관리직,1,226,True,"197,201,127,194,107"
103790,현대자동차,2026 계약학과 모집,2026-05-08T17:00:00.000+09:00,418719,[차량제어개발/한양대] SDV 차량 제어 개발,1,33,True,"167,170,226,227,219,220,221,222,216"
103790,현대자동차,2026 계약학과 모집,2026-05-08T17:00:00.000+09:00,418720,[차량제어개발/연세대] SDV 차량 제어 개발,1,13,True,"167,170,226,227,219,220,221,222,216"
103790,현대자동차,2026 계약학과 모집,2026-05-08T17:00:00.000+09:00,418721,[차량제어개발/한양대] 차량 거동 제어 개발,1,9,True,"167,170,226,227,219,220,221,222,216"
103790,현대자동차,2026 계약학과 모집,2026-05-08T17:00:00.000+09:00,418722,[차량제어개발/서울대] 차량 구동 통합 제어 개발,1,12,True,"167,170,226,227,219,220,221,222,216"
103790,현대자동차,2026 계약학과 모집,2026-05-08T17:00:00.000+09:00,418723,[차량제어개발/서울대] 차량 구동 SW 제어 개발,1,10,True,"167,170,226,227,219,220,221,222,216"
103790,현대자동차,2026 계약학과 모집,2026-05-08T17:00:00.000+09:00,418724,[차량제어개발/서울대] AI Agent 개발 및 프로젝트 관리,1,25,True,"167,170,226,227,219,220,221,222,216"
103790,현대자동차,2026 계약학과 모집,2026-05-08T17:00:00.000+09:00,418725,[차량제어개발/한양대] 차량 통합 검증 체계 구축,1,19,True,"167,170,226,227,219,220,221,222,216"
103790,현대자동차,2026 계약학과 모집,2026-05-08T17:00:00.000+09:00,418726,[차량아키텍처개발/한양대] 전자아키텍처 개발,1,14,True,"167,170,226,227,219,220,221,222,216"
103790,현대자동차,2026 계약학과 모집,2026-05-08T17:00:00.000+09:00,418727,[차량아키텍처개발/연세대] SDV 차량 검증,1,23,True,"167,170,226,227,219,220,221,222,216"
103790,현대자동차,2026 계약학과 모집,2026-05-08T17:00:00.000+09:00,418728,[차량성능개발/서울대] 버추얼/시험 융합 NVH 개발,1,8,True,"167,170,226,227,219,220,221,222,216"
103790,현대자동차,2026 계약학과 모집,2026-05-08T17:00:00.000+09:00,418729,[차량성능개발/서울대] 버추얼 기반 시스템 내구 모드 개발,1,7,True,"167,170,226,227,219,220,221,222,216"
103790,현대자동차,2026 계약학과 모집,2026-05-08T17:00:00.000+09:00,418730,[제조SW개발/한양대] 제조SW 플랫폼 개발,1,17,True,"167,170,226,227,219,220,221,222,216"
103790,현대자동차,2026 계약학과 모집,2026-05-08T17:00:00.000+09:00,418731,[제조SW개발/한양대] AI솔루션 개발,1,15,True,"167,170,226,227,219,220,221,222,216"
103790,현대자동차,2026 계약학과 모집,2026-05-08T17:00:00.000+09:00,418732,[전자개발/연세대] 디지털 키 SW 개발,1,6,True,"167,170,226,227,219,220,221,222,216"
103790,현대자동차,2026 계약학과 모집,2026-05-08T17:00:00.000+09:00,418733,[전자개발/연세대] SDV 조작계 햅틱 인터페이스 기능 개발,1,4,True,"167,170,226,227,219,220,221,222,216"
103790,현대자동차,2026 계약학과 모집,2026-05-08T17:00:00.000+09:00,418734,[전자개발/서울대] 차량 전원 제어 시스템 평가,1,6,True,"167,170,226,227,219,220,221,222,216"
103790,현대자동차,2026 계약학과 모집,2026-05-08T17:00:00.000+09:00,418735,[전동화개발/서울대] 인버터 시스템 설계,1,10,True,"167,170,226,227,219,220,221,222,216"
103790,현대자동차,2026 계약학과 모집,2026-05-08T17:00:00.000+09:00,418736,[전동화개발/서울대] 컨버터 제어 설계,1,5,True,"167,170,226,227,219,220,221,222,216"
103790,현대자동차,2026 계약학과 모집,2026-05-08T17:00:00.000+09:00,418737,[자율주행기술개발/연세대] 자율주차 기술,1,12,True,"167,170,226,227,219,220,221,222,216"
103790,현대자동차,2026 계약학과 모집,2026-05-08T17:00:00.000+09:00,418738,[자율주행기술개발/서울대] 자율주행 AI,1,15,True,"167,170,226,227,219,220,221,222,216"
103790,현대자동차,2026 계약학과 모집,2026-05-08T17:00:00.000+09:00,418739,[자율주행기술개발/한양대] 자율주행 기능 시험,1,19,True,"167,170,226,227,219,220,221,222,216"
103790,현대자동차,2026 계약학과 모집,2026-05-08T17:00:00.000+09:00,418740,[자율주행기술개발/연세대] 자율주행 기능 시험,1,11,True,"167,170,226,227,219,220,221,222,216"
103790,현대자동차,2026 계약학과 모집,2026-05-08T17:00:00.000+09:00,418741,[자율주행기술개발/서울대] 검증 환경 구축,1,14,True,"167,170,226,227,219,220,221,222,216"
103790,현대자동차,2026 계약학과 모집,2026-05-08T17:00:00.000+09:00,418742,[자율주행기술개발/서울대] 생성형 AI 및 E2E 강화학습 개발,1,6,True,"167,170,226,227,219,220,221,222,216"
103790,현대자동차,2026 계약학과 모집,2026-05-08T17:00:00.000+09:00,418743,[자율주행기술개발/연세대] Data/MLOps 및 파이프라인 개발,1,19,True,"167,170,226,227,219,220,221,222,216"
103790,현대자동차,2026 계약학과 모집,2026-05-08T17:00:00.000+09:00,418744,[자율주행기술개발/서울대] 판단 기술 개발,1,5,True,"167,170,226,227,219,220,221,222,216"
103790,현대자동차,2026 계약학과 모집,2026-05-08T17:00:00.000+09:00,418745,[수소연료전지개발/서울대] PEM 수전해 스택 기술 개발,1,8,True,"167,170,226,227,219,220,221,222,216"
103790,현대자동차,2026 계약학과 모집,2026-05-08T17:00:00.000+09:00,418746,[수소연료전지개발/서울대] 연료전지 시스템 내구 및 신뢰성 개발,1,7,True,"167,170,226,227,219,220,221,222,216"
103790,현대자동차,2026 계약학과 모집,2026-05-08T17:00:00.000+09:00,418747,[수소연료전지개발/한양대] 모터/제어기 설계 및 해석,1,14,True,"167,170,226,227,219,220,221,222,216"
103790,현대자동차,2026 계약학과 모집,2026-05-08T17:00:00.000+09:00,418748,[수소연료전지개발/한양대] 연료전지 수소/공기 공급시스템 제어 로직 개발,1,1,True,"167,170,226,227,219,220,221,222,216"
103790,현대자동차,2026 계약학과 모집,2026-05-08T17:00:00.000+09:00,418749,[수소연료전지개발/서울대] 수소저장시스템 설계,1,7,True,"167,170,226,227,219,220,221,222,216"
103790,현대자동차,2026 계약학과 모집,2026-05-08T17:00:00.000+09:00,418750,[소재연구개발] 배터리 재활용 요소기술 개발,1,8,True,"167,170,226,227,219,220,221,222,216"
103790,현대자동차,2026 계약학과 모집,2026-05-08T17:00:00.000+09:00,418751,[소재연구개발] 차세대 재활용 신기술 개발,1,6,True,"167,170,226,227,219,220,221,222,216"
103790,현대자동차,2026 계약학과 모집,2026-05-08T17:00:00.000+09:00,418752,[소재연구개발] EU 배터리 법규 대응,1,8,True,"167,170,226,227,219,220,221,222,216"
103790,현대자동차,2026 계약학과 모집,2026-05-08T17:00:00.000+09:00,418753,[선행생기/연세대] 전장 검사 기술 개발,1,8,True,"167,170,226,227,219,220,221,222,216"
103790,현대자동차,2026 계약학과 모집,2026-05-08T17:00:00.000+09:00,418754,[선행생기/연세대] 차량 무인이송 기술 및 전장 진단 플랫폼 개발,1,7,True,"167,170,226,227,219,220,221,222,216"
103790,현대자동차,2026 계약학과 모집,2026-05-08T17:00:00.000+09:00,418755,[배터리개발/서울대] 전고체 배터리 개발  ,1,17,True,"167,170,226,227,219,220,221,222,216"
103790,현대자동차,2026 계약학과 모집,2026-05-08T17:00:00.000+09:00,418756,[배터리개발/서울대] 배터리 시스템 설계,1,16,True,"167,170,226,227,219,220,221,222,216"
103790,현대자동차,2026 계약학과 모집,2026-05-08T17:00:00.000+09:00,418757,[배터리개발/서울대] 미래모빌리티 배터리 개발 ,1,5,True,"167,170,226,227,219,220,221,222,216"
103790,현대자동차,2026 계약학과 모집,2026-05-08T17:00:00.000+09:00,418758,[배터리개발/한양대] BMS SW 개발 및 검증,1,6,True,"167,170,226,227,219,220,221,222,216"
103790,현대자동차,2026 계약학과 모집,2026-05-08T17:00:00.000+09:00,418759,[로봇 제어] 로봇 제어,1,20,True,"167,170,226,227,219,220,221,222,216"
103809,수협은행,2026년 상반기 신입행원 전역장교 특별채용,2026-05-11T15:00:00.000+09:00,419007,전역장교,1,204,True,"194,196,201,210,214,127,107"
103831,KT sat,2026년 상반기 경력/신입사원 공개채용,2026-05-10T23:59:00.000+09:00,419115,사업개발 (위성지상국 설계 리드),2,21,True,"110,112,222,103"
103831,KT sat,2026년 상반기 경력/신입사원 공개채용,2026-05-10T23:59:00.000+09:00,419116,사업개발 (위성지상국 설계),2,7,True,"110,112,222,103"
103831,KT sat,2026년 상반기 경력/신입사원 공개채용,2026-05-10T23:59:00.000+09:00,419117,서비스 솔루션개발,2,9,True,"171,166,176,162"
103831,KT sat,2026년 상반기 경력/신입사원 공개채용,2026-05-10T23:59:00.000+09:00,419118,IT기획/개발,2,30,True,"171,176,167,162"
103831,KT sat,2026년 상반기 경력/신입사원 공개채용,2026-05-10T23:59:00.000+09:00,419119,재무,1,280,True,"122,123,125,106,105"
103831,KT sat,2026년 상반기 경력/신입사원 공개채용,2026-05-10T23:59:00.000+09:00,419120,정보보안,1,135,True,"166,257"
103831,KT sat,2026년 상반기 경력/신입사원 공개채용,2026-05-10T23:59:00.000+09:00,419121,해양위성통신 서비스,1,85,True,"194,197,154,146"
103834,유니드,2026년 수시채용,2026-05-11T23:59:00.000+09:00,419127,인사 (신입),1,266,True,"115,118,117,104"
103834,유니드,2026년 수시채용,2026-05-11T23:59:00.000+09:00,419128,인사 (경력),2,18,True,"115,120,116,104"
103834,유니드,2026년 수시채용,2026-05-11T23:59:00.000+09:00,419129,재무,1,77,True,"122,125,105"
103834,유니드,2026년 수시채용,2026-05-11T23:59:00.000+09:00,419130,회계 ,1,111,True,"106,122,105"
103834,유니드,2026년 수시채용,2026-05-11T23:59:00.000+09:00,419131,전산 ,2,20,True,"166,170,181,163"
103834,유니드,2026년 수시채용,2026-05-11T23:59:00.000+09:00,419132,전략기획 (신입),1,99,True,"109,111,103"
103834,유니드,2026년 수시채용,2026-05-11T23:59:00.000+09:00,419133,전략기획 (경력),2,7,True,"111,109,110,103"
103834,유니드,2026년 수시채용,2026-05-11T23:59:00.000+09:00,419134,사업개발 (신입),1,83,True,"110,112,103"
103834,유니드,2026년 수시채용,2026-05-11T23:59:00.000+09:00,419135,사업개발 (경력),2,3,True,"110,112,103"
103834,유니드,2026년 수시채용,2026-05-11T23:59:00.000+09:00,419136,해외영업 ,1,184,True,"154,155,146"
103834,유니드,2026년 수시채용,2026-05-11T23:59:00.000+09:00,419137,생산 ,1,86,True,"187,188,185,183"
103834,유니드,2026년 수시채용,2026-05-11T23:59:00.000+09:00,419138,기술개발,1,36,True,"229,187,183,217"
103834,유니드,2026년 수시채용,2026-05-11T23:59:00.000+09:00,419139,품질관리,1,100,True,"189,160,183"
103834,유니드,2026년 수시채용,2026-05-11T23:59:00.000+09:00,419140,관리 ,1,46,True,"106,128,115,104,107"
103846,현대그린푸드,2026년 상반기 신입영양사 공개채용,2026-05-10T23:59:00.000+09:00,419212,일반,1,24,True,"264,235,218"
103846,현대그린푸드,2026년 상반기 신입영양사 공개채용,2026-05-10T23:59:00.000+09:00,419213,병원군,1,1,True,"258,264,235,218"
103846,현대그린푸드,2026년 상반기 신입영양사 공개채용,2026-05-10T23:59:00.000+09:00,419214,그리팅 등 상품개발,1,7,True,"138,235,264,132,218"
103846,현대그린푸드,2026년 상반기 신입영양사 공개채용,2026-05-10T23:59:00.000+09:00,419215,단체급식 메뉴개발,1,4,True,"138,235,264,132,218"
103846,현대그린푸드,2026년 상반기 신입영양사 공개채용,2026-05-10T23:59:00.000+09:00,419216,식품안전,1,6,True,"189,235,191,183,184,218"
103849,SK바이오사이언스,26년 5월 신입/경력사원 수시채용,2026-05-10T23:59:00.000+09:00,419225,DS(원액생산),1,94,True,"187,188,189,190,183"
103849,SK바이오사이언스,26년 5월 신입/경력사원 수시채용,2026-05-10T23:59:00.000+09:00,419226,DP(완제생산),1,40,True,"187,188,189,190,183"
103849,SK바이오사이언스,26년 5월 신입/경력사원 수시채용,2026-05-10T23:59:00.000+09:00,419227,생산공정 데이터 분석 및 효율화(O/E),1,81,True,"187,188,189,190,185,183"
103849,SK바이오사이언스,26년 5월 신입/경력사원 수시채용,2026-05-10T23:59:00.000+09:00,419220,QA Validation,1,50,True,"187,188,189,190,183"
103849,SK바이오사이언스,26년 5월 신입/경력사원 수시채용,2026-05-10T23:59:00.000+09:00,419221,QC Micro,1,44,True,"187,188,189,190,183"
103849,SK바이오사이언스,26년 5월 신입/경력사원 수시채용,2026-05-10T23:59:00.000+09:00,419222,QC System,1,50,True,"187,188,189,190,183"
103849,SK바이오사이언스,26년 5월 신입/경력사원 수시채용,2026-05-10T23:59:00.000+09:00,419346,QC Chem,5,46,True,"187,188,189,190,185,183"
103849,SK바이오사이언스,26년 5월 신입/경력사원 수시채용,2026-05-10T23:59:00.000+09:00,419228,Digital Transformation,2,29,True,170
103849,SK바이오사이언스,26년 5월 신입/경력사원 수시채용,2026-05-10T23:59:00.000+09:00,419229,Global RA,2,13,True,"234,218"
103851,현대백화점그룹,2026년 상반기 신입사원 채용,2026-05-13T17:00:00.000+09:00,419235,[현대백화점] 영업관리_일반전형,1,750,True,"194,197"
103851,현대백화점그룹,2026년 상반기 신입사원 채용,2026-05-13T17:00:00.000+09:00,419236,[현대백화점] 영업관리_오픈PR전형,1,63,True,"194,197"
103851,현대백화점그룹,2026년 상반기 신입사원 채용,2026-05-13T17:00:00.000+09:00,419239,[현대백화점] 마케팅_일반전형,1,353,True,"137,138,132"
103851,현대백화점그룹,2026년 상반기 신입사원 채용,2026-05-13T17:00:00.000+09:00,419240,[현대백화점] 마케팅_오픈PR전형,1,72,True,"137,200,132"
103851,현대백화점그룹,2026년 상반기 신입사원 채용,2026-05-13T17:00:00.000+09:00,419241,[현대백화점] 경영지원_일반전형,1,335,True,"115,117,104"
103851,현대백화점그룹,2026년 상반기 신입사원 채용,2026-05-13T17:00:00.000+09:00,419242,[현대백화점] 경영지원_오픈PR전형,1,16,True,"128,107"
103851,현대백화점그룹,2026년 상반기 신입사원 채용,2026-05-13T17:00:00.000+09:00,419244,[현대홈쇼핑] MD_일반전형,1,183,True,"138,149,132"
103851,현대백화점그룹,2026년 상반기 신입사원 채용,2026-05-13T17:00:00.000+09:00,419389,[현대홈쇼핑] MD_오픈PR전형,1,18,True,"138,149,132"
103851,현대백화점그룹,2026년 상반기 신입사원 채용,2026-05-13T17:00:00.000+09:00,419245,[현대홈쇼핑] 영업지원_일반전형,1,150,True,"137,197,132"
103851,현대백화점그룹,2026년 상반기 신입사원 채용,2026-05-13T17:00:00.000+09:00,419390,[현대홈쇼핑] 영업지원_오픈PR전형,1,17,True,"137,197,132"
103851,현대백화점그룹,2026년 상반기 신입사원 채용,2026-05-13T17:00:00.000+09:00,419246,[현대홈쇼핑] CX기획/운영_일반전형,1,120,True,"137,200,132"
103851,현대백화점그룹,2026년 상반기 신입사원 채용,2026-05-13T17:00:00.000+09:00,419391,[현대홈쇼핑] CX기획/운영_오픈PR전형,1,11,True,"137,200,132"
103851,현대백화점그룹,2026년 상반기 신입사원 채용,2026-05-13T17:00:00.000+09:00,419247,[현대홈쇼핑] 심의_일반전형,1,31,True,"127,108,107"
103851,현대백화점그룹,2026년 상반기 신입사원 채용,2026-05-13T17:00:00.000+09:00,419392,[현대홈쇼핑] 심의_오픈PR전형,1,6,True,"127,108,107"
103851,현대백화점그룹,2026년 상반기 신입사원 채용,2026-05-13T17:00:00.000+09:00,419248,[현대홈쇼핑] 전략/기획_일반전형,1,83,True,"110,112,103"
103851,현대백화점그룹,2026년 상반기 신입사원 채용,2026-05-13T17:00:00.000+09:00,419393,[현대홈쇼핑] 전략/기획_오픈PR전형,1,16,True,"110,112,103"
103851,현대백화점그룹,2026년 상반기 신입사원 채용,2026-05-13T17:00:00.000+09:00,419249,[현대면세점] 영업관리 _일반전형,1,201,True,"194,197"
103851,현대백화점그룹,2026년 상반기 신입사원 채용,2026-05-13T17:00:00.000+09:00,419250,[현대면세점] 영업관리 _오픈PR전형,1,9,True,"194,197"
103851,현대백화점그룹,2026년 상반기 신입사원 채용,2026-05-13T17:00:00.000+09:00,419251,[현대면세점] 판매기획_일반전형,1,98,True,"194,197"
103851,현대백화점그룹,2026년 상반기 신입사원 채용,2026-05-13T17:00:00.000+09:00,419252,[현대면세점] 판매기획_오픈PR전형,1,10,True,"194,197"
103851,현대백화점그룹,2026년 상반기 신입사원 채용,2026-05-13T17:00:00.000+09:00,419255,[현대면세점] 경영전력/기획_일반전형,1,78,True,"109,111,108,103"
103851,현대백화점그룹,2026년 상반기 신입사원 채용,2026-05-13T17:00:00.000+09:00,419256,[현대면세점] 경영전력/기획_오픈PR전형,1,7,True,"109,111,108,103"
103851,현대백화점그룹,2026년 상반기 신입사원 채용,2026-05-13T17:00:00.000+09:00,419257,[현대면세점] 인사/교육_일반전형,1,161,True,"115,117,104"
103851,현대백화점그룹,2026년 상반기 신입사원 채용,2026-05-13T17:00:00.000+09:00,419394,[현대면세점] 인사/교육_오픈PR전형,1,22,True,"115,117,104"
103851,현대백화점그룹,2026년 상반기 신입사원 채용,2026-05-13T17:00:00.000+09:00,419258,[현대면세점] 총무_일반전형,1,70,True,"128,107"
103851,현대백화점그룹,2026년 상반기 신입사원 채용,2026-05-13T17:00:00.000+09:00,419395,[현대면세점] 총무_오픈PR전형,1,5,True,"128,107"
103851,현대백화점그룹,2026년 상반기 신입사원 채용,2026-05-13T17:00:00.000+09:00,419396,[현대면세점] 재경_일반전형,1,120,True,"122,106,105"
103851,현대백화점그룹,2026년 상반기 신입사원 채용,2026-05-13T17:00:00.000+09:00,419397,[현대면세점] 재경_오픈PR전형,1,5,True,"122,106,105"
103851,현대백화점그룹,2026년 상반기 신입사원 채용,2026-05-13T17:00:00.000+09:00,419259,[현대면세점] 디지털기획_일반전형,1,349,True,"171,241"
103851,현대백화점그룹,2026년 상반기 신입사원 채용,2026-05-13T17:00:00.000+09:00,419398,[현대면세점] 디지털기획_오픈PR전형,1,36,True,"171,241"
103855,파주에너지서비스,2026년 신입구성원(설비관리) 영입,2026-05-17T23:59:00.000+09:00,419277,설비관리,1,245,True,"128,157,187,186,227,220,107,147,183,216"
103868,한화파워,2026년 상반기 신입사원 채용,2026-05-05T15:00:00.000+09:00,419313,설계,1,78,True,"219,227,216"
103868,한화파워,2026년 상반기 신입사원 채용,2026-05-05T15:00:00.000+09:00,419314,생산기술 (제조기술),1,106,True,"187,219,227,183,216"
103868,한화파워,2026년 상반기 신입사원 채용,2026-05-05T15:00:00.000+09:00,419315,생산기술 (시험평가),1,99,True,"189,219,220,183"
103868,한화파워,2026년 상반기 신입사원 채용,2026-05-05T15:00:00.000+09:00,419316,복합발전 엔지니어,1,56,True,"230,227,220,216,217"
103868,한화파워,2026년 상반기 신입사원 채용,2026-05-05T15:00:00.000+09:00,419317,Project Manager,1,93,True,"110,197,227,103,216"
103868,한화파워,2026년 상반기 신입사원 채용,2026-05-05T15:00:00.000+09:00,419318,조달,1,110,True,"157,158,147"
103868,한화파워,2026년 상반기 신입사원 채용,2026-05-05T15:00:00.000+09:00,419319,재무,1,134,True,"106,122,123,105"
103890,비씨카드,2026년 상반기 신입사원 채용,2026-05-11T15:00:00.000+09:00,419356,Biz (일반),1,1847,True,"110,137,138,194,196,103,132"
103890,비씨카드,2026년 상반기 신입사원 채용,2026-05-11T15:00:00.000+09:00,419358,DX (채용전환형),3,533,True,"176,181,164,166,162,163"
103917,NH농협무역,2026년 상반기 정규직 직원 공개채용,2026-05-08T17:00:00.000+09:00,419437,무역 사무,1,342,True,"154,155,156,157,158,159,146,147"
103929,디앤오,[LG그룹] 지원 부문 인재 채용,2026-05-13T23:00:00.000+09:00,419474,AX기획,2,34,True,"117,137,171,260,104,132"
103929,디앤오,[LG그룹] 지원 부문 인재 채용,2026-05-13T23:00:00.000+09:00,419475,회계,1,185,True,"122,106,105"
103944,강동경희대학교병원,"2026년 행정, 홍보 정규직 신입직원 공개채용",2026-05-10T23:59:00.000+09:00,419526,행정,1,175,True,"109,110,111,112,114,115,118,121,122,123,124,125,126,106,127,128,130,131,108,103,104,105,107"
103944,강동경희대학교병원,"2026년 행정, 홍보 정규직 신입직원 공개채용",2026-05-10T23:59:00.000+09:00,419527,홍보,1,38,True,"134,135,136,137,138,139,142,143,144,132,133"
103945,현대위아,2026 상반기 신입사원 집중 채용,2026-05-19T11:59:00.000+09:00,419528,사업 지표 / 실적 관리,1,163,True,"110,109,197,103"
103945,현대위아,2026 상반기 신입사원 집중 채용,2026-05-19T11:59:00.000+09:00,419529,사업 전략 수립,1,160,True,"112,111,109,103"
103945,현대위아,2026 상반기 신입사원 집중 채용,2026-05-19T11:59:00.000+09:00,419530,사업 수익성 관리,1,90,True,"109,122,113,103,105"
103945,현대위아,2026 상반기 신입사원 집중 채용,2026-05-19T11:59:00.000+09:00,419531,손익 / 원가관리,1,101,True,"106,122,105"
103945,현대위아,2026 상반기 신입사원 집중 채용,2026-05-19T11:59:00.000+09:00,419532,매출 / 경영관리,1,160,True,"106,109,122,103,105"
103945,현대위아,2026 상반기 신입사원 집중 채용,2026-05-19T11:59:00.000+09:00,419533,"연결/내부회계, 공시",1,140,True,"106,122,124,105"
103945,현대위아,2026 상반기 신입사원 집중 채용,2026-05-19T11:59:00.000+09:00,419534,안전/환경 관리,1,257,True,"191,192,184"
103945,현대위아,2026 상반기 신입사원 집중 채용,2026-05-19T11:59:00.000+09:00,419535,언론 홍보,1,184,True,"142,133"
103945,현대위아,2026 상반기 신입사원 집중 채용,2026-05-19T11:59:00.000+09:00,419536,HRD (AX 교육),1,233,True,"117,104"
103945,현대위아,2026 상반기 신입사원 집중 채용,2026-05-19T11:59:00.000+09:00,419537,HRM (채용/인사관리),1,309,True,"115,118,104"
103945,현대위아,2026 상반기 신입사원 집중 채용,2026-05-19T11:59:00.000+09:00,419538,AX 보안 설계,1,39,True,"166,257"
103945,현대위아,2026 상반기 신입사원 집중 채용,2026-05-19T11:59:00.000+09:00,419539,구매 원가 분석,1,132,True,"157,113,103,147"
103945,현대위아,2026 상반기 신입사원 집중 채용,2026-05-19T11:59:00.000+09:00,419540,열관리시스템 구매,1,79,True,"157,147"
103945,현대위아,2026 상반기 신입사원 집중 채용,2026-05-19T11:59:00.000+09:00,419541,전동식컴프레셔 부품 구매,1,62,True,"157,158,147"
103945,현대위아,2026 상반기 신입사원 집중 채용,2026-05-19T11:59:00.000+09:00,419542,제어시스템 선행 품질,1,66,True,"189,160,183"
103945,현대위아,2026 상반기 신입사원 집중 채용,2026-05-19T11:59:00.000+09:00,419543,부품/가공라인 품질관리,1,116,True,"189,183"
103945,현대위아,2026 상반기 신입사원 집중 채용,2026-05-19T11:59:00.000+09:00,419544,개발단계 선행 품질,1,136,True,"189,160,183"
103945,현대위아,2026 상반기 신입사원 집중 채용,2026-05-19T11:59:00.000+09:00,419545,열관리 공조시스템 선행 품질,1,82,True,"189,160,183"
103945,현대위아,2026 상반기 신입사원 집중 채용,2026-05-19T11:59:00.000+09:00,419546,열관리 공조시스템 양산공정 품질,1,109,True,"189,187,183"
103945,현대위아,2026 상반기 신입사원 집중 채용,2026-05-19T11:59:00.000+09:00,419547,가공 생산관리,1,175,True,"187,188,183"
103945,현대위아,2026 상반기 신입사원 집중 채용,2026-05-19T11:59:00.000+09:00,419548,전동화 생산기술,1,251,True,"185,220"
103945,현대위아,2026 상반기 신입사원 집중 채용,2026-05-19T11:59:00.000+09:00,419549,PT 생산기술,1,156,True,"185,227,216"
103945,현대위아,2026 상반기 신입사원 집중 채용,2026-05-19T11:59:00.000+09:00,419550,엔진 영업 담당,1,67,True,"194,195"
103945,현대위아,2026 상반기 신입사원 집중 채용,2026-05-19T11:59:00.000+09:00,419551,샤시 모듈 영업 담당,1,59,True,"194,195"
103945,현대위아,2026 상반기 신입사원 집중 채용,2026-05-19T11:59:00.000+09:00,419552,공조 영업 담당,1,80,True,"194,195"
103945,현대위아,2026 상반기 신입사원 집중 채용,2026-05-19T11:59:00.000+09:00,419553,글로벌OE 해외영업,1,155,True,"154,196,146"
103945,현대위아,2026 상반기 신입사원 집중 채용,2026-05-19T11:59:00.000+09:00,419554,로봇 해외영업,1,49,True,"154,195,146"
103945,현대위아,2026 상반기 신입사원 집중 채용,2026-05-19T11:59:00.000+09:00,419555,모바일로봇 전장/제어 개발,1,48,True,"220,169"
103945,현대위아,2026 상반기 신입사원 집중 채용,2026-05-19T11:59:00.000+09:00,419556,모바일로봇 주행 SW 개발,1,35,True,"165,167"
103945,현대위아,2026 상반기 신입사원 집중 채용,2026-05-19T11:59:00.000+09:00,419557,협동로봇 비전 SW 개발,1,42,True,"165,167"
103945,현대위아,2026 상반기 신입사원 집중 채용,2026-05-19T11:59:00.000+09:00,419558,차량용 댐퍼 개발,1,27,True,"226,227,216"
103945,현대위아,2026 상반기 신입사원 집중 채용,2026-05-19T11:59:00.000+09:00,419559,모빌리티 부품 선행개발,1,87,True,"226,227,216"
103945,현대위아,2026 상반기 신입사원 집중 채용,2026-05-19T11:59:00.000+09:00,419560,통합형 드라이브 액슬(IDA) 개발,1,52,True,"226,227,216"
103945,현대위아,2026 상반기 신입사원 집중 채용,2026-05-19T11:59:00.000+09:00,419561,구동시스템 제어기 회로 설계,1,79,True,"220,169"
103945,현대위아,2026 상반기 신입사원 집중 채용,2026-05-19T11:59:00.000+09:00,419562,모터 제어 SW 개발,1,69,True,"165,169"
103945,현대위아,2026 상반기 신입사원 집중 채용,2026-05-19T11:59:00.000+09:00,419563,차량 성능 튜닝 및 평가,1,130,True,"226,160,216"
103945,현대위아,2026 상반기 신입사원 집중 채용,2026-05-19T11:59:00.000+09:00,419564,제어 시스템 기능안전 / 엔지니어,1,86,True,"220,160"
103945,현대위아,2026 상반기 신입사원 집중 채용,2026-05-19T11:59:00.000+09:00,419565,AX/R&D 프로세스 고도화,1,63,True,"188,113,103,183"
103945,현대위아,2026 상반기 신입사원 집중 채용,2026-05-19T11:59:00.000+09:00,419566,차량부품(CVJ) 설계원가,1,55,True,"226,227,216"
103945,현대위아,2026 상반기 신입사원 집중 채용,2026-05-19T11:59:00.000+09:00,419567,HVAC설계,1,57,True,"219,227,216"
103945,현대위아,2026 상반기 신입사원 집중 채용,2026-05-19T11:59:00.000+09:00,419568,컴프레셔 설계,1,42,True,"219,227,216"
103945,현대위아,2026 상반기 신입사원 집중 채용,2026-05-19T11:59:00.000+09:00,419569,열교환기 설계,1,50,True,"219,227,216"
103945,현대위아,2026 상반기 신입사원 집중 채용,2026-05-19T11:59:00.000+09:00,419570,열관리 공조시스템 설계,1,75,True,"219,227,216"
103945,현대위아,2026 상반기 신입사원 집중 채용,2026-05-19T11:59:00.000+09:00,419571,열관리 AI/1D 솔루션 개발,1,19,True,"167,165"
103945,현대위아,2026 상반기 신입사원 집중 채용,2026-05-19T11:59:00.000+09:00,419572,대체냉매 / 열관리 시스템 선행개발,1,26,True,"229,230,217"
103945,현대위아,2026 상반기 신입사원 집중 채용,2026-05-19T11:59:00.000+09:00,419573,열관리시스템 시험,1,63,True,"160,189,183"
103949,한국투자증권,FY2026 전역장교 공채 (신입사원 5급),2026-05-26T17:00:00.000+09:00,419582,PB(Private Banker),1,145,True,"201,210,211"
103949,한국투자증권,FY2026 전역장교 공채 (신입사원 5급),2026-05-26T17:00:00.000+09:00,419583,본사관리(전략/기획),1,60,True,"109,111,112,122,103,105"
103949,한국투자증권,FY2026 전역장교 공채 (신입사원 5급),2026-05-26T17:00:00.000+09:00,419584,IT(Front-end),1,30,True,"175,162"
103949,한국투자증권,FY2026 전역장교 공채 (신입사원 5급),2026-05-26T17:00:00.000+09:00,419585,IT(Back-end),1,55,True,"176,162"
103949,한국투자증권,FY2026 전역장교 공채 (신입사원 5급),2026-05-26T17:00:00.000+09:00,419586,IT(Infra),1,20,True,166
103949,한국투자증권,FY2026 전역장교 공채 (신입사원 5급),2026-05-26T17:00:00.000+09:00,419587,IT(정보보호),1,14,True,166
103951,삼성카드고객서비스,2026년 3급 신입사원 채용,2026-05-14T18:00:00.000+09:00,419600,인사,1,230,True,"115,118,119,120,116,104"
103951,삼성카드고객서비스,2026년 3급 신입사원 채용,2026-05-14T18:00:00.000+09:00,419601,상담운영기획,1,268,True,"197,200,180,109,113,103,163"
103961,코닝정밀소재,2026년 대졸 엔지니어 정규직 신입 채용,2026-05-21T23:59:00.000+09:00,419623,용해성형 제조/기술 엔지니어,1,968,True,"185,187,188,189,183"
103973,비바리퍼블리카(토스),General Affairs Assistant,2026-05-18T18:46:09.000+09:00,419664,General Affairs Assistant,1,11,True,"127,128,130,131,107"
103979,키움증권,2026년 상반기 키움금융센터 정규직 채용,2026-05-25T23:00:00.000+09:00,419670,고객 상담,1,148,True,"200,201"
103987,다우기술,경력·신입 대규모 인재영입,2026-05-18T18:00:00.000+09:00,419681,AI 개발,2,39,True,167
103987,다우기술,경력·신입 대규모 인재영입,2026-05-18T18:00:00.000+09:00,419682,Web Application PM/PL,2,28,True,"176,171,162"
103987,다우기술,경력·신입 대규모 인재영입,2026-05-18T18:00:00.000+09:00,419683,Biz Application AI/서비스 개발,2,32,True,"176,167,162"
103987,다우기술,경력·신입 대규모 인재영입,2026-05-18T18:00:00.000+09:00,419684,메일 시스템 서버 개발,2,11,True,"176,164,162"
103987,다우기술,경력·신입 대규모 인재영입,2026-05-18T18:00:00.000+09:00,419685,원장 개발,2,2,True,"176,170,162"
103987,다우기술,경력·신입 대규모 인재영입,2026-05-18T18:00:00.000+09:00,419686,HTS 채널 개발,2,1,True,"176,165,162"
103987,다우기술,경력·신입 대규모 인재영입,2026-05-18T18:00:00.000+09:00,419687,MTS 채널 개발,2,3,True,"172,173,161"
103987,다우기술,경력·신입 대규모 인재영입,2026-05-18T18:00:00.000+09:00,419688,소프트웨어 아키텍트,2,1,True,"176,164,162"
103987,다우기술,경력·신입 대규모 인재영입,2026-05-18T18:00:00.000+09:00,419689,증권 퇴직연금 시스템 개발,2,5,True,"176,170,162"
103987,다우기술,경력·신입 대규모 인재영입,2026-05-18T18:00:00.000+09:00,419690,품질 관리 엔지니어,2,2,True,160
103987,다우기술,경력·신입 대규모 인재영입,2026-05-18T18:00:00.000+09:00,419691,정보보호관리,2,2,True,"166,257"
103987,다우기술,경력·신입 대규모 인재영입,2026-05-18T18:00:00.000+09:00,419692,데이터베이스 엔지니어,2,2,True,"181,163"
103987,다우기술,경력·신입 대규모 인재영입,2026-05-18T18:00:00.000+09:00,419693,금융 데이터 아키텍트 (DA),2,0,True,"179,181,163"
103987,다우기술,경력·신입 대규모 인재영입,2026-05-18T18:00:00.000+09:00,419694,클라우드/AI 플랫폼 엔지니어,2,7,True,"166,167"
103987,다우기술,경력·신입 대규모 인재영입,2026-05-18T18:00:00.000+09:00,419695,증권 품질 관리,2,2,True,160
103987,다우기술,경력·신입 대규모 인재영입,2026-05-18T18:00:00.000+09:00,419696,증권 품질 보증,2,0,True,"160,189,183"
103987,다우기술,경력·신입 대규모 인재영입,2026-05-18T18:00:00.000+09:00,419697,커머스 개인화 마케팅 솔루션 컨설턴트,2,3,True,"113,137,103,132"
103987,다우기술,경력·신입 대규모 인재영입,2026-05-18T18:00:00.000+09:00,419698,커머스 플랫폼 서비스 기획,2,9,True,"110,171,103"
103987,다우기술,경력·신입 대규모 인재영입,2026-05-18T18:00:00.000+09:00,419699,커머스 플랫폼 서비스 운영,2,17,True,"171,200"
103987,다우기술,경력·신입 대규모 인재영입,2026-05-18T18:00:00.000+09:00,419700,금융 전략 및 사업 기획,2,3,True,"109,112,103"
103987,다우기술,경력·신입 대규모 인재영입,2026-05-18T18:00:00.000+09:00,419701,모바일쿠폰 영업,2,9,True,"194,196"
103987,다우기술,경력·신입 대규모 인재영입,2026-05-18T18:00:00.000+09:00,419702,Biz Application HR 서비스 영업,2,5,True,"195,196"
103987,다우기술,경력·신입 대규모 인재영입,2026-05-18T18:00:00.000+09:00,419703,세무 관리,2,3,True,"123,105"
103987,다우기술,경력·신입 대규모 인재영입,2026-05-18T18:00:00.000+09:00,419704,법무 관리 (경력),2,1,True,"108,255"
103987,다우기술,경력·신입 대규모 인재영입,2026-05-18T18:00:00.000+09:00,419705,Biz Application 기술지원 엔지니어,1,130,True,"166,200"
103987,다우기술,경력·신입 대규모 인재영입,2026-05-18T18:00:00.000+09:00,419706,데이터베이스 엔지니어,1,134,True,"181,163"
103987,다우기술,경력·신입 대규모 인재영입,2026-05-18T18:00:00.000+09:00,419707,AX 운영/기획 (AI Transformation),1,242,True,"110,171,103"
103987,다우기술,경력·신입 대규모 인재영입,2026-05-18T18:00:00.000+09:00,419914,커머스 플랫폼 서비스 영업,1,69,True,"194,197"
103987,다우기술,경력·신입 대규모 인재영입,2026-05-18T18:00:00.000+09:00,419708,재무 관리,1,116,True,"122,106,105"
103987,다우기술,경력·신입 대규모 인재영입,2026-05-18T18:00:00.000+09:00,419709,법무 관리,1,22,True,"108,255"
103988,선진,2026년 2분기 신입/경력 채용,2026-05-21T23:59:00.000+09:00,419710,사료영업,5,29,True,"194,196,201"
103988,선진,2026년 2분기 신입/경력 채용,2026-05-21T23:59:00.000+09:00,419711,식육영업,5,31,True,"194,196"
103988,선진,2026년 2분기 신입/경력 채용,2026-05-21T23:59:00.000+09:00,419716,식육 온라인영업,2,21,True,"110,136,194,103,132"
103988,선진,2026년 2분기 신입/경력 채용,2026-05-21T23:59:00.000+09:00,419717,육가공 식품영업(식품),5,38,True,"138,194,196,132"
103988,선진,2026년 2분기 신입/경력 채용,2026-05-21T23:59:00.000+09:00,419718,육가공 식품영업(캐터링),5,7,True,"194,196"
103988,선진,2026년 2분기 신입/경력 채용,2026-05-21T23:59:00.000+09:00,419719,육가공 식품영업(식재),1,35,True,"194,196"
103988,선진,2026년 2분기 신입/경력 채용,2026-05-21T23:59:00.000+09:00,419720,육가공 급식영업,5,5,True,"194,196"
103988,선진,2026년 2분기 신입/경력 채용,2026-05-21T23:59:00.000+09:00,419721,육가공 급식 제품상품기획담당,5,36,True,"137,138,149,132"
103988,선진,2026년 2분기 신입/경력 채용,2026-05-21T23:59:00.000+09:00,419712,양돈 생산관리,5,11,True,"187,189,194,183"
103988,선진,2026년 2분기 신입/경력 채용,2026-05-21T23:59:00.000+09:00,419713,식육 생산관리,5,10,True,"187,188,189,183"
103988,선진,2026년 2분기 신입/경력 채용,2026-05-21T23:59:00.000+09:00,419714,육가공 생산관리,5,9,True,"152,187,188,145,183"
103988,선진,2026년 2분기 신입/경력 채용,2026-05-21T23:59:00.000+09:00,419715,육가공 품질관리,5,14,True,"160,189,183"
103988,선진,2026년 2분기 신입/경력 채용,2026-05-21T23:59:00.000+09:00,419722,육가공 공무기획,2,4,True,"186,204,205"
103988,선진,2026년 2분기 신입/경력 채용,2026-05-21T23:59:00.000+09:00,419723,회계/세무,1,114,True,"122,123,106,105"
103988,선진,2026년 2분기 신입/경력 채용,2026-05-21T23:59:00.000+09:00,419724,HRD담당,1,137,True,"117,260,104"
103988,선진,2026년 2분기 신입/경력 채용,2026-05-21T23:59:00.000+09:00,419725,안전관리,2,15,True,"191,203,184"
103988,선진,2026년 2분기 신입/경력 채용,2026-05-21T23:59:00.000+09:00,419726,신용지원,5,16,True,"122,108,213,105"
103988,선진,2026년 2분기 신입/경력 채용,2026-05-21T23:59:00.000+09:00,419727,육가공 냉장R&D,2,1,True,"234,235,218"
103988,선진,2026년 2분기 신입/경력 채용,2026-05-21T23:59:00.000+09:00,419728,품질위생 안전담당(Auditor),2,2,True,"160,189,183"
103988,선진,2026년 2분기 신입/경력 채용,2026-05-21T23:59:00.000+09:00,419729,수의,5,1,True,"234,258,218"
103988,선진,2026년 2분기 신입/경력 채용,2026-05-21T23:59:00.000+09:00,419730,DBA/DA,4,8,True,"179,180,181,163"
103988,선진,2026년 2분기 신입/경력 채용,2026-05-21T23:59:00.000+09:00,419731,해외 시스템(ERP),2,2,True,"170,171"
103988,선진,2026년 2분기 신입/경력 채용,2026-05-21T23:59:00.000+09:00,419732,ICT 설계,5,17,True,"227,219,216"
103999,삼성선물,2026년 상반기 신입사원 채용,2026-05-14T17:00:00.000+09:00,419770,IT,1,236,True,"176,164,162"
103999,삼성선물,2026년 상반기 신입사원 채용,2026-05-14T17:00:00.000+09:00,419771,경영지원,1,353,True,"115,117,128,108,104,107"
104006,유니드글로벌상사,2026년 신입사원 공개채용,2026-05-18T10:59:00.000+09:00,419785,영업,1,234,True,"150,151,152,153,154,155,156,194,196,145,146"
104067,존슨앤드존슨,[MedTech] 영업직 신입사원 채용 (서울/부산),2026-07-11T23:59:00.000+09:00,420024,Associate Professional Product Specialist - Surgery(부산),1,9,True,"134,135,136,137,138,139,194,197,200,132"
104067,존슨앤드존슨,[MedTech] 영업직 신입사원 채용 (서울/부산),2026-07-11T23:59:00.000+09:00,420086,Clinical Sales – Electrophysiology(서울),1,29,True,"134,135,136,137,138,139,194,197,200,132"
104077,현대비앤지스틸,대졸신입사원 및 채용형 인턴 채용 (회계/경영지원),2026-05-21T23:00:00.000+09:00,420083,회계,1,135,True,"122,123,106,256,105"
104077,현대비앤지스틸,대졸신입사원 및 채용형 인턴 채용 (회계/경영지원),2026-05-21T23:00:00.000+09:00,420084,경영지원,3,164,True,"109,127,128,103,107"
104101,KCC,2026년 5월 대졸 신입 수시채용,2026-05-19T23:59:00.000+09:00,420222,선박도료 해외영업,1,176,True,"154,197,146"
104101,KCC,2026년 5월 대졸 신입 수시채용,2026-05-19T23:59:00.000+09:00,420223,도료 영업/영업관리,1,43,True,"196,197"
104101,KCC,2026년 5월 대졸 신입 수시채용,2026-05-19T23:59:00.000+09:00,420224,도료 기술,1,167,True,"229,233,217"
104101,KCC,2026년 5월 대졸 신입 수시채용,2026-05-19T23:59:00.000+09:00,420225,총무,1,180,True,"127,128,107"
104116,롯데글로벌로지스,HR실 신입 (JA) 채용,2026-05-21T23:59:00.000+09:00,420247,HR팀,1,188,True,"115,119,120,127,104,107"
104206,세아제강,2026년 상반기 순천공장 환경관리자 수시채용,2026-05-25T23:59:00.000+09:00,420676,환경 관리,1,80,True,"192,184"
104211,한국거래소,신입직원 채용,2026-06-02T15:00:00.000+09:00,420685,경영,1,1079,True,"109,122,106,210,215,103,105"
104211,한국거래소,신입직원 채용,2026-06-02T15:00:00.000+09:00,420686,경제,1,487,True,"109,113,122,210,215,103,105"
104211,한국거래소,신입직원 채용,2026-06-02T15:00:00.000+09:00,420687,법학,1,85,True,"109,108,255,103"
104211,한국거래소,신입직원 채용,2026-06-02T15:00:00.000+09:00,420688,통계,1,194,True,"113,179,180,167,253,103,163"
104211,한국거래소,신입직원 채용,2026-06-02T15:00:00.000+09:00,420689,IT,1,824,True,"176,181,166,167,170,171,162,163"
104215,에이플러스에셋,2026 군장교 공개채용,2026-06-06T23:59:00.000+09:00,420699,영업관리,1,39,True,"197,201,137,132"
104215,에이플러스에셋,2026 군장교 공개채용,2026-06-06T23:59:00.000+09:00,420700,경영지원,1,23,True,"115,128,109,127,103,104,107"
104258,드림라인,경영지원 신입사원 모집,2026-06-17T23:59:00.000+09:00,420904,경영지원팀,1,28,True,"127,128,131,108,107"
104261,셀트리온제약,신입/경력 수시채용,2026-06-01T15:00:00.000+09:00,420907,사업제휴,2,25,True,"110,112,103"
104261,셀트리온제약,신입/경력 수시채용,2026-06-01T15:00:00.000+09:00,420908,임상 ,2,7,True,"234,235,218"
104261,셀트리온제약,신입/경력 수시채용,2026-06-01T15:00:00.000+09:00,420909,인사 ,2,14,True,"109,115,120,103,104"
104261,셀트리온제약,신입/경력 수시채용,2026-06-01T15:00:00.000+09:00,420910,바이오 생산 ,1,96,True,"187,189,185,183"
104261,셀트리온제약,신입/경력 수시채용,2026-06-01T15:00:00.000+09:00,420914,바이오 생산 ,2,3,True,"187,189,185,183"
104261,셀트리온제약,신입/경력 수시채용,2026-06-01T15:00:00.000+09:00,420911,자재관리 ,1,57,True,"150,152,158,145,147"
104261,셀트리온제약,신입/경력 수시채용,2026-06-01T15:00:00.000+09:00,420915,자재관리 ,2,11,True,"150,152,158,145,147"
104261,셀트리온제약,신입/경력 수시채용,2026-06-01T15:00:00.000+09:00,420912,바이오 생산 ,1,29,True,"189,185,183"
104261,셀트리온제약,신입/경력 수시채용,2026-06-01T15:00:00.000+09:00,420916,바이오 생산 ,2,0,True,"189,185,183"
104261,셀트리온제약,신입/경력 수시채용,2026-06-01T15:00:00.000+09:00,420913,수동이물검사 및 포장지원,1,3,True,"189,185,183"
104286,우리은행,2026년 상반기 채용 (지역인재/체험형 인턴/보훈),2026-06-08T14:00:00.000+09:00,421019,지역인재 (대전/세종/충청),1,354,True,"194,196,201,214"
104286,우리은행,2026년 상반기 채용 (지역인재/체험형 인턴/보훈),2026-06-08T14:00:00.000+09:00,421020,지역인재 (부산/울산/경남),1,419,True,"194,196,201,214"
104286,우리은행,2026년 상반기 채용 (지역인재/체험형 인턴/보훈),2026-06-08T14:00:00.000+09:00,421021,지역인재 (대구/경북),1,248,True,"194,196,201,214"
104286,우리은행,2026년 상반기 채용 (지역인재/체험형 인턴/보훈),2026-06-08T14:00:00.000+09:00,421022,지역인재 (광주/전남/전북),1,233,True,"194,196,201,214"
104286,우리은행,2026년 상반기 채용 (지역인재/체험형 인턴/보훈),2026-06-08T14:00:00.000+09:00,421023,지역인재 (강원),1,99,True,"194,196,201,214"
104286,우리은행,2026년 상반기 채용 (지역인재/체험형 인턴/보훈),2026-06-08T14:00:00.000+09:00,421025,일반 (하계 체험형),3,1014,True,"127,130,194,196,201,214,107"
104286,우리은행,2026년 상반기 채용 (지역인재/체험형 인턴/보훈),2026-06-08T14:00:00.000+09:00,421026,보훈 (사무지원직군) ,1,84,True,"127,130,197,214,107"
104333,김앤장 법률사무소,송무 스탭(신입) 채용,2026-06-06T23:59:00.000+09:00,421137,송무 스탭,1,40,True,"122,123,124,125,126,108,105"
104341,롯데그룹,3·6·9·12 예측가능한 채용(6월),2026-06-23T23:00:00.000+09:00,421182,[롯데글로벌로지스] 물류운영(SCM),3,225,True,"150,145"
104341,롯데그룹,3·6·9·12 예측가능한 채용(6월),2026-06-23T23:00:00.000+09:00,421183,[롯데글로벌로지스] 물류운영(Lastmile),3,94,True,"150,148,145"
104341,롯데그룹,3·6·9·12 예측가능한 채용(6월),2026-06-23T23:00:00.000+09:00,421184,[대홍기획] AE,3,137,True,"140,133"
104341,롯데그룹,3·6·9·12 예측가능한 채용(6월),2026-06-23T23:00:00.000+09:00,421185,[대홍기획] 디지털AE,3,99,True,"136,140,132,133"
104341,롯데그룹,3·6·9·12 예측가능한 채용(6월),2026-06-23T23:00:00.000+09:00,421186,[대홍기획] AD,3,63,True,"242,237"
104341,롯데그룹,3·6·9·12 예측가능한 채용(6월),2026-06-23T23:00:00.000+09:00,421187,[대홍기획] CW,3,58,True,"141,133"
104341,롯데그룹,3·6·9·12 예측가능한 채용(6월),2026-06-23T23:00:00.000+09:00,421193,[롯데GS화학] 생산,1,162,True,"187,183"
104341,롯데그룹,3·6·9·12 예측가능한 채용(6월),2026-06-23T23:00:00.000+09:00,421194,[롯데CM사업본부] 기계,1,82,True,"205,227,216"
104341,롯데그룹,3·6·9·12 예측가능한 채용(6월),2026-06-23T23:00:00.000+09:00,421195,[롯데CM사업본부] 전기,1,77,True,"204,220"
104341,롯데그룹,3·6·9·12 예측가능한 채용(6월),2026-06-23T23:00:00.000+09:00,421196,[롯데이노베이트] 소프트웨어(호텔IS),1,94,True,"175,176,162"
104341,롯데그룹,3·6·9·12 예측가능한 채용(6월),2026-06-23T23:00:00.000+09:00,421197,[롯데이노베이트] 소프트웨어(백화점IS),1,61,True,"175,176,162"
104341,롯데그룹,3·6·9·12 예측가능한 채용(6월),2026-06-23T23:00:00.000+09:00,421198,[롯데이노베이트] 소프트웨어(월드IS),1,121,True,"175,176,162"
104341,롯데그룹,3·6·9·12 예측가능한 채용(6월),2026-06-23T23:00:00.000+09:00,421199,[롯데이노베이트] 소프트웨어(웰푸드IS),1,50,True,"175,176,162"
104341,롯데그룹,3·6·9·12 예측가능한 채용(6월),2026-06-23T23:00:00.000+09:00,421200,[롯데이노베이트] 소프트웨어(홈쇼핑IS),1,112,True,"175,176,162"
104341,롯데그룹,3·6·9·12 예측가능한 채용(6월),2026-06-23T23:00:00.000+09:00,421201,[롯데이노베이트] 소프트웨어(카드IS),1,132,True,"175,176,162"
104341,롯데그룹,3·6·9·12 예측가능한 채용(6월),2026-06-23T23:00:00.000+09:00,421202,[롯데이노베이트] 인프라(호텔IS),1,43,True,166
104341,롯데그룹,3·6·9·12 예측가능한 채용(6월),2026-06-23T23:00:00.000+09:00,421203,[롯데이노베이트] ERP컨설팅,1,33,True,"113,170,103"
104341,롯데그룹,3·6·9·12 예측가능한 채용(6월),2026-06-23T23:00:00.000+09:00,421418,[롯데이노베이트] 클라우드,1,74,True,"179,180,181,182,167,163"
104341,롯데그룹,3·6·9·12 예측가능한 채용(6월),2026-06-23T23:00:00.000+09:00,421213,[롯데월드] HR,1,301,True,"115,104"
104341,롯데그룹,3·6·9·12 예측가능한 채용(6월),2026-06-23T23:00:00.000+09:00,421204,[롯데엠시시]공무(전기/계기),1,59,True,"186,204"
104341,롯데그룹,3·6·9·12 예측가능한 채용(6월),2026-06-23T23:00:00.000+09:00,421205,[롯데엠시시] 회전기기,1,34,True,"186,227,216"
104341,롯데그룹,3·6·9·12 예측가능한 채용(6월),2026-06-23T23:00:00.000+09:00,421207,[롯데건설] 토목시공(토목),1,66,True,"202,206"
104341,롯데그룹,3·6·9·12 예측가능한 채용(6월),2026-06-23T23:00:00.000+09:00,421208,[롯데건설] 토목시공(건축),1,23,True,"194,209"
104341,롯데그룹,3·6·9·12 예측가능한 채용(6월),2026-06-23T23:00:00.000+09:00,421209,[롯데건설] 건축시공,1,132,True,"202,207"
104341,롯데그룹,3·6·9·12 예측가능한 채용(6월),2026-06-23T23:00:00.000+09:00,421540,[롯데건설] 토목영업,1,33,True,"206,209"
104341,롯데그룹,3·6·9·12 예측가능한 채용(6월),2026-06-23T23:00:00.000+09:00,421210,[롯데건설] 건축영업,1,50,True,"202,206"
104341,롯데그룹,3·6·9·12 예측가능한 채용(6월),2026-06-23T23:00:00.000+09:00,421211,[롯데건설] 주택영업,1,123,True,"194,209"
104341,롯데그룹,3·6·9·12 예측가능한 채용(6월),2026-06-23T23:00:00.000+09:00,421212,[롯데건설] 안전,1,87,True,203
104341,롯데그룹,3·6·9·12 예측가능한 채용(6월),2026-06-23T23:00:00.000+09:00,421214,[롯데월드] 경영기획,2,82,True,"109,103"
104341,롯데그룹,3·6·9·12 예측가능한 채용(6월),2026-06-23T23:00:00.000+09:00,421216,[롯데하이마트] MD,1,55,True,"138,149,132"
104341,롯데그룹,3·6·9·12 예측가능한 채용(6월),2026-06-23T23:00:00.000+09:00,421215,[한국후지필름] MD,1,50,True,"138,149,132"
104341,롯데그룹,3·6·9·12 예측가능한 채용(6월),2026-06-23T23:00:00.000+09:00,421217,[롯데마트·롯데슈퍼] MD,1,233,True,"138,149,132"
104341,롯데그룹,3·6·9·12 예측가능한 채용(6월),2026-06-23T23:00:00.000+09:00,421218,[롯데마트·롯데슈퍼] 경영지원,1,226,True,"109,127,103,107"
104347,KCC실리콘,해외영업부문 신입사원 채용,2026-06-07T23:59:00.000+09:00,421260,해외영업,1,125,True,"154,146"
104368,LS MnM,"신입/경력사원 수시채용 [생산엔지니어, 설비엔지니어(계기), 배터리소재 Recycling 원료 구매]",2026-06-09T23:59:00.000+09:00,421366,생산엔지니어,1,242,True,"187,189,191,192,229,183,184,217"
104368,LS MnM,"신입/경력사원 수시채용 [생산엔지니어, 설비엔지니어(계기), 배터리소재 Recycling 원료 구매]",2026-06-09T23:59:00.000+09:00,421482,생산엔지니어(계기),2,11,True,"187,189,191,192,229,183,184,217"
104368,LS MnM,"신입/경력사원 수시채용 [생산엔지니어, 설비엔지니어(계기), 배터리소재 Recycling 원료 구매]",2026-06-09T23:59:00.000+09:00,421367,배터리소재 Recycling 원료 구매,2,15,True,"154,155,157,146,147"
104414,애경케미칼,각 부문 신입 및 경력 채용,2026-06-14T23:59:00.000+09:00,421549,화장품 원료평가/제형개발,1,110,True,"234,235,218"
104414,애경케미칼,각 부문 신입 및 경력 채용,2026-06-14T23:59:00.000+09:00,421550,R&D,1,112,True,"229,227,216,217"
104414,애경케미칼,각 부문 신입 및 경력 채용,2026-06-14T23:59:00.000+09:00,421551,화학물질 규제 대응/관리,2,18,True,"192,231,108,184,217"
104414,애경케미칼,각 부문 신입 및 경력 채용,2026-06-14T23:59:00.000+09:00,421552,회계/세무,2,24,True,"106,123,105"
104414,애경케미칼,각 부문 신입 및 경력 채용,2026-06-14T23:59:00.000+09:00,421553,법무/컴플라이언스,2,3,True,108
104414,애경케미칼,각 부문 신입 및 경력 채용,2026-06-14T23:59:00.000+09:00,421554,HRD,2,12,True,"117,104"
104414,애경케미칼,각 부문 신입 및 경력 채용,2026-06-14T23:59:00.000+09:00,421555,ESG,2,7,True,"109,111,192,103,184"
104414,애경케미칼,각 부문 신입 및 경력 채용,2026-06-14T23:59:00.000+09:00,421556,국내/해외 영업 (윤활기유),2,3,True,"154,194,146"
104414,애경케미칼,각 부문 신입 및 경력 채용,2026-06-14T23:59:00.000+09:00,421557,국내영업 (바이오중유),2,15,True,"194,230,217"
104414,애경케미칼,각 부문 신입 및 경력 채용,2026-06-14T23:59:00.000+09:00,421558,R&D,2,6,True,"221,229,227,216,217"
104414,애경케미칼,각 부문 신입 및 경력 채용,2026-06-14T23:59:00.000+09:00,421559,품질분석 (울산공장),1,31,True,"189,183"
104414,애경케미칼,각 부문 신입 및 경력 채용,2026-06-14T23:59:00.000+09:00,421560,생산포장 (청양공장),1,3,True,185
104420,롯데컬처웍스,2026년 5월 현장 운영매니저 신입채용,2026-06-05T23:00:00.000+09:00,421610,영화관 운영,1,12,True,"127,128,191,200,263,107,184"
104437,램리서치코리아,2026 하반기 신입 반도체 엔지니어(FSE) 공개채용,2026-06-24T23:00:00.000+09:00,421650,반도체 엔지니어(FSE),1,1494,True,"221,220,186,189,185,183"
104455,신한캐피탈,2026년 신입사원 공개채용,2026-06-21T23:59:00.000+09:00,421727,IB,1,611,True,"210,211,213,215,194,196"
104455,신한캐피탈,2026년 신입사원 공개채용,2026-06-21T23:59:00.000+09:00,421728,경영기획/지원,1,1023,True,"109,111,115,117,118,108,122,106,213,103,104,105"
104455,신한캐피탈,2026년 신입사원 공개채용,2026-06-21T23:59:00.000+09:00,421729,디지털,1,942,True,"167,180,179,171,166,113,103,163"
104468,한솔제지,신입사원 수시채용 (해외영업),2026-06-14T23:59:00.000+09:00,421814,해외영업,1,104,True,"154,196,146"
104476,LG CNS,2026년 상반기 신입사원 수시채용 (AX/DX & RX),2026-06-16T18:00:00.000+09:00,421836,Software Engineer,1,998,True,"175,176,166,167,170,171,195,162"
104476,LG CNS,2026년 상반기 신입사원 수시채용 (AX/DX & RX),2026-06-16T18:00:00.000+09:00,421904,Robotics Engineer,1,124,True,"167,227,220,222,216"
104476,LG CNS,2026년 상반기 신입사원 수시채용 (AX/DX & RX),2026-06-16T18:00:00.000+09:00,421905,Physical AI Scientist,1,71,True,"167,227,220,222,216"
104495,유진투자선물,(신입) 리테일영업팀 채용,2026-06-14T23:59:00.000+09:00,421903,본사(여의도)-영업/마케팅-리테일영업,1,51,True,"194,197,201"
104500,현대렌탈케어,B2B영업 / 제휴영업 신입 및 경력직 모집,2026-06-22T23:59:00.000+09:00,421911,B2B영업,1,122,True,196
104500,현대렌탈케어,B2B영업 / 제휴영업 신입 및 경력직 모집,2026-06-22T23:59:00.000+09:00,421912,B2B영업,2,13,True,196
104500,현대렌탈케어,B2B영업 / 제휴영업 신입 및 경력직 모집,2026-06-22T23:59:00.000+09:00,421913,제휴영업,2,2,True,196
104501,SK에코플랜트,2026 하반기 Junior Talent 채용,2026-06-28T23:59:00.000+09:00,421914,반도체 플랜트 설계,1,568,True,"207,219,221"
104501,SK에코플랜트,2026 하반기 Junior Talent 채용,2026-06-28T23:59:00.000+09:00,421915,반도체 플랜트 시공,1,544,True,"188,189,191,202,183,184"
104501,SK에코플랜트,2026 하반기 Junior Talent 채용,2026-06-28T23:59:00.000+09:00,421916,반도체 모듈솔루션 개발,1,148,True,"187,189,220,221,183"
104513,IBK자산운용,마케팅본부 신입/경력직 채용공고,2026-06-19T23:59:00.000+09:00,421933,마케팅(신입),1,257,True,"194,195,196,197,198,199,200,201"
104513,IBK자산운용,마케팅본부 신입/경력직 채용공고,2026-06-19T23:59:00.000+09:00,421934,마케팅(경력),2,13,True,"194,195,196,197,198,199,200,201"
104547,현대모비스,2026년 6월 신입 채용,2026-06-25T11:00:00.000+09:00,422015,전장BU - HW - 디스플레이 시스템 개발,1,111,True,"220,221"
104547,현대모비스,2026년 6월 신입 채용,2026-06-25T11:00:00.000+09:00,422016,전장BU - HW - 패키지 설계,1,137,True,"220,221"
104547,현대모비스,2026년 6월 신입 채용,2026-06-25T11:00:00.000+09:00,422017,전장BU - HW - 디지털/인터페이스 회로설계,1,115,True,"220,221"
104547,현대모비스,2026년 6월 신입 채용,2026-06-25T11:00:00.000+09:00,422018,전장BU - 공통R&D - R&D 운영기획,1,94,True,"109,110,103"
104547,현대모비스,2026년 6월 신입 채용,2026-06-25T11:00:00.000+09:00,422019,전장BU - 공통R&D - R&D 기술전략,1,93,True,"111,112,103"
104547,현대모비스,2026년 6월 신입 채용,2026-06-25T11:00:00.000+09:00,422020,전장BU - 영업/마케팅 - 인포테인먼트 영업,1,110,True,"194,195"
104547,현대모비스,2026년 6월 신입 채용,2026-06-25T11:00:00.000+09:00,422021,샤시안전BU - HW - EPB 시스템,1,78,True,"227,220,216"
104547,현대모비스,2026년 6월 신입 채용,2026-06-25T11:00:00.000+09:00,422022,샤시안전BU - HW - 조향전장 회로,1,65,True,"227,220,216"
104547,현대모비스,2026년 6월 신입 채용,2026-06-25T11:00:00.000+09:00,422023,샤시안전BU - SW/로직 - 안전제어기 SW,1,138,True,"165,169"
104547,현대모비스,2026년 6월 신입 채용,2026-06-25T11:00:00.000+09:00,422024,샤시안전BU - SW/로직 - 조향 Failsafe,1,50,True,"165,169"
104547,현대모비스,2026년 6월 신입 채용,2026-06-25T11:00:00.000+09:00,422025,샤시안전BU - SW/로직 - 에어서스펜션 제어로직,1,42,True,"165,169"
104547,현대모비스,2026년 6월 신입 채용,2026-06-25T11:00:00.000+09:00,422026,샤시안전BU - 공통R&D - R&D 기술전략,1,75,True,"111,112,103"
104547,현대모비스,2026년 6월 신입 채용,2026-06-25T11:00:00.000+09:00,422027,샤시안전BU - 공통R&D - 안전제어기 시스템,1,88,True,"227,220,216"
104547,현대모비스,2026년 6월 신입 채용,2026-06-25T11:00:00.000+09:00,422028,샤시안전BU - 지원 - BU 경영지원,1,164,True,"109,127,103,107"
104547,현대모비스,2026년 6월 신입 채용,2026-06-25T11:00:00.000+09:00,422029,로보틱스사업실 - HW - 로보틱스 기구/시스템 설계,1,146,True,"227,219,216"
104547,현대모비스,2026년 6월 신입 채용,2026-06-25T11:00:00.000+09:00,422030,로보틱스사업실 - HW - 로보틱스 모터설계,1,34,True,"227,220,216"
104547,현대모비스,2026년 6월 신입 채용,2026-06-25T11:00:00.000+09:00,422031,로보틱스사업실 - HW - 로보틱스 회로설계,1,68,True,"227,220,216"
104547,현대모비스,2026년 6월 신입 채용,2026-06-25T11:00:00.000+09:00,422032,로보틱스사업실 - 공통R&D - 로보틱스 평가,1,159,True,"160,189,183"
104547,현대모비스,2026년 6월 신입 채용,2026-06-25T11:00:00.000+09:00,422294,로보틱스사업실 - 생산기술 - 로보틱스 생산기술,1,121,True,"187,190,185,183"
104547,현대모비스,2026년 6월 신입 채용,2026-06-25T11:00:00.000+09:00,422033,로보틱스사업실 - 기획 - 로보틱스 사업기획,1,143,True,"110,112,103"
104547,현대모비스,2026년 6월 신입 채용,2026-06-25T11:00:00.000+09:00,422034,로보틱스사업실 - 영업/마케팅 - 로보틱스 글로벌영업,1,122,True,"154,194,146"
104547,현대모비스,2026년 6월 신입 채용,2026-06-25T11:00:00.000+09:00,422035,로보틱스사업실 - 지원 - 로보틱스 인사지원,1,151,True,"115,118,104"
104547,현대모비스,2026년 6월 신입 채용,2026-06-25T11:00:00.000+09:00,422036,로보틱스사업실 - 재경 - 로보틱스 사전원가,1,186,True,"122,106,105"
104547,현대모비스,2026년 6월 신입 채용,2026-06-25T11:00:00.000+09:00,422037,영업부문 - 영업/마케팅 - 글로벌OE 인포테인먼트 영업,1,93,True,"154,194,146"
104547,현대모비스,2026년 6월 신입 채용,2026-06-25T11:00:00.000+09:00,422038,영업부문 - 영업/마케팅 - 글로벌OE 제동 영업,1,70,True,"154,194,146"
104547,현대모비스,2026년 6월 신입 채용,2026-06-25T11:00:00.000+09:00,422039,영업부문 - 영업/마케팅 - 글로벌OE 조향/현가 영업,1,59,True,"154,194,146"
104547,현대모비스,2026년 6월 신입 채용,2026-06-25T11:00:00.000+09:00,422040,영업부문 - 영업/마케팅 - 영업 기획/운영,1,293,True,"110,197,103"
104547,현대모비스,2026년 6월 신입 채용,2026-06-25T11:00:00.000+09:00,422041,구매담당 - 구매/구매개발 - 샤시모듈/제동부품 구매,1,125,True,"157,158,147"
104547,현대모비스,2026년 6월 신입 채용,2026-06-25T11:00:00.000+09:00,422042,구매담당 - 구매/구매개발 - 칵핏모듈부품 구매,1,124,True,"157,158,147"
104547,현대모비스,2026년 6월 신입 채용,2026-06-25T11:00:00.000+09:00,422043,구매담당 - 구매/구매개발 - 해외모듈부품 개발,1,93,True,"154,157,146,147"
104547,현대모비스,2026년 6월 신입 채용,2026-06-25T11:00:00.000+09:00,422044,구매담당 - 구매/구매개발 - 전자제어/로보틱스부품 구매,1,123,True,"157,158,147"
104547,현대모비스,2026년 6월 신입 채용,2026-06-25T11:00:00.000+09:00,422045,구매담당 - 구매/구매개발 - 자율주행부품 개발,1,81,True,"157,158,147"
104547,현대모비스,2026년 6월 신입 채용,2026-06-25T11:00:00.000+09:00,422046,생산개발담당 - 생산기술 - 배터리시스템 생산기술,1,308,True,"187,185,183"
104547,현대모비스,2026년 6월 신입 채용,2026-06-25T11:00:00.000+09:00,422047,생산개발담당 - 생산기술 - 물류자동화 생산기술,1,211,True,"150,187,145,183"
104547,현대모비스,2026년 6월 신입 채용,2026-06-25T11:00:00.000+09:00,422048,생산개발담당 - 생산기술 - 제어기 생산기술,1,150,True,"187,185,183"
104547,현대모비스,2026년 6월 신입 채용,2026-06-25T11:00:00.000+09:00,422049,경영지원담당 - 지원 - HR 기획/운영,1,313,True,"109,115,103,104"
104547,현대모비스,2026년 6월 신입 채용,2026-06-25T11:00:00.000+09:00,422050,노사정책담당 - 지원 - ER 관리,1,57,True,"115,116,104"
104547,현대모비스,2026년 6월 신입 채용,2026-06-25T11:00:00.000+09:00,422051,법무담당 - 법무 - 국제법무(변호사),4,8,True,"108,255"
104560,현대비앤지스틸,대졸 신입사원(경영기획) 채용,2026-06-20T23:00:00.000+09:00,422097,경영기획,1,233,True,"109,111,110,113,122,106,103,105"
104573,셀트리온제약,신입/경력 수시채용,2026-06-22T14:00:00.000+09:00,422135,영업 (신입),1,48,True,"194,201"
104573,셀트리온제약,신입/경력 수시채용,2026-06-22T14:00:00.000+09:00,422123,영업 (경력),2,15,True,"194,201"
104573,셀트리온제약,신입/경력 수시채용,2026-06-22T14:00:00.000+09:00,422124,허가,2,9,True,"108,234,218"
104573,셀트리온제약,신입/경력 수시채용,2026-06-22T14:00:00.000+09:00,422125,보건 관리자 (신입),1,38,True,"191,258,184"
104573,셀트리온제약,신입/경력 수시채용,2026-06-22T14:00:00.000+09:00,422136,보건 관리자 (경력),2,18,True,"191,258,184"
104573,셀트리온제약,신입/경력 수시채용,2026-06-22T14:00:00.000+09:00,422126,인사,1,119,True,"115,117,118,120,104"
104573,셀트리온제약,신입/경력 수시채용,2026-06-22T14:00:00.000+09:00,422127,서버/Cloud 엔지니어,2,8,True,"164,166"
104573,셀트리온제약,신입/경력 수시채용,2026-06-22T14:00:00.000+09:00,422128,데이터 엔지니어 (snowflake),2,2,True,"179,180,167,163"
104573,셀트리온제약,신입/경력 수시채용,2026-06-22T14:00:00.000+09:00,422129,Python 개발자,2,4,True,"176,165,167,162"
104573,셀트리온제약,신입/경력 수시채용,2026-06-22T14:00:00.000+09:00,422130,이물검사 및 포장지원 (신입),1,6,True,"189,185,183"
104573,셀트리온제약,신입/경력 수시채용,2026-06-22T14:00:00.000+09:00,422137,이물검사 및 포장지원 (경력),2,0,True,"189,185,183"
104577,화승코퍼레이션,26년 하반기 수시채용,2026-06-23T23:59:00.000+09:00,422160,영업기획,5,21,True,"109,110,111,112,197,103"
104577,화승코퍼레이션,26년 하반기 수시채용,2026-06-23T23:59:00.000+09:00,422161,기술영업,1,79,True,197
104577,화승코퍼레이션,26년 하반기 수시채용,2026-06-23T23:59:00.000+09:00,422162,경영기획,2,8,True,"109,110,111,112,256,103"
104577,화승코퍼레이션,26년 하반기 수시채용,2026-06-23T23:59:00.000+09:00,422163,설비엔지니어,2,7,True,"187,185,226,227,219,183,216"
104577,화승코퍼레이션,26년 하반기 수시채용,2026-06-23T23:59:00.000+09:00,422164,AI데이터엔지니어,2,5,True,"179,180,167,163"
104577,화승코퍼레이션,26년 하반기 수시채용,2026-06-23T23:59:00.000+09:00,422165,제조혁신,2,4,True,"187,188,226,227,219,183,216"
104577,화승코퍼레이션,26년 하반기 수시채용,2026-06-23T23:59:00.000+09:00,422218,신소재사업기획,5,28,True,"109,111,112,137,229,103,132,217"
104604,LS MnM,행정직 신입사원 수시채용,2026-06-21T23:59:00.000+09:00,422234,영업지원,1,146,True,"197,155,154,127,106,107,146"
104629,대원강업,2026년 하반기 신입 공개 채용,2026-06-30T23:59:00.000+09:00,422301,설계/해석 (전동화),1,187,True,"226,220,219,216"
104629,대원강업,2026년 하반기 신입 공개 채용,2026-06-30T23:59:00.000+09:00,422302,생산관리/설비공정혁신,1,241,True,"187,188,189,185,183"
104629,대원강업,2026년 하반기 신입 공개 채용,2026-06-30T23:59:00.000+09:00,422303,국내/해외영업,1,208,True,"194,154,196,146"
104638,KCC실리콘,R&D/관리/생산관리 신입사원 채용,2026-06-21T23:59:00.000+09:00,422322,R&D,1,71,True,"229,217"
104638,KCC실리콘,R&D/관리/생산관리 신입사원 채용,2026-06-21T23:59:00.000+09:00,422323,관리,1,21,True,"128,107"
104638,KCC실리콘,R&D/관리/생산관리 신입사원 채용,2026-06-21T23:59:00.000+09:00,422324,생산관리,1,42,True,"187,183"
104640,한국투자증권,FY2026 호남지역 업무직원 수시채용,2026-06-28T17:00:00.000+09:00,422326,지점창구업무 등,1,129,True,"194,197,200,210,214"
104693,현대글로비스,2026 하반기 신입 수시채용,2026-06-27T23:59:00.000+09:00,422527,HRD,1,376,True,"117,104"
104693,현대글로비스,2026 하반기 신입 수시채용,2026-06-27T23:59:00.000+09:00,422528,W&D사업개발,1,244,True,"110,150,103,145"
104693,현대글로비스,2026 하반기 신입 수시채용,2026-06-27T23:59:00.000+09:00,422529,KD사업관리,1,266,True,"150,187,145,183"
104693,현대글로비스,2026 하반기 신입 수시채용,2026-06-27T23:59:00.000+09:00,422530,KD공급관리,1,242,True,"150,157,145,147"
104693,현대글로비스,2026 하반기 신입 수시채용,2026-06-27T23:59:00.000+09:00,422531,KD운영관리,1,156,True,"150,187,145,183"
104695,AJ네트웍스,수시채용 (신입/경력),2026-06-28T23:59:00.000+09:00,422535,통합구매,1,76,True,"127,157,107,147"
104695,AJ네트웍스,수시채용 (신입/경력),2026-06-28T23:59:00.000+09:00,422536,유통사업 영업지원 ,1,13,True,"127,197,107"
104695,AJ네트웍스,수시채용 (신입/경력),2026-06-28T23:59:00.000+09:00,422537,해외영업,1,31,True,"154,155,197,146"
104695,AJ네트웍스,수시채용 (신입/경력),2026-06-28T23:59:00.000+09:00,422538,구매영업,1,10,True,"157,194,147"
104695,AJ네트웍스,수시채용 (신입/경력),2026-06-28T23:59:00.000+09:00,422539,파렛트 B2B 영업,1,8,True,"194,196"
104695,AJ네트웍스,수시채용 (신입/경력),2026-06-28T23:59:00.000+09:00,422540,파렛트 회수,1,1,True,"150,152,145"
104695,AJ네트웍스,수시채용 (신입/경력),2026-06-28T23:59:00.000+09:00,422541,화물 운송관리,1,23,True,"150,148,145"
104695,AJ네트웍스,수시채용 (신입/경력),2026-06-28T23:59:00.000+09:00,422542,IT장비 B2B영업,1,9,True,"195,196"
104695,AJ네트웍스,수시채용 (신입/경력),2026-06-28T23:59:00.000+09:00,422543,자산운영,1,5,True,"128,152,107,145"
104695,AJ네트웍스,수시채용 (신입/경력),2026-06-28T23:59:00.000+09:00,422544,영업기획,1,23,True,"110,113,197,103"
104695,AJ네트웍스,수시채용 (신입/경력),2026-06-28T23:59:00.000+09:00,422545,로봇설치 및 유지보수,1,12,True,"186,220"
104695,AJ네트웍스,수시채용 (신입/경력),2026-06-28T23:59:00.000+09:00,422546,고소장비 B2B영업,1,2,True,"194,196"
104695,AJ네트웍스,수시채용 (신입/경력),2026-06-28T23:59:00.000+09:00,422547,지게차 B2B영업,1,1,True,"194,196"
104695,AJ네트웍스,수시채용 (신입/경력),2026-06-28T23:59:00.000+09:00,422548,회계,2,6,True,"122,106,105"
104695,AJ네트웍스,수시채용 (신입/경력),2026-06-28T23:59:00.000+09:00,422549,인사,2,15,True,"115,118,104"
104695,AJ네트웍스,수시채용 (신입/경력),2026-06-28T23:59:00.000+09:00,422550,총무,2,4,True,"127,128,107"
104695,AJ네트웍스,수시채용 (신입/경력),2026-06-28T23:59:00.000+09:00,422551,자산관리,2,1,True,"128,194,107"
104695,AJ네트웍스,수시채용 (신입/경력),2026-06-28T23:59:00.000+09:00,422552,리스크관리,2,1,True,"108,213"
104695,AJ네트웍스,수시채용 (신입/경력),2026-06-28T23:59:00.000+09:00,422553,채권관리,4,0,True,"108,213"
104695,AJ네트웍스,수시채용 (신입/경력),2026-06-28T23:59:00.000+09:00,422554,구매영업,2,0,True,"157,194,147"
104695,AJ네트웍스,수시채용 (신입/경력),2026-06-28T23:59:00.000+09:00,422555,파렛트 B2B 영업 ,2,2,True,"194,196"
104695,AJ네트웍스,수시채용 (신입/경력),2026-06-28T23:59:00.000+09:00,422556,파렛트 회수,2,0,True,"150,152,145"
104695,AJ네트웍스,수시채용 (신입/경력),2026-06-28T23:59:00.000+09:00,422557,자산 회수관리,2,0,True,"108,152,145"
104695,AJ네트웍스,수시채용 (신입/경력),2026-06-28T23:59:00.000+09:00,422558,화물 운송관리,2,6,True,"150,148,145"
104695,AJ네트웍스,수시채용 (신입/경력),2026-06-28T23:59:00.000+09:00,422559,경영기획 ,2,0,True,"109,110,103"
104695,AJ네트웍스,수시채용 (신입/경력),2026-06-28T23:59:00.000+09:00,422560,해외영업,2,1,True,"154,155,197,146"
104695,AJ네트웍스,수시채용 (신입/경력),2026-06-28T23:59:00.000+09:00,422561,IT장비 B2B영업,2,0,True,"195,196"
104695,AJ네트웍스,수시채용 (신입/경력),2026-06-28T23:59:00.000+09:00,422562,IT장비 B2G영업 ,2,0,True,"195,196"
104695,AJ네트웍스,수시채용 (신입/경력),2026-06-28T23:59:00.000+09:00,422563,AI인프라 영업,2,0,True,"195,196"
104695,AJ네트웍스,수시채용 (신입/경력),2026-06-28T23:59:00.000+09:00,422564,로봇 영업,2,0,True,"195,196"
104695,AJ네트웍스,수시채용 (신입/경력),2026-06-28T23:59:00.000+09:00,422565,자산운영,2,2,True,"128,152,107,145"
104695,AJ네트웍스,수시채용 (신입/경력),2026-06-28T23:59:00.000+09:00,422566,영업기획,2,2,True,"110,113,197,103"
104695,AJ네트웍스,수시채용 (신입/경력),2026-06-28T23:59:00.000+09:00,422567,전략마케팅 (팀장급),2,0,True,"137,138,197,132"
104695,AJ네트웍스,수시채용 (신입/경력),2026-06-28T23:59:00.000+09:00,422568,전략마케팅,2,3,True,"136,137,138,132"
104695,AJ네트웍스,수시채용 (신입/경력),2026-06-28T23:59:00.000+09:00,422569,로봇SI (팀장급),2,0,True,"171,219,220"
104695,AJ네트웍스,수시채용 (신입/경력),2026-06-28T23:59:00.000+09:00,422570,로봇SI,2,0,True,"171,219,220"
104695,AJ네트웍스,수시채용 (신입/경력),2026-06-28T23:59:00.000+09:00,422571,로봇설치 및 유지보수,2,4,True,"186,220"
104695,AJ네트웍스,수시채용 (신입/경력),2026-06-28T23:59:00.000+09:00,422572,로봇서비스 관제 운영,2,0,True,"166,186,200"
104695,AJ네트웍스,수시채용 (신입/경력),2026-06-28T23:59:00.000+09:00,422573,IT서비스 운영관리,2,6,True,"166,171,186"
104695,AJ네트웍스,수시채용 (신입/경력),2026-06-28T23:59:00.000+09:00,422574,고소장비 B2B영업,2,0,True,"194,196"
104695,AJ네트웍스,수시채용 (신입/경력),2026-06-28T23:59:00.000+09:00,422575,지게차 B2B영업 ,2,1,True,"194,196"
104695,AJ네트웍스,수시채용 (신입/경력),2026-06-28T23:59:00.000+09:00,422576,산업장비 유통상품 영업,2,0,True,"194,195,196"
104695,AJ네트웍스,수시채용 (신입/경력),2026-06-28T23:59:00.000+09:00,422577,MRO 상품기획,2,0,True,"138,157,149,132,147"
104695,AJ네트웍스,수시채용 (신입/경력),2026-06-28T23:59:00.000+09:00,422578,경영/상품기획 ,2,1,True,"109,138,151,103,132,145"
104695,AJ네트웍스,수시채용 (신입/경력),2026-06-28T23:59:00.000+09:00,422579,경영/상품기획,2,3,True,"109,138,151,103,132,145"
104709,SK하이닉스,[6월] Talent hy - way 신입 (이천/분당/청주),2026-06-23T17:00:00.000+09:00,422598,Tech R&D - 설계,1,1056,True,"227,219,220,221,216"
104709,SK하이닉스,[6월] Talent hy - way 신입 (이천/분당/청주),2026-06-23T17:00:00.000+09:00,422599,Tech R&D - 소자,1,467,True,"169,227,220,221,216"
104709,SK하이닉스,[6월] Talent hy - way 신입 (이천/분당/청주),2026-06-23T17:00:00.000+09:00,422600,Tech R&D - R&D 공정,1,987,True,"187,188,189,221,183"
104709,SK하이닉스,[6월] Talent hy - way 신입 (이천/분당/청주),2026-06-23T17:00:00.000+09:00,422601,Tech R&D - Product Engineering,1,1157,True,"160,187,189,221,183"
104709,SK하이닉스,[6월] Talent hy - way 신입 (이천/분당/청주),2026-06-23T17:00:00.000+09:00,422602,IT - IT(AMHS),1,787,True,"164,166,170,171"
104737,어플라이드 머티어리얼즈 코리아,신입/경력 반도체 엔지니어 채용,2026-08-22T23:59:00.000+09:00,422679,Customer Engineer(반도체 장비 엔지니어)_학사,1,704,True,"185,186,220,221"
104737,어플라이드 머티어리얼즈 코리아,신입/경력 반도체 엔지니어 채용,2026-08-22T23:59:00.000+09:00,422680,Process Support Engineer(반도체 공정 엔지니어)_석사,1,249,True,"185,186,221"
104737,어플라이드 머티어리얼즈 코리아,신입/경력 반도체 엔지니어 채용,2026-08-22T23:59:00.000+09:00,422681,Customer Engineer(반도체 장비 엔지니어),2,90,True,"185,186,220,221"
104737,어플라이드 머티어리얼즈 코리아,신입/경력 반도체 엔지니어 채용,2026-08-22T23:59:00.000+09:00,422682,Process Support Engineer(반도체 공정 엔지니어),2,90,True,"185,186,221"
104737,어플라이드 머티어리얼즈 코리아,신입/경력 반도체 엔지니어 채용,2026-08-22T23:59:00.000+09:00,422683,Customer Support Technician(반도체/디스플레이 장비 테크니션)_전문학사,1,60,True,"185,186"
104737,어플라이드 머티어리얼즈 코리아,신입/경력 반도체 엔지니어 채용,2026-08-22T23:59:00.000+09:00,422684,Customer Support Technician(반도체 장비 테크니션)_전문학사,2,9,True,"185,186"
104737,어플라이드 머티어리얼즈 코리아,신입/경력 반도체 엔지니어 채용,2026-08-22T23:59:00.000+09:00,422685,Optical Patterned Wafer Inspection System Engineer_석·박사,1,21,True,221
104742,현대오토에버,2026 3분기 신입사원 채용,2026-07-13T13:00:00.000+09:00,422705,(코딩)[로봇SW]Platform Engineer-로봇 플랫폼 Backend 개발,1,122,True,"176,162"
104742,현대오토에버,2026 3분기 신입사원 채용,2026-07-13T13:00:00.000+09:00,422706,(코딩)[로봇SW]Platform Engineer-로봇 플랫폼 Frontend 개발,1,105,True,"175,162"
104742,현대오토에버,2026 3분기 신입사원 채용,2026-07-13T13:00:00.000+09:00,422707,(코딩)[모빌리티]Backend Developer-차량 및 로봇관제 자체 플랫폼 개발,1,51,True,"176,162"
104742,현대오토에버,2026 3분기 신입사원 채용,2026-07-13T13:00:00.000+09:00,422708,(코딩)[모빌리티]Backend Developer-국내외 커넥티드카 서비스 개발/운영,1,32,True,"176,166,162"
104742,현대오토에버,2026 3분기 신입사원 채용,2026-07-13T13:00:00.000+09:00,422709,(코딩)[모빌리티]Backend Developer-서비스 플랫폼 개발/운영,1,56,True,"176,166,162"
104742,현대오토에버,2026 3분기 신입사원 채용,2026-07-13T13:00:00.000+09:00,422710,(코딩)[엔터프라이즈 IT]Fullstack Developer-완성차 글로벌 정비시스템 개발/운영,1,24,True,"164,165,166"
104742,현대오토에버,2026 3분기 신입사원 채용,2026-07-13T13:00:00.000+09:00,422711,(코딩)[엔터프라이즈 IT]Fullstack Developer-완성차 AS 포털 및 컨텐츠 관리시스템 개발/운영,1,18,True,"164,165,166"
104742,현대오토에버,2026 3분기 신입사원 채용,2026-07-13T13:00:00.000+09:00,422712,(코딩)[엔터프라이즈 IT]Fullstack Developer-엔터프라이즈IT 백오피스 서비스 개발,1,62,True,"164,165"
104742,현대오토에버,2026 3분기 신입사원 채용,2026-07-13T13:00:00.000+09:00,422713,(코딩)[엔터프라이즈 IT]Fullstack Developer-연구소 엔지니어링 SW 관리시스템 운영,1,17,True,"164,165,166"
104742,현대오토에버,2026 3분기 신입사원 채용,2026-07-13T13:00:00.000+09:00,422714,(코딩)[엔터프라이즈 IT]Fullstack Developer-금융 IT 시스템 개발,1,81,True,"164,165"
104742,현대오토에버,2026 3분기 신입사원 채용,2026-07-13T13:00:00.000+09:00,422715,(코딩)[엔터프라이즈 IT]Fullstack Developer-차세대결재시스템 개발/운영,1,20,True,"164,165,166"
104742,현대오토에버,2026 3분기 신입사원 채용,2026-07-13T13:00:00.000+09:00,422716,(코딩)[엔터프라이즈 IT]Fullstack Developer-오토웨이(Autoway)그룹웨어 플랫폼 개발/운영,1,21,True,"164,165,166"
104742,현대오토에버,2026 3분기 신입사원 채용,2026-07-13T13:00:00.000+09:00,422717,(코딩)[엔터프라이즈 IT]Backend Developer-완성차 전시장 및 POS시스템 개발/운영,1,18,True,"176,166,162"
104742,현대오토에버,2026 3분기 신입사원 채용,2026-07-13T13:00:00.000+09:00,422718,(코딩)[엔터프라이즈 IT]Backend Developer-커머스 서비스 개발/운영,1,48,True,"176,166,162"
104742,현대오토에버,2026 3분기 신입사원 채용,2026-07-13T13:00:00.000+09:00,422719,(코딩)[엔터프라이즈 IT]Backend Developer-IT시스템 개발/운영,1,50,True,"176,166,162"
104742,현대오토에버,2026 3분기 신입사원 채용,2026-07-13T13:00:00.000+09:00,422720,(코딩)[엔터프라이즈 IT]Backend Developer-생산계획시스템 웹 개발/운영,1,43,True,"176,166,162"
104742,현대오토에버,2026 3분기 신입사원 채용,2026-07-13T13:00:00.000+09:00,422721,(코딩)[엔터프라이즈 IT]Solution Developer-CRM 시스템 개발/운영 및 컨설팅,1,16,True,"166,170"
104742,현대오토에버,2026 3분기 신입사원 채용,2026-07-13T13:00:00.000+09:00,422722,(코딩)[엔터프라이즈 IT]IT PM-프로젝트 수행/사업관리,1,40,True,171
104742,현대오토에버,2026 3분기 신입사원 채용,2026-07-13T13:00:00.000+09:00,422723,(코딩)[엔터프라이즈 IT]Service Engineer-사내 IT 시스템 BA/운영/개발,1,19,True,"166,171"
104742,현대오토에버,2026 3분기 신입사원 채용,2026-07-13T13:00:00.000+09:00,422724,(코딩)[엔터프라이즈 IT]Service Engineer-완성차 구매 및 품질시스템 개발/운영,1,19,True,"166,171"
104742,현대오토에버,2026 3분기 신입사원 채용,2026-07-13T13:00:00.000+09:00,422725,(코딩)[엔터프라이즈 IT]Service Engineer-WEB시스템 운영,1,13,True,"166,171"
104742,현대오토에버,2026 3분기 신입사원 채용,2026-07-13T13:00:00.000+09:00,422726,(코딩)[엔터프라이즈 IT]Service Engineer-현대모비스 시스템 운영,1,24,True,"166,171"
104742,현대오토에버,2026 3분기 신입사원 채용,2026-07-13T13:00:00.000+09:00,422727,(코딩)[엔터프라이즈 IT]Service Engineer-현대제철 시스템 운영,1,11,True,"166,171"
104742,현대오토에버,2026 3분기 신입사원 채용,2026-07-13T13:00:00.000+09:00,422728,(코딩)[엔터프라이즈 IT]Service Engineer-IT시스템 개발/운영,1,35,True,"166,171"
104742,현대오토에버,2026 3분기 신입사원 채용,2026-07-13T13:00:00.000+09:00,422729,(코딩)[클라우드_인프라]Platform Developer-Private Cloud 개발/운영,1,18,True,"164,165,166"
104742,현대오토에버,2026 3분기 신입사원 채용,2026-07-13T13:00:00.000+09:00,422730,(코딩)[데이터기술]Data Scientist-데이터 처리 솔루션 개발 및 최적화 모델 운영,1,90,True,"179,166,163"
104742,현대오토에버,2026 3분기 신입사원 채용,2026-07-13T13:00:00.000+09:00,422731,(코딩)[데이터기술]Data Engineer-데이터 엔지니어 파이프라인 개발/운영,1,33,True,"179,166,163"
104742,현대오토에버,2026 3분기 신입사원 채용,2026-07-13T13:00:00.000+09:00,422732,(코딩)[스마트팩토리]Fullstack Developer-제조OT시스템 개발/운영,1,16,True,"164,165,166"
104742,현대오토에버,2026 3분기 신입사원 채용,2026-07-13T13:00:00.000+09:00,422733,(코딩)[스마트팩토리]Backend Developer-제조품질시스템 웹 개발/운영,1,14,True,166
104742,현대오토에버,2026 3분기 신입사원 채용,2026-07-13T13:00:00.000+09:00,422734,(코딩)[스마트팩토리]Backend Developer-완성차 수출물류시스템 개발/운영,1,17,True,166
104742,현대오토에버,2026 3분기 신입사원 채용,2026-07-13T13:00:00.000+09:00,422735,(코딩)[스마트팩토리]Backend Developer-해외 완성차 MES시스템 개발/구축,1,11,True,"176,162"
104742,현대오토에버,2026 3분기 신입사원 채용,2026-07-13T13:00:00.000+09:00,422736,(코딩)[스마트팩토리]Platform Developer-디지털트윈 서비스 개발,1,27,True,"164,165"
104742,현대오토에버,2026 3분기 신입사원 채용,2026-07-13T13:00:00.000+09:00,422737,(코딩)[스마트팩토리]Solution Developer-MES Framework 개발/운영,1,22,True,"166,170"
104742,현대오토에버,2026 3분기 신입사원 채용,2026-07-13T13:00:00.000+09:00,422738,(코딩)[스마트팩토리]Service Engineer-그룹표준 MES시스템 개발/운영,1,9,True,"166,171"
104742,현대오토에버,2026 3분기 신입사원 채용,2026-07-13T13:00:00.000+09:00,422739,(코딩)[스마트팩토리]Service Engineer-스마트태그시스템 개발/운영,1,11,True,"166,171"
104742,현대오토에버,2026 3분기 신입사원 채용,2026-07-13T13:00:00.000+09:00,422740,(코딩)[스마트팩토리]Data Engineer-데이터 파이프라인 개발/운영,1,28,True,"179,166,167,163"
104742,현대오토에버,2026 3분기 신입사원 채용,2026-07-13T13:00:00.000+09:00,422752,(과제)[전장]Business Manager-사업기획/영업 및 마케팅,1,349,True,"110,112,139,103,132"
104742,현대오토에버,2026 3분기 신입사원 채용,2026-07-13T13:00:00.000+09:00,422753,(과제)[전장]Embedded SW QA Engineer-차량제어 SW 플랫폼 품질 점검,1,161,True,160
104742,현대오토에버,2026 3분기 신입사원 채용,2026-07-13T13:00:00.000+09:00,422754,(과제)[엔터프라이즈 IT]Solution Developer-SAP ABAP/BTP 개발,1,33,True,170
104742,현대오토에버,2026 3분기 신입사원 채용,2026-07-13T13:00:00.000+09:00,422755,(과제)[엔터프라이즈 IT]Solution Architect-완성차 Global ERP 기준정보 운영/구축,1,27,True,170
104742,현대오토에버,2026 3분기 신입사원 채용,2026-07-13T13:00:00.000+09:00,422756,(과제)[보안]Infra Security Engineer-SIEM 운영,1,14,True,166
104742,현대오토에버,2026 3분기 신입사원 채용,2026-07-13T13:00:00.000+09:00,422757,(과제)[보안]Infra Security Engineer-보안 솔루션 운영,1,31,True,166
104742,현대오토에버,2026 3분기 신입사원 채용,2026-07-13T13:00:00.000+09:00,422758,(과제)[보안]Security Strategy-클라우드 보안 전략,1,14,True,166
104742,현대오토에버,2026 3분기 신입사원 채용,2026-07-13T13:00:00.000+09:00,422759,(과제)[보안]Security Strategy-보안 정책 관리,1,24,True,166
104742,현대오토에버,2026 3분기 신입사원 채용,2026-07-13T13:00:00.000+09:00,422760,(과제)[보안]Security Strategy-OT 보안 기획,1,15,True,166
104742,현대오토에버,2026 3분기 신입사원 채용,2026-07-13T13:00:00.000+09:00,422761,(과제)[보안]Service Security Engineer-그룹 보안 기획,1,21,True,"166,171"
104742,현대오토에버,2026 3분기 신입사원 채용,2026-07-13T13:00:00.000+09:00,422762,(과제)[클라우드_인프라]Platform Engineer-AI Cloud/hClound 공장형 플랫폼 구축/운영,1,35,True,"164,165,166,167"
104742,현대오토에버,2026 3분기 신입사원 채용,2026-07-13T13:00:00.000+09:00,422763,(과제)[클라우드_인프라]Platform Engineer-hCloud 공장형 네트워크 운영,1,16,True,"164,165,166"
104742,현대오토에버,2026 3분기 신입사원 채용,2026-07-13T13:00:00.000+09:00,422764,(과제)[클라우드_인프라]Platform Engineer-컨테이너플랫폼 구축/운영,1,43,True,"164,165,166"
104742,현대오토에버,2026 3분기 신입사원 채용,2026-07-13T13:00:00.000+09:00,422765,(과제)[클라우드_인프라]Platform Engineer-AI 플랫폼 구축/운영,1,39,True,"164,165,166,167"
104742,현대오토에버,2026 3분기 신입사원 채용,2026-07-13T13:00:00.000+09:00,422780,(과제)[클라우드_인프라]Platform Engineer-DBMS 운영 관리 플랫폼 개발,1,38,True,"164,165,166"
104742,현대오토에버,2026 3분기 신입사원 채용,2026-07-13T13:00:00.000+09:00,422766,(과제)[클라우드_인프라]Network Engineer-해외법인 네트웍 운영,1,14,True,166
104742,현대오토에버,2026 3분기 신입사원 채용,2026-07-13T13:00:00.000+09:00,422767,(과제)[클라우드_인프라]Network Engineer-음성통신 서비스 운영,1,19,True,166
104742,현대오토에버,2026 3분기 신입사원 채용,2026-07-13T13:00:00.000+09:00,422768,(과제)[클라우드_인프라]Network Engineer-사업장 네트웍 운영,1,25,True,166
104742,현대오토에버,2026 3분기 신입사원 채용,2026-07-13T13:00:00.000+09:00,422769,(과제)[클라우드_인프라]Middleware Engineer-WEB/WAS 운영,1,34,True,166
104742,현대오토에버,2026 3분기 신입사원 채용,2026-07-13T13:00:00.000+09:00,422770,(과제)[클라우드_인프라]Server Engineer-OS 운영,1,28,True,"164,165,166"
104742,현대오토에버,2026 3분기 신입사원 채용,2026-07-13T13:00:00.000+09:00,422772,(과제)[클라우드_인프라]DB Administrator-DBMS 운영,1,28,True,"179,166,163"
104742,현대오토에버,2026 3분기 신입사원 채용,2026-07-13T13:00:00.000+09:00,422773,(과제)[클라우드_인프라]IDC Architect-IDC 운영,1,26,True,166
104742,현대오토에버,2026 3분기 신입사원 채용,2026-07-13T13:00:00.000+09:00,422774,(과제)[데이터기술]AI Engineer-AI MLOps 개발 및 데이터레이크 운영,1,87,True,"166,167"
104742,현대오토에버,2026 3분기 신입사원 채용,2026-07-13T13:00:00.000+09:00,422775,(과제)[스마트팩토리]Service Engineer-MES 운영,1,88,True,"164,165,166"
104742,현대오토에버,2026 3분기 신입사원 채용,2026-07-13T13:00:00.000+09:00,422776,(과제)[전사공통]Accounting & Tax-회계,1,231,True,106
104742,현대오토에버,2026 3분기 신입사원 채용,2026-07-13T13:00:00.000+09:00,422777,(과제)[전사공통]ER-노무/도급 기획 운영,1,77,True,"116,121,104"
104742,현대오토에버,2026 3분기 신입사원 채용,2026-07-13T13:00:00.000+09:00,422778,(과제)[전사공통]HRD-L&D/조직문화,1,302,True,"115,117,120,104"
104743,LS MnM,신입/경력사원 수시채용,2026-07-05T23:59:00.000+09:00,422741,설비엔지니어 (계기),1,64,True,"189,186,220,183"
104743,LS MnM,신입/경력사원 수시채용,2026-07-05T23:59:00.000+09:00,422742,설비엔지니어 (전기),1,128,True,"186,204,220"
104743,LS MnM,신입/경력사원 수시채용,2026-07-05T23:59:00.000+09:00,422743,회계 (세무),2,8,True,"123,106,256,105"
104751,존슨앤드존슨,[MedTech] Clinical Sales - Electrophysiology (Daegu),2026-07-12T23:59:00.000+09:00,422779,[MedTech] Clinical Sales - Electrophysiology (Daegu),1,4,True,"194,195,196,197,200"
104760,고려아연,2026년도 계열사 신입사원 채용,2026-07-03T23:59:00.000+09:00,422809,기술,1,171,True,"227,229,223,216,217"
104760,고려아연,2026년도 계열사 신입사원 채용,2026-07-03T23:59:00.000+09:00,422810,재무,1,212,True,"122,125,105"
104760,고려아연,2026년도 계열사 신입사원 채용,2026-07-03T23:59:00.000+09:00,422811,영업,1,347,True,"194,196"
104760,고려아연,2026년도 계열사 신입사원 채용,2026-07-03T23:59:00.000+09:00,422812,원료구매,1,185,True,"155,157,146,147"
104760,고려아연,2026년도 계열사 신입사원 채용,2026-07-03T23:59:00.000+09:00,422813,자재구매,1,228,True,"157,158,147"
104760,고려아연,2026년도 계열사 신입사원 채용,2026-07-03T23:59:00.000+09:00,422814,회계,1,140,True,"106,256"
104760,고려아연,2026년도 계열사 신입사원 채용,2026-07-03T23:59:00.000+09:00,422815,생산관리,1,279,True,"187,188,183"
104760,고려아연,2026년도 계열사 신입사원 채용,2026-07-03T23:59:00.000+09:00,422816,품질보증,1,171,True,"189,183"
104760,고려아연,2026년도 계열사 신입사원 채용,2026-07-03T23:59:00.000+09:00,422817,정비,1,110,True,"186,227,216"
104760,고려아연,2026년도 계열사 신입사원 채용,2026-07-03T23:59:00.000+09:00,422818,안전보건,1,107,True,"191,184"
104760,고려아연,2026년도 계열사 신입사원 채용,2026-07-03T23:59:00.000+09:00,422819,환경,1,93,True,"192,231,184,217"
104760,고려아연,2026년도 계열사 신입사원 채용,2026-07-03T23:59:00.000+09:00,422820,물류,1,90,True,"150,155,145,146"
104760,고려아연,2026년도 계열사 신입사원 채용,2026-07-03T23:59:00.000+09:00,422821,R&D(연구소),1,155,True,"167,229,230,221,217"
104760,고려아연,2026년도 계열사 신입사원 채용,2026-07-03T23:59:00.000+09:00,422822,분석관리(연구소),1,121,True,"189,229,183,217"
104760,고려아연,2026년도 계열사 신입사원 채용,2026-07-03T23:59:00.000+09:00,422823,보안,1,47,True,"166,257"
104760,고려아연,2026년도 계열사 신입사원 채용,2026-07-03T23:59:00.000+09:00,422824,에너지생산,1,83,True,"227,230,220,216,217"
104771,키움증권,리테일플랫폼부문 해외상품지원파트 신입사원 채용,2026-07-08T17:00:00.000+09:00,422839,해외상품지원파트,1,52,True,210
104786,유진투자선물,(신입/경력) 국제영업 FEP 프로그램 운영,2026-07-12T23:59:00.000+09:00,422865,FEP 운영자,1,28,True,"175,176,164,165,162"
104786,유진투자선물,(신입/경력) 국제영업 FEP 프로그램 운영,2026-07-12T23:59:00.000+09:00,422866,FEP 운영자,2,2,True,"175,176,164,165,162"
104818,AXA손해보험,재무계리팀 신입사원 채용,2026-07-12T23:59:00.000+09:00,422932,자동차 및 일반보험 결산 담당,1,68,True,"109,110,111,112,122,123,106,212,103,105"
104839,여주에너지서비스,2026 하반기 발전운영직무 신입 채용,2026-07-12T23:59:00.000+09:00,422987,발전운영,1,149,True,"109,110,122,157,187,230,103,105,147,183,217"
104850,SBS A&T,2026년 신입사원 공개채용,2026-07-19T18:00:00.000+09:00,423071,방송조명,1,23,True,"247,250"
104850,SBS A&T,2026년 신입사원 공개채용,2026-07-19T18:00:00.000+09:00,423072,영상기자,1,46,True,"248,249"
104850,SBS A&T,2026년 신입사원 공개채용,2026-07-19T18:00:00.000+09:00,423073,방송엔지니어,1,89,True,"166,222,250"
104909,유진투자증권,재경팀 업무직원 채용,2026-07-14T23:59:00.000+09:00,423256,재경팀(업무직),1,171,True,"122,106,127,128,105,107"
104937,AXA손해보험,회계구매팀 신입사원 채용,2026-07-19T23:59:00.000+09:00,423421,회계 및 세무,1,189,True,"122,123,106,127,128,130,105,107"
104946,셀트리온,2026년 상반기 신입/경력 채용,2026-07-12T23:59:00.000+09:00,423435,IT인프라,2,35,True,"166,170,171"
104946,셀트리온,2026년 상반기 신입/경력 채용,2026-07-12T23:59:00.000+09:00,423436,정보보안,2,24,True,"166,257"
104946,셀트리온,2026년 상반기 신입/경력 채용,2026-07-12T23:59:00.000+09:00,423437,바이오신약 [항체신약/다중항체],5,16,True,"234,218"
104946,셀트리온,2026년 상반기 신입/경력 채용,2026-07-12T23:59:00.000+09:00,423438,바이오신약 [항체공학/약리평가],5,12,True,"234,218"
104946,셀트리온,2026년 상반기 신입/경력 채용,2026-07-12T23:59:00.000+09:00,423439,바이오신약 [ADC/항체접합체],2,4,True,"234,218"
104946,셀트리온,2026년 상반기 신입/경력 채용,2026-07-12T23:59:00.000+09:00,423440,비임상개발 [PK/PD·MIDD],5,11,True,"234,218"
104946,셀트리온,2026년 상반기 신입/경력 채용,2026-07-12T23:59:00.000+09:00,423441,펩타이드 신약개발 [합성],2,4,True,"229,234,217,218"
104946,셀트리온,2026년 상반기 신입/경력 채용,2026-07-12T23:59:00.000+09:00,423442,펩타이드 신약개발 [약리/전임상],2,4,True,"234,218"
104946,셀트리온,2026년 상반기 신입/경력 채용,2026-07-12T23:59:00.000+09:00,423457,사업개발,2,11,True,"109,110,111,112,103"
104946,셀트리온,2026년 상반기 신입/경력 채용,2026-07-12T23:59:00.000+09:00,423458,정제공정기술,1,75,True,"188,234,183,218"
104946,셀트리온,2026년 상반기 신입/경력 채용,2026-07-12T23:59:00.000+09:00,423443,DP공정기술,5,87,True,"187,189,185,183"
104946,셀트리온,2026년 상반기 신입/경력 채용,2026-07-12T23:59:00.000+09:00,423444,연구관리,1,74,True,"110,197,103"
104946,셀트리온,2026년 상반기 신입/경력 채용,2026-07-12T23:59:00.000+09:00,423445,임상분석,5,7,True,"234,218"
104946,셀트리온,2026년 상반기 신입/경력 채용,2026-07-12T23:59:00.000+09:00,423446,제품분석,1,26,True,"189,234,183,218"
104946,셀트리온,2026년 상반기 신입/경력 채용,2026-07-12T23:59:00.000+09:00,423447,배양공정개발,1,30,True,"187,234,183,218"
104946,셀트리온,2026년 상반기 신입/경력 채용,2026-07-12T23:59:00.000+09:00,423448,세포주개발,1,11,True,"234,218"
104946,셀트리온,2026년 상반기 신입/경력 채용,2026-07-12T23:59:00.000+09:00,423449,제형개발,1,14,True,"234,218"
104946,셀트리온,2026년 상반기 신입/경력 채용,2026-07-12T23:59:00.000+09:00,423450,정제공정개발,1,25,True,"187,234,183,218"
104946,셀트리온,2026년 상반기 신입/경력 채용,2026-07-12T23:59:00.000+09:00,423451,국내법무,2,3,True,"108,255"
104946,셀트리온,2026년 상반기 신입/경력 채용,2026-07-12T23:59:00.000+09:00,423452,인력운영,1,200,True,"115,121,104"
104946,셀트리온,2026년 상반기 신입/경력 채용,2026-07-12T23:59:00.000+09:00,423453,인력운영,2,42,True,"115,121,104"
104946,셀트리온,2026년 상반기 신입/경력 채용,2026-07-12T23:59:00.000+09:00,423454,총무/자산관리,2,55,True,"128,257,107"
104946,셀트리온,2026년 상반기 신입/경력 채용,2026-07-12T23:59:00.000+09:00,423455,해외IR,2,6,True,"124,105"
104946,셀트리온,2026년 상반기 신입/경력 채용,2026-07-12T23:59:00.000+09:00,423456,Brand Communication,2,26,True,"134,142,132,133"
104965,김앤장 법률사무소,송무 스탭(신입) 채용,2026-07-09T23:59:00.000+09:00,423577,송무 스탭,1,31,True,"112,114,127,128,130,131,108,253,255,103,107"
104986,KT,2027년도 봄학기 AI석사과정 신입생 모집 (KAIST·POSTECH 진학연계),2026-07-20T16:00:00.000+09:00,423621,코어·서비스 AI 연구개발,1,38,True,"179,180,167,171,163"
104986,KT,2027년도 봄학기 AI석사과정 신입생 모집 (KAIST·POSTECH 진학연계),2026-07-20T16:00:00.000+09:00,423622,데이터 AX 연구개발,1,51,True,"179,180,167,171,163"
104991,세아특수강,2026 하반기 사무기술직  채용,2026-07-13T23:59:00.000+09:00,423631,영업개발팀,5,36,True,"110,138,194,196,103,132"
104991,세아특수강,2026 하반기 사무기술직  채용,2026-07-13T23:59:00.000+09:00,423632,생산팀,1,140,True,"152,187,188,145,183"
104991,세아특수강,2026 하반기 사무기술직  채용,2026-07-13T23:59:00.000+09:00,423633,품질팀,2,10,True,"160,189,183"
104991,세아특수강,2026 하반기 사무기술직  채용,2026-07-13T23:59:00.000+09:00,423634,설계팀(설계/개발),1,43,True,"226,227,219,216"
104991,세아특수강,2026 하반기 사무기술직  채용,2026-07-13T23:59:00.000+09:00,423635,설계팀(시험/시작),1,21,True,"189,226,227,183,216"
105015,SK바이오사이언스,26년 7월 신입사원 수시채용,2026-07-20T23:59:00.000+09:00,423756,생산기획,1,98,True,"234,218"
105021,드림라인,2026 하반기 채용,2026-07-17T23:59:00.000+09:00,423775,정보보호,2,1,True,166
105021,드림라인,2026 하반기 채용,2026-07-17T23:59:00.000+09:00,423776,기술 영업 및 기술관리,1,3,True,"197,198"
105021,드림라인,2026 하반기 채용,2026-07-17T23:59:00.000+09:00,423777,글로벌 영업,5,10,True,"154,197,198,146"
105021,드림라인,2026 하반기 채용,2026-07-17T23:59:00.000+09:00,423778,글로벌 사업,5,3,True,"110,127,197,103,107"
105030,KT sat,2026년 하반기 경력/신입사원 공개채용,2026-07-16T23:59:00.000+09:00,423802,사업개발 (시스템설계),2,8,True,"110,112,164,166,171,103"
105030,KT sat,2026년 하반기 경력/신입사원 공개채용,2026-07-16T23:59:00.000+09:00,423803,사업개발 (NW 설계),2,1,True,"166,171,110,112,103"
105030,KT sat,2026년 하반기 경력/신입사원 공개채용,2026-07-16T23:59:00.000+09:00,423804,사업개발/기획,2,10,True,"110,112,171,113,103"
105030,KT sat,2026년 하반기 경력/신입사원 공개채용,2026-07-16T23:59:00.000+09:00,423805,플랫폼개발/운영,2,9,True,"175,176,171,166,167,162"
105030,KT sat,2026년 하반기 경력/신입사원 공개채용,2026-07-16T23:59:00.000+09:00,423806,영업AM (국방),2,4,True,"196,195,194,110,103"
105030,KT sat,2026년 하반기 경력/신입사원 공개채용,2026-07-16T23:59:00.000+09:00,423807,"사업수행/제안 (항법,국방)",2,2,True,"110,171,113,170,103"
105030,KT sat,2026년 하반기 경력/신입사원 공개채용,2026-07-16T23:59:00.000+09:00,423808,정보보안,2,5,True,"166,257"
105030,KT sat,2026년 하반기 경력/신입사원 공개채용,2026-07-16T23:59:00.000+09:00,423809,위성서비스 운영,1,48,True,"166,171,164"
105047,한국투자증권,FY2026 Chat in Seoul - 해외 대학생 채용 설명회,2026-08-04T23:59:00.000+09:00,423841,해외 대학생 채용 설명회,1,18,True,"194,201,210,211,215"
105083,LX세미콘,2026년 7월 박사 신입사원 채용,2026-07-26T23:00:00.000+09:00,423938,Analog Design Interface [SerDes Architect (Phy)] ,1,3,True,"221,220,219"
105083,LX세미콘,2026년 7월 박사 신입사원 채용,2026-07-26T23:00:00.000+09:00,423939,Digital Design Interface [SerDes Architect (Link)] ,1,0,True,"221,220,222"
105083,LX세미콘,2026년 7월 박사 신입사원 채용,2026-07-26T23:00:00.000+09:00,423940,Analog Design MCU ,1,3,True,"226,220,221,216"
105083,LX세미콘,2026년 7월 박사 신입사원 채용,2026-07-26T23:00:00.000+09:00,423941,Digital Design MCU [Logic Design],1,7,True,"226,220,221,222,216"
105117,NES머티리얼즈,하반기 고졸 신입 모집 (반도체소재 생산 운전),2026-07-22T17:00:00.000+09:00,424086,[신입] 반도체소재 생산,1,4,True,"185,187,229,183,217"
105122,코스포영남파워,2026년 신입 및 경력(계약직) 직원 공개채용,2026-07-29T23:59:00.000+09:00,424095,전기,1,38,True,204
105122,코스포영남파워,2026년 신입 및 경력(계약직) 직원 공개채용,2026-07-29T23:59:00.000+09:00,424096,사무,4,3,True,"127,107"
105122,코스포영남파워,2026년 신입 및 경력(계약직) 직원 공개채용,2026-07-29T23:59:00.000+09:00,424097,계측제어,4,0,True,"204,205"
105122,코스포영남파워,2026년 신입 및 경력(계약직) 직원 공개채용,2026-07-29T23:59:00.000+09:00,424098,환경화학,4,3,True,"229,231,217"
105127,현대엔지비,2026년 정규직 신입 채용,2026-07-29T23:59:00.000+09:00,424114,기술인재육성-HRD 컨설팅 및 모빌리티 기술 인재육성 프로그램 기획/개발/운영,1,205,True,"115,117,121,104"
105132,어플라이드 머티어리얼즈 코리아,Logistics Operations 신입/경력 채용,2026-07-24T17:00:00.000+09:00,424130,Logistics Operations,1,142,True,"150,151,152,155,157,145,146,147"
105132,어플라이드 머티어리얼즈 코리아,Logistics Operations 신입/경력 채용,2026-07-24T17:00:00.000+09:00,424131,Logistics Operations,2,32,True,"150,151,152,155,157,145,146,147"
105138,앰코테크놀로지코리아,2026년 하반기 신입/경력사원 공채,2026-07-23T23:59:00.000+09:00,424138,R&D - 특성분석,1,58,True,"227,221,223,216"
105138,앰코테크놀로지코리아,2026년 하반기 신입/경력사원 공채,2026-07-23T23:59:00.000+09:00,424139,R&D - 재료개발,1,120,True,"229,221,223,217"
105138,앰코테크놀로지코리아,2026년 하반기 신입/경력사원 공채,2026-07-23T23:59:00.000+09:00,424140,R&D - 선행개발,1,31,True,"227,221,216"
105138,앰코테크놀로지코리아,2026년 하반기 신입/경력사원 공채,2026-07-23T23:59:00.000+09:00,424141,R&D - RF 개발,1,42,True,"220,221,222"
105138,앰코테크놀로지코리아,2026년 하반기 신입/경력사원 공채,2026-07-23T23:59:00.000+09:00,424142,R&D - 제품개발,1,111,True,"227,221,216"
105138,앰코테크놀로지코리아,2026년 하반기 신입/경력사원 공채,2026-07-23T23:59:00.000+09:00,424143,Engineer - Assembly/Bump,1,289,True,"187,185,221,183"
105138,앰코테크놀로지코리아,2026년 하반기 신입/경력사원 공채,2026-07-23T23:59:00.000+09:00,424144,Engineer - Test,1,114,True,"189,185,221,183"
105138,앰코테크놀로지코리아,2026년 하반기 신입/경력사원 공채,2026-07-23T23:59:00.000+09:00,424145,Engineer - Quality,1,104,True,"160,189,183"
105138,앰코테크놀로지코리아,2026년 하반기 신입/경력사원 공채,2026-07-23T23:59:00.000+09:00,424146,자동화 - 공장자동화 (S/W 개발),1,92,True,"176,165,170,162"
105138,앰코테크놀로지코리아,2026년 하반기 신입/경력사원 공채,2026-07-23T23:59:00.000+09:00,424147,PCS - 생산/고객관리,1,47,True,"187,197,183"
105138,앰코테크놀로지코리아,2026년 하반기 신입/경력사원 공채,2026-07-23T23:59:00.000+09:00,424148,생산기획 - Industrial Engineering,1,41,True,"110,187,103,183"
105138,앰코테크놀로지코리아,2026년 하반기 신입/경력사원 공채,2026-07-23T23:59:00.000+09:00,424149,구매 - 전략구매,1,107,True,"157,147"
105138,앰코테크놀로지코리아,2026년 하반기 신입/경력사원 공채,2026-07-23T23:59:00.000+09:00,424150,물류,1,80,True,"150,152,145"
105138,앰코테크놀로지코리아,2026년 하반기 신입/경력사원 공채,2026-07-23T23:59:00.000+09:00,424151,환경 - 환경 운영,1,41,True,"192,231,184,217"
105138,앰코테크놀로지코리아,2026년 하반기 신입/경력사원 공채,2026-07-23T23:59:00.000+09:00,424164,R&D - RF 개발,2,5,True,"227,221,223,216"
105138,앰코테크놀로지코리아,2026년 하반기 신입/경력사원 공채,2026-07-23T23:59:00.000+09:00,424165,R&D - 제품개발,2,11,True,"227,221,216"
105138,앰코테크놀로지코리아,2026년 하반기 신입/경력사원 공채,2026-07-23T23:59:00.000+09:00,424166,Engineer - Assembly/Bump,2,29,True,"187,185,221,183"
105138,앰코테크놀로지코리아,2026년 하반기 신입/경력사원 공채,2026-07-23T23:59:00.000+09:00,424167,Engineer - Test,2,18,True,"189,185,221,183"
105138,앰코테크놀로지코리아,2026년 하반기 신입/경력사원 공채,2026-07-23T23:59:00.000+09:00,424168,PCS - 생산/고객관리,2,11,True,"187,200,183"
105138,앰코테크놀로지코리아,2026년 하반기 신입/경력사원 공채,2026-07-23T23:59:00.000+09:00,424152,구매 - 원재료/장비/Substrate,2,10,True,"157,158,147"
105138,앰코테크놀로지코리아,2026년 하반기 신입/경력사원 공채,2026-07-23T23:59:00.000+09:00,424153,구매 - Global SCM,2,11,True,"150,157,145,147"
105138,앰코테크놀로지코리아,2026년 하반기 신입/경력사원 공채,2026-07-23T23:59:00.000+09:00,424154,환경 - 인허가 관리,2,16,True,"108,192,184"
105138,앰코테크놀로지코리아,2026년 하반기 신입/경력사원 공채,2026-07-23T23:59:00.000+09:00,424155,시설 - 전기 (학사),2,15,True,"204,220"
105138,앰코테크놀로지코리아,2026년 하반기 신입/경력사원 공채,2026-07-23T23:59:00.000+09:00,424156,Technician - Test Equipment,2,5,True,"186,220"
105138,앰코테크놀로지코리아,2026년 하반기 신입/경력사원 공채,2026-07-23T23:59:00.000+09:00,424157,IT - Infrastructure,2,13,True,166
105138,앰코테크놀로지코리아,2026년 하반기 신입/경력사원 공채,2026-07-23T23:59:00.000+09:00,424158,자동화 - 공장자동화 H/W 개발,2,4,True,"169,227,216"
105138,앰코테크놀로지코리아,2026년 하반기 신입/경력사원 공채,2026-07-23T23:59:00.000+09:00,424159,안전 - 소방 (운영관리),2,2,True,"191,184"
105138,앰코테크놀로지코리아,2026년 하반기 신입/경력사원 공채,2026-07-23T23:59:00.000+09:00,424160,안전 - 안전관리,2,26,True,"191,184"
105138,앰코테크놀로지코리아,2026년 하반기 신입/경력사원 공채,2026-07-23T23:59:00.000+09:00,424161,환경 - 환경 운영 ,2,2,True,"192,231,184,217"
105138,앰코테크놀로지코리아,2026년 하반기 신입/경력사원 공채,2026-07-23T23:59:00.000+09:00,424162,시설 - 설비,2,4,True,"186,227,216"
105138,앰코테크놀로지코리아,2026년 하반기 신입/경력사원 공채,2026-07-23T23:59:00.000+09:00,424163,시설 - 전기 (전문학사),2,3,True,"204,220"
105150,LS MnM,신입/경력사원 수시채용,2026-07-29T23:59:00.000+09:00,424195,생산엔지니어 (제련),1,166,True,"187,188,189,185,183"
105150,LS MnM,신입/경력사원 수시채용,2026-07-29T23:59:00.000+09:00,424196,품질관리,1,197,True,"160,189,183"
105150,LS MnM,신입/경력사원 수시채용,2026-07-29T23:59:00.000+09:00,424197,설비엔지니어 (기계),2,23,True,"186,205,227,216"
105150,LS MnM,신입/경력사원 수시채용,2026-07-29T23:59:00.000+09:00,424436,배터리소재 수주영업,2,7,True,"194,195,197"
105150,LS MnM,신입/경력사원 수시채용,2026-07-29T23:59:00.000+09:00,424437,회계,1,80,True,"106,256"
105166,존슨앤드존슨,"[MedTech] Clinical Sales - Electrophysiology(Seoul, Busan)",2026-08-04T23:59:00.000+09:00,424291,"[MedTech] Clinical Sales - Electrophysiology(Seoul, Busan)",1,18,True,"194,195,200"
105170,행복나래,각 부문별 신입/경력사원 채용,2026-07-26T23:59:00.000+09:00,424297,재무,1,105,True,"122,123,106,105"
105170,행복나래,각 부문별 신입/경력사원 채용,2026-07-26T23:59:00.000+09:00,424298,통합구매,1,112,True,"157,150,151,145,147"
105170,행복나래,각 부문별 신입/경력사원 채용,2026-07-26T23:59:00.000+09:00,424299,법무,2,8,True,"108,255"
105170,행복나래,각 부문별 신입/경력사원 채용,2026-07-26T23:59:00.000+09:00,424300,영업,2,5,True,"196,194"
105170,행복나래,각 부문별 신입/경력사원 채용,2026-07-26T23:59:00.000+09:00,424301,통합구매,2,28,True,"157,150,151,145,147"
105213,GS파워,2026년 하반기 신입사원 공개채용,2026-07-31T18:00:00.000+09:00,424549,발전소 운영 (기술직),1,108,True,"185,186,187,189,191,183,184"
105222,금호폴리켐,2026년 기술직 신입사원 모집공고,2026-07-29T23:59:00.000+09:00,424574,안전환경,1,26,True,"191,192,184"
105222,금호폴리켐,2026년 기술직 신입사원 모집공고,2026-07-29T23:59:00.000+09:00,424575,품질보증,1,9,True,"189,183"
105228,존슨앤드존슨,[J&J Vision Care]Account Specialist(아큐브 사업부 영업직 신입 채용),2026-08-05T23:59:00.000+09:00,424587,Account Specialist,1,42,True,194
105240,코카콜라음료,여주공장 안전관리자 신입 채용,2026-08-02T23:00:00.000+09:00,424606,환경안전,1,87,True,"191,184"
105251,현대자동차,2026 계약학과 모집,2026-08-07T17:00:00.000+09:00,424628,[계약학과] 자율주행기술개발,1,125,True,"167,171,226,216"
105251,현대자동차,2026 계약학과 모집,2026-08-07T17:00:00.000+09:00,424629,[계약학과] 시스템 시험 및 검증,1,91,True,"167,171,226,216"
105251,현대자동차,2026 계약학과 모집,2026-08-07T17:00:00.000+09:00,424630,[계약학과] 차량제어개발,1,56,True,"179,180,167,163"
105251,현대자동차,2026 계약학과 모집,2026-08-07T17:00:00.000+09:00,424631,[계약학과] 소재연구개발,1,57,True,"160,220,226,216"
105251,현대자동차,2026 계약학과 모집,2026-08-07T17:00:00.000+09:00,424632,[계약학과] 배터리 시스템 설계 (선행개발),1,30,True,"160,167,226,216"
105251,현대자동차,2026 계약학과 모집,2026-08-07T17:00:00.000+09:00,424633,[계약학과] BMS SW 개발 및 검증,1,17,True,"160,189,226,183,216"
105251,현대자동차,2026 계약학과 모집,2026-08-07T17:00:00.000+09:00,424634,[계약학과] 수소연료전지개발,1,51,True,"176,170,226,162,216"
105251,현대자동차,2026 계약학과 모집,2026-08-07T17:00:00.000+09:00,424635,[계약학과] 전동화개발,1,28,True,"229,231,226,216,217"
105251,현대자동차,2026 계약학과 모집,2026-08-07T17:00:00.000+09:00,424636,[계약학과] 선행생기,1,28,True,"229,231,226,216,217"
105251,현대자동차,2026 계약학과 모집,2026-08-07T17:00:00.000+09:00,424637,[계약학과] 제조 SW개발,1,41,True,"108,229,226,216,217"
105271,KCC실리콘,관리부문 신입사원 채용,2026-08-02T23:59:00.000+09:00,424692,관리,1,28,True,"128,131,107"
105308,AJ네트웍스,2026년 하반기 7월 수시 채용,2026-08-09T23:59:00.000+09:00,424819,IT장비 B2B영업,5,24,True,"194,195,196"
105308,AJ네트웍스,2026년 하반기 7월 수시 채용,2026-08-09T23:59:00.000+09:00,424820,AI인프라 영업,5,5,True,"194,195,196"
105308,AJ네트웍스,2026년 하반기 7월 수시 채용,2026-08-09T23:59:00.000+09:00,424821,로봇 영업,5,13,True,"194,195,196"
105308,AJ네트웍스,2026년 하반기 7월 수시 채용,2026-08-09T23:59:00.000+09:00,425191,물류장비 B2B영업,5,8,True,196
105308,AJ네트웍스,2026년 하반기 7월 수시 채용,2026-08-09T23:59:00.000+09:00,424822,고소장비 B2B영업,5,3,True,"194,196"
105308,AJ네트웍스,2026년 하반기 7월 수시 채용,2026-08-09T23:59:00.000+09:00,424823,파렛트 회수,5,6,True,"150,151,152,145"
105308,AJ네트웍스,2026년 하반기 7월 수시 채용,2026-08-09T23:59:00.000+09:00,424824,인사,1,118,True,"115,118,104"
105308,AJ네트웍스,2026년 하반기 7월 수시 채용,2026-08-09T23:59:00.000+09:00,424825,총무,5,22,True,"127,128,107"
105308,AJ네트웍스,2026년 하반기 7월 수시 채용,2026-08-09T23:59:00.000+09:00,424826,로봇설치 및 유지보수,5,6,True,"185,186"
105308,AJ네트웍스,2026년 하반기 7월 수시 채용,2026-08-09T23:59:00.000+09:00,424827,양중,4,0,True,"185,202"
105308,AJ네트웍스,2026년 하반기 7월 수시 채용,2026-08-09T23:59:00.000+09:00,424828,패트롤,4,1,True,"202,203"
105308,AJ네트웍스,2026년 하반기 7월 수시 채용,2026-08-09T23:59:00.000+09:00,424829,서류관리,4,3,True,"127,202,107"
105308,AJ네트웍스,2026년 하반기 7월 수시 채용,2026-08-09T23:59:00.000+09:00,424830,운영기획,2,4,True,"109,110,113,103"
105308,AJ네트웍스,2026년 하반기 7월 수시 채용,2026-08-09T23:59:00.000+09:00,424831,정비교육,2,3,True,"117,186,104"
105308,AJ네트웍스,2026년 하반기 7월 수시 채용,2026-08-09T23:59:00.000+09:00,424832,운영관리,5,25,True,"110,127,103,107"
105308,AJ네트웍스,2026년 하반기 7월 수시 채용,2026-08-09T23:59:00.000+09:00,424833,운영개선,2,0,True,"110,113,187,103,183"
105308,AJ네트웍스,2026년 하반기 7월 수시 채용,2026-08-09T23:59:00.000+09:00,424834,장비매각,2,2,True,"154,155,194,146"
105308,AJ네트웍스,2026년 하반기 7월 수시 채용,2026-08-09T23:59:00.000+09:00,424835,지게차 정비,2,0,True,"185,186"
105308,AJ네트웍스,2026년 하반기 7월 수시 채용,2026-08-09T23:59:00.000+09:00,424836,고소장비 정비,5,2,True,"185,186"
105308,AJ네트웍스,2026년 하반기 7월 수시 채용,2026-08-09T23:59:00.000+09:00,424837,자재관리,5,5,True,"152,158,145,147"
105308,AJ네트웍스,2026년 하반기 7월 수시 채용,2026-08-09T23:59:00.000+09:00,424838,순회정비,5,1,True,"185,186"
105341,한국투자저축은행,2026년 하반기 대졸 신입사원 공개채용,2026-08-17T23:59:00.000+09:00,425018,종합직(일반),1,1368,True,"194,196,201,213"
105375,유니드비티플러스,2026년 하반기 신입 및 경력 채용,2026-08-10T23:59:00.000+09:00,425195,군산공장 생산,2,14,True,"187,189,191,183,184"
105375,유니드비티플러스,2026년 하반기 신입 및 경력 채용,2026-08-10T23:59:00.000+09:00,425196,군산공장 생산,1,55,True,"187,189,191,183,184"
105375,유니드비티플러스,2026년 하반기 신입 및 경력 채용,2026-08-10T23:59:00.000+09:00,425197,군산공장 공무,2,3,True,"185,186"
105375,유니드비티플러스,2026년 하반기 신입 및 경력 채용,2026-08-10T23:59:00.000+09:00,425198,군산공장 공무,1,34,True,"185,186"
105382,KB라이프파트너스,본사 직영 KBxL 2기 모집,2026-08-16T23:59:00.000+09:00,425208,KBxL 2기 (영업관리자 트랙),1,23,True,"194,196,197,201,115,118,104"
105426,애경케미칼,각 부문 신입 및 경력 채용,2026-08-17T23:59:00.000+09:00,425485,화학물질 및 환경규제 관리,1,208,True,"108,191,192,184"
105426,애경케미칼,각 부문 신입 및 경력 채용,2026-08-17T23:59:00.000+09:00,425486,해외영업 (가소제),1,86,True,"154,194,146"
105426,애경케미칼,각 부문 신입 및 경력 채용,2026-08-17T23:59:00.000+09:00,425487,국내영업 (바이오연료),1,70,True,"194,196,197"
105426,애경케미칼,각 부문 신입 및 경력 채용,2026-08-17T23:59:00.000+09:00,425536,설비관리 엔지니어,1,39,True,"185,186,208"
105426,애경케미칼,각 부문 신입 및 경력 채용,2026-08-17T23:59:00.000+09:00,425488,회계/세무,2,6,True,"122,123,106,256,105"
105426,애경케미칼,각 부문 신입 및 경력 채용,2026-08-17T23:59:00.000+09:00,425489,분석연구,2,16,True,"229,234,217,218"
105426,애경케미칼,각 부문 신입 및 경력 채용,2026-08-17T23:59:00.000+09:00,425490,생산 (울산공장),1,19,True,"187,188,185,183"
105426,애경케미칼,각 부문 신입 및 경력 채용,2026-08-17T23:59:00.000+09:00,425491,전기설비 점검/보수,2,0,True,"186,204"
105442,AXA손해보험,자동차업무팀 신입사원 채용,2026-08-09T23:59:00.000+09:00,425529,자동차업무팀,1,113,True,201
105449,현대해상화재보험,2026 전문대졸 신입사원 채용,2026-08-10T18:00:00.000+09:00,425546,지점총무 (사무직),1,59,True,"127,197,128,107"
105449,현대해상화재보험,2026 전문대졸 신입사원 채용,2026-08-10T18:00:00.000+09:00,425547,자동차보험 소액보상 (사무직),1,18,True,"200,127,212,107"
105505,kt p&m,2026년 하반기 신입·경력·계약직 채용,2026-08-19T23:59:00.000+09:00,425661,전원,1,126,True,"191,186,220,184"
105505,kt p&m,2026년 하반기 신입·경력·계약직 채용,2026-08-19T23:59:00.000+09:00,425662,MW,1,46,True,"186,202,204,219"
105505,kt p&m,2026년 하반기 신입·경력·계약직 채용,2026-08-19T23:59:00.000+09:00,425664,재무회계,5,154,True,"122,125,106,105"
105505,kt p&m,2026년 하반기 신입·경력·계약직 채용,2026-08-19T23:59:00.000+09:00,425666,전원-전기안전관리,4,6,True,"191,186,204,184"
105505,kt p&m,2026년 하반기 신입·경력·계약직 채용,2026-08-19T23:59:00.000+09:00,425667,전원-시설 점검/정비,4,4,True,"186,204"
105505,kt p&m,2026년 하반기 신입·경력·계약직 채용,2026-08-19T23:59:00.000+09:00,425668,HR (보수/복지),4,8,True,"115,119,120,104"
105523,어플라이드 머티어리얼즈 코리아,[신입] Global Software Support Engineer (학사),2026-08-20T17:00:00.000+09:00,425718,Global Software Support Engineer,1,188,True,"160,176,164,166,170,162"
105529,한솔제지,신입사원 수시채용 (구매),2026-08-13T23:59:00.000+09:00,425738,구매,1,216,True,"157,147"
105539,HJ중공업,[건설부문] 2026년도 신입사원 공개채용,2026-08-24T23:59:00.000+09:00,425759,건축,1,139,True,"202,207"
105539,HJ중공업,[건설부문] 2026년도 신입사원 공개채용,2026-08-24T23:59:00.000+09:00,425760,토목,1,65,True,"202,206"
105539,HJ중공업,[건설부문] 2026년도 신입사원 공개채용,2026-08-24T23:59:00.000+09:00,425761,기계,1,104,True,"202,205"
105539,HJ중공업,[건설부문] 2026년도 신입사원 공개채용,2026-08-24T23:59:00.000+09:00,425762,전기,1,105,True,"202,204"
105539,HJ중공업,[건설부문] 2026년도 신입사원 공개채용,2026-08-24T23:59:00.000+09:00,425763,플랜트,1,67,True,"202,208"
105539,HJ중공업,[건설부문] 2026년도 신입사원 공개채용,2026-08-24T23:59:00.000+09:00,425764,안전,1,91,True,"191,203,184"
105539,HJ중공업,[건설부문] 2026년도 신입사원 공개채용,2026-08-24T23:59:00.000+09:00,425765,개발영업,1,128,True,"110,209,103"
105539,HJ중공업,[건설부문] 2026년도 신입사원 공개채용,2026-08-24T23:59:00.000+09:00,425766,회계,1,216,True,106
105539,HJ중공업,[건설부문] 2026년도 신입사원 공개채용,2026-08-24T23:59:00.000+09:00,425839,영업기획,1,157,True,197
105539,HJ중공업,[건설부문] 2026년도 신입사원 공개채용,2026-08-24T23:59:00.000+09:00,425840,노무,1,71,True,"116,104"
105539,HJ중공업,[건설부문] 2026년도 신입사원 공개채용,2026-08-24T23:59:00.000+09:00,425767,홍보,1,141,True,"142,143,133"
105566,KT&G,2026년 하반기 신입사원 채용,2026-09-10T15:00:00.000+09:00,425868,경영기획,1,621,True,"109,111,115,122,108,142,103,104,105,133"
105566,KT&G,2026년 하반기 신입사원 채용,2026-09-10T15:00:00.000+09:00,425869,해외사업,1,348,True,"110,112,154,155,103,146"
105566,KT&G,2026년 하반기 신입사원 채용,2026-09-10T15:00:00.000+09:00,425870,브랜드매니저,1,306,True,"134,137,138,132"
105566,KT&G,2026년 하반기 신입사원 채용,2026-09-10T15:00:00.000+09:00,425871,제조,1,263,True,"187,188,189,185,183"
105566,KT&G,2026년 하반기 신입사원 채용,2026-09-10T15:00:00.000+09:00,425872,SCM,1,266,True,"150,151,157,158,145,147"
105566,KT&G,2026년 하반기 신입사원 채용,2026-09-10T15:00:00.000+09:00,425873,R&D - 제품개발,1,83,True,"138,234,235,132,218"
105566,KT&G,2026년 하반기 신입사원 채용,2026-09-10T15:00:00.000+09:00,425874,R&D - 향료연구,1,78,True,"229,234,217,218"
105566,KT&G,2026년 하반기 신입사원 채용,2026-09-10T15:00:00.000+09:00,425875,R&D - 기구개발,1,106,True,"227,219,216"
105566,KT&G,2026년 하반기 신입사원 채용,2026-09-10T15:00:00.000+09:00,425876,R&D - 회로개발,1,95,True,"169,220"
105606,안산도시개발,2026년 신입직원 공개채용 (채용형 인턴),2026-08-23T23:59:00.000+09:00,425987,기계,1,19,True,"227,216"
105606,안산도시개발,2026년 신입직원 공개채용 (채용형 인턴),2026-08-23T23:59:00.000+09:00,425988,전기,1,15,True,220
105606,안산도시개발,2026년 신입직원 공개채용 (채용형 인턴),2026-08-23T23:59:00.000+09:00,425989,전자,1,2,True,220
105606,안산도시개발,2026년 신입직원 공개채용 (채용형 인턴),2026-08-23T23:59:00.000+09:00,425990,화공,1,15,True,"229,217"
105608,현대차증권,2026년 3분기 신입 수시채용,2026-08-25T15:00:00.000+09:00,425992,재무,1,665,True,"122,125,106,105"
105608,현대차증권,2026년 3분기 신입 수시채용,2026-08-25T15:00:00.000+09:00,425993,IB,4,112,True,"210,211,215"
105608,현대차증권,2026년 3분기 신입 수시채용,2026-08-25T15:00:00.000+09:00,425994,Trading,4,33,True,"210,211,215"
105625,SGI서울보증,2027년 신입사원(4급) 채용,2026-09-04T17:00:00.000+09:00,426043,금융일반 - 경영,1,701,True,"109,115,122,106,137,103,104,105,132"
105625,SGI서울보증,2027년 신입사원(4급) 채용,2026-09-04T17:00:00.000+09:00,426044,금융일반 - 경제,1,252,True,"210,215,122,109,103,105"
105625,SGI서울보증,2027년 신입사원(4급) 채용,2026-09-04T17:00:00.000+09:00,426045,금융일반 - 법학,1,40,True,"108,255,213"
105625,SGI서울보증,2027년 신입사원(4급) 채용,2026-09-04T17:00:00.000+09:00,426046,금융일반 - 통계,1,81,True,"180,253,113,103,163"
105625,SGI서울보증,2027년 신입사원(4급) 채용,2026-09-04T17:00:00.000+09:00,426047,전산 - 정보기술,1,229,True,"176,175,181,167,166,170,162,163"
105625,SGI서울보증,2027년 신입사원(4급) 채용,2026-09-04T17:00:00.000+09:00,426048,전산 - 정보보호,1,43,True,"166,257,181,163"
105625,SGI서울보증,2027년 신입사원(4급) 채용,2026-09-04T17:00:00.000+09:00,426049,전문자격 (공인회계사·변호사·보험계리사),1,37,True,"256,255,212,108,122,105"
105625,SGI서울보증,2027년 신입사원(4급) 채용,2026-09-04T17:00:00.000+09:00,426050,지역전문 (경영·경제·법학),1,97,True,"109,210,108,122,103,105"
105625,SGI서울보증,2027년 신입사원(4급) 채용,2026-09-04T17:00:00.000+09:00,426051,취업지원 (경영·경제·법학·통계·정보기술·정보보호)),1,10,True,"109,122,176,108,103,105,162"
105641,세아제강,2026년 하반기 신입/경력사원 채용,2026-08-23T23:59:00.000+09:00,426088,[서울] 인사,2,50,True,"115,117,104"
105641,세아제강,2026년 하반기 신입/경력사원 채용,2026-08-23T23:59:00.000+09:00,426089,[서울] 해외영업,2,37,True,"154,155,146"
105641,세아제강,2026년 하반기 신입/경력사원 채용,2026-08-23T23:59:00.000+09:00,426090,[포항] 품질관리,1,147,True,"189,183"
105641,세아제강,2026년 하반기 신입/경력사원 채용,2026-08-23T23:59:00.000+09:00,426091,[포항] 생산기술-기계,1,96,True,"185,227,216"
105641,세아제강,2026년 하반기 신입/경력사원 채용,2026-08-23T23:59:00.000+09:00,426092,[포항] 생산기술-전기,1,81,True,"185,220"
105641,세아제강,2026년 하반기 신입/경력사원 채용,2026-08-23T23:59:00.000+09:00,426094,[포항] 생산기술-시스템개발,2,13,True,"179,180,167,163"
105641,세아제강,2026년 하반기 신입/경력사원 채용,2026-08-23T23:59:00.000+09:00,426116,[포항] 연구개발-특수관,1,21,True,"227,223,216"
105641,세아제강,2026년 하반기 신입/경력사원 채용,2026-08-23T23:59:00.000+09:00,426093,[포항] 연구개발-특수관,2,15,True,"227,223,216"
105641,세아제강,2026년 하반기 신입/경력사원 채용,2026-08-23T23:59:00.000+09:00,426095,[포항] 연구개발-기계,2,5,True,"227,219,216"
105641,세아제강,2026년 하반기 신입/경력사원 채용,2026-08-23T23:59:00.000+09:00,426096,[포항] 에너지/환경,2,19,True,"192,231,184,217"
105641,세아제강,2026년 하반기 신입/경력사원 채용,2026-08-23T23:59:00.000+09:00,426117,[부산] 국내영업,1,64,True,"192,231,184,217"
105641,세아제강,2026년 하반기 신입/경력사원 채용,2026-08-23T23:59:00.000+09:00,426097,[부산] 국내영업,2,42,True,"194,197"
105641,세아제강,2026년 하반기 신입/경력사원 채용,2026-08-23T23:59:00.000+09:00,426098,[창원] 전기,2,14,True,"204,220"
105641,세아제강,2026년 하반기 신입/경력사원 채용,2026-08-23T23:59:00.000+09:00,426099,[순천] 품질관리,1,49,True,"189,183"
105641,세아제강,2026년 하반기 신입/경력사원 채용,2026-08-23T23:59:00.000+09:00,426118,[순천] 안전/보건 - 운영관리,1,73,True,"191,192,184"
105641,세아제강,2026년 하반기 신입/경력사원 채용,2026-08-23T23:59:00.000+09:00,426100,[순천] 안전/보건 - 운영관리,2,15,True,"191,192,184"
105641,세아제강,2026년 하반기 신입/경력사원 채용,2026-08-23T23:59:00.000+09:00,426189,[순천] 안전/보건 - Audit 대응,2,3,True,"191,192,193,184"
105641,세아제강,2026년 하반기 신입/경력사원 채용,2026-08-23T23:59:00.000+09:00,426101,[순천] 노무/총무,2,1,True,"116,128,104,107"
105642,에어리퀴드코리아,생산엔지니어/오퍼레이터 신입채용,2026-08-24T23:59:00.000+09:00,426102,생산엔지니어,1,178,True,"187,188,189,190,191,192,193,185,186,183,184"
105642,에어리퀴드코리아,생산엔지니어/오퍼레이터 신입채용,2026-08-24T23:59:00.000+09:00,426103,오퍼레이터,1,12,True,"187,188,189,190,191,192,193,185,186,183,184"
105668,IM뱅크,2026년 신입행원 채용,2026-08-29T23:59:00.000+09:00,426219,일반,1,1801,True,214
105668,IM뱅크,2026년 신입행원 채용,2026-08-29T23:59:00.000+09:00,426220,지역,1,346,True,214
105668,IM뱅크,2026년 신입행원 채용,2026-08-29T23:59:00.000+09:00,426221,전문,1,28,True,"122,123,255,105"
105679,NH투자증권,2026년 하반기 업무직 신입사원 채용,2026-08-31T17:00:00.000+09:00,426252,[서울(여의도)] 본사영업지원,1,136,True,197
105679,NH투자증권,2026년 하반기 업무직 신입사원 채용,2026-08-31T17:00:00.000+09:00,426253,[수도권] 지점영업지원,1,51,True,197
105679,NH투자증권,2026년 하반기 업무직 신입사원 채용,2026-08-31T17:00:00.000+09:00,426254,[강원권] 지점영업지원,1,9,True,197
105679,NH투자증권,2026년 하반기 업무직 신입사원 채용,2026-08-31T17:00:00.000+09:00,426255,[충청권] 지점영업지원,1,16,True,197
105679,NH투자증권,2026년 하반기 업무직 신입사원 채용,2026-08-31T17:00:00.000+09:00,426256,[광주·전라권] 지점영업지원,1,20,True,197
105679,NH투자증권,2026년 하반기 업무직 신입사원 채용,2026-08-31T17:00:00.000+09:00,426257,[대구·경북권] 지점영업지원,1,24,True,197
105706,기아,26년 엔지니어(생산직) 채용,2026-08-21T14:00:00.000+09:00,426437,엔지니어(생산직),1,294,True,"185,187,189,226,183,216"
105709,KCC,2026년 3분기 부문별 대졸 신입 수시채용,2026-08-30T23:59:00.000+09:00,426441,도료영업/영업관리,1,111,True,"196,197"
105709,KCC,2026년 3분기 부문별 대졸 신입 수시채용,2026-08-30T23:59:00.000+09:00,426442,자동차기술(해외담당),1,45,True,"229,217"
105709,KCC,2026년 3분기 부문별 대졸 신입 수시채용,2026-08-30T23:59:00.000+09:00,426443,도료기술,1,123,True,"229,217"
105709,KCC,2026년 3분기 부문별 대졸 신입 수시채용,2026-08-30T23:59:00.000+09:00,426444,컬러개발,1,61,True,"229,217"
105709,KCC,2026년 3분기 부문별 대졸 신입 수시채용,2026-08-30T23:59:00.000+09:00,426445,보온재기술,1,47,True,"229,217"
105709,KCC,2026년 3분기 부문별 대졸 신입 수시채용,2026-08-30T23:59:00.000+09:00,426446,소재기술,1,61,True,"229,217"
105709,KCC,2026년 3분기 부문별 대졸 신입 수시채용,2026-08-30T23:59:00.000+09:00,426447,소재생산,1,99,True,"187,183"
105709,KCC,2026년 3분기 부문별 대졸 신입 수시채용,2026-08-30T23:59:00.000+09:00,426448,회계,1,105,True,"122,105"
105709,KCC,2026년 3분기 부문별 대졸 신입 수시채용,2026-08-30T23:59:00.000+09:00,426449,물류지원,1,101,True,"150,145"
105709,KCC,2026년 3분기 부문별 대졸 신입 수시채용,2026-08-30T23:59:00.000+09:00,426450,채권관리,1,108,True,213
105709,KCC,2026년 3분기 부문별 대졸 신입 수시채용,2026-08-30T23:59:00.000+09:00,426451,IT,1,350,True,"176,170,162"
105712,동부건설, 2026년 하반기 신입사원 수시채용,2026-08-30T23:50:00.000+09:00,426454,신입-플랜트사업본부-건축-본사 및 현장(국내/해외),1,137,True,207
105712,동부건설, 2026년 하반기 신입사원 수시채용,2026-08-30T23:50:00.000+09:00,426455,신입-플랜트사업본부-기계-본사 및 현장(국내/해외),1,67,True,205
105712,동부건설, 2026년 하반기 신입사원 수시채용,2026-08-30T23:50:00.000+09:00,426456,신입-플랜트사업본부-전기-본사 및 현장(국내/해외),1,72,True,204
105725,SK텔레콤,2026 Junior Talent 채용,2026-08-30T17:00:00.000+09:00,426482,고객 - B2C,1,242,True,"137,194,196,197,132"
105725,SK텔레콤,2026 Junior Talent 채용,2026-08-30T17:00:00.000+09:00,426483,고객 - B2B,1,215,True,"196,195,197,137,132"
105725,SK텔레콤,2026 Junior Talent 채용,2026-08-30T17:00:00.000+09:00,426484,고객 - 서비스기획,1,227,True,"171,110,137,138,103,132"
105725,SK텔레콤,2026 Junior Talent 채용,2026-08-30T17:00:00.000+09:00,426485,Infra - 무선 Network,1,54,True,"222,166,204"
105725,SK텔레콤,2026 Junior Talent 채용,2026-08-30T17:00:00.000+09:00,426486,Infra - 유선/IP Network,1,38,True,"222,166,204"
105725,SK텔레콤,2026 Junior Talent 채용,2026-08-30T17:00:00.000+09:00,426487,Infra - Core Network,1,41,True,"222,166,204"
105725,SK텔레콤,2026 Junior Talent 채용,2026-08-30T17:00:00.000+09:00,426488,Infra - Network 설비,1,40,True,"222,166,186"
105725,SK텔레콤,2026 Junior Talent 채용,2026-08-30T17:00:00.000+09:00,426489,Tech - SW개발,1,353,True,"176,175,165,170,162"
105725,SK텔레콤,2026 Junior Talent 채용,2026-08-30T17:00:00.000+09:00,426490,Tech - AI Model,1,120,True,"167,180,179,163"
105725,SK텔레콤,2026 Junior Talent 채용,2026-08-30T17:00:00.000+09:00,426491,Staff - 재무,1,245,True,"122,106,125,105"
105725,SK텔레콤,2026 Junior Talent 채용,2026-08-30T17:00:00.000+09:00,426492,Staff - CR/PR,1,57,True,"142,143,133"
105725,SK텔레콤,2026 Junior Talent 채용,2026-08-30T17:00:00.000+09:00,426493,Staff - HR,1,177,True,"115,118,119,120,104"
105725,SK텔레콤,2026 Junior Talent 채용,2026-08-30T17:00:00.000+09:00,426494,법무,1,26,True,"108,255"
105730,KCC실리콘,EHS부문 신입사원 채용,2026-08-26T23:59:00.000+09:00,426507,EHS,1,85,True,"191,192,184"
105766,SK하이닉스,['26년 하반기] Talent hy-way 기술사무직 신입,2026-08-26T17:00:00.000+09:00,426628,Tech R&D - 설계,1,305,True,"221,220,219"
105766,SK하이닉스,['26년 하반기] Talent hy-way 기술사무직 신입,2026-08-26T17:00:00.000+09:00,426629,Tech R&D - 소자,1,108,True,"221,220"
105766,SK하이닉스,['26년 하반기] Talent hy-way 기술사무직 신입,2026-08-26T17:00:00.000+09:00,426630,Tech R&D - R&D 공정,1,125,True,"221,187,188,183"
105766,SK하이닉스,['26년 하반기] Talent hy-way 기술사무직 신입,2026-08-26T17:00:00.000+09:00,426631,Tech R&D - Product Engineering,1,177,True,"221,189,187,183"
105766,SK하이닉스,['26년 하반기] Talent hy-way 기술사무직 신입,2026-08-26T17:00:00.000+09:00,426632,Tech R&D - PKG 개발,1,109,True,"221,219,220"
105766,SK하이닉스,['26년 하반기] Talent hy-way 기술사무직 신입,2026-08-26T17:00:00.000+09:00,426633,Tech R&D - System Arch./SW Solution,1,81,True,"170,176,164,162"
105766,SK하이닉스,['26년 하반기] Talent hy-way 기술사무직 신입,2026-08-26T17:00:00.000+09:00,426634,Tech R&D - Solution SW,1,186,True,"170,176,165,162"
105766,SK하이닉스,['26년 하반기] Talent hy-way 기술사무직 신입,2026-08-26T17:00:00.000+09:00,426635,Tech R&D - Solution HW,1,144,True,"169,220,221"
105766,SK하이닉스,['26년 하반기] Talent hy-way 기술사무직 신입,2026-08-26T17:00:00.000+09:00,426636,IT - IT,1,867,True,"166,176,164,170,162"
105766,SK하이닉스,['26년 하반기] Talent hy-way 기술사무직 신입,2026-08-26T17:00:00.000+09:00,426637,제조 - 양산기술,1,1837,True,"187,188,185,183"
105766,SK하이닉스,['26년 하반기] Talent hy-way 기술사무직 신입,2026-08-26T17:00:00.000+09:00,426638,제조 - 양산기술(P&T),1,324,True,"187,189,185,183"
105766,SK하이닉스,['26년 하반기] Talent hy-way 기술사무직 신입,2026-08-26T17:00:00.000+09:00,426639,제조 - 기반기술,1,228,True,"185,186,187,183"
105766,SK하이닉스,['26년 하반기] Talent hy-way 기술사무직 신입,2026-08-26T17:00:00.000+09:00,426640,제조 - 품질보증,1,279,True,"189,160,187,183"
105766,SK하이닉스,['26년 하반기] Talent hy-way 기술사무직 신입,2026-08-26T17:00:00.000+09:00,426641,제조 - 양산관리,1,393,True,"187,188,185,183"
105766,SK하이닉스,['26년 하반기] Talent hy-way 기술사무직 신입,2026-08-26T17:00:00.000+09:00,426642,"건설/플랜트 - Utility기술(공조/배기, 배관)",1,288,True,"205,202,208"
105766,SK하이닉스,['26년 하반기] Talent hy-way 기술사무직 신입,2026-08-26T17:00:00.000+09:00,426643,"건설/플랜트 - Utility기술(Gas, Chemical, 수처리)",1,210,True,"208,205,229,217"
105766,SK하이닉스,['26년 하반기] Talent hy-way 기술사무직 신입,2026-08-26T17:00:00.000+09:00,426644,"건설/플랜트 - Utility기술(전기, 제어)",1,327,True,"204,220,205"
105766,SK하이닉스,['26년 하반기] Talent hy-way 기술사무직 신입,2026-08-26T17:00:00.000+09:00,426645,"건설/플랜트 - Utility기술(건축, BIM/5D)",1,265,True,"207,202,239"
105766,SK하이닉스,['26년 하반기] Talent hy-way 기술사무직 신입,2026-08-26T17:00:00.000+09:00,426646,영업 - 영업/마케팅/상품기획/신제품사업화,1,982,True,"194,137,138,110,103,132"
105766,SK하이닉스,['26년 하반기] Talent hy-way 기술사무직 신입,2026-08-26T17:00:00.000+09:00,426647,안전보건 - SHE(안전),1,207,True,"191,203,184"
105766,SK하이닉스,['26년 하반기] Talent hy-way 기술사무직 신입,2026-08-26T17:00:00.000+09:00,426648,안전보건 - SHE(보건),1,48,True,"258,191,203,184"
105766,SK하이닉스,['26년 하반기] Talent hy-way 기술사무직 신입,2026-08-26T17:00:00.000+09:00,426649,안전보건 - SHE(환경/화학물질관리),1,172,True,"192,231,229,184,217"
105766,SK하이닉스,['26년 하반기] Talent hy-way 기술사무직 신입,2026-08-26T17:00:00.000+09:00,426650,안전보건 - SHE(P&S기술),1,58,True,"191,203,188,183,184"
105769,현대로템,항공우주 분야 채용,2026-09-20T23:59:00.000+09:00,426653,생산기지 시스템 설계 총괄,2,21,True,"224,227,219,216"
105769,현대로템,항공우주 분야 채용,2026-09-20T23:59:00.000+09:00,426654,극초음속 유도무기 탄 및 엔진 제어기 개발,2,6,True,"224,220,222"
105769,현대로템,항공우주 분야 채용,2026-09-20T23:59:00.000+09:00,426655,우주사업 기획담당,2,7,True,"110,112,224,103"
105769,현대로템,항공우주 분야 채용,2026-09-20T23:59:00.000+09:00,426656,덕티드 램제트 엔진 고체 추진체(화약) 부품 개발,2,12,True,"224,229,227,216,217"
105769,현대로템,항공우주 분야 채용,2026-09-20T23:59:00.000+09:00,426657,덕티드 램제트 유도무기 기체구조 개발,2,11,True,"224,227,219,216"
105769,현대로템,항공우주 분야 채용,2026-09-20T23:59:00.000+09:00,426658,액체추진기관 시험설비 설계/제작/운용,2,14,True,"224,227,185,216"
105769,현대로템,항공우주 분야 채용,2026-09-20T23:59:00.000+09:00,426659,제어계측시스템 통합관리,2,5,True,"220,224,166"
105769,현대로템,항공우주 분야 채용,2026-09-20T23:59:00.000+09:00,426660,시험장 설비 및 안전관리,2,29,True,"191,224,186,184"
105769,현대로템,항공우주 분야 채용,2026-09-20T23:59:00.000+09:00,426661,메탄엔진 체계설계,2,10,True,"224,227,230,216,217"
105769,현대로템,항공우주 분야 채용,2026-09-20T23:59:00.000+09:00,426662,메탄엔진 제어구성품 개발,2,1,True,"224,220,227,216"
105769,현대로템,항공우주 분야 채용,2026-09-20T23:59:00.000+09:00,426663,메탄엔진 터보펌프 개발,2,1,True,"224,227,205,216"
105769,현대로템,항공우주 분야 채용,2026-09-20T23:59:00.000+09:00,426664,우주발사체 유도·제어 기술 개발,2,12,True,"224,220,222"
105769,현대로템,항공우주 분야 채용,2026-09-20T23:59:00.000+09:00,426665,우주사업 기획담당,1,124,True,"110,112,224,103"
105769,현대로템,항공우주 분야 채용,2026-09-20T23:59:00.000+09:00,426666,덕티드 램제트 엔진 고체 추진체(화약) 부품 개발,1,11,True,"224,229,227,216,217"
105769,현대로템,항공우주 분야 채용,2026-09-20T23:59:00.000+09:00,426667,덕티드 램제트 유도무기 기체구조 개발,1,20,True,"224,227,219,216"
105769,현대로템,항공우주 분야 채용,2026-09-20T23:59:00.000+09:00,426668,시험장 설비 및 안전관리,1,98,True,"191,224,186,184"
105769,현대로템,항공우주 분야 채용,2026-09-20T23:59:00.000+09:00,426669,한국형발사체 추진기관시스템 시험설비 유공압시스템,1,8,True,"224,227,205,216"
105769,현대로템,항공우주 분야 채용,2026-09-20T23:59:00.000+09:00,426670,한국형발사체 추진기관시스템 시험설비 기계시스템,1,76,True,"224,227,205,216"
105769,현대로템,항공우주 분야 채용,2026-09-20T23:59:00.000+09:00,426671,메탄엔진 제어구성품 개발,1,7,True,"224,220,227,216"
105769,현대로템,항공우주 분야 채용,2026-09-20T23:59:00.000+09:00,426672,메탄엔진 터보펌프 개발,1,7,True,"224,227,205,216"
105769,현대로템,항공우주 분야 채용,2026-09-20T23:59:00.000+09:00,426673,우주발사체 유도·제어 기술 개발,1,15,True,"224,220,222"
105771,현대자동차,9월 신입 채용,2026-09-14T17:00:00.000+09:00,426675,AVP 차량 프로젝트 관리,1,0,False,"109,110,197,103"
105771,현대자동차,9월 신입 채용,2026-09-14T17:00:00.000+09:00,426676,R&D 기술경영,1,0,False,"109,111,113,103"
105771,현대자동차,9월 신입 채용,2026-09-14T17:00:00.000+09:00,426677,SW/디지털 엔지니어링,1,0,False,"176,165,170,162"
105771,현대자동차,9월 신입 채용,2026-09-14T17:00:00.000+09:00,426678,로보틱스 기술 및 사업 개발,1,0,False,"227,110,220,103,216"
105771,현대자동차,9월 신입 채용,2026-09-14T17:00:00.000+09:00,426679,모빌리티 플랫폼 개발/UX/사업,1,0,False,"171,241,110,103"
105771,현대자동차,9월 신입 채용,2026-09-14T17:00:00.000+09:00,426680,AI 반도체 (NPU) 개발,1,0,False,"221,167,220"
105771,현대자동차,9월 신입 채용,2026-09-14T17:00:00.000+09:00,426681,소재 및 공정기술 연구개발,1,0,False,"229,223,188,183,217"
105771,현대자동차,9월 신입 채용,2026-09-14T17:00:00.000+09:00,426682,전동화 에너지 개발 (연료전지/배터리),1,0,False,"230,220,226,216,217"
105771,현대자동차,9월 신입 채용,2026-09-14T17:00:00.000+09:00,426683,인포테인먼트 개발,1,0,False,"165,220,176,162"
105771,현대자동차,9월 신입 채용,2026-09-14T17:00:00.000+09:00,426684,자율주행 검증,1,0,False,"160,189,226,183,216"
105771,현대자동차,9월 신입 채용,2026-09-14T17:00:00.000+09:00,426685,자율주행/자율주차 설계 및 시스템 개발,1,0,False,"226,220,165,216"
105771,현대자동차,9월 신입 채용,2026-09-14T17:00:00.000+09:00,426686,상용 특장 개발,1,0,False,"226,227,219,216"
105771,현대자동차,9월 신입 채용,2026-09-14T17:00:00.000+09:00,426687,상용차 시작/파이롯트 개발,1,0,False,"226,227,110,103,216"
105771,현대자동차,9월 신입 채용,2026-09-14T17:00:00.000+09:00,426688,전동화 PT/PE 개발,1,0,False,"226,220,230,216,217"
105771,현대자동차,9월 신입 채용,2026-09-14T17:00:00.000+09:00,426689,차량 시스템 설계/시험,1,0,False,"226,219,189,183,216"
105771,현대자동차,9월 신입 채용,2026-09-14T17:00:00.000+09:00,426690,차량제어 SW 개발,1,0,False,"165,220,226,216"
105771,현대자동차,9월 신입 채용,2026-09-14T17:00:00.000+09:00,426691,SDV 플랫폼 개발,1,0,False,"176,165,170,162"
105771,현대자동차,9월 신입 채용,2026-09-14T17:00:00.000+09:00,426692,항공파워트레인 기획/개발,1,0,False,"224,227,110,103,216"
105771,현대자동차,9월 신입 채용,2026-09-14T17:00:00.000+09:00,426693,SDV 통합검증,1,0,False,"160,189,165,183"
105771,현대자동차,9월 신입 채용,2026-09-14T17:00:00.000+09:00,426694,[채용전환형 인턴] 현대/제네시스 CGI/VR 디자인,3,0,False,"243,245,238,237"
105771,현대자동차,9월 신입 채용,2026-09-14T17:00:00.000+09:00,426695,기아 컨텍스트 디자인/엔지니어링 솔루션,1,0,False,"241,238,219"
105771,현대자동차,9월 신입 채용,2026-09-14T17:00:00.000+09:00,426696,현대/제네시스 디자인 전략/CQM (Color Quality Management),1,0,False,"238,189,111,103,183"
105771,현대자동차,9월 신입 채용,2026-09-14T17:00:00.000+09:00,426697,구매,1,0,False,"157,147"
105771,현대자동차,9월 신입 채용,2026-09-14T17:00:00.000+09:00,426698,구매 (남양연구소),1,0,False,"157,147"
105771,현대자동차,9월 신입 채용,2026-09-14T17:00:00.000+09:00,426699,상용차 부품 구매/개발,1,0,False,"157,158,227,147,216"
105771,현대자동차,9월 신입 채용,2026-09-14T17:00:00.000+09:00,426700,플랜트 운영 (아산공장),1,0,False,"208,185,187,183"
105771,현대자동차,9월 신입 채용,2026-09-14T17:00:00.000+09:00,426701,플랜트 운영 (울산공장),1,0,False,"208,185,187,183"
105771,현대자동차,9월 신입 채용,2026-09-14T17:00:00.000+09:00,426702,플랜트 운영 (전주공장),1,0,False,"208,185,187,183"
105771,현대자동차,9월 신입 채용,2026-09-14T17:00:00.000+09:00,426703,생산기술 (남양연구소),1,0,False,"187,188,185,183"
105771,현대자동차,9월 신입 채용,2026-09-14T17:00:00.000+09:00,426704,생산기술 (아산공장),1,0,False,"187,188,185,183"
105771,현대자동차,9월 신입 채용,2026-09-14T17:00:00.000+09:00,426705,생산기술 (울산공장),1,0,False,"187,188,185,183"
105771,현대자동차,9월 신입 채용,2026-09-14T17:00:00.000+09:00,426706,생산기술 (의왕연구소),1,0,False,"187,188,185,183"
105771,현대자동차,9월 신입 채용,2026-09-14T17:00:00.000+09:00,426707,생산기술 (전주공장),1,0,False,"187,188,185,183"
105771,현대자동차,9월 신입 채용,2026-09-14T17:00:00.000+09:00,426708,선행품질 (남양연구소),1,0,False,"189,183"
105771,현대자동차,9월 신입 채용,2026-09-14T17:00:00.000+09:00,426709,선행품질 (울산공장),1,0,False,"189,183"
105771,현대자동차,9월 신입 채용,2026-09-14T17:00:00.000+09:00,426710,안전품질 전략,1,0,False,"189,191,111,103,183,184"
105771,현대자동차,9월 신입 채용,2026-09-14T17:00:00.000+09:00,426711,품질보증 (남양연구소),1,0,False,"189,183"
105771,현대자동차,9월 신입 채용,2026-09-14T17:00:00.000+09:00,426712,품질보증 (울산공장),1,0,False,"189,183"
105771,현대자동차,9월 신입 채용,2026-09-14T17:00:00.000+09:00,426713,필드 안전품질,1,0,False,"189,191,183,184"
105771,현대자동차,9월 신입 채용,2026-09-14T17:00:00.000+09:00,426714,경영연구,1,0,False,"113,225,109,103"
105771,현대자동차,9월 신입 채용,2026-09-14T17:00:00.000+09:00,426715,경영전략,1,0,False,"111,109,103"
105771,현대자동차,9월 신입 채용,2026-09-14T17:00:00.000+09:00,426716,대외협력,1,0,False,"109,142,127,103,107,133"
105771,현대자동차,9월 신입 채용,2026-09-14T17:00:00.000+09:00,426717,미래사업전략 기획/개발,1,0,False,"112,110,111,103"
105771,현대자동차,9월 신입 채용,2026-09-14T17:00:00.000+09:00,426718,국내사업,1,0,False,"110,194,197,103"
105771,현대자동차,9월 신입 채용,2026-09-14T17:00:00.000+09:00,426719,국내사업 (지역 비즈니스),1,0,False,"110,194,197,103"
105771,현대자동차,9월 신입 채용,2026-09-14T17:00:00.000+09:00,426720,글로벌 상용 & LCV 사업,1,0,False,"154,110,112,103,146"
105771,현대자동차,9월 신입 채용,2026-09-14T17:00:00.000+09:00,426721,글로벌사업,1,0,False,"154,110,112,103,146"
105771,현대자동차,9월 신입 채용,2026-09-14T17:00:00.000+09:00,426722,글로벌사업 (울산공장),1,0,False,"154,110,112,103,146"
105771,현대자동차,9월 신입 채용,2026-09-14T17:00:00.000+09:00,426723,에너지 & 수소연료전지 사업,1,0,False,"230,110,112,103,217"
105771,현대자동차,9월 신입 채용,2026-09-14T17:00:00.000+09:00,426724,제네시스사업,1,0,False,"110,134,137,103,132"
105771,현대자동차,9월 신입 채용,2026-09-14T17:00:00.000+09:00,426725,중국사업,1,0,False,"154,110,112,103,146"
105771,현대자동차,9월 신입 채용,2026-09-14T17:00:00.000+09:00,426726,글로벌 SDV 전략,1,0,False,"112,111,154,103,146"
105771,현대자동차,9월 신입 채용,2026-09-14T17:00:00.000+09:00,426727,상품기획/운영,1,0,False,"138,149,110,103,132"
105771,현대자동차,9월 신입 채용,2026-09-14T17:00:00.000+09:00,426728,상품전략/MI (Market Intelligence),1,0,False,"138,253,137,132"
105771,현대자동차,9월 신입 채용,2026-09-14T17:00:00.000+09:00,426729,AVP 전략 기획,1,0,False,"111,110,112,103"
105771,현대자동차,9월 신입 채용,2026-09-14T17:00:00.000+09:00,426730,Feature & SW 서비스 사업 기획/개발,1,0,False,"171,110,165,103"
105771,현대자동차,9월 신입 채용,2026-09-14T17:00:00.000+09:00,426731,브랜드마케팅/디자인 및 아트기획,1,0,False,"134,137,238,132"
105771,현대자동차,9월 신입 채용,2026-09-14T17:00:00.000+09:00,426732,국내생산 경영지원 (아산공장),1,0,False,"127,109,128,103,107"
105771,현대자동차,9월 신입 채용,2026-09-14T17:00:00.000+09:00,426733,국내생산 경영지원 (울산공장),1,0,False,"127,109,128,103,107"
105771,현대자동차,9월 신입 채용,2026-09-14T17:00:00.000+09:00,426734,비즈니스 지원 (일반/건축),1,0,False,"127,128,207,107"
105771,현대자동차,9월 신입 채용,2026-09-14T17:00:00.000+09:00,426735,R&D 경영지원,1,0,False,"127,109,128,103,107"
105771,현대자동차,9월 신입 채용,2026-09-14T17:00:00.000+09:00,426736,안전/환경,1,0,False,"191,192,184"
105771,현대자동차,9월 신입 채용,2026-09-14T17:00:00.000+09:00,426737,안전/환경 (울산공장),1,0,False,"191,192,184"
105771,현대자동차,9월 신입 채용,2026-09-14T17:00:00.000+09:00,426738,안전관리 (전주공장),1,0,False,"191,184"
105771,현대자동차,9월 신입 채용,2026-09-14T17:00:00.000+09:00,426739,재경,1,0,False,"122,106,105"
105771,현대자동차,9월 신입 채용,2026-09-14T17:00:00.000+09:00,426740,재경 (남양연구소),1,0,False,"122,106,105"
105771,현대자동차,9월 신입 채용,2026-09-14T17:00:00.000+09:00,426741,재경 (울산공장),1,0,False,"122,106,105"
105771,현대자동차,9월 신입 채용,2026-09-14T17:00:00.000+09:00,426742,재경 (전주공장),1,0,False,"122,106,105"
105771,현대자동차,9월 신입 채용,2026-09-14T17:00:00.000+09:00,426743,IR,1,0,False,"124,105"
105771,현대자동차,9월 신입 채용,2026-09-14T17:00:00.000+09:00,426744,HR,1,0,False,"115,104"
105771,현대자동차,9월 신입 채용,2026-09-14T17:00:00.000+09:00,426745,HRD 기획/운영,1,0,False,"117,115,260,104"
105771,현대자동차,9월 신입 채용,2026-09-14T17:00:00.000+09:00,426746,R&D 노무관리,1,0,False,"116,115,104"
105771,현대자동차,9월 신입 채용,2026-09-14T17:00:00.000+09:00,426747,노사기획,1,0,False,"116,109,103,104"
105771,현대자동차,9월 신입 채용,2026-09-14T17:00:00.000+09:00,426748,정보보안,1,0,False,"166,257"
105771,현대자동차,9월 신입 채용,2026-09-14T17:00:00.000+09:00,426749,Infra Engineering,1,0,False,"166,164"
105771,현대자동차,9월 신입 채용,2026-09-14T17:00:00.000+09:00,426750,Security Engineering,1,0,False,"166,257"
105771,현대자동차,9월 신입 채용,2026-09-14T17:00:00.000+09:00,426751,SW Development,1,0,False,"176,165,170,162"
105771,현대자동차,9월 신입 채용,2026-09-14T17:00:00.000+09:00,426752,[장애인 신입 특별채용] 노사기획,1,0,False,"116,109,103,104"
105771,현대자동차,9월 신입 채용,2026-09-14T17:00:00.000+09:00,426753,[장애인 신입 특별채용] 비즈니스 지원,1,0,False,"127,128,107"
105771,현대자동차,9월 신입 채용,2026-09-14T17:00:00.000+09:00,426754,[장애인 신입 특별채용] 재경 (전주공장),1,0,False,"122,106,105"
105771,현대자동차,9월 신입 채용,2026-09-14T17:00:00.000+09:00,426755,[장애인 신입 특별채용] PR,1,0,False,"142,143,133"
105771,현대자동차,9월 신입 채용,2026-09-14T17:00:00.000+09:00,426756,[장애인 신입 특별채용] 경영전략,1,0,False,"111,109,103"
105771,현대자동차,9월 신입 채용,2026-09-14T17:00:00.000+09:00,426757,[장애인 신입 특별채용] 국내사업,1,0,False,"110,194,197,103"
105771,현대자동차,9월 신입 채용,2026-09-14T17:00:00.000+09:00,426758,[장애인 신입 특별채용] 글로벌 상용 & LCV 사업,1,0,False,"154,110,112,103,146"
105771,현대자동차,9월 신입 채용,2026-09-14T17:00:00.000+09:00,426759,[장애인 신입 특별채용] 미래사업전략 기획/개발,1,0,False,"112,110,111,103"
105771,현대자동차,9월 신입 채용,2026-09-14T17:00:00.000+09:00,426760,[장애인 신입 특별채용] 상품전략/MI (Market Intelligence),1,0,False,"138,253,137,132"
105771,현대자동차,9월 신입 채용,2026-09-14T17:00:00.000+09:00,426761,[장애인 신입 특별채용] 구매,1,0,False,"157,147"
105771,현대자동차,9월 신입 채용,2026-09-14T17:00:00.000+09:00,426762,[장애인 신입 특별채용] 선행품질 (남양연구소),1,0,False,"189,183"
105771,현대자동차,9월 신입 채용,2026-09-14T17:00:00.000+09:00,426763,[장애인 신입 특별채용] 선행품질 (울산공장),1,0,False,"189,183"
105771,현대자동차,9월 신입 채용,2026-09-14T17:00:00.000+09:00,426764,[장애인 신입 특별채용] 안전품질 전략,1,0,False,"189,191,111,103,183,184"
105771,현대자동차,9월 신입 채용,2026-09-14T17:00:00.000+09:00,426765,[장애인 신입 특별채용] 품질보증 (남양연구소),1,0,False,"189,183"
105771,현대자동차,9월 신입 채용,2026-09-14T17:00:00.000+09:00,426766,[장애인 신입 특별채용] 필드 안전품질,1,0,False,"189,191,183,184"
105776,KT,2026년 대졸신입 채용,2026-09-07T16:00:00.000+09:00,426797,NW 인프라운용,1,333,True,"166,164,180,189,163,183"
105776,KT,2026년 대졸신입 채용,2026-09-07T16:00:00.000+09:00,426798,B2B컨설팅&세일즈,1,387,True,"196,195,197,110,103"
105776,KT,2026년 대졸신입 채용,2026-09-07T16:00:00.000+09:00,426799,B2C마케팅&세일즈,1,379,True,"137,151,194,149,132,145"
105780,LG전자,2026 하반기 신입사원 채용,2026-09-13T23:00:00.000+09:00,426830,HS사업본부_HR,1,191,True,"109,110,111,112,113,114,122,123,124,125,126,134,135,136,137,138,139,140,141,142,143,144,157,158,159,187,188,189,190,185,194,195,196,197,198,199,200,201,227,219,220,221,238,103,105,132,133,147,183,216"
105780,LG전자,2026 하반기 신입사원 채용,2026-09-13T23:00:00.000+09:00,426831,HS사업본부_로봇,1,81,True,"109,110,111,112,113,114,122,123,124,125,126,134,135,136,137,138,139,140,141,142,143,144,157,158,159,175,176,165,171,187,188,189,190,194,195,196,197,198,199,200,201,220,221,238,241,247,248,103,105,132,133,147,162,183"
105780,LG전자,2026 하반기 신입사원 채용,2026-09-13T23:00:00.000+09:00,426832,HS사업본부_기계,1,141,True,"109,110,111,112,113,114,122,123,124,125,126,134,135,136,137,138,139,140,141,142,143,144,157,158,159,165,167,171,187,188,189,190,194,195,196,197,198,199,200,201,226,227,219,220,221,241,103,105,132,133,147,183,216"
105780,LG전자,2026 하반기 신입사원 채용,2026-09-13T23:00:00.000+09:00,426833,HS사업본부_전기전자,1,106,True,"109,110,111,112,113,114,122,123,124,125,126,134,135,136,137,138,139,140,141,142,143,144,157,158,159,187,188,189,190,185,194,195,196,197,198,199,200,201,205,227,230,219,220,103,105,132,133,147,183,216,217"
105780,LG전자,2026 하반기 신입사원 채용,2026-09-13T23:00:00.000+09:00,426834,HS사업본부_Finance,1,97,True,"109,110,111,112,113,114,122,123,124,125,126,134,135,136,137,138,139,140,141,142,143,144,157,158,159,166,167,169,187,188,189,190,185,194,195,196,197,198,199,200,201,227,219,220,103,105,132,133,147,183,216"
105780,LG전자,2026 하반기 신입사원 채용,2026-09-13T23:00:00.000+09:00,426835,MS사업본부_구매,1,69,True,"109,110,111,112,113,114,122,123,124,125,126,134,135,136,137,138,139,140,141,142,143,144,151,157,158,159,149,187,188,189,190,194,195,196,197,198,199,200,201,220,103,105,132,133,145,147,183"
105780,LG전자,2026 하반기 신입사원 채용,2026-09-13T23:00:00.000+09:00,426836,MS사업본부_영업/마케팅,1,265,True,"109,110,111,112,113,114,122,123,124,125,126,134,135,136,137,138,139,140,141,142,143,144,157,158,159,187,188,189,190,194,195,196,197,198,199,200,201,220,103,105,132,133,147,183"
105780,LG전자,2026 하반기 신입사원 채용,2026-09-13T23:00:00.000+09:00,426837,MS사업본부_HR,1,141,True,"109,110,111,112,113,114,115,116,117,118,119,120,121,122,123,124,125,126,134,135,136,137,138,139,140,141,142,143,144,157,158,159,187,188,189,190,194,195,196,197,198,199,200,201,220,103,104,105,132,133,147,183"
105780,LG전자,2026 하반기 신입사원 채용,2026-09-13T23:00:00.000+09:00,426838,MS사업본부_SCM,1,86,True,"109,110,111,112,113,114,122,123,124,125,126,134,135,136,137,138,139,140,141,142,143,144,157,158,159,187,188,189,190,194,195,196,197,198,199,200,201,220,103,105,132,133,147,183"
105780,LG전자,2026 하반기 신입사원 채용,2026-09-13T23:00:00.000+09:00,426839,MS사업본부_기계,1,59,True,"109,110,111,112,113,114,122,123,124,125,126,134,135,136,137,138,139,140,141,142,143,144,157,158,159,187,188,189,190,194,195,196,197,198,199,200,201,205,220,103,105,132,133,147,183"
105780,LG전자,2026 하반기 신입사원 채용,2026-09-13T23:00:00.000+09:00,426840,MS사업본부_전기전자,1,109,True,"109,110,111,112,113,114,122,123,124,125,126,134,135,136,137,138,139,140,141,142,143,144,157,158,159,187,188,189,190,194,195,196,197,198,199,200,201,204,220,103,105,132,133,147,183"
105780,LG전자,2026 하반기 신입사원 채용,2026-09-13T23:00:00.000+09:00,426841,MS사업본부_Finance,1,56,True,"109,110,111,112,113,114,122,123,124,125,126,134,135,136,137,138,139,140,141,142,143,144,157,158,159,187,188,189,190,194,195,196,197,198,199,200,201,220,103,105,132,133,147,183"
105780,LG전자,2026 하반기 신입사원 채용,2026-09-13T23:00:00.000+09:00,426842,MS사업본부_생산,1,82,True,"109,110,111,112,113,114,122,123,124,125,126,134,135,136,137,138,139,140,141,142,143,144,157,158,159,187,188,189,190,194,195,196,197,198,199,200,201,220,103,105,132,133,147,183"
105780,LG전자,2026 하반기 신입사원 채용,2026-09-13T23:00:00.000+09:00,426843,MS사업본부_품질,1,160,True,"109,110,111,112,113,114,122,123,124,125,126,134,135,136,137,138,139,140,141,142,143,144,157,158,159,187,188,189,190,194,195,196,197,198,199,200,201,220,103,105,132,133,147,183"
105780,LG전자,2026 하반기 신입사원 채용,2026-09-13T23:00:00.000+09:00,426844,VS사업본부_사업/전략기획,1,113,True,"109,110,111,112,113,114,122,123,124,125,126,134,135,136,137,138,139,140,141,142,143,144,157,158,159,187,188,189,190,194,195,196,197,198,199,200,201,220,103,105,132,133,147,183"
105780,LG전자,2026 하반기 신입사원 채용,2026-09-13T23:00:00.000+09:00,426845,VS사업본부_구매,1,76,True,"109,110,111,112,113,114,122,123,124,125,126,134,135,136,137,138,139,140,141,142,143,144,157,158,159,187,188,189,190,194,195,196,197,198,199,200,201,220,103,105,132,133,147,183"
105780,LG전자,2026 하반기 신입사원 채용,2026-09-13T23:00:00.000+09:00,426846,VS사업본부_영업/마케팅,1,156,True,"109,110,111,112,113,114,122,123,124,125,126,134,135,136,137,138,139,140,141,142,143,144,157,158,159,187,188,189,190,194,195,196,197,198,199,200,201,220,103,105,132,133,147,183"
105780,LG전자,2026 하반기 신입사원 채용,2026-09-13T23:00:00.000+09:00,426847,VS사업본부_SCM,1,85,True,"109,110,111,112,113,114,122,123,124,125,126,134,135,136,137,138,139,140,141,142,143,144,157,158,159,187,188,189,190,194,195,196,197,198,199,200,201,220,103,105,132,133,147,183"
105780,LG전자,2026 하반기 신입사원 채용,2026-09-13T23:00:00.000+09:00,426848,VS사업본부_Finance,1,60,True,"109,110,111,112,113,114,122,123,124,125,126,134,135,136,137,138,139,140,141,142,143,144,157,158,159,187,188,189,190,194,195,196,197,198,199,200,201,220,103,105,132,133,147,183"
105780,LG전자,2026 하반기 신입사원 채용,2026-09-13T23:00:00.000+09:00,426849,VS사업본부_생산,1,96,True,"109,110,111,112,113,114,122,123,124,125,126,134,135,136,137,138,139,140,141,142,143,144,157,158,159,187,188,189,190,194,195,196,197,198,199,200,201,220,103,105,132,133,147,183"
105780,LG전자,2026 하반기 신입사원 채용,2026-09-13T23:00:00.000+09:00,426850,VS사업본부_품질,1,143,True,"109,110,111,112,113,114,122,123,124,125,126,134,135,136,137,138,139,140,141,142,143,144,157,158,159,187,188,189,190,194,195,196,197,198,199,200,201,220,103,105,132,133,147,183"
105780,LG전자,2026 하반기 신입사원 채용,2026-09-13T23:00:00.000+09:00,426851,ES사업본부_구매,1,33,True,"109,110,111,112,113,114,122,123,124,125,126,134,135,136,137,138,139,140,141,142,143,144,157,158,159,187,188,189,190,194,195,196,197,198,199,200,201,220,103,105,132,133,147,183"
105780,LG전자,2026 하반기 신입사원 채용,2026-09-13T23:00:00.000+09:00,426852,ES사업본부_영업/마케팅,1,77,True,"109,110,111,112,113,114,122,123,124,125,126,134,135,136,137,138,139,140,141,142,143,144,157,158,159,187,188,189,190,194,195,196,197,198,199,200,201,220,103,105,132,133,147,183"
105780,LG전자,2026 하반기 신입사원 채용,2026-09-13T23:00:00.000+09:00,426853,ES사업본부_기계,1,79,True,"109,110,111,112,113,114,122,123,124,125,126,134,135,136,137,138,139,140,141,142,143,144,157,158,159,187,188,189,190,194,195,196,197,198,199,200,201,220,103,105,132,133,147,183"
105780,LG전자,2026 하반기 신입사원 채용,2026-09-13T23:00:00.000+09:00,426854,ES사업본부_전기전자,1,40,True,"109,110,111,112,113,114,122,123,124,125,126,134,135,136,137,138,139,140,141,142,143,144,157,158,159,187,188,189,190,194,195,196,197,198,199,200,201,220,103,105,132,133,147,183"
105780,LG전자,2026 하반기 신입사원 채용,2026-09-13T23:00:00.000+09:00,426855,ES사업본부_Finance,1,59,True,"109,110,111,112,113,114,122,123,124,125,126,134,135,136,137,138,139,140,141,142,143,144,157,158,159,187,188,189,190,194,195,196,197,198,199,200,201,220,103,105,132,133,147,183"
105780,LG전자,2026 하반기 신입사원 채용,2026-09-13T23:00:00.000+09:00,426856,한국영업본부_영업/마케팅,1,269,True,"109,110,111,112,113,114,122,123,124,125,126,134,135,136,137,138,139,140,141,142,143,144,157,158,159,187,188,189,190,194,195,196,197,198,199,200,201,220,103,105,132,133,147,183"
105780,LG전자,2026 하반기 신입사원 채용,2026-09-13T23:00:00.000+09:00,426857,생산기술원_로봇,1,72,True,"109,110,111,112,113,114,122,123,124,125,126,134,135,136,137,138,139,140,141,142,143,144,157,158,159,187,188,189,190,194,195,196,197,198,199,200,201,220,103,105,132,133,147,183"
105780,LG전자,2026 하반기 신입사원 채용,2026-09-13T23:00:00.000+09:00,426858,생산기술원_기계,1,71,True,"109,110,111,112,113,114,122,123,124,125,126,134,135,136,137,138,139,140,141,142,143,144,157,158,159,187,188,189,190,194,195,196,197,198,199,200,201,220,103,105,132,133,147,183"
105780,LG전자,2026 하반기 신입사원 채용,2026-09-13T23:00:00.000+09:00,426859,생산기술원_생산기술,1,191,True,"109,110,111,112,113,114,122,123,124,125,126,134,135,136,137,138,139,140,141,142,143,144,157,158,159,187,188,189,190,194,195,196,197,198,199,200,201,220,103,105,132,133,147,183"
105780,LG전자,2026 하반기 신입사원 채용,2026-09-13T23:00:00.000+09:00,426860,생산기술원_전기전자,1,69,True,"109,110,111,112,113,114,122,123,124,125,126,134,135,136,137,138,139,140,141,142,143,144,157,158,159,187,188,189,190,194,195,196,197,198,199,200,201,220,103,105,132,133,147,183"
105798,금호석유화학그룹,2026 하반기 신입사원 공개채용,2026-09-11T23:59:00.000+09:00,426908,기업집단_금호석유화학,1,1,True,108
105798,금호석유화학그룹,2026 하반기 신입사원 공개채용,2026-09-11T23:59:00.000+09:00,426909,인사/총무_금호석유화학,1,3,True,"115,120,104"
105798,금호석유화학그룹,2026 하반기 신입사원 공개채용,2026-09-11T23:59:00.000+09:00,426910,인사/총무_금호폴리켐,1,2,True,"128,107"
105798,금호석유화학그룹,2026 하반기 신입사원 공개채용,2026-09-11T23:59:00.000+09:00,426911,재무/회계_금호폴리켐,1,5,True,"123,106,105"
105798,금호석유화학그룹,2026 하반기 신입사원 공개채용,2026-09-11T23:59:00.000+09:00,426912,자금_금호미쓰이화학,1,2,True,"122,106,105"
105798,금호석유화학그룹,2026 하반기 신입사원 공개채용,2026-09-11T23:59:00.000+09:00,426913,원가_금호피앤비화학,1,2,True,106
105798,금호석유화학그룹,2026 하반기 신입사원 공개채용,2026-09-11T23:59:00.000+09:00,426914,연구지원_금호폴리켐,1,4,True,"113,127,103,107"
105798,금호석유화학그룹,2026 하반기 신입사원 공개채용,2026-09-11T23:59:00.000+09:00,426915,영업지원_금호석유화학,1,4,True,"155,197,146"
105798,금호석유화학그룹,2026 하반기 신입사원 공개채용,2026-09-11T23:59:00.000+09:00,426916,영업기획_금호미쓰이화학,1,8,True,"137,197,132"
105798,금호석유화학그룹,2026 하반기 신입사원 공개채용,2026-09-11T23:59:00.000+09:00,426917,해외영업_금호석유화학,1,4,True,"154,146"
105798,금호석유화학그룹,2026 하반기 신입사원 공개채용,2026-09-11T23:59:00.000+09:00,426939,해외영업_금호미쓰이화학,1,0,True,"154,146"
105798,금호석유화학그룹,2026 하반기 신입사원 공개채용,2026-09-11T23:59:00.000+09:00,426918,해외영업_금호폴리켐,1,1,True,"154,146"
105798,금호석유화학그룹,2026 하반기 신입사원 공개채용,2026-09-11T23:59:00.000+09:00,426919,해외/국내영업_금호개발상사,1,3,True,"154,194,146"
105798,금호석유화학그룹,2026 하반기 신입사원 공개채용,2026-09-11T23:59:00.000+09:00,426920,국내영업_금호석유화학,1,0,True,194
105798,금호석유화학그룹,2026 하반기 신입사원 공개채용,2026-09-11T23:59:00.000+09:00,426921,국내영업_금호미쓰이화학,1,1,True,194
105798,금호석유화학그룹,2026 하반기 신입사원 공개채용,2026-09-11T23:59:00.000+09:00,426922,생산_금호석유화학(울산),1,6,True,"187,185,183"
105798,금호석유화학그룹,2026 하반기 신입사원 공개채용,2026-09-11T23:59:00.000+09:00,426940,생산_금호석유화학(여수),1,5,True,"187,185,183"
105798,금호석유화학그룹,2026 하반기 신입사원 공개채용,2026-09-11T23:59:00.000+09:00,426923,생산_금호미쓰이화학,1,3,True,"187,185,183"
105798,금호석유화학그룹,2026 하반기 신입사원 공개채용,2026-09-11T23:59:00.000+09:00,426924,품질보증_금호미쓰이화학,1,1,True,"160,189,183"
105798,금호석유화학그룹,2026 하반기 신입사원 공개채용,2026-09-11T23:59:00.000+09:00,426925,품질보증_금호폴리켐,1,2,True,"160,189,183"
105798,금호석유화학그룹,2026 하반기 신입사원 공개채용,2026-09-11T23:59:00.000+09:00,426926,환경_금호석유화학,1,3,True,"192,231,184,217"
105798,금호석유화학그룹,2026 하반기 신입사원 공개채용,2026-09-11T23:59:00.000+09:00,426927,안전_금호석유화학,1,2,True,"191,184"
105798,금호석유화학그룹,2026 하반기 신입사원 공개채용,2026-09-11T23:59:00.000+09:00,426928,안전_금호폴리켐,1,1,True,"191,184"
105798,금호석유화학그룹,2026 하반기 신입사원 공개채용,2026-09-11T23:59:00.000+09:00,426929,에너지발전_금호석유화학,1,5,True,"230,217"
105798,금호석유화학그룹,2026 하반기 신입사원 공개채용,2026-09-11T23:59:00.000+09:00,426930,설비(기계/배관)_금호티앤엘,1,2,True,"186,227,216"
105798,금호석유화학그룹,2026 하반기 신입사원 공개채용,2026-09-11T23:59:00.000+09:00,426931,고무연구개발(SSBR)_금호석유화학,1,2,True,"229,217"
105798,금호석유화학그룹,2026 하반기 신입사원 공개채용,2026-09-11T23:59:00.000+09:00,426932,고무 연구개발(솔루션)_금호석유화학,1,1,True,"229,217"
105798,금호석유화학그룹,2026 하반기 신입사원 공개채용,2026-09-11T23:59:00.000+09:00,426933,수지 연구개발(수지 Comp.)_금호석유화학,1,2,True,"229,217"
105798,금호석유화학그룹,2026 하반기 신입사원 공개채용,2026-09-11T23:59:00.000+09:00,426934,수지개발_금호피앤비화학,1,4,True,"229,217"
105798,금호석유화학그룹,2026 하반기 신입사원 공개채용,2026-09-11T23:59:00.000+09:00,426935,신소재연구개발_금호피앤비화학,1,3,True,"229,217"
105798,금호석유화학그룹,2026 하반기 신입사원 공개채용,2026-09-11T23:59:00.000+09:00,426936,MDI연구(PU 응용제품 개발)_금호미쓰이화학,1,0,True,"229,217"
105798,금호석유화학그룹,2026 하반기 신입사원 공개채용,2026-09-11T23:59:00.000+09:00,426937,MDI연구(경질 폼 개발)_금호미쓰이화학,1,0,True,"229,217"
105798,금호석유화학그룹,2026 하반기 신입사원 공개채용,2026-09-11T23:59:00.000+09:00,426938,MDI연구(MDI 분석)_금호미쓰이화학,1,0,True,"229,217"
105829,한화에어로스페이스,2026년 하반기 대규모 신입사원 채용,2026-09-20T23:59:00.000+09:00,427071,"R&D, 제조/생산기술, 품질, 구매, 사업개발, 경영지원 등 채용 예정",1,0,False,"227,220,221,222,224,226,216"
105832,현대비앤지스틸,대졸 신입사원 채용,2026-09-04T23:00:00.000+09:00,427074,경영기획,1,178,True,"109,111,110,113,122,103,105"
105852,현대카드/현대커머셜,2026 신입 인재 모집,2026-09-14T10:00:00.000+09:00,427140,General,1,0,False,"138,137,134,196,197,109,122,124,115,142,103,104,105,132,133"
105855,쎄트렉아이,2026 하반기 신입 채용 SIFUTURE-SHIP 모집,2026-09-15T23:59:00.000+09:00,427161,(학사)SW-임베디드,1,0,False,"169,164,165"
105855,쎄트렉아이,2026 하반기 신입 채용 SIFUTURE-SHIP 모집,2026-09-15T23:59:00.000+09:00,427162,(학사)SW-지상국,1,0,False,"164,165,176,162"
105855,쎄트렉아이,2026 하반기 신입 채용 SIFUTURE-SHIP 모집,2026-09-15T23:59:00.000+09:00,427163,(학사)SW-궤도역학,1,0,False,"164,165,224"
105855,쎄트렉아이,2026 하반기 신입 채용 SIFUTURE-SHIP 모집,2026-09-15T23:59:00.000+09:00,427164,(학사)SW-신뢰성 시험,1,0,False,"160,189,183"
105855,쎄트렉아이,2026 하반기 신입 채용 SIFUTURE-SHIP 모집,2026-09-15T23:59:00.000+09:00,427165,(학사)HW-추진,1,0,False,"224,227,220,216"
105855,쎄트렉아이,2026 하반기 신입 채용 SIFUTURE-SHIP 모집,2026-09-15T23:59:00.000+09:00,427166,(학사)HW-전자,1,0,False,"220,169,224"
105855,쎄트렉아이,2026 하반기 신입 채용 SIFUTURE-SHIP 모집,2026-09-15T23:59:00.000+09:00,427167,(학사)HW-전력,1,0,False,"220,230,224,217"
105855,쎄트렉아이,2026 하반기 신입 채용 SIFUTURE-SHIP 모집,2026-09-15T23:59:00.000+09:00,427168,(학사)HW-구조,1,0,False,"227,224,219,216"
105855,쎄트렉아이,2026 하반기 신입 채용 SIFUTURE-SHIP 모집,2026-09-15T23:59:00.000+09:00,427169,(학사)HW-임베디드,1,0,False,"169,220,224"
105855,쎄트렉아이,2026 하반기 신입 채용 SIFUTURE-SHIP 모집,2026-09-15T23:59:00.000+09:00,427170,(석/박사)SW-비행제어,1,0,False,"164,165,220,224"
105855,쎄트렉아이,2026 하반기 신입 채용 SIFUTURE-SHIP 모집,2026-09-15T23:59:00.000+09:00,427171,(석/박사)HW-RF,1,0,False,"222,220,224"
105855,쎄트렉아이,2026 하반기 신입 채용 SIFUTURE-SHIP 모집,2026-09-15T23:59:00.000+09:00,427172,(석/박사)관리직-품질,1,0,False,"189,160,183"
105856,어플라이드 머티어리얼즈 코리아,신입 채용,2026-09-09T17:00:00.000+09:00,427173,AGS Account Sales- Semiconductor Service Business (반도체 서비스 영업),1,115,True,"194,195,196,197"
105856,어플라이드 머티어리얼즈 코리아,신입 채용,2026-09-09T17:00:00.000+09:00,427174,Application Engineer (반도체 기술 솔루션 엔지니어),1,447,True,"180,221,195,220,163"
105856,어플라이드 머티어리얼즈 코리아,신입 채용,2026-09-09T17:00:00.000+09:00,427175,Non-Technical Project/Program Management (FabVantage Team) (비즈니스 운영 지원),1,136,True,"110,109,197,127,103,107"
105856,어플라이드 머티어리얼즈 코리아,신입 채용,2026-09-09T17:00:00.000+09:00,427176,Meso Vision Algorithm Developer (반도체 계측장비 알고리즘 개발자),1,16,True,"167,221,180,220,163"
105856,어플라이드 머티어리얼즈 코리아,신입 채용,2026-09-09T17:00:00.000+09:00,427177,Metrology Algorithm Developer (반도체 계측장비 알고리즘 개발자),1,7,True,"167,221,180,220,163"
105857,LG생활건강,2026년 하반기 신입사원 채용,2026-09-13T23:00:00.000+09:00,427178,뷰티마케팅,1,0,False,"134,137,138,132"
105857,LG생활건강,2026년 하반기 신입사원 채용,2026-09-13T23:00:00.000+09:00,427179,국내영업,1,0,False,"194,197,151,145"
105857,LG생활건강,2026년 하반기 신입사원 채용,2026-09-13T23:00:00.000+09:00,427180,해외영업(동남아&EMEA),1,0,False,"154,155,136,132,146"
105857,LG생활건강,2026년 하반기 신입사원 채용,2026-09-13T23:00:00.000+09:00,427181,회계/세무,1,0,False,"106,123,122,125,105"
105857,LG생활건강,2026년 하반기 신입사원 채용,2026-09-13T23:00:00.000+09:00,427182,생산관리,1,0,False,"187,188,152,145,183"
105857,LG생활건강,2026년 하반기 신입사원 채용,2026-09-13T23:00:00.000+09:00,427183,물류관리,1,0,False,"150,152,151,145"
105868,다우기술,경력·신입 대규모 인재영입,2026-09-10T18:00:00.000+09:00,427266,AI 개발,2,1,True,"180,167,163"
105868,다우기술,경력·신입 대규모 인재영입,2026-09-10T18:00:00.000+09:00,427267,Web Application PM/PL,2,1,True,"110,171,103"
105868,다우기술,경력·신입 대규모 인재영입,2026-09-10T18:00:00.000+09:00,427268,메일 시스템 서버 개발,2,0,True,"176,164,162"
105868,다우기술,경력·신입 대규모 인재영입,2026-09-10T18:00:00.000+09:00,427269,증권 퇴직연금 시스템 개발,2,0,True,"176,170,162"
105868,다우기술,경력·신입 대규모 인재영입,2026-09-10T18:00:00.000+09:00,427270,HTS 채널 개발,2,0,True,"176,165,162"
105868,다우기술,경력·신입 대규모 인재영입,2026-09-10T18:00:00.000+09:00,427271,MTS 채널 개발,2,0,True,"172,173,161"
105868,다우기술,경력·신입 대규모 인재영입,2026-09-10T18:00:00.000+09:00,427272,AI 보안 엔지니어,2,0,True,"166,167"
105868,다우기술,경력·신입 대규모 인재영입,2026-09-10T18:00:00.000+09:00,427273,정보보호관리,2,0,True,"166,257"
105868,다우기술,경력·신입 대규모 인재영입,2026-09-10T18:00:00.000+09:00,427274,금융 데이터 아키텍트 (DA),2,0,True,"179,181,163"
105868,다우기술,경력·신입 대규모 인재영입,2026-09-10T18:00:00.000+09:00,427275,증권 품질 관리,2,0,True,"160,189,183"
105868,다우기술,경력·신입 대규모 인재영입,2026-09-10T18:00:00.000+09:00,427276,전략 기획,2,0,True,"109,111,103"
105868,다우기술,경력·신입 대규모 인재영입,2026-09-10T18:00:00.000+09:00,427277,커머스 플랫폼 사업 개발,2,0,True,"110,112,103"
105868,다우기술,경력·신입 대규모 인재영입,2026-09-10T18:00:00.000+09:00,427278,커머스 플랫폼 서비스 운영,2,0,True,"197,200"
105868,다우기술,경력·신입 대규모 인재영입,2026-09-10T18:00:00.000+09:00,427279,커머스 플랫폼 서비스 마케팅,2,0,True,"136,137,132"
105868,다우기술,경력·신입 대규모 인재영입,2026-09-10T18:00:00.000+09:00,427280,커머스 개인화 마케팅 솔루션 CRM 마케팅,2,0,True,"136,137,132"
105868,다우기술,경력·신입 대규모 인재영입,2026-09-10T18:00:00.000+09:00,427281,커머스 플랫폼 서비스 영업,2,0,True,"195,196"
105868,다우기술,경력·신입 대규모 인재영입,2026-09-10T18:00:00.000+09:00,427282,커머스 물류 솔루션 영업,2,0,True,"150,196,145"
105868,다우기술,경력·신입 대규모 인재영입,2026-09-10T18:00:00.000+09:00,427283,Biz Application HR 서비스 영업,2,0,True,"195,196"
105868,다우기술,경력·신입 대규모 인재영입,2026-09-10T18:00:00.000+09:00,427284,데이터센터 기계설비 담당,2,0,True,"186,205"
105868,다우기술,경력·신입 대규모 인재영입,2026-09-10T18:00:00.000+09:00,427285,데이터센터 사업관리 및 전기설비 담당,2,0,True,"202,204"
105868,다우기술,경력·신입 대규모 인재영입,2026-09-10T18:00:00.000+09:00,427286,법무 관리,2,0,True,"108,255"
105868,다우기술,경력·신입 대규모 인재영입,2026-09-10T18:00:00.000+09:00,427287,세무 관리,2,0,True,"123,256,105"
105868,다우기술,경력·신입 대규모 인재영입,2026-09-10T18:00:00.000+09:00,427288,IT 구매 및 자산 관리,2,0,True,"128,157,107,147"
105868,다우기술,경력·신입 대규모 인재영입,2026-09-10T18:00:00.000+09:00,427289,금융/증권 IT 개발,1,6,True,"176,167,170,162"
105868,다우기술,경력·신입 대규모 인재영입,2026-09-10T18:00:00.000+09:00,427309,AI 개발,1,1,True,167
105868,다우기술,경력·신입 대규모 인재영입,2026-09-10T18:00:00.000+09:00,427290,데이터센터 네트워크 엔지니어,1,0,True,"166,222"
105868,다우기술,경력·신입 대규모 인재영입,2026-09-10T18:00:00.000+09:00,427291,데이터센터 시스템 엔지니어,1,1,True,"164,166"
105868,다우기술,경력·신입 대규모 인재영입,2026-09-10T18:00:00.000+09:00,427292,데이터센터 개발 및 영업,1,0,True,"110,195,103"
105868,다우기술,경력·신입 대규모 인재영입,2026-09-10T18:00:00.000+09:00,427310,법무 관리,1,0,True,108
105868,다우기술,경력·신입 대규모 인재영입,2026-09-10T18:00:00.000+09:00,427293,부동산 관리,1,0,True,"127,128,107"
105871,우리은행,2026년 하반기 신입행원 채용,2026-09-08T14:00:00.000+09:00,427322,기업금융,1,657,True,"196,194,201"
105871,우리은행,2026년 하반기 신입행원 채용,2026-09-08T14:00:00.000+09:00,427323,개인금융,1,551,True,"194,201,210,211"
105871,우리은행,2026년 하반기 신입행원 채용,2026-09-08T14:00:00.000+09:00,427324,우리 투게더,1,44,True,"194,196,201,210"
105871,우리은행,2026년 하반기 신입행원 채용,2026-09-08T14:00:00.000+09:00,427325,IT개발,1,300,True,"176,175,173,172,170,171,161,162"
105871,우리은행,2026년 하반기 신입행원 채용,2026-09-08T14:00:00.000+09:00,427326,정보보호,1,26,True,"166,257"
105871,우리은행,2026년 하반기 신입행원 채용,2026-09-08T14:00:00.000+09:00,427327,변호사,1,1,True,"108,255"
105871,우리은행,2026년 하반기 신입행원 채용,2026-09-08T14:00:00.000+09:00,427328,회계사,1,16,True,"106,122,256,105"
105871,우리은행,2026년 하반기 신입행원 채용,2026-09-08T14:00:00.000+09:00,427329,세무사,1,7,True,"123,256,105"
105871,우리은행,2026년 하반기 신입행원 채용,2026-09-08T14:00:00.000+09:00,427330,통역 전문가,1,2,True,254
105871,우리은행,2026년 하반기 신입행원 채용,2026-09-08T14:00:00.000+09:00,427331,글로벌,1,40,True,"154,155,196,112,103,146"
105871,우리은행,2026년 하반기 신입행원 채용,2026-09-08T14:00:00.000+09:00,427332,보훈 (사무지원직군),1,0,True,"127,130,197,107"
105878,LG에너지솔루션,2026년 하반기(9월) 신입사원 수시채용,2026-09-10T23:00:00.000+09:00,427350,자동차전지사업부 Cell개발(각형전지),1,34,True,"221,234,227,216,218"
105878,LG에너지솔루션,2026년 하반기(9월) 신입사원 수시채용,2026-09-10T23:00:00.000+09:00,427351,자동차전지사업부 Cell개발(각형전지)_부품,1,11,True,"221,227,219,216"
105878,LG에너지솔루션,2026년 하반기(9월) 신입사원 수시채용,2026-09-10T23:00:00.000+09:00,427352,자동차전지사업부 Cell개발(각형전지)_시뮬레이션/모델링,1,8,True,"221,167,227,216"
105878,LG에너지솔루션,2026년 하반기(9월) 신입사원 수시채용,2026-09-10T23:00:00.000+09:00,427353,자동차전지사업부 Cell개발,1,17,True,"221,234,227,216,218"
105878,LG에너지솔루션,2026년 하반기(9월) 신입사원 수시채용,2026-09-10T23:00:00.000+09:00,427354,자동차전지사업부 Pack개발,1,13,True,"221,227,220,216"
105878,LG에너지솔루션,2026년 하반기(9월) 신입사원 수시채용,2026-09-10T23:00:00.000+09:00,427355,자동차전지사업부 Pack용접설계,1,8,True,"219,227,221,216"
105878,LG에너지솔루션,2026년 하반기(9월) 신입사원 수시채용,2026-09-10T23:00:00.000+09:00,427356,자동차전지사업부 영업마케팅,1,118,True,"194,137,196,132"
105878,LG에너지솔루션,2026년 하반기(9월) 신입사원 수시채용,2026-09-10T23:00:00.000+09:00,427357,소형전지사업부 원통형Cell개발,1,17,True,"221,234,227,216,218"
105878,LG에너지솔루션,2026년 하반기(9월) 신입사원 수시채용,2026-09-10T23:00:00.000+09:00,427358,소형전지사업부 원통형Pack개발,1,4,True,"221,227,220,216"
105878,LG에너지솔루션,2026년 하반기(9월) 신입사원 수시채용,2026-09-10T23:00:00.000+09:00,427359,소형전지사업부 선행공정기술_생산운영,1,16,True,"187,188,185,183"
105878,LG에너지솔루션,2026년 하반기(9월) 신입사원 수시채용,2026-09-10T23:00:00.000+09:00,427360,소형전지사업부 마케팅,1,47,True,"137,134,136,132"
105878,LG에너지솔루션,2026년 하반기(9월) 신입사원 수시채용,2026-09-10T23:00:00.000+09:00,427361,ESS전지사업부 BMS HW개발,1,4,True,"169,220,221"
105878,LG에너지솔루션,2026년 하반기(9월) 신입사원 수시채용,2026-09-10T23:00:00.000+09:00,427362,ESS전지사업부 BMS SW개발,1,18,True,"165,176,169,162"
105878,LG에너지솔루션,2026년 하반기(9월) 신입사원 수시채용,2026-09-10T23:00:00.000+09:00,427363,ESS전지사업부 Cell개발,1,15,True,"221,234,230,217,218"
105878,LG에너지솔루션,2026년 하반기(9월) 신입사원 수시채용,2026-09-10T23:00:00.000+09:00,427364,ESS전지사업부 Pack개발,1,8,True,"221,227,220,216"
105878,LG에너지솔루션,2026년 하반기(9월) 신입사원 수시채용,2026-09-10T23:00:00.000+09:00,427365,ESS전지사업부 System개발,1,5,True,"164,165,220"
105878,LG에너지솔루션,2026년 하반기(9월) 신입사원 수시채용,2026-09-10T23:00:00.000+09:00,427366,CPO 생산운영(Cell),1,30,True,"187,185,188,183"
105878,LG에너지솔루션,2026년 하반기(9월) 신입사원 수시채용,2026-09-10T23:00:00.000+09:00,427367,CPO 설비관리(Cell),1,12,True,"186,185,227,216"
105878,LG에너지솔루션,2026년 하반기(9월) 신입사원 수시채용,2026-09-10T23:00:00.000+09:00,427368,CPO 설비관리(전극),1,11,True,"186,185,227,216"
105878,LG에너지솔루션,2026년 하반기(9월) 신입사원 수시채용,2026-09-10T23:00:00.000+09:00,427369,CPO 생산운영(전극),1,14,True,"187,185,188,183"
105878,LG에너지솔루션,2026년 하반기(9월) 신입사원 수시채용,2026-09-10T23:00:00.000+09:00,427370,생산기술혁신센터 검사기술(전극),1,16,True,"189,160,185,183"
105878,LG에너지솔루션,2026년 하반기(9월) 신입사원 수시채용,2026-09-10T23:00:00.000+09:00,427371,생산기술혁신센터 공정기술(전극),1,43,True,"188,185,187,183"
105878,LG에너지솔루션,2026년 하반기(9월) 신입사원 수시채용,2026-09-10T23:00:00.000+09:00,427372,생산기술혁신센터 설비기술(전극),1,6,True,"186,185,227,216"
105878,LG에너지솔루션,2026년 하반기(9월) 신입사원 수시채용,2026-09-10T23:00:00.000+09:00,427373,생산기술혁신센터 검사기술(원통형),1,12,True,"189,160,185,183"
105878,LG에너지솔루션,2026년 하반기(9월) 신입사원 수시채용,2026-09-10T23:00:00.000+09:00,427374,생산기술혁신센터 공정기술(원통형),1,18,True,"188,185,187,183"
105878,LG에너지솔루션,2026년 하반기(9월) 신입사원 수시채용,2026-09-10T23:00:00.000+09:00,427375,생산기술혁신센터 설비기술(원통형),1,8,True,"186,185,227,216"
105878,LG에너지솔루션,2026년 하반기(9월) 신입사원 수시채용,2026-09-10T23:00:00.000+09:00,427376,생산기술혁신센터 요소기술(원통형DE),1,24,True,"221,227,185,216"
105878,LG에너지솔루션,2026년 하반기(9월) 신입사원 수시채용,2026-09-10T23:00:00.000+09:00,427377,생산기술혁신센터 원통형DX,1,18,True,"180,179,167,163"
105878,LG에너지솔루션,2026년 하반기(9월) 신입사원 수시채용,2026-09-10T23:00:00.000+09:00,427378,생산기술혁신센터 제품기술(원통형),1,5,True,"221,227,185,216"
105878,LG에너지솔루션,2026년 하반기(9월) 신입사원 수시채용,2026-09-10T23:00:00.000+09:00,427379,생산기술혁신센터 공정기술(Pack),1,14,True,"188,185,187,183"
105878,LG에너지솔루션,2026년 하반기(9월) 신입사원 수시채용,2026-09-10T23:00:00.000+09:00,427380,"생산기술혁신센터 설비기술(Pack, 제어)",1,6,True,"186,220,185"
105878,LG에너지솔루션,2026년 하반기(9월) 신입사원 수시채용,2026-09-10T23:00:00.000+09:00,427381,생산기술혁신센터 제조지능화(디지털트윈),1,4,True,"167,180,179,163"
105878,LG에너지솔루션,2026년 하반기(9월) 신입사원 수시채용,2026-09-10T23:00:00.000+09:00,427382,생산기술혁신센터 제조지능화(로봇),1,12,True,"227,220,167,216"
105878,LG에너지솔루션,2026년 하반기(9월) 신입사원 수시채용,2026-09-10T23:00:00.000+09:00,427383,생산기술혁신센터 제조지능화(원격),1,7,True,"166,167,164"
105878,LG에너지솔루션,2026년 하반기(9월) 신입사원 수시채용,2026-09-10T23:00:00.000+09:00,427384,생산기술혁신센터 공무/생산인프라(에너지),1,21,True,"230,186,185,217"
105878,LG에너지솔루션,2026년 하반기(9월) 신입사원 수시채용,2026-09-10T23:00:00.000+09:00,427385,생산기술혁신센터 설비기술(FA),1,8,True,"186,220,185"
105878,LG에너지솔루션,2026년 하반기(9월) 신입사원 수시채용,2026-09-10T23:00:00.000+09:00,427386,CTO Cell기반기술,1,1,True,"221,234,229,217,218"
105878,LG에너지솔루션,2026년 하반기(9월) 신입사원 수시채용,2026-09-10T23:00:00.000+09:00,427387,CTO 선행공정기술,1,10,True,"188,221,229,183,217"
105878,LG에너지솔루션,2026년 하반기(9월) 신입사원 수시채용,2026-09-10T23:00:00.000+09:00,427388,CTO 소재개발AX,1,12,True,"229,234,221,217,218"
105878,LG에너지솔루션,2026년 하반기(9월) 신입사원 수시채용,2026-09-10T23:00:00.000+09:00,427389,CTO 소재기술,1,15,True,"229,234,221,217,218"
105878,LG에너지솔루션,2026년 하반기(9월) 신입사원 수시채용,2026-09-10T23:00:00.000+09:00,427390,CTO 양극재기술,1,10,True,"229,234,221,217,218"
105878,LG에너지솔루션,2026년 하반기(9월) 신입사원 수시채용,2026-09-10T23:00:00.000+09:00,427391,CTO AI진단솔루션개발,1,19,True,"167,176,180,162,163"
105878,LG에너지솔루션,2026년 하반기(9월) 신입사원 수시채용,2026-09-10T23:00:00.000+09:00,427392,CTO BMS_HW개발,1,8,True,"169,220,221"
105878,LG에너지솔루션,2026년 하반기(9월) 신입사원 수시채용,2026-09-10T23:00:00.000+09:00,427393,CTO BMS_SOX 알고리즘 설계,1,6,True,"165,167,180,163"
105878,LG에너지솔루션,2026년 하반기(9월) 신입사원 수시채용,2026-09-10T23:00:00.000+09:00,427394,CTO BMS_SW개발,1,14,True,"165,176,169,162"
105878,LG에너지솔루션,2026년 하반기(9월) 신입사원 수시채용,2026-09-10T23:00:00.000+09:00,427395,CTO Data Engineering,1,9,True,"179,180,181,163"
105878,LG에너지솔루션,2026년 하반기(9월) 신입사원 수시채용,2026-09-10T23:00:00.000+09:00,427396,CTO Pack선행개발,1,14,True,"221,227,220,216"
105878,LG에너지솔루션,2026년 하반기(9월) 신입사원 수시채용,2026-09-10T23:00:00.000+09:00,427397,CTO 구조 시뮬레이션,1,2,True,"227,219,221,216"
105878,LG에너지솔루션,2026년 하반기(9월) 신입사원 수시채용,2026-09-10T23:00:00.000+09:00,427398,CTO 열유동 시뮬레이션(안전성),1,3,True,"227,221,191,184,216"
105878,LG에너지솔루션,2026년 하반기(9월) 신입사원 수시채용,2026-09-10T23:00:00.000+09:00,427399,CTO 열유동 시뮬레이션(전지),1,3,True,"227,221,229,216,217"
105878,LG에너지솔루션,2026년 하반기(9월) 신입사원 수시채용,2026-09-10T23:00:00.000+09:00,427400,CTO 진단기술개발,1,6,True,"167,180,221,163"
105878,LG에너지솔루션,2026년 하반기(9월) 신입사원 수시채용,2026-09-10T23:00:00.000+09:00,427401,CTO 전장부품설계,1,12,True,"220,219,221"
105878,LG에너지솔루션,2026년 하반기(9월) 신입사원 수시채용,2026-09-10T23:00:00.000+09:00,427402,CTO 차세대전지 개발(소듐이온전지),1,6,True,"221,234,229,217,218"
105878,LG에너지솔루션,2026년 하반기(9월) 신입사원 수시채용,2026-09-10T23:00:00.000+09:00,427403,CTO 차세대전지 생산운영,1,8,True,"187,185,221,183"
105878,LG에너지솔루션,2026년 하반기(9월) 신입사원 수시채용,2026-09-10T23:00:00.000+09:00,427404,CTO 특허 분석/개발/관리,1,18,True,"255,108,113,103"
105879,롯데백화점,신입사원 채용 [일반전형],2026-09-10T18:00:00.000+09:00,427405,영업점 통합직무,1,623,True,"194,149,138,197,132"
105898,현대모비스,2026년 하반기 신입 채용,2026-09-10T11:00:00.000+09:00,427554,전동화/모듈BU_HW_구동모터 설계,1,38,True,"227,219,216"
105898,현대모비스,2026년 하반기 신입 채용,2026-09-10T11:00:00.000+09:00,427555,전동화/모듈BU_HW_배터리 안전기술 개발,1,26,True,"229,230,217"
105898,현대모비스,2026년 하반기 신입 채용,2026-09-10T11:00:00.000+09:00,427556,전동화/모듈BU_HW_전력변환시스템 개발,1,15,True,"220,230,217"
105898,현대모비스,2026년 하반기 신입 채용,2026-09-10T11:00:00.000+09:00,427557,전동화/모듈BU_HW_샤시/PE모듈설계,1,19,True,"227,219,216"
105898,현대모비스,2026년 하반기 신입 채용,2026-09-10T11:00:00.000+09:00,427558,전동화/모듈BU_HW_칵핏모듈 설계,1,19,True,"227,219,216"
105898,현대모비스,2026년 하반기 신입 채용,2026-09-10T11:00:00.000+09:00,427559,전동화/모듈BU_SW/로직_전동화 BSW 및 CDD 개발,1,8,True,"165,176,162"
105898,현대모비스,2026년 하반기 신입 채용,2026-09-10T11:00:00.000+09:00,427560,전동화/모듈BU_SW/로직_EV/HEV용 컨버터 SW 개발,1,2,True,"165,220"
105898,현대모비스,2026년 하반기 신입 채용,2026-09-10T11:00:00.000+09:00,427561,전동화/모듈BU_SW/로직_컨버터 제어개발,1,3,True,"165,176,162"
105898,현대모비스,2026년 하반기 신입 채용,2026-09-10T11:00:00.000+09:00,427562,전동화/모듈BU_HW_인휠모터 기구설계,1,12,True,"227,219,216"
105898,현대모비스,2026년 하반기 신입 채용,2026-09-10T11:00:00.000+09:00,427563,전동화/모듈BU_공통R&D_BSA 시작개발,1,6,True,"227,219,216"
105898,현대모비스,2026년 하반기 신입 채용,2026-09-10T11:00:00.000+09:00,427564,전동화/모듈BU_공통R&D_감속기 시작개발,1,10,True,"227,219,216"
105898,현대모비스,2026년 하반기 신입 채용,2026-09-10T11:00:00.000+09:00,427565,전동화/모듈BU_공통R&D_글로벌 BOM 운영,1,19,True,"127,109,103,107"
105898,현대모비스,2026년 하반기 신입 채용,2026-09-10T11:00:00.000+09:00,427566,전동화/모듈BU_공통R&D_칵핏모듈 선행개발,1,11,True,"227,219,216"
105898,현대모비스,2026년 하반기 신입 채용,2026-09-10T11:00:00.000+09:00,427567,전동화/모듈BU_공통R&D_모듈제품 시작검증,1,16,True,"160,189,183"
105898,현대모비스,2026년 하반기 신입 채용,2026-09-10T11:00:00.000+09:00,427568,전동화/모듈BU_기획_사업전략기획,1,17,True,"112,110,103"
105898,현대모비스,2026년 하반기 신입 채용,2026-09-10T11:00:00.000+09:00,427569,전동화/모듈BU_생산_생산물류 관리,1,53,True,"150,187,145,183"
105898,현대모비스,2026년 하반기 신입 채용,2026-09-10T11:00:00.000+09:00,427570,전동화/모듈BU_생산_해외법인 운영지원,1,14,True,"127,109,103,107"
105898,현대모비스,2026년 하반기 신입 채용,2026-09-10T11:00:00.000+09:00,427571,전동화/모듈BU_영업/마케팅_칵핏모듈 영업,1,17,True,"194,196"
105898,현대모비스,2026년 하반기 신입 채용,2026-09-10T11:00:00.000+09:00,427572,전동화/모듈BU_영업/마케팅_PE시스템 영업,1,13,True,"194,196"
105898,현대모비스,2026년 하반기 신입 채용,2026-09-10T11:00:00.000+09:00,427573,전동화/모듈BU_영업/마케팅_배터리시스템 영업,1,18,True,"194,196"
105898,현대모비스,2026년 하반기 신입 채용,2026-09-10T11:00:00.000+09:00,427574,전동화/모듈BU_재경_R&D원가계산/관리,1,10,True,"106,122,105"
105898,현대모비스,2026년 하반기 신입 채용,2026-09-10T11:00:00.000+09:00,427575,전동화/모듈BU_재경_사전원가,1,8,True,"106,122,105"
105898,현대모비스,2026년 하반기 신입 채용,2026-09-10T11:00:00.000+09:00,427576,전동화/모듈BU_품질_모듈 품질관리,1,21,True,"189,183"
105898,현대모비스,2026년 하반기 신입 채용,2026-09-10T11:00:00.000+09:00,427577,전동화/모듈BU_품질_구동모터 품질관리,1,17,True,"189,183"
105898,현대모비스,2026년 하반기 신입 채용,2026-09-10T11:00:00.000+09:00,427578,전장BU_HW_디스플레이 개발,1,15,True,"221,220"
105898,현대모비스,2026년 하반기 신입 채용,2026-09-10T11:00:00.000+09:00,427579,전장BU_HW_제어기 회로 설계/개발,1,27,True,"220,219"
105898,현대모비스,2026년 하반기 신입 채용,2026-09-10T11:00:00.000+09:00,427580,전장BU_SW/로직_무빙디스플레이 모터제어 개발,1,12,True,"220,227,216"
105898,현대모비스,2026년 하반기 신입 채용,2026-09-10T11:00:00.000+09:00,427581,전장BU_SW/로직_자율주행 통합제어기 개발,1,15,True,"220,167"
105898,현대모비스,2026년 하반기 신입 채용,2026-09-10T11:00:00.000+09:00,427582,전장BU_SW/로직_온디바이스 AI SW개발,1,26,True,"167,176,162"
105898,현대모비스,2026년 하반기 신입 채용,2026-09-10T11:00:00.000+09:00,427583,전장BU_SW/로직_영상 인식/인지 로직설계,1,18,True,"167,176,162"
105898,현대모비스,2026년 하반기 신입 채용,2026-09-10T11:00:00.000+09:00,427584,전장BU_SW/로직_텔레서비스 SW설계,1,9,True,"176,171,162"
105898,현대모비스,2026년 하반기 신입 채용,2026-09-10T11:00:00.000+09:00,427585,전장BU_SW/로직_시뮬레이션 개발 및 SW/시스템 검증,1,26,True,"160,176,162"
105898,현대모비스,2026년 하반기 신입 채용,2026-09-10T11:00:00.000+09:00,427586,전장BU_SW/로직_SW Framework 개발,1,22,True,"176,171,162"
105898,현대모비스,2026년 하반기 신입 채용,2026-09-10T11:00:00.000+09:00,427587,전장BU_SW/로직_AI Agent 개발,1,27,True,"167,176,162"
105898,현대모비스,2026년 하반기 신입 채용,2026-09-10T11:00:00.000+09:00,427588,전장BU_SW/로직_AI 애플리케이션 개발,1,22,True,"167,165"
105898,현대모비스,2026년 하반기 신입 채용,2026-09-10T11:00:00.000+09:00,427589,전장BU_공통R&D_R&D 운영기획,1,21,True,"109,110,103"
105898,현대모비스,2026년 하반기 신입 채용,2026-09-10T11:00:00.000+09:00,427590,전장BU_영업/마케팅_자율주행 영업,1,18,True,"195,196"
105898,현대모비스,2026년 하반기 신입 채용,2026-09-10T11:00:00.000+09:00,427591,전장BU_재경_전장제품 손익/원가관리,1,13,True,"106,122,105"
105898,현대모비스,2026년 하반기 신입 채용,2026-09-10T11:00:00.000+09:00,427592,샤시안전BU_HW_에어백 모듈/기구 설계,1,11,True,"227,219,216"
105898,현대모비스,2026년 하반기 신입 채용,2026-09-10T11:00:00.000+09:00,427593,샤시안전BU_생산_사업운영 관리,1,18,True,"187,109,103,183"
105898,현대모비스,2026년 하반기 신입 채용,2026-09-10T11:00:00.000+09:00,427594,샤시안전BU_재경_원가/경영실적 관리,1,11,True,"106,122,105"
105898,현대모비스,2026년 하반기 신입 채용,2026-09-10T11:00:00.000+09:00,427595,서비스부품BU_영업/마케팅_국내고객 VOC관리,1,73,True,"200,197"
105898,현대모비스,2026년 하반기 신입 채용,2026-09-10T11:00:00.000+09:00,427596,서비스부품BU_영업/마케팅_사업장 영업관리,1,30,True,"197,194"
105898,현대모비스,2026년 하반기 신입 채용,2026-09-10T11:00:00.000+09:00,427597,서비스부품BU_재경_사업 성과관리,1,16,True,"109,122,103,105"
105898,현대모비스,2026년 하반기 신입 채용,2026-09-10T11:00:00.000+09:00,427598,반도체사업담당_공통R&D_반도체 검증,1,59,True,"221,160"
105898,현대모비스,2026년 하반기 신입 채용,2026-09-10T11:00:00.000+09:00,427599,반도체사업담당_공통R&D_전력반도체 소자 평가,1,25,True,"221,160"
105898,현대모비스,2026년 하반기 신입 채용,2026-09-10T11:00:00.000+09:00,427600,반도체사업담당_품질_반도체/파워모듈 품질관리,1,39,True,"189,221,183"
105898,현대모비스,2026년 하반기 신입 채용,2026-09-10T11:00:00.000+09:00,427601,FTCI_HW_선행 HW/시스템 설계,1,12,True,"220,219"
105898,현대모비스,2026년 하반기 신입 채용,2026-09-10T11:00:00.000+09:00,427602,FTCI_공통R&D_R&D 전략,1,13,True,"111,109,103"
105898,현대모비스,2026년 하반기 신입 채용,2026-09-10T11:00:00.000+09:00,427603,FTCI_영업/마케팅_PRM 수립 및 상품기획,1,9,True,"138,137,132"
105898,현대모비스,2026년 하반기 신입 채용,2026-09-10T11:00:00.000+09:00,427604,구매담당_구매/구매개발_전기구동부품 구매,1,24,True,"157,147"
105898,현대모비스,2026년 하반기 신입 채용,2026-09-10T11:00:00.000+09:00,427605,구매담당_구매/구매개발_자율주행부품 구매,1,16,True,"157,147"
105898,현대모비스,2026년 하반기 신입 채용,2026-09-10T11:00:00.000+09:00,427606,구매담당_구매/구매개발_서비스부품 구매원가,1,20,True,"157,106,147"
105898,현대모비스,2026년 하반기 신입 채용,2026-09-10T11:00:00.000+09:00,427607,구매담당_구매/구매개발_샤시모듈부품 개발,1,16,True,"157,147"
105898,현대모비스,2026년 하반기 신입 채용,2026-09-10T11:00:00.000+09:00,427608,품질담당_품질_품질시스템 진단/평가,1,22,True,"189,183"
105898,현대모비스,2026년 하반기 신입 채용,2026-09-10T11:00:00.000+09:00,427609,품질담당_품질_전장품 품질보증,1,26,True,"189,183"
105898,현대모비스,2026년 하반기 신입 채용,2026-09-10T11:00:00.000+09:00,427610,품질담당_품질_로보틱스 개발품질,1,21,True,"189,183"
105898,현대모비스,2026년 하반기 신입 채용,2026-09-10T11:00:00.000+09:00,427611,품질담당_품질_전장품 신차품질,1,15,True,"189,183"
105898,현대모비스,2026년 하반기 신입 채용,2026-09-10T11:00:00.000+09:00,427612,품질담당_품질_제동부품 신차품질,1,18,True,"189,183"
105898,현대모비스,2026년 하반기 신입 채용,2026-09-10T11:00:00.000+09:00,427613,품질담당_품질_전기구동 신차품질,1,13,True,"189,183"
105898,현대모비스,2026년 하반기 신입 채용,2026-09-10T11:00:00.000+09:00,427614,품질담당_품질_에어백시스템 품질보증,1,10,True,"189,183"
105898,현대모비스,2026년 하반기 신입 채용,2026-09-10T11:00:00.000+09:00,427615,생산개발담당_생산기술_안전부품 생산기술,1,24,True,"187,185,183"
105898,현대모비스,2026년 하반기 신입 채용,2026-09-10T11:00:00.000+09:00,427616,생산개발담당_생산기술_자율주행부품 생산기술,1,18,True,"187,185,183"
105898,현대모비스,2026년 하반기 신입 채용,2026-09-10T11:00:00.000+09:00,427617,생산개발담당_생산기술_배터리시스템 생산기술,1,57,True,"187,185,183"
105898,현대모비스,2026년 하반기 신입 채용,2026-09-10T11:00:00.000+09:00,427618,생산개발담당_생산기술_PE시스템 생산기술,1,19,True,"187,185,183"
105898,현대모비스,2026년 하반기 신입 채용,2026-09-10T11:00:00.000+09:00,427619,생산개발담당_생산기술_조향부품 생산기술,1,22,True,"187,185,183"
105898,현대모비스,2026년 하반기 신입 채용,2026-09-10T11:00:00.000+09:00,427620,기획담당_기획_사업관리,1,36,True,"109,110,103"
105898,현대모비스,2026년 하반기 신입 채용,2026-09-10T11:00:00.000+09:00,427621,기획담당_기획_투자관리,1,20,True,"122,125,105"
105898,현대모비스,2026년 하반기 신입 채용,2026-09-10T11:00:00.000+09:00,427622,기획담당_기획_경영혁신,1,15,True,"109,113,103"
105898,현대모비스,2026년 하반기 신입 채용,2026-09-10T11:00:00.000+09:00,427623,기획담당_기획_사업개발/전략투자,1,14,True,"110,112,103"
105898,현대모비스,2026년 하반기 신입 채용,2026-09-10T11:00:00.000+09:00,427624,기획담당_지원_언론홍보/광고,1,51,True,"142,140,133"
105898,현대모비스,2026년 하반기 신입 채용,2026-09-10T11:00:00.000+09:00,427625,재경담당_재경_경영관리,1,47,True,"109,122,103,105"
105898,현대모비스,2026년 하반기 신입 채용,2026-09-10T11:00:00.000+09:00,427626,재경담당_재경_원가기획,1,18,True,"106,122,105"
105898,현대모비스,2026년 하반기 신입 채용,2026-09-10T11:00:00.000+09:00,427627,경영지원담당_지원_MES 기획/관리,1,23,True,"171,127,107"
105898,현대모비스,2026년 하반기 신입 채용,2026-09-10T11:00:00.000+09:00,427628,경영지원담당_지원_정보보호/보안관리,1,20,True,"166,257"
105898,현대모비스,2026년 하반기 신입 채용,2026-09-10T11:00:00.000+09:00,427629,경영지원담당_지원_총무 기획/운영,1,56,True,"128,107"
105898,현대모비스,2026년 하반기 신입 채용,2026-09-10T11:00:00.000+09:00,427630,안전보건담당_지원_안전보건 관리,1,84,True,"191,184"
105898,현대모비스,2026년 하반기 신입 채용,2026-09-10T11:00:00.000+09:00,427631,법무담당_법무_브랜드보호,1,16,True,"108,255"
105898,현대모비스,2026년 하반기 신입 채용,2026-09-10T11:00:00.000+09:00,427632,법무담당_법무_국내법무(변호사),4,1,True,"108,255"
105898,현대모비스,2026년 하반기 신입 채용,2026-09-10T11:00:00.000+09:00,427633,법무담당_법무_국제법무(변호사),4,0,True,"108,255"
105899,현대엔지니어링,2026년 신입사원 채용,2026-09-09T23:59:00.000+09:00,427634,공사관리_건축,1,90,True,"202,207"
105899,현대엔지니어링,2026년 신입사원 채용,2026-09-09T23:59:00.000+09:00,427635,공사관리_전기,1,40,True,"204,202"
105899,현대엔지니어링,2026년 신입사원 채용,2026-09-09T23:59:00.000+09:00,427636,공사관리_설비(기계),1,54,True,"205,202"
105899,현대엔지니어링,2026년 신입사원 채용,2026-09-09T23:59:00.000+09:00,427637,공사관리_토목,1,38,True,"206,202"
105899,현대엔지니어링,2026년 신입사원 채용,2026-09-09T23:59:00.000+09:00,427638,공사관리_조경,1,6,True,"206,202"
105899,현대엔지니어링,2026년 신입사원 채용,2026-09-09T23:59:00.000+09:00,427639,영업_플랜트영업,1,28,True,"194,154,146"
105899,현대엔지니어링,2026년 신입사원 채용,2026-09-09T23:59:00.000+09:00,427640,영업_건축영업(해외),1,35,True,"154,194,146"
105899,현대엔지니어링,2026년 신입사원 채용,2026-09-09T23:59:00.000+09:00,427641,설계_건축,1,19,True,207
105899,현대엔지니어링,2026년 신입사원 채용,2026-09-09T23:59:00.000+09:00,427642,설계_에너지프로세스,1,46,True,"230,227,216,217"
105899,현대엔지니어링,2026년 신입사원 채용,2026-09-09T23:59:00.000+09:00,427643,설계_원자력,1,2,True,"230,217"
105899,현대엔지니어링,2026년 신입사원 채용,2026-09-09T23:59:00.000+09:00,427644,설계_전기,1,43,True,220
105899,현대엔지니어링,2026년 신입사원 채용,2026-09-09T23:59:00.000+09:00,427645,자산관리_기술지원,1,24,True,"186,128,107"
105899,현대엔지니어링,2026년 신입사원 채용,2026-09-09T23:59:00.000+09:00,427646,자산관리_사업관리,1,35,True,"110,128,103,107"
105899,현대엔지니어링,2026년 신입사원 채용,2026-09-09T23:59:00.000+09:00,427647,안전_안전관리,1,53,True,"191,203,184"
105899,현대엔지니어링,2026년 신입사원 채용,2026-09-09T23:59:00.000+09:00,427648,품질_품질관리,1,62,True,"189,203,183"
105899,현대엔지니어링,2026년 신입사원 채용,2026-09-09T23:59:00.000+09:00,427649,구매_외주관리,1,18,True,"157,147"
105899,현대엔지니어링,2026년 신입사원 채용,2026-09-09T23:59:00.000+09:00,427650,재경_재무/회계관리,1,113,True,"122,106,105"
105899,현대엔지니어링,2026년 신입사원 채용,2026-09-09T23:59:00.000+09:00,427651,전략기획_경영기획(브랜드마케팅),1,62,True,"109,134,103,132"
105899,현대엔지니어링,2026년 신입사원 채용,2026-09-09T23:59:00.000+09:00,427652,전략기획_홍보,1,29,True,"142,133"
105899,현대엔지니어링,2026년 신입사원 채용,2026-09-09T23:59:00.000+09:00,427653,경영지원_인사관리,1,96,True,"115,104"
105902,현대엘리베이터,2026년 하반기 연구장학생 모집,2026-09-30T23:59:00.000+09:00,427681,모터전자기개발,1,1,True,"220,221"
105902,현대엘리베이터,2026년 하반기 연구장학생 모집,2026-09-30T23:59:00.000+09:00,427682,안전부품개발,1,4,True,"219,227,189,183,216"
105902,현대엘리베이터,2026년 하반기 연구장학생 모집,2026-09-30T23:59:00.000+09:00,427683,NVH시스템개발,1,0,True,"219,227,189,183,216"
105902,현대엘리베이터,2026년 하반기 연구장학생 모집,2026-09-30T23:59:00.000+09:00,427684,전력변환장치 및 전동기 개발,1,1,True,"220,221,230,217"
105902,현대엘리베이터,2026년 하반기 연구장학생 모집,2026-09-30T23:59:00.000+09:00,427685,제어시스템개발,1,0,True,"220,169,164"
105902,현대엘리베이터,2026년 하반기 연구장학생 모집,2026-09-30T23:59:00.000+09:00,427686,군관리시스템개발,1,0,True,"171,167,180,166,163"
105902,현대엘리베이터,2026년 하반기 연구장학생 모집,2026-09-30T23:59:00.000+09:00,427687,데이터/AI개발,1,3,True,"167,179,180,163"
105903,LS그룹,신입/경력 수시 채용,2026-09-13T23:59:00.000+09:00,427689,[LS전선]R&D(전기/전자),1,0,True,"220,221,222"
105903,LS그룹,신입/경력 수시 채용,2026-09-13T23:59:00.000+09:00,427690,[LS전선]R&D(기계),1,2,True,"227,219,224,216"
105903,LS그룹,신입/경력 수시 채용,2026-09-13T23:59:00.000+09:00,427691,[LS전선]R&D(절연재료/신뢰성),1,2,True,"229,233,217"
105903,LS그룹,신입/경력 수시 채용,2026-09-13T23:59:00.000+09:00,427692,[LS전선]R&D(금속/복합재료),1,1,True,"223,229,217"
105903,LS그룹,신입/경력 수시 채용,2026-09-13T23:59:00.000+09:00,427693,[LS MnM]설비엔지니어(토건),1,7,True,"202,206,207,203"
105903,LS그룹,신입/경력 수시 채용,2026-09-13T23:59:00.000+09:00,427694,[LS MnM]홍보/총무,1,8,True,"142,128,107,133"
105903,LS그룹,신입/경력 수시 채용,2026-09-13T23:59:00.000+09:00,427695,[LS MnM]구매,1,8,True,"157,159,147"
105903,LS그룹,신입/경력 수시 채용,2026-09-13T23:59:00.000+09:00,427696,[LS MnM]사업전략,2,1,True,"112,110,103"
105903,LS그룹,신입/경력 수시 채용,2026-09-13T23:59:00.000+09:00,427697,[LS MnM]인사,2,0,True,"115,118,120,104"
105903,LS그룹,신입/경력 수시 채용,2026-09-13T23:59:00.000+09:00,427698,[LS Mtron]생산관리,3,15,True,"187,183"
105903,LS그룹,신입/경력 수시 채용,2026-09-13T23:59:00.000+09:00,427699,[LS Mtron]제품개발설계,5,4,True,"226,227,216"
105903,LS그룹,신입/경력 수시 채용,2026-09-13T23:59:00.000+09:00,427700,[LS Mtron]연구개발(신뢰성 시험),5,1,True,"220,221"
105903,LS그룹,신입/경력 수시 채용,2026-09-13T23:59:00.000+09:00,427701,[LS Mtron]연구개발(트랙터자율주행 시스템 개발),5,2,True,"220,167,226,216"
105903,LS그룹,신입/경력 수시 채용,2026-09-13T23:59:00.000+09:00,427702,[LS Mtron]연구개발(계측/검사시스템 개발),5,0,True,"220,227,216"
105903,LS그룹,신입/경력 수시 채용,2026-09-13T23:59:00.000+09:00,427703,[LS Mtron]영업(트랙터국내영업),2,0,True,"194,196"
105903,LS그룹,신입/경력 수시 채용,2026-09-13T23:59:00.000+09:00,427704,[LS Mtron]영업(사출기국내영업),2,0,True,"194,196"
105903,LS그룹,신입/경력 수시 채용,2026-09-13T23:59:00.000+09:00,427705,[LS Mtron]영업(사출기국내영업-계약직),4,0,True,"194,196"
105903,LS그룹,신입/경력 수시 채용,2026-09-13T23:59:00.000+09:00,427706,[LS Mtron]해외영업(트랙터해외영업),2,0,True,"154,156,146"
105903,LS그룹,신입/경력 수시 채용,2026-09-13T23:59:00.000+09:00,427707,[LS Mtron]해외영업(트랙터엔진영업),2,1,True,"154,156,146"
105903,LS그룹,신입/경력 수시 채용,2026-09-13T23:59:00.000+09:00,427708,[LS Mtron]생산기술,2,0,True,"185,187,183"
105903,LS그룹,신입/경력 수시 채용,2026-09-13T23:59:00.000+09:00,427709,[LS Mtron]제품개발설계(트랙터외장설계),2,0,True,"226,227,216"
105903,LS그룹,신입/경력 수시 채용,2026-09-13T23:59:00.000+09:00,427710,[LS Mtron]제품개발설계(정밀 커넥터 사출 금형 개발),2,0,True,"219,227,216"
105903,LS그룹,신입/경력 수시 채용,2026-09-13T23:59:00.000+09:00,427711,[LS Mtron]제품개발설계(현수장치설계),2,1,True,"227,219,216"
105903,LS그룹,신입/경력 수시 채용,2026-09-13T23:59:00.000+09:00,427712,[LS Mtron]품질보증(트랙터부품 품질보증),2,0,True,"189,190,183"
105903,LS그룹,신입/경력 수시 채용,2026-09-13T23:59:00.000+09:00,427713,[LS Mtron]품질보증(방산품질관리),2,1,True,"189,190,183"
105903,LS그룹,신입/경력 수시 채용,2026-09-13T23:59:00.000+09:00,427714,[LS Mtron]사업기획,2,0,True,"110,112,103"
105903,LS그룹,신입/경력 수시 채용,2026-09-13T23:59:00.000+09:00,427715,[LS Mtron]재무회계,2,0,True,"106,122,105"
105903,LS그룹,신입/경력 수시 채용,2026-09-13T23:59:00.000+09:00,427716,[LS Mtron]HRD,2,0,True,"117,115,104"
105903,LS그룹,신입/경력 수시 채용,2026-09-13T23:59:00.000+09:00,427717,[LS Mtron]IT(AI기획 및 내부개발),2,1,True,"167,180,171,163"
105903,LS그룹,신입/경력 수시 채용,2026-09-13T23:59:00.000+09:00,427718,[LS Mtron]IT(글로벌서비스기획),2,0,True,"171,170"
105911,LG CNS,2026 하반기 신입사원 채용,2026-09-14T23:59:00.000+09:00,427745,AI(AX),1,25,True,"167,180,171,163"
105911,LG CNS,2026 하반기 신입사원 채용,2026-09-14T23:59:00.000+09:00,427746,Robotics(RX),1,4,True,"167,227,220,216"
105911,LG CNS,2026 하반기 신입사원 채용,2026-09-14T23:59:00.000+09:00,427747,Consulting,1,17,True,"113,111,109,103"
105911,LG CNS,2026 하반기 신입사원 채용,2026-09-14T23:59:00.000+09:00,427748,DX Engineer,1,18,True,"176,175,165,162"
105911,LG CNS,2026 하반기 신입사원 채용,2026-09-14T23:59:00.000+09:00,427749,Cloud Application Modernization,1,5,True,"166,176,170,162"
105911,LG CNS,2026 하반기 신입사원 채용,2026-09-14T23:59:00.000+09:00,427750,Architect,1,5,True,"166,222,164"
105911,LG CNS,2026 하반기 신입사원 채용,2026-09-14T23:59:00.000+09:00,427751,ERP,1,14,True,"170,165,176,162"
105911,LG CNS,2026 하반기 신입사원 채용,2026-09-14T23:59:00.000+09:00,427752,Smart Factory,1,6,True,"187,188,185,183"
105911,LG CNS,2026 하반기 신입사원 채용,2026-09-14T23:59:00.000+09:00,427753,Convergence Engineer (설비/인프라),1,17,True,"204,205,207,166"
105912,LG디스플레이,2026 하반기 신입사원/LGenius Master 채용,2026-09-16T17:00:00.000+09:00,427754,Panel 설계,1,0,False,"221,219,220"
105912,LG디스플레이,2026 하반기 신입사원/LGenius Master 채용,2026-09-16T17:00:00.000+09:00,427755,회로,1,0,False,"220,221,219"
105912,LG디스플레이,2026 하반기 신입사원/LGenius Master 채용,2026-09-16T17:00:00.000+09:00,427756,기구,1,0,False,"219,227,238,216"
105912,LG디스플레이,2026 하반기 신입사원/LGenius Master 채용,2026-09-16T17:00:00.000+09:00,427757,광학,1,0,False,"221,220,219"
105912,LG디스플레이,2026 하반기 신입사원/LGenius Master 채용,2026-09-16T17:00:00.000+09:00,427758,B2B영업,1,0,False,"196,194,195"
105912,LG디스플레이,2026 하반기 신입사원/LGenius Master 채용,2026-09-16T17:00:00.000+09:00,427759,경영관리,1,0,False,"109,111,127,103,107"
105912,LG디스플레이,2026 하반기 신입사원/LGenius Master 채용,2026-09-16T17:00:00.000+09:00,427760,HR,1,0,False,"115,118,117,104"
105912,LG디스플레이,2026 하반기 신입사원/LGenius Master 채용,2026-09-16T17:00:00.000+09:00,427761,LGenius Master - Panel 설계,1,0,False,"221,219,220"
105912,LG디스플레이,2026 하반기 신입사원/LGenius Master 채용,2026-09-16T17:00:00.000+09:00,427762,LGenius Master - 회로,1,0,False,"220,221,219"
105912,LG디스플레이,2026 하반기 신입사원/LGenius Master 채용,2026-09-16T17:00:00.000+09:00,427763,LGenius Master - 기구,1,0,False,"219,227,238,216"
105912,LG디스플레이,2026 하반기 신입사원/LGenius Master 채용,2026-09-16T17:00:00.000+09:00,427764,LGenius Master - 광학,1,0,False,"221,220,219"
